{
    "classification type": "binary",
    "class balance": "imbalanced",
    "dataset name": "santander-customer-satisfaction_imbalanced",
    "class names": [
        0,
        1
    ],
    "model name": "random_forest",
    "index": 2,
    "cv fold": 4,
    "fold info": {
        "train distribution": 318,
        "test distribution": 80,
        "train distribution pct": 0.8585313174946004,
        "test distribution pct": 0.8639308855291578
    },
    "metrics": {
        "macro_accuracy": 0.9872586727142334,
        "micro_accuracy": 0.9872586727142334,
        "accuracy_per_class": {
            "0": 0.9872586727142334,
            "1": 0.9872586727142334
        },
        "macro_precision": 0.5127553343772888,
        "micro_precision": 0.9872586727142334,
        "precision_per_class": {
            "0": 0.9915173649787903,
            "1": 0.033993277698755264
        },
        "macro_recall": 0.5066271424293518,
        "micro_recall": 0.9872586727142334,
        "recall_per_class": {
            "0": 0.9956663250923157,
            "1": 0.017587939277291298
        },
        "macro_f1": 0.508384644985199,
        "micro_f1": 0.9872586727142334,
        "f1_per_class": {
            "0": 0.9935874938964844,
            "1": 0.02318176068365574
        },
        "MSE": 0.012616417370736599,
        "LogLoss": 0.8206808567047119,
        "AUNU": 0.6066865921020508,
        "micro_ROC-AUC": 0.6066865921020508
    }
}