{
    "classification type": "multiclass",
    "class balance": "imbalanced",
    "dataset name": "volkert_imbalanced",
    "class names": [
        3,
        6,
        4,
        5,
        1,
        2,
        7,
        9,
        8,
        0
    ],
    "model name": "knn",
    "index": 0,
    "cv fold": 2,
    "fold info": {
        "train distribution": 35786,
        "test distribution": 8945,
        "train distribution pct": 448.2214428857715,
        "test distribution pct": 448.14629258517033
    },
    "metrics": {
        "macro_accuracy": 0.9130619764328003,
        "micro_accuracy": 0.9130620360374451,
        "accuracy_per_class": {
            "3": 0.9890678524971008,
            "6": 0.9638700485229492,
            "4": 0.8557499647140503,
            "5": 0.8282654881477356,
            "1": 0.8704974055290222,
            "2": 0.7948396801948547,
            "7": 0.9424297213554382,
            "9": 0.9535160064697266,
            "8": 0.9957736134529114,
            "0": 0.9366104006767273
        },
        "macro_precision": 0.44952839612960815,
        "micro_precision": 0.5653101205825806,
        "precision_per_class": {
            "3": 0.021653544157743454,
            "6": 0.43790850043296814,
            "4": 0.4962470531463623,
            "5": 0.5488111972808838,
            "1": 0.5523221492767334,
            "2": 0.4968340992927551,
            "7": 0.5547953844070435,
            "9": 0.8166896104812622,
            "8": 0.06499999761581421,
            "0": 0.505022406578064
        },
        "macro_recall": 0.42216548323631287,
        "micro_recall": 0.5653101205825806,
        "recall_per_class": {
            "3": 0.00904605258256197,
            "6": 0.26923078298568726,
            "4": 0.49232909083366394,
            "5": 0.6294340491294861,
            "1": 0.5377076864242554,
            "2": 0.5193029046058655,
            "7": 0.4455637037754059,
            "9": 0.8728684782981873,
            "8": 0.026859503239393234,
            "0": 0.4193127155303955
        },
        "macro_f1": 0.43138614296913147,
        "micro_f1": 0.5653101205825806,
        "f1_per_class": {
            "3": 0.01276102103292942,
            "6": 0.3334518373012543,
            "4": 0.49428030848503113,
            "5": 0.5863642692565918,
            "1": 0.5449169278144836,
            "2": 0.5078200697898865,
            "7": 0.4942159056663513,
            "9": 0.8438450694084167,
            "8": 0.03801169618964195,
            "0": 0.4581938087940216
        },
        "Kappa": 0.4847601354122162,
        "MSE": 0.06987200677394867,
        "LogLoss": 4.2912421226501465,
        "AUNU": 0.7642151713371277,
        "micro_ROC-AUC": 0.8217139840126038,
        "AUNP": 0.7898442149162292,
        "AU1U": 0.7570980030755242,
        "AU1P": 0.7695068114078651,
        "ROC-AUC_per_class_vs_rest": {
            "3": 0.5997941486287073,
            "6": 0.776681227228988,
            "4": 0.7639128711649791,
            "5": 0.7853944901714236,
            "1": 0.7822050364163314,
            "2": 0.7277667574195089,
            "7": 0.7974368611529246,
            "9": 0.9325460266097348,
            "8": 0.693777688165573,
            "0": 0.7826364713053354
        }
    }
}