{
    "classification type": "binary",
    "class balance": "balanced",
    "dataset name": "news-sarcasm_balanced",
    "class names": [
        1,
        0
    ],
    "model name": "random_forest",
    "index": 0,
    "cv fold": 1,
    "fold info": {
        "train distribution": 1899,
        "test distribution": 475,
        "train distribution pct": 50.0,
        "test distribution pct": 50.0
    },
    "metrics": {
        "macro_accuracy": 0.759842038154602,
        "micro_accuracy": 0.759842038154602,
        "accuracy_per_class": {
            "1": 0.759842038154602,
            "0": 0.759842038154602
        },
        "macro_precision": 0.7605699896812439,
        "micro_precision": 0.759842038154602,
        "precision_per_class": {
            "1": 0.7743425369262695,
            "0": 0.7467974424362183
        },
        "macro_recall": 0.759842038154602,
        "micro_recall": 0.759842038154602,
        "recall_per_class": {
            "1": 0.733414351940155,
            "0": 0.7862697243690491
        },
        "macro_f1": 0.7596741914749146,
        "micro_f1": 0.759842038154602,
        "f1_per_class": {
            "1": 0.753322958946228,
            "0": 0.7660254240036011
        },
        "MSE": 0.19422411918640137,
        "LogLoss": 9.785347938537598,
        "AUNU": 0.7855011820793152,
        "micro_ROC-AUC": 0.7855011820793152
    }
}