{
    "classification type": "multiclass",
    "class balance": "balanced",
    "dataset name": "gas-drift_balanced",
    "class names": [
        2,
        0,
        4,
        3,
        1
    ],
    "model name": "logistic_regression",
    "index": 1,
    "cv fold": 4,
    "fold info": {
        "train distribution": 2600,
        "test distribution": 650,
        "train distribution pct": 200.0,
        "test distribution pct": 200.0
    },
    "metrics": {
        "macro_accuracy": 0.9958153963088989,
        "micro_accuracy": 0.9958153963088989,
        "accuracy_per_class": {
            "2": 0.9990769028663635,
            "0": 0.9993846416473389,
            "4": 0.991692304611206,
            "3": 0.9898461699485779,
            "1": 0.9990769028663635
        },
        "macro_precision": 0.9895675778388977,
        "micro_precision": 0.9895384907722473,
        "precision_per_class": {
            "2": 0.996927797794342,
            "0": 0.9969325065612793,
            "4": 0.9859594106674194,
            "3": 0.969558596611023,
            "1": 0.9984591603279114
        },
        "macro_recall": 0.9895384907722473,
        "micro_recall": 0.9895384907722473,
        "recall_per_class": {
            "2": 0.9984615445137024,
            "0": 1.0,
            "4": 0.9723076820373535,
            "3": 0.9800000190734863,
            "1": 0.9969230890274048
        },
        "macro_f1": 0.989537239074707,
        "micro_f1": 0.9895384907722473,
        "f1_per_class": {
            "2": 0.9976940751075745,
            "0": 0.9984639286994934,
            "4": 0.9790859818458557,
            "3": 0.974751353263855,
            "1": 0.9976905584335327
        },
        "Kappa": 0.986923098564148,
        "MSE": 0.0037979993503540754,
        "LogLoss": 0.061136286705732346,
        "AUNU": 0.9980109930038452,
        "micro_ROC-AUC": 0.9984022974967957,
        "AUNP": 0.9980109930038452,
        "AU1U": 0.9980110059171597,
        "AU1P": 0.9980110059171599,
        "ROC-AUC_per_class_vs_rest": {
            "2": 0.9992295857988166,
            "0": 0.9997775147928994,
            "4": 0.9987710059171597,
            "3": 0.9946656804733727,
            "1": 0.9976112426035503
        }
    }
}