{
    "classification type": "multilabel",
    "class balance": "balanced",
    "dataset name": "cal500_balanced",
    "class names": [
        "Instrument_-_Male_Lead_Vocals",
        "Song-Texture_Electric",
        "NOT-Emotion-Angry-Agressive",
        "NOT-Emotion-Bizarre-Weird",
        "Song-Quality",
        "Song-Texture_Acoustic",
        "Instrument_-_Drum_Set"
    ],
    "model name": "logistic_regression",
    "index": 0,
    "cv fold": 0,
    "fold info": {
        "train distribution": [
            240,
            229,
            240,
            218,
            217,
            217,
            218
        ],
        "test distribution": [
            60,
            69,
            60,
            55,
            54,
            54,
            53
        ],
        "train distribution pct": [
            64.6900269541779,
            61.725067385444746,
            64.6900269541779,
            58.760107816711596,
            58.490566037735846,
            58.490566037735846,
            58.760107816711596
        ],
        "test distribution pct": [
            65.93406593406593,
            75.82417582417582,
            65.93406593406593,
            60.43956043956044,
            59.34065934065934,
            59.34065934065934,
            58.24175824175825
        ]
    },
    "metrics": {
        "macro_accuracy": 0.620094191522763,
        "micro_accuracy": 0.6200941915227629,
        "accuracy_per_class": {
            "Instrument_-_Male_Lead_Vocals": 0.7142857142857143,
            "Song-Texture_Electric": 0.6043956043956044,
            "NOT-Emotion-Angry-Agressive": 0.5714285714285714,
            "NOT-Emotion-Bizarre-Weird": 0.6593406593406593,
            "Song-Quality": 0.5934065934065934,
            "Song-Texture_Acoustic": 0.5494505494505495,
            "Instrument_-_Drum_Set": 0.6483516483516484
        },
        "macro_precision": 0.6851080648843855,
        "micro_precision": 0.6882217090069284,
        "precision_per_class": {
            "Instrument_-_Male_Lead_Vocals": 0.7428571428571429,
            "Song-Texture_Electric": 0.746268656716418,
            "NOT-Emotion-Angry-Agressive": 0.6567164179104478,
            "NOT-Emotion-Bizarre-Weird": 0.6818181818181818,
            "Song-Quality": 0.6545454545454545,
            "Song-Texture_Acoustic": 0.6226415094339622,
            "Instrument_-_Drum_Set": 0.6909090909090909
        },
        "macro_recall": 0.7339397727420698,
        "micro_recall": 0.7358024691358025,
        "recall_per_class": {
            "Instrument_-_Male_Lead_Vocals": 0.8666666666666667,
            "Song-Texture_Electric": 0.7246376811594203,
            "NOT-Emotion-Angry-Agressive": 0.7333333333333333,
            "NOT-Emotion-Bizarre-Weird": 0.8181818181818182,
            "Song-Quality": 0.6666666666666666,
            "Song-Texture_Acoustic": 0.6111111111111112,
            "Instrument_-_Drum_Set": 0.7169811320754716
        },
        "macro_f1": 0.707583678384605,
        "micro_f1": 0.711217183770883,
        "f1_per_class": {
            "Instrument_-_Male_Lead_Vocals": 0.8,
            "Song-Texture_Electric": 0.7352941176470589,
            "NOT-Emotion-Angry-Agressive": 0.6929133858267716,
            "NOT-Emotion-Bizarre-Weird": 0.743801652892562,
            "Song-Quality": 0.6605504587155964,
            "Song-Texture_Acoustic": 0.616822429906542,
            "Instrument_-_Drum_Set": 0.7037037037037037
        },
        "MSE": 0.2466762810945511,
        "LogLoss": 0.7113260626792908,
        "AUNU": 0.5876292586326599,
        "micro_ROC-AUC": 0.5939229726791382,
        "AUNP": 0.5817421674728394,
        "ROC-AUC_per_class_vs_rest": {
            "Instrument_-_Male_Lead_Vocals": 0.671505376344086,
            "Song-Texture_Electric": 0.4064558629776021,
            "NOT-Emotion-Angry-Agressive": 0.5693548387096774,
            "NOT-Emotion-Bizarre-Weird": 0.6050505050505051,
            "Song-Quality": 0.6206206206206205,
            "Song-Texture_Acoustic": 0.575075075075075,
            "Instrument_-_Drum_Set": 0.6653426017874876
        }
    }
}