{
    "classification type": "multiclass",
    "class balance": "imbalanced",
    "dataset name": "gtsrb-huelist_imbalanced",
    "class names": [
        0,
        1,
        2,
        3,
        4,
        5,
        6,
        7,
        8,
        9,
        10,
        11,
        12,
        13,
        14,
        15
    ],
    "model name": "random_forest",
    "index": 1,
    "cv fold": 3,
    "fold info": {
        "train distribution": 143856,
        "test distribution": 35964,
        "train distribution pct": 632.0562390158173,
        "test distribution pct": 632.0562390158173
    },
    "metrics": {
        "macro_accuracy": 0.9326550364494324,
        "micro_accuracy": 0.9326550364494324,
        "accuracy_per_class": {
            "0": 0.8752018213272095,
            "1": 0.8522623777389526,
            "2": 0.9723958373069763,
            "3": 0.8962735533714294,
            "4": 0.8923565149307251,
            "5": 0.938869833946228,
            "6": 0.974638819694519,
            "7": 0.915733814239502,
            "8": 0.8918739557266235,
            "9": 0.9588126540184021,
            "10": 0.8893002867698669,
            "11": 0.9164963960647583,
            "12": 0.9709034562110901,
            "13": 0.9874385595321655,
            "14": 0.9909564852714539,
            "15": 0.99896639585495
        },
        "macro_precision": 0.3614828586578369,
        "micro_precision": 0.46124035120010376,
        "precision_per_class": {
            "0": 0.4106203615665436,
            "1": 0.3167040944099426,
            "2": 0.17290930449962616,
            "3": 0.3588930666446686,
            "4": 0.33480602502822876,
            "5": 0.28714242577552795,
            "6": 0.2631579041481018,
            "7": 0.3675149381160736,
            "8": 0.44001102447509766,
            "9": 0.7730743885040283,
            "10": 0.4539448916912079,
            "11": 0.3628942370414734,
            "12": 0.8365412950515747,
            "13": 0.13779301941394806,
            "14": 0.13526912033557892,
            "15": 0.13245032727718353
        },
        "macro_recall": 0.348236083984375,
        "micro_recall": 0.46124035120010376,
        "recall_per_class": {
            "0": 0.47699758410453796,
            "1": 0.3464689254760742,
            "2": 0.11309707164764404,
            "3": 0.33206576108932495,
            "4": 0.31287121772766113,
            "5": 0.24916589260101318,
            "6": 0.18675455451011658,
            "7": 0.3182094693183899,
            "8": 0.5579254627227783,
            "9": 0.8210011720657349,
            "10": 0.46101105213165283,
            "11": 0.26446670293807983,
            "12": 0.870087206363678,
            "13": 0.08169491589069366,
            "14": 0.0952143594622612,
            "15": 0.08474576473236084
        },
        "macro_f1": 0.3516373336315155,
        "micro_f1": 0.46124035120010376,
        "f1_per_class": {
            "0": 0.4413270652294159,
            "1": 0.330918550491333,
            "2": 0.13674895465373993,
            "3": 0.3449586033821106,
            "4": 0.3234671950340271,
            "5": 0.2668095827102661,
            "6": 0.21846887469291687,
            "7": 0.3410896062850952,
            "8": 0.4920019507408142,
            "9": 0.7963172793388367,
            "10": 0.4574506878852844,
            "11": 0.3059592545032501,
            "12": 0.8529845476150513,
            "13": 0.10257501900196075,
            "14": 0.11176126450300217,
            "15": 0.1033591702580452
        },
        "Kappa": 0.40884917974472046,
        "MSE": 0.053831085562705994,
        "LogLoss": 5.891221046447754,
        "AUNU": 0.7274677753448486,
        "micro_ROC-AUC": 0.7729050517082214,
        "AUNP": 0.7529323101043701,
        "AU1U": 0.7239394541674203,
        "AU1P": 0.7371938061707481,
        "ROC-AUC_per_class_vs_rest": {
            "0": 0.7320502516907236,
            "1": 0.6823273277688384,
            "2": 0.6721960273285438,
            "3": 0.6981487141430954,
            "4": 0.6898885507899455,
            "5": 0.6903010172710254,
            "6": 0.710467732150932,
            "7": 0.7113117819632375,
            "8": 0.7702943067699369,
            "9": 0.9147742566530828,
            "10": 0.7353122636147894,
            "11": 0.6859307363398695,
            "12": 0.9347281061342277,
            "13": 0.6623989723341094,
            "14": 0.6628094382078036,
            "15": 0.6865452353123832
        }
    }
}