{
    "classification type": "multiclass",
    "class balance": "balanced",
    "dataset name": "ag-news_balanced",
    "class names": [
        1,
        3,
        0,
        2
    ],
    "model name": "decision_tree",
    "index": 2,
    "cv fold": 1,
    "fold info": {
        "train distribution": 5760,
        "test distribution": 1440,
        "train distribution pct": 150.0,
        "test distribution pct": 150.0
    },
    "metrics": {
        "macro_accuracy": 0.8919763565063477,
        "micro_accuracy": 0.8919763565063477,
        "accuracy_per_class": {
            "1": 0.9016610383987427,
            "3": 0.9304053783416748,
            "0": 0.8632601499557495,
            "2": 0.8725787997245789
        },
        "macro_precision": 0.7831793427467346,
        "micro_precision": 0.7839527130126953,
        "precision_per_class": {
            "1": 0.8048670291900635,
            "3": 0.8492478728294373,
            "0": 0.7276225090026855,
            "2": 0.7509799599647522
        },
        "macro_recall": 0.7839527130126953,
        "micro_recall": 0.7839527130126953,
        "recall_per_class": {
            "1": 0.8007882833480835,
            "3": 0.8773648738861084,
            "0": 0.7240990996360779,
            "2": 0.7335585355758667
        },
        "macro_f1": 0.7834808826446533,
        "micro_f1": 0.7839527130126953,
        "f1_per_class": {
            "1": 0.802822470664978,
            "3": 0.8630774617195129,
            "0": 0.7258565425872803,
            "2": 0.742167055606842
        },
        "Kappa": 0.7119369506835938,
        "MSE": 0.09359040856361389,
        "LogLoss": 2.4914193153381348,
        "AUNU": 0.864240288734436,
        "micro_ROC-AUC": 0.865311861038208,
        "AUNP": 0.864240288734436,
        "AU1U": 0.864240259579681,
        "AU1P": 0.864240259579681,
        "ROC-AUC_per_class_vs_rest": {
            "1": 0.8763555891195249,
            "3": 0.911729074936423,
            "0": 0.8316911019972674,
            "2": 0.8371852722655089
        }
    }
}