{
    "classification type": "binary",
    "class balance": "imbalanced",
    "dataset name": "fake-news_imbalanced",
    "class names": [
        0,
        1
    ],
    "model name": "logistic_regression",
    "index": 2,
    "cv fold": 3,
    "fold info": {
        "train distribution": 287,
        "test distribution": 72,
        "train distribution pct": 1.5048238255033557,
        "test distribution pct": 1.5100671140939599
    },
    "metrics": {
        "macro_accuracy": 0.9989513158798218,
        "micro_accuracy": 0.9989513158798218,
        "accuracy_per_class": {
            "0": 0.9989513158798218,
            "1": 0.9989513158798218
        },
        "macro_precision": 0.9938044548034668,
        "micro_precision": 0.9989513158798218,
        "precision_per_class": {
            "0": 0.9991032481193542,
            "1": 0.9885057210922241
        },
        "macro_recall": 0.9705631136894226,
        "micro_recall": 0.9989513158798218,
        "recall_per_class": {
            "0": 0.9998326897621155,
            "1": 0.9412935376167297
        },
        "macro_f1": 0.9818949699401855,
        "micro_f1": 0.9989513158798218,
        "f1_per_class": {
            "0": 0.9994678497314453,
            "1": 0.9643221497535706
        },
        "MSE": 0.0008322943467646837,
        "LogLoss": 0.0032943198457360268,
        "AUNU": 0.9999362230300903,
        "micro_ROC-AUC": 0.9999362230300903
    }
}