{
    "classification type": "multiclass",
    "class balance": "balanced",
    "dataset name": "volkert_balanced",
    "class names": [
        8,
        6,
        1,
        3,
        4,
        9,
        0,
        5,
        2,
        7
    ],
    "model name": "logistic_regression",
    "index": 2,
    "cv fold": 0,
    "fold info": {
        "train distribution": 35575,
        "test distribution": 8896,
        "train distribution pct": 450.08856275303646,
        "test distribution pct": 450.2024291497976
    },
    "metrics": {
        "macro_accuracy": 0.9000276327133179,
        "micro_accuracy": 0.9000276327133179,
        "accuracy_per_class": {
            "8": 0.8768402934074402,
            "6": 0.8961170315742493,
            "1": 0.8768402934074402,
            "3": 0.888019859790802,
            "4": 0.8875598311424255,
            "9": 0.867868959903717,
            "0": 0.9136455655097961,
            "5": 0.9552815556526184,
            "2": 0.925791323184967,
            "7": 0.9123113751411438
        },
        "macro_precision": 0.49058952927589417,
        "micro_precision": 0.5001380443572998,
        "precision_per_class": {
            "8": 0.35369402170181274,
            "6": 0.4949454069137573,
            "1": 0.38375869393348694,
            "3": 0.4169520437717438,
            "4": 0.43592187762260437,
            "9": 0.31802719831466675,
            "0": 0.5681921243667603,
            "5": 0.7545725107192993,
            "2": 0.6213675141334534,
            "7": 0.5584642291069031
        },
        "macro_recall": 0.500526487827301,
        "micro_recall": 0.5001380443572998,
        "recall_per_class": {
            "8": 0.27966880798339844,
            "6": 0.5481415390968323,
            "1": 0.38005515933036804,
            "3": 0.47605082392692566,
            "4": 0.4206896424293518,
            "9": 0.2515695095062256,
            "0": 0.5757575631141663,
            "5": 0.8178884387016296,
            "2": 0.6666666865348816,
            "7": 0.5887764692306519
        },
        "macro_f1": 0.49414244294166565,
        "micro_f1": 0.5001380443572998,
        "f1_per_class": {
            "8": 0.31235551834106445,
            "6": 0.5201870203018188,
            "1": 0.3818979561328888,
            "3": 0.4445458650588989,
            "4": 0.4281703233718872,
            "9": 0.2809213697910309,
            "0": 0.57194983959198,
            "5": 0.7849557399749756,
            "2": 0.6432205438613892,
            "7": 0.573219895362854
        },
        "Kappa": 0.4446314573287964,
        "MSE": 0.0636739730834961,
        "LogLoss": 1.4255883693695068,
        "AUNU": 0.8725346922874451,
        "micro_ROC-AUC": 0.8842909336090088,
        "AUNP": 0.872382402420044,
        "AU1U": 0.8725617659539421,
        "AU1P": 0.8724806482963656,
        "ROC-AUC_per_class_vs_rest": {
            "8": 0.7686010497418769,
            "6": 0.8914732743241885,
            "1": 0.8460174857903284,
            "3": 0.8615046788268007,
            "4": 0.859753802869538,
            "9": 0.7690358583469087,
            "0": 0.9060602961819855,
            "5": 0.9820422662397474,
            "2": 0.9347316630423531,
            "7": 0.9061266012706799
        }
    }
}