{
    "classification type": "multilabel",
    "class balance": "balanced",
    "dataset name": "emotions_balanced",
    "class names": [
        "angry-aggresive",
        "amazed-suprised",
        "sad-lonely",
        "happy-pleased"
    ],
    "model name": "logistic_regression",
    "index": 3,
    "cv fold": 3,
    "fold info": {
        "train distribution": [
            152,
            138,
            135,
            133
        ],
        "test distribution": [
            37,
            35,
            33,
            33
        ],
        "train distribution pct": [
            36.803874092009686,
            33.41404358353511,
            32.68765133171913,
            32.20338983050847
        ],
        "test distribution pct": [
            35.92233009708738,
            33.980582524271846,
            32.038834951456316,
            32.038834951456316
        ]
    },
    "metrics": {
        "macro_accuracy": 0.7610969387755102,
        "micro_accuracy": 0.7610969387755102,
        "accuracy_per_class": {
            "angry-aggresive": 0.7872448979591836,
            "amazed-suprised": 0.725,
            "sad-lonely": 0.8183673469387756,
            "happy-pleased": 0.7137755102040816
        },
        "macro_precision": 0.6536130850901651,
        "micro_precision": 0.6566558441558441,
        "precision_per_class": {
            "angry-aggresive": 0.7104895104895105,
            "amazed-suprised": 0.5957792207792207,
            "sad-lonely": 0.7452339688041595,
            "happy-pleased": 0.5629496402877698
        },
        "macro_recall": 0.6087712673476319,
        "micro_recall": 0.6117202268431002,
        "recall_per_class": {
            "angry-aggresive": 0.7075208913649025,
            "amazed-suprised": 0.558599695585997,
            "sad-lonely": 0.672926447574335,
            "happy-pleased": 0.4960380348652932
        },
        "macro_f1": 0.6300524039063801,
        "micro_f1": 0.6333920532393815,
        "f1_per_class": {
            "angry-aggresive": 0.7090020935101187,
            "amazed-suprised": 0.5765907305577376,
            "sad-lonely": 0.7072368421052632,
            "happy-pleased": 0.527379949452401
        },
        "MSE": 0.17167875170707703,
        "LogLoss": 0.5760601162910461,
        "AUNU": 0.7957415580749512,
        "micro_ROC-AUC": 0.8034465312957764,
        "AUNP": 0.7972851395606995,
        "ROC-AUC_per_class_vs_rest": {
            "angry-aggresive": 0.8462494224877657,
            "amazed-suprised": 0.7662950853375479,
            "sad-lonely": 0.8525065778640215,
            "happy-pleased": 0.7179152371991858
        }
    }
}