{
    "classification type": "multilabel",
    "class balance": "balanced",
    "dataset name": "mediamill_balanced",
    "class names": [
        "Class3",
        "Class12",
        "Class17",
        "Class44",
        "Class55",
        "Class57",
        "Class58",
        "Class76",
        "Class79",
        "Class94",
        "Class96",
        "Class97"
    ],
    "model name": "decision_tree",
    "index": 2,
    "cv fold": 1,
    "fold info": {
        "train distribution": [
            1753,
            1808,
            1697,
            1807,
            1662,
            1625,
            1707,
            1800,
            1779,
            1802,
            1800,
            1795
        ],
        "test distribution": [
            438,
            451,
            424,
            451,
            415,
            407,
            426,
            450,
            445,
            450,
            448,
            449
        ],
        "train distribution pct": [
            17.55633450175263,
            18.107160741111667,
            16.99549323985979,
            18.097145718577867,
            16.644967451176765,
            16.27441161742614,
            17.095643465197796,
            18.02704056084126,
            17.816725087631447,
            18.047070605908864,
            18.02704056084126,
            17.97696544817226
        ],
        "test distribution pct": [
            17.284925019731652,
            17.797947908445146,
            16.732438831886345,
            17.797947908445146,
            16.37726913970008,
            16.06156274664562,
            16.811365430149962,
            17.75848460931334,
            17.5611681136543,
            17.75848460931334,
            17.67955801104972,
            17.71902131018153
        ]
    },
    "metrics": {
        "macro_accuracy": 0.7996236528482635,
        "micro_accuracy": 0.7996236528482636,
        "accuracy_per_class": {
            "Class3": 0.9159491361122198,
            "Class12": 0.7685465016821578,
            "Class17": 0.8012202771283572,
            "Class44": 0.7684894793864401,
            "Class55": 0.8145634943262816,
            "Class57": 0.8104008667388949,
            "Class58": 0.7993955636653932,
            "Class76": 0.7737925528881793,
            "Class79": 0.7962023151052061,
            "Class94": 0.7630723612932657,
            "Class96": 0.7897017733933969,
            "Class97": 0.7941495124593716
        },
        "macro_precision": 0.4318043747932337,
        "micro_precision": 0.43053359939876124,
        "precision_per_class": {
            "Class3": 0.754066985645933,
            "Class12": 0.3642965204236006,
            "Class17": 0.4169349645846748,
            "Class44": 0.361308238198087,
            "Class55": 0.44501278772378516,
            "Class57": 0.42,
            "Class58": 0.41523263224984064,
            "Class76": 0.3772167117523294,
            "Class79": 0.4308478653036681,
            "Class94": 0.351423487544484,
            "Class96": 0.4173566390677706,
            "Class97": 0.42795566502463056
        },
        "macro_recall": 0.4520822835366223,
        "micro_recall": 0.4513543619420219,
        "recall_per_class": {
            "Class3": 0.7707857841538963,
            "Class12": 0.38077166350411135,
            "Class17": 0.43602693602693604,
            "Class44": 0.3704523884846568,
            "Class55": 0.4786795048143054,
            "Class57": 0.4428822495606327,
            "Class58": 0.43636972538513064,
            "Class76": 0.3984126984126984,
            "Class79": 0.46017983301220294,
            "Class94": 0.3758325404376784,
            "Class96": 0.4322006986344871,
            "Class97": 0.44239338001273076
        },
        "macro_f1": 0.44168038497096984,
        "micro_f1": 0.44069819879566013,
        "f1_per_class": {
            "Class3": 0.762334730732022,
            "Class12": 0.3723519406216174,
            "Class17": 0.42626728110599077,
            "Class44": 0.36582318025616994,
            "Class55": 0.46123260437375746,
            "Class57": 0.4311377245508982,
            "Class58": 0.4255388634879164,
            "Class76": 0.38752508877566777,
            "Class79": 0.44503105590062114,
            "Class94": 0.3632183908045977,
            "Class96": 0.4246489859594384,
            "Class97": 0.4350547730829421
        },
        "MSE": 0.20037634670734406,
        "LogLoss": 20.037633895874023,
        "AUNU": 0.6627328991889954,
        "micro_ROC-AUC": 0.6624014973640442,
        "AUNP": 0.6622152328491211,
        "ROC-AUC_per_class_vs_rest": {
            "Class3": 0.8587515651937415,
            "Class12": 0.6173075708824906,
            "Class17": 0.6558524190672196,
            "Class44": 0.6132312025895738,
            "Class55": 0.6800055532137697,
            "Class57": 0.6622252249708962,
            "Class58": 0.6551307770627117,
            "Class76": 0.6271968962279659,
            "Class79": 0.6644655665095681,
            "Class94": 0.6118943013645567,
            "Class96": 0.650073104390916,
            "Class97": 0.656660392680905
        }
    }
}