{
    "classification type": "multilabel",
    "class balance": "balanced",
    "dataset name": "scene_balanced",
    "class names": [
        "Mountain",
        "Field",
        "Urban",
        "Beach",
        "FallFoliage",
        "Sunset"
    ],
    "model name": "logistic_regression",
    "index": 3,
    "cv fold": 3,
    "fold info": {
        "train distribution": [
            324,
            324,
            324,
            324,
            317,
            291
        ],
        "test distribution": [
            81,
            81,
            82,
            82,
            80,
            73
        ],
        "train distribution pct": [
            18.346545866364668,
            18.346545866364668,
            18.346545866364668,
            18.346545866364668,
            17.950169875424688,
            16.477916194790488
        ],
        "test distribution pct": [
            18.45102505694761,
            18.45102505694761,
            18.678815489749432,
            18.678815489749432,
            18.223234624145785,
            16.62870159453303
        ]
    },
    "metrics": {
        "macro_accuracy": 0.881287806431073,
        "micro_accuracy": 0.881287806431073,
        "accuracy_per_class": {
            "Mountain": 0.8107688634192932,
            "Field": 0.9212034383954155,
            "Urban": 0.8518385864374403,
            "Beach": 0.8686723973256925,
            "FallFoliage": 0.887774594078319,
            "Sunset": 0.9474689589302769
        },
        "macro_precision": 0.6768199509386106,
        "micro_precision": 0.6778314917127072,
        "precision_per_class": {
            "Mountain": 0.4825227963525836,
            "Field": 0.780114722753346,
            "Urban": 0.6008010680907877,
            "Beach": 0.6475682878081279,
            "FallFoliage": 0.6908115358819584,
            "Sunset": 0.8591012947448591
        },
        "macro_recall": 0.653222947336039,
        "micro_recall": 0.6502871024734982,
        "recall_per_class": {
            "Mountain": 0.4126055880441845,
            "Field": 0.7953216374269005,
            "Urban": 0.5832793259883344,
            "Beach": 0.6299416720674011,
            "FallFoliage": 0.682571239231279,
            "Sunset": 0.8156182212581344
        },
        "macro_f1": 0.6644140441049133,
        "micro_f1": 0.6637736699729486,
        "f1_per_class": {
            "Mountain": 0.4448336252189142,
            "Field": 0.7876447876447876,
            "Urban": 0.591910555738244,
            "Beach": 0.6386333771353482,
            "FallFoliage": 0.6866666666666666,
            "Sunset": 0.8367952522255193
        },
        "MSE": 0.09254580736160278,
        "LogLoss": 0.3852250576019287,
        "AUNU": 0.8966830372810364,
        "micro_ROC-AUC": 0.9070494771003723,
        "AUNP": 0.895440936088562,
        "ROC-AUC_per_class_vs_rest": {
            "Mountain": 0.7925228729546824,
            "Field": 0.9469107671317525,
            "Urban": 0.86220121955904,
            "Beach": 0.8970521521733337,
            "FallFoliage": 0.9175040046599678,
            "Sunset": 0.9639070430827481
        }
    }
}