{
    "classification type": "multilabel",
    "class balance": "imbalanced",
    "dataset name": "imdb_imbalanced",
    "class names": [
        "Romance",
        "Thriller",
        "Action",
        "Crime",
        "Family",
        "Horror",
        "Adventure"
    ],
    "model name": "logistic_regression",
    "index": 0,
    "cv fold": 4,
    "fold info": {
        "train distribution": [
            9904,
            7753,
            7709,
            5811,
            3141,
            4869,
            5217
        ],
        "test distribution": [
            2475,
            1938,
            1927,
            1452,
            785,
            1218,
            1304
        ],
        "train distribution pct": [
            34.229626045482824,
            26.79546554226861,
            26.64339531347204,
            20.083638625838116,
            10.85574065113707,
            16.827953272966063,
            18.0306905370844
        ],
        "test distribution pct": [
            34.02061855670103,
            26.639175257731956,
            26.487972508591067,
            19.95876288659794,
            10.790378006872853,
            16.742268041237114,
            17.924398625429554
        ]
    },
    "metrics": {
        "macro_accuracy": 0.7796443662388592,
        "micro_accuracy": 0.7796443662388594,
        "accuracy_per_class": {
            "Romance": 0.652876356706896,
            "Thriller": 0.7219199646496728,
            "Action": 0.7416388190781298,
            "Crime": 0.7966803833301113,
            "Family": 0.8895302272915574,
            "Horror": 0.8289375569609766,
            "Adventure": 0.8259272556546715
        },
        "macro_precision": 0.4609310206987635,
        "micro_precision": 0.48607231223561337,
        "precision_per_class": {
            "Romance": 0.48110580747812254,
            "Thriller": 0.4032753326509724,
            "Action": 0.5580818520049607,
            "Crime": 0.4111310592459605,
            "Family": 0.3445378151260504,
            "Horror": 0.44655344655344653,
            "Adventure": 0.5818318318318318
        },
        "macro_recall": 0.09450311860999391,
        "micro_recall": 0.10972379871358305,
        "recall_per_class": {
            "Romance": 0.1954115841344212,
            "Thriller": 0.08131255804354556,
            "Action": 0.14009962640099627,
            "Crime": 0.031529670934875395,
            "Family": 0.020886398369842078,
            "Horror": 0.07343518974864466,
            "Adventure": 0.11884680263763227
        },
        "macro_f1": 0.15124330317997803,
        "micro_f1": 0.17903339604891816,
        "f1_per_class": {
            "Romance": 0.277934164416614,
            "Thriller": 0.13533705452984113,
            "Action": 0.22397345499792617,
            "Crime": 0.058567774936061384,
            "Family": 0.0393852065321806,
            "Horror": 0.12612866817155757,
            "Adventure": 0.19737679867566535
        },
        "MSE": 0.1620708703994751,
        "LogLoss": 0.5020655393600464,
        "AUNU": 0.6168537139892578,
        "micro_ROC-AUC": 0.6647242903709412,
        "AUNP": 0.6156947016716003,
        "ROC-AUC_per_class_vs_rest": {
            "Romance": 0.6206905370211089,
            "Thriller": 0.6051928471666026,
            "Action": 0.6189914299225094,
            "Crime": 0.5685934946887337,
            "Family": 0.618574738823171,
            "Horror": 0.6542408989053191,
            "Adventure": 0.6316922415448527
        }
    }
}