{
    "classification type": "multilabel",
    "class balance": "balanced",
    "dataset name": "cal500_balanced",
    "class names": [
        "Instrument_-_Male_Lead_Vocals",
        "Song-Texture_Electric",
        "NOT-Emotion-Angry-Agressive",
        "NOT-Emotion-Bizarre-Weird",
        "Song-Quality",
        "Song-Texture_Acoustic",
        "Instrument_-_Drum_Set"
    ],
    "model name": "logistic_regression",
    "index": 1,
    "cv fold": 3,
    "fold info": {
        "train distribution": [
            240,
            238,
            238,
            218,
            213,
            223,
            217
        ],
        "test distribution": [
            60,
            60,
            62,
            55,
            58,
            48,
            54
        ],
        "train distribution pct": [
            64.86486486486487,
            64.32432432432432,
            64.32432432432432,
            58.91891891891892,
            57.567567567567565,
            60.27027027027027,
            58.648648648648646
        ],
        "test distribution pct": [
            65.21739130434783,
            65.21739130434783,
            67.3913043478261,
            59.78260869565217,
            63.04347826086957,
            52.17391304347826,
            58.69565217391305
        ]
    },
    "metrics": {
        "macro_accuracy": 0.5791366906474821,
        "micro_accuracy": 0.579136690647482,
        "accuracy_per_class": {
            "Instrument_-_Male_Lead_Vocals": 0.6486810551558753,
            "Song-Texture_Electric": 0.5683453237410072,
            "NOT-Emotion-Angry-Agressive": 0.6031175059952039,
            "NOT-Emotion-Bizarre-Weird": 0.5443645083932853,
            "Song-Quality": 0.5731414868105515,
            "Song-Texture_Acoustic": 0.5407673860911271,
            "Instrument_-_Drum_Set": 0.5755395683453237
        },
        "macro_precision": 0.6382472090572303,
        "micro_precision": 0.6396710690256666,
        "precision_per_class": {
            "Instrument_-_Male_Lead_Vocals": 0.7021276595744681,
            "Song-Texture_Electric": 0.6383647798742138,
            "NOT-Emotion-Angry-Agressive": 0.674457429048414,
            "NOT-Emotion-Bizarre-Weird": 0.5982300884955752,
            "Song-Quality": 0.6316831683168317,
            "Song-Texture_Acoustic": 0.6073500967117988,
            "Instrument_-_Drum_Set": 0.6155172413793103
        },
        "macro_recall": 0.7154261376444507,
        "micro_recall": 0.7174399105645612,
        "recall_per_class": {
            "Instrument_-_Male_Lead_Vocals": 0.7944444444444444,
            "Song-Texture_Electric": 0.7574626865671642,
            "NOT-Emotion-Angry-Agressive": 0.7481481481481481,
            "NOT-Emotion-Bizarre-Weird": 0.6883910386965377,
            "Song-Quality": 0.6523517382413088,
            "Song-Texture_Acoustic": 0.6356275303643725,
            "Instrument_-_Drum_Set": 0.7315573770491803
        },
        "macro_f1": 0.674196403960434,
        "micro_f1": 0.6763272296140166,
        "f1_per_class": {
            "Instrument_-_Male_Lead_Vocals": 0.7454387489139879,
            "Song-Texture_Electric": 0.6928327645051194,
            "NOT-Emotion-Angry-Agressive": 0.7093942054433714,
            "NOT-Emotion-Bizarre-Weird": 0.6401515151515151,
            "Song-Quality": 0.641851106639839,
            "Song-Texture_Acoustic": 0.6211671612265084,
            "Instrument_-_Drum_Set": 0.6685393258426966
        },
        "MSE": 0.2658237814903259,
        "LogLoss": 0.7774212956428528,
        "AUNU": 0.5628894567489624,
        "micro_ROC-AUC": 0.5692824125289917,
        "AUNP": 0.5630249977111816,
        "ROC-AUC_per_class_vs_rest": {
            "Instrument_-_Male_Lead_Vocals": 0.6236898463088939,
            "Song-Texture_Electric": 0.4832778222979065,
            "NOT-Emotion-Angry-Agressive": 0.5870559334845049,
            "NOT-Emotion-Bizarre-Weird": 0.5271327035323876,
            "Song-Quality": 0.5923238789603152,
            "Song-Texture_Acoustic": 0.5572040962133841,
            "Instrument_-_Drum_Set": 0.569541836444613
        }
    }
}