{
    "classification type": "binary",
    "class balance": "imbalanced",
    "dataset name": "all-in-one_sentiment_imbalanced",
    "class names": [
        0,
        1
    ],
    "model name": "decision_tree",
    "index": 2,
    "cv fold": 2,
    "fold info": {
        "train distribution": 284,
        "test distribution": 71,
        "train distribution pct": 2.433173406442769,
        "test distribution pct": 2.433173406442769
    },
    "metrics": {
        "macro_accuracy": 0.9659103155136108,
        "micro_accuracy": 0.9659103155136108,
        "accuracy_per_class": {
            "0": 0.9659103155136108,
            "1": 0.9659103155136108
        },
        "macro_precision": 0.5595054030418396,
        "micro_precision": 0.9659103155136108,
        "precision_per_class": {
            "0": 0.9772889614105225,
            "1": 0.14172185957431793
        },
        "macro_recall": 0.5336693525314331,
        "micro_recall": 0.9659103155136108,
        "recall_per_class": {
            "0": 0.988020658493042,
            "1": 0.07931801676750183
        },
        "macro_f1": 0.5421682596206665,
        "micro_f1": 0.9659103155136108,
        "f1_per_class": {
            "0": 0.9826254844665527,
            "1": 0.10171102732419968
        },
        "MSE": 0.031828269362449646,
        "LogLoss": 1.6961543560028076,
        "AUNU": 0.6426042914390564,
        "micro_ROC-AUC": 0.6426042914390564
    }
}