{
    "classification type": "multilabel",
    "class balance": "imbalanced",
    "dataset name": "yeast_imbalanced",
    "class names": [
        "Class1",
        "Class2",
        "Class3",
        "Class4",
        "Class5"
    ],
    "model name": "decision_tree",
    "index": 4,
    "cv fold": 3,
    "fold info": {
        "train distribution": [
            607,
            830,
            758,
            472,
            166
        ],
        "test distribution": [
            152,
            208,
            189,
            118,
            41
        ],
        "train distribution pct": [
            47.09076803723817,
            64.39100077579519,
            58.80527540729248,
            36.61753297129558,
            12.878200155159039
        ],
        "test distribution pct": [
            48.40764331210191,
            66.2420382165605,
            60.19108280254777,
            37.57961783439491,
            13.05732484076433
        ]
    },
    "metrics": {
        "macro_accuracy": 0.7270099942708002,
        "micro_accuracy": 0.7270099942708002,
        "accuracy_per_class": {
            "Class1": 0.7085110446241009,
            "Class2": 0.6441530332930168,
            "Class3": 0.7563816920236807,
            "Class4": 0.6959068050162327,
            "Class5": 0.8300973963969699
        },
        "macro_precision": 0.612558432745832,
        "micro_precision": 0.6928783382789317,
        "precision_per_class": {
            "Class1": 0.7011963406052076,
            "Class2": 0.714834958739685,
            "Class3": 0.7844773628207803,
            "Class4": 0.5895562288362146,
            "Class5": 0.2727272727272727
        },
        "macro_recall": 0.5981695072259056,
        "micro_recall": 0.6863293181949167,
        "recall_per_class": {
            "Class1": 0.6698037106749126,
            "Class2": 0.749410145497444,
            "Class3": 0.810257515353949,
            "Class4": 0.572120373573158,
            "Class5": 0.18925579103006407
        },
        "macro_f1": 0.6036344309035158,
        "micro_f1": 0.689588279576119,
        "f1_per_class": {
            "Class1": 0.6851406174791996,
            "Class2": 0.7317143405644078,
            "Class3": 0.7971590607939789,
            "Class4": 0.5807074519441763,
            "Class5": 0.2234506837358161
        },
        "MSE": 0.23549441993236542,
        "LogLoss": 15.583621978759766,
        "AUNU": 0.665768027305603,
        "micro_ROC-AUC": 0.7246676683425903,
        "AUNP": 0.6762255430221558,
        "ROC-AUC_per_class_vs_rest": {
            "Class1": 0.7043339517043793,
            "Class2": 0.6147186488834169,
            "Class3": 0.7408636385488093,
            "Class4": 0.6725348067527332,
            "Class5": 0.5963892347510801
        }
    }
}