{
    "classification type": "multilabel",
    "class balance": "imbalanced",
    "dataset name": "mediamill_imbalanced",
    "class names": [
        "Class3",
        "Class12",
        "Class17",
        "Class44",
        "Class55",
        "Class57",
        "Class58",
        "Class76",
        "Class79",
        "Class94",
        "Class96",
        "Class97"
    ],
    "model name": "decision_tree",
    "index": 1,
    "cv fold": 2,
    "fold info": {
        "train distribution": [
            80,
            2652,
            1109,
            2132,
            145,
            64,
            883,
            2235,
            3846,
            3830,
            1762,
            2136
        ],
        "test distribution": [
            20,
            662,
            277,
            534,
            36,
            16,
            220,
            558,
            962,
            957,
            440,
            534
        ],
        "train distribution pct": [
            0.7969715082685794,
            26.419605499103405,
            11.048017533373182,
            21.239290695357642,
            1.4445108587368,
            0.6375772066148635,
            8.796573022514446,
            22.265391512253437,
            38.31440526001195,
            38.15501095835824,
            17.553297469615462,
            21.27913927077107
        ],
        "test distribution pct": [
            0.8061265618702136,
            26.68278919790407,
            11.164852881902458,
            21.5235792019347,
            1.4510278113663846,
            0.6449012494961709,
            8.86739218057235,
            22.49093107617896,
            38.77468762595728,
            38.57315598548972,
            17.7347843611447,
            21.5235792019347
        ]
    },
    "metrics": {
        "macro_accuracy": 0.8385475931081788,
        "micro_accuracy": 0.838547593108179,
        "accuracy_per_class": {
            "Class3": 0.9924101198402131,
            "Class12": 0.7318363394262196,
            "Class17": 0.8811766130008474,
            "Class44": 0.8137392567485776,
            "Class55": 0.9815034499455272,
            "Class57": 0.9914417140781988,
            "Class58": 0.9007626195375863,
            "Class76": 0.7599806318847597,
            "Class79": 0.7516886575475125,
            "Class94": 0.652136545212444,
            "Class96": 0.8141387241254086,
            "Class97": 0.7917564459508534
        },
        "macro_precision": 0.42388755727996985,
        "micro_precision": 0.5578537198822442,
        "precision_per_class": {
            "Class3": 0.5457063711911357,
            "Class12": 0.4873068931249435,
            "Class17": 0.4018801410105758,
            "Class44": 0.5874020732768853,
            "Class55": 0.08684863523573201,
            "Class57": 0.016216216216216217,
            "Class58": 0.3250762195121951,
            "Class76": 0.41183910953706043,
            "Class79": 0.7023225620311598,
            "Class94": 0.5619927960768997,
            "Class96": 0.43701996927803377,
            "Class97": 0.5230397008688001
        },
        "macro_recall": 0.24453994363970835,
        "micro_recall": 0.3400427419916839,
        "recall_per_class": {
            "Class3": 0.29848484848484846,
            "Class12": 0.24661667885881491,
            "Class17": 0.14954088325317008,
            "Class44": 0.42185724028188226,
            "Class55": 0.029288702928870293,
            "Class57": 0.005681818181818182,
            "Class58": 0.11717032967032967,
            "Class76": 0.17663013995877183,
            "Class79": 0.6136829168373618,
            "Class94": 0.4098879534088751,
            "Class96": 0.19574790147240953,
            "Class97": 0.26988991033934856
        },
        "macro_f1": 0.3041345631457835,
        "micro_f1": 0.42253002789012806,
        "f1_per_class": {
            "Class3": 0.385896180215475,
            "Class12": 0.3274946115782763,
            "Class17": 0.2179732313575526,
            "Class44": 0.4910528230741243,
            "Class55": 0.04380475594493116,
            "Class57": 0.008415147265077139,
            "Class58": 0.17225363489499193,
            "Class76": 0.2472285497342445,
            "Class79": 0.6550175745446595,
            "Class94": 0.474037739993045,
            "Class96": 0.2703858582018628,
            "Class97": 0.3560546509451619
        },
        "MSE": 0.1284758746623993,
        "LogLoss": 5.080087184906006,
        "AUNU": 0.7035645842552185,
        "micro_ROC-AUC": 0.7689560651779175,
        "AUNP": 0.6988217234611511,
        "ROC-AUC_per_class_vs_rest": {
            "Class3": 0.8193175532013239,
            "Class12": 0.6593395459814051,
            "Class17": 0.6956044357435415,
            "Class44": 0.7629828931769136,
            "Class55": 0.6953051839110379,
            "Class57": 0.639212678950761,
            "Class58": 0.7106272839068539,
            "Class76": 0.6590465278914417,
            "Class79": 0.7604530798845696,
            "Class94": 0.6525678664683346,
            "Class96": 0.6867251216399664,
            "Class97": 0.7015929115209502
        }
    }
}