{
    "classification type": "multilabel",
    "class balance": "balanced",
    "dataset name": "yeast_balanced",
    "class names": [
        "Class1",
        "Class2",
        "Class3",
        "Class4",
        "Class5"
    ],
    "model name": "random_forest",
    "index": 2,
    "cv fold": 4,
    "fold info": {
        "train distribution": [
            520,
            556,
            520,
            556,
            522
        ],
        "test distribution": [
            130,
            139,
            130,
            139,
            131
        ],
        "train distribution pct": [
            39.78576893649579,
            42.54016832440704,
            39.78576893649579,
            42.54016832440704,
            39.938791124713084
        ],
        "test distribution pct": [
            40.88050314465409,
            43.710691823899374,
            40.88050314465409,
            43.710691823899374,
            41.19496855345912
        ]
    },
    "metrics": {
        "macro_accuracy": 0.737476923076923,
        "micro_accuracy": 0.737476923076923,
        "accuracy_per_class": {
            "Class1": 0.7558974358974359,
            "Class2": 0.6763076923076923,
            "Class3": 0.7511794871794871,
            "Class4": 0.7612307692307693,
            "Class5": 0.7427692307692307
        },
        "macro_precision": 0.7485040003543466,
        "micro_precision": 0.7458683283662964,
        "precision_per_class": {
            "Class1": 0.7777777777777778,
            "Class2": 0.6585365853658537,
            "Class3": 0.7385113268608414,
            "Class4": 0.7799392097264438,
            "Class5": 0.7877551020408163
        },
        "macro_recall": 0.5487502376470834,
        "micro_recall": 0.5490078771562469,
        "recall_per_class": {
            "Class1": 0.5456410256410257,
            "Class2": 0.5050359712230216,
            "Class3": 0.5851282051282052,
            "Class4": 0.6153477218225419,
            "Class5": 0.49259826442062277
        },
        "macro_f1": 0.6320071291147362,
        "micro_f1": 0.632473723508127,
        "f1_per_class": {
            "Class1": 0.6413502109704642,
            "Class2": 0.5716612377850163,
            "Class3": 0.6529327610872675,
            "Class4": 0.6879356568364611,
            "Class5": 0.6061557788944724
        },
        "MSE": 0.17959092557430267,
        "LogLoss": 0.5366944670677185,
        "AUNU": 0.8025858998298645,
        "micro_ROC-AUC": 0.8063132166862488,
        "AUNP": 0.8022677898406982,
        "ROC-AUC_per_class_vs_rest": {
            "Class1": 0.8208521586675432,
            "Class2": 0.7376952631443233,
            "Class3": 0.8171960552268245,
            "Class4": 0.844503837789983,
            "Class5": 0.7926821689630569
        }
    }
}