{
    "classification type": "multiclass",
    "class balance": "balanced",
    "dataset name": "gas-drift_balanced",
    "class names": [
        2,
        0,
        4,
        3,
        1
    ],
    "model name": "random_forest",
    "index": 1,
    "cv fold": 4,
    "fold info": {
        "train distribution": 2600,
        "test distribution": 650,
        "train distribution pct": 200.0,
        "test distribution pct": 200.0
    },
    "metrics": {
        "macro_accuracy": 0.9935590028762817,
        "micro_accuracy": 0.9935590028762817,
        "accuracy_per_class": {
            "2": 0.9969743490219116,
            "0": 0.9965128302574158,
            "4": 0.9909743666648865,
            "3": 0.9888718128204346,
            "1": 0.9944615364074707
        },
        "macro_precision": 0.9839227795600891,
        "micro_precision": 0.9838974475860596,
        "precision_per_class": {
            "2": 0.9935749173164368,
            "0": 0.9907786846160889,
            "4": 0.9833852648735046,
            "3": 0.9686943292617798,
            "1": 0.9831804037094116
        },
        "macro_recall": 0.9838973879814148,
        "micro_recall": 0.9838974475860596,
        "recall_per_class": {
            "2": 0.991282045841217,
            "0": 0.9917948842048645,
            "4": 0.9712820649147034,
            "3": 0.9758974313735962,
            "1": 0.989230751991272
        },
        "macro_f1": 0.9838978052139282,
        "micro_f1": 0.9838974475860596,
        "f1_per_class": {
            "2": 0.9924271702766418,
            "0": 0.9912865161895752,
            "4": 0.9772961735725403,
            "3": 0.9722825288772583,
            "1": 0.9861963391304016
        },
        "Kappa": 0.9798718094825745,
        "MSE": 0.006115473806858063,
        "LogLoss": 0.24194110929965973,
        "AUNU": 0.9903478026390076,
        "micro_ROC-AUC": 0.9904339909553528,
        "AUNP": 0.9903478026390076,
        "AU1U": 0.9903478238001316,
        "AU1P": 0.9903478238001315,
        "ROC-AUC_per_class_vs_rest": {
            "2": 0.9938650969756739,
            "0": 0.9927296268902039,
            "4": 0.9873798487836951,
            "3": 0.9867762984878369,
            "1": 0.9909882478632479
        }
    }
}