{
    "classification type": "multilabel",
    "class balance": "imbalanced",
    "dataset name": "tmc2007500_imbalanced",
    "class names": [
        "class13",
        "class07",
        "class01",
        "class14",
        "class18",
        "class10"
    ],
    "model name": "random_forest",
    "index": 0,
    "cv fold": 0,
    "fold info": {
        "train distribution": [
            2208,
            1787,
            1468,
            894,
            557,
            327
        ],
        "test distribution": [
            552,
            446,
            367,
            224,
            140,
            82
        ],
        "train distribution pct": [
            34.942237695837946,
            28.27979110618769,
            23.231523975312548,
            14.147808197499604,
            8.814685868017092,
            5.1748694413673055
        ],
        "test distribution pct": [
            34.695160276555626,
            28.032683846637337,
            23.067253299811437,
            14.079195474544312,
            8.799497171590195,
            5.153991200502828
        ]
    },
    "metrics": {
        "macro_accuracy": 0.9290007559703065,
        "micro_accuracy": 0.9290007559703065,
        "accuracy_per_class": {
            "class13": 0.8732076687610762,
            "class07": 0.8978696508904339,
            "class01": 0.964407430816324,
            "class14": 0.9396339120843712,
            "class18": 0.9470448996790224,
            "class10": 0.9518409735906112
        },
        "macro_precision": 0.7729609243893875,
        "micro_precision": 0.8247873306210282,
        "precision_per_class": {
            "class13": 0.8338860528375005,
            "class07": 0.8166528691560281,
            "class01": 0.9196017160108045,
            "class14": 0.8073195973280647,
            "class18": 0.7187355435620663,
            "class10": 0.5415697674418605
        },
        "macro_recall": 0.733346813867267,
        "micro_recall": 0.7970237515027455,
        "recall_per_class": {
            "class13": 0.7949346405228758,
            "class07": 0.8229276431331226,
            "class01": 0.9276593471175937,
            "class14": 0.7524552788495265,
            "class18": 0.6555555555555556,
            "class10": 0.4465484180249281
        },
        "macro_f1": 0.7519069813014564,
        "micro_f1": 0.8106679004593674,
        "f1_per_class": {
            "class13": 0.8139446071032388,
            "class07": 0.8197782491744483,
            "class01": 0.923612958136071,
            "class14": 0.7789225253029547,
            "class18": 0.685693269584406,
            "class10": 0.48949027850761956
        },
        "MSE": 0.06321384757757187,
        "LogLoss": 3.879596710205078,
        "AUNU": 0.8779973983764648,
        "micro_ROC-AUC": 0.9024750590324402,
        "AUNP": 0.8932459354400635,
        "ROC-AUC_per_class_vs_rest": {
            "class13": 0.8756509596159696,
            "class07": 0.8973555947710029,
            "class01": 0.953455695431733,
            "class14": 0.8894947190387197,
            "class18": 0.8519080917188556,
            "class10": 0.8001191937903692
        }
    }
}