{
    "classification type": "multiclass",
    "class balance": "balanced",
    "dataset name": "volkert_balanced",
    "class names": [
        8,
        6,
        1,
        3,
        4,
        9,
        0,
        5,
        2,
        7
    ],
    "model name": "knn",
    "index": 0,
    "cv fold": 2,
    "fold info": {
        "train distribution": 35574,
        "test distribution": 8897,
        "train distribution pct": 450.07591093117406,
        "test distribution pct": 450.2530364372469
    },
    "metrics": {
        "macro_accuracy": 0.901528537273407,
        "micro_accuracy": 0.9015285968780518,
        "accuracy_per_class": {
            "8": 0.8681485652923584,
            "6": 0.9131436347961426,
            "1": 0.8781207799911499,
            "3": 0.8902146220207214,
            "4": 0.8931213021278381,
            "9": 0.8665005564689636,
            "0": 0.9214354157447815,
            "5": 0.9505929946899414,
            "2": 0.9254645705223083,
            "7": 0.9085435271263123
        },
        "macro_precision": 0.5001979470252991,
        "micro_precision": 0.5076429843902588,
        "precision_per_class": {
            "8": 0.32228174805641174,
            "6": 0.5704416036605835,
            "1": 0.39268356561660767,
            "3": 0.41975390911102295,
            "4": 0.46589648723602295,
            "9": 0.3217710554599762,
            "0": 0.6100006699562073,
            "5": 0.7340002655982971,
            "2": 0.6232927441596985,
            "7": 0.5418572425842285
        },
        "macro_recall": 0.5075258016586304,
        "micro_recall": 0.5076429843902588,
        "recall_per_class": {
            "8": 0.2888658046722412,
            "6": 0.6257420778274536,
            "1": 0.3979519009590149,
            "3": 0.4350013732910156,
            "4": 0.46266528964042664,
            "9": 0.2715260982513428,
            "0": 0.5987438559532166,
            "5": 0.7918860912322998,
            "2": 0.6494178771972656,
            "7": 0.5534579157829285
        },
        "macro_f1": 0.5032659769058228,
        "micro_f1": 0.5076429843902588,
        "f1_per_class": {
            "8": 0.30466023087501526,
            "6": 0.5968135595321655,
            "1": 0.3953001797199249,
            "3": 0.42724165320396423,
            "4": 0.4642752707004547,
            "9": 0.2945210039615631,
            "0": 0.6043198108673096,
            "5": 0.7618451714515686,
            "2": 0.63608717918396,
            "7": 0.5475960969924927
        },
        "Kappa": 0.45292845368385315,
        "MSE": 0.07786113023757935,
        "LogLoss": 4.825851917266846,
        "AUNU": 0.781715989112854,
        "micro_ROC-AUC": 0.7874473929405212,
        "AUNP": 0.7817850112915039,
        "AU1U": 0.7816914358993633,
        "AU1P": 0.7817343153119346,
        "ROC-AUC_per_class_vs_rest": {
            "8": 0.6743202515444249,
            "6": 0.8328878807706896,
            "1": 0.7397332041856252,
            "3": 0.7452221140669857,
            "4": 0.7646316868047105,
            "9": 0.67384208708233,
            "0": 0.8299653235866137,
            "5": 0.9064012743341359,
            "2": 0.8465365284607113,
            "7": 0.8036195400681782
        }
    }
}