{
    "classification type": "binary",
    "class balance": "balanced",
    "dataset name": "all-in-one_sentiment_balanced",
    "class names": [
        0,
        1
    ],
    "model name": "decision_tree",
    "index": 3,
    "cv fold": 0,
    "fold info": {
        "train distribution": 5836,
        "test distribution": 1459,
        "train distribution pct": 50.0,
        "test distribution pct": 50.0
    },
    "metrics": {
        "macro_accuracy": 0.7440111041069031,
        "micro_accuracy": 0.7440111041069031,
        "accuracy_per_class": {
            "0": 0.7440111041069031,
            "1": 0.7440111041069031
        },
        "macro_precision": 0.7443279027938843,
        "micro_precision": 0.7440111041069031,
        "precision_per_class": {
            "0": 0.7355299592018127,
            "1": 0.753125786781311
        },
        "macro_recall": 0.7440111041069031,
        "micro_recall": 0.7440111041069031,
        "recall_per_class": {
            "0": 0.7620154023170471,
            "1": 0.726006805896759
        },
        "macro_f1": 0.743928074836731,
        "micro_f1": 0.7440111041069031,
        "f1_per_class": {
            "0": 0.7485384941101074,
            "1": 0.7393177151679993
        },
        "MSE": 0.2118064910173416,
        "LogLoss": 11.714531898498535,
        "AUNU": 0.75527024269104,
        "micro_ROC-AUC": 0.75527024269104
    }
}