{
    "classification type": "multiclass",
    "class balance": "balanced",
    "dataset name": "ag-news_balanced",
    "class names": [
        1,
        3,
        0,
        2
    ],
    "model name": "random_forest",
    "index": 3,
    "cv fold": 0,
    "fold info": {
        "train distribution": 5760,
        "test distribution": 1440,
        "train distribution pct": 150.0,
        "test distribution pct": 150.0
    },
    "metrics": {
        "macro_accuracy": 0.8823863863945007,
        "micro_accuracy": 0.8823863863945007,
        "accuracy_per_class": {
            "1": 0.8909721970558167,
            "3": 0.9191761612892151,
            "0": 0.8554924130439758,
            "2": 0.8639046549797058
        },
        "macro_precision": 0.763828694820404,
        "micro_precision": 0.7647727131843567,
        "precision_per_class": {
            "1": 0.7803163528442383,
            "3": 0.826579749584198,
            "0": 0.7131377458572388,
            "2": 0.7352806925773621
        },
        "macro_recall": 0.7647727727890015,
        "micro_recall": 0.7647727131843567,
        "recall_per_class": {
            "1": 0.7848485112190247,
            "3": 0.8563762903213501,
            "0": 0.7059343457221985,
            "2": 0.7119318246841431
        },
        "macro_f1": 0.76418137550354,
        "micro_f1": 0.7647727131843567,
        "f1_per_class": {
            "1": 0.7825758457183838,
            "3": 0.8412142395973206,
            "0": 0.709517776966095,
            "2": 0.7234178781509399
        },
        "Kappa": 0.6863636374473572,
        "MSE": 0.10428932309150696,
        "LogLoss": 2.8817596435546875,
        "AUNU": 0.8489140272140503,
        "micro_ROC-AUC": 0.8499060273170471,
        "AUNP": 0.8489140272140503,
        "AU1U": 0.8489140135440048,
        "AU1P": 0.8489140135440048,
        "ROC-AUC_per_class_vs_rest": {
            "1": 0.8599402052671071,
            "3": 0.8984054640470361,
            "0": 0.8153180704881302,
            "2": 0.8219923143737459
        }
    }
}