{
    "classification type": "multilabel",
    "class balance": "balanced",
    "dataset name": "tmc2007500_balanced",
    "class names": [
        "class13",
        "class07",
        "class01",
        "class14",
        "class18",
        "class10"
    ],
    "model name": "logistic_regression",
    "index": 0,
    "cv fold": 0,
    "fold info": {
        "train distribution": [
            1252,
            1253,
            1253,
            1253,
            1189,
            1183
        ],
        "test distribution": [
            313,
            313,
            313,
            313,
            298,
            296
        ],
        "train distribution pct": [
            19.74763406940063,
            19.763406940063092,
            19.763406940063092,
            19.763406940063092,
            18.753943217665615,
            18.659305993690854
        ],
        "test distribution pct": [
            19.936305732484076,
            19.936305732484076,
            19.936305732484076,
            19.936305732484076,
            18.980891719745223,
            18.85350318471338
        ]
    },
    "metrics": {
        "macro_accuracy": 0.9226114649681528,
        "micro_accuracy": 0.9226114649681528,
        "accuracy_per_class": {
            "class13": 0.9070063694267516,
            "class07": 0.9152866242038217,
            "class01": 0.9745222929936306,
            "class14": 0.9445859872611465,
            "class18": 0.9082802547770701,
            "class10": 0.8859872611464968
        },
        "macro_precision": 0.8544636625352893,
        "micro_precision": 0.8587026332691072,
        "precision_per_class": {
            "class13": 0.8553191489361702,
            "class07": 0.8061224489795918,
            "class01": 0.9504950495049505,
            "class14": 0.9124087591240876,
            "class18": 0.7961538461538461,
            "class10": 0.806282722513089
        },
        "macro_recall": 0.7221853342288833,
        "micro_recall": 0.7242686890574215,
        "recall_per_class": {
            "class13": 0.6421725239616614,
            "class07": 0.7571884984025559,
            "class01": 0.9201277955271565,
            "class14": 0.7987220447284346,
            "class18": 0.6946308724832215,
            "class10": 0.5202702702702703
        },
        "macro_f1": 0.7792831617624859,
        "micro_f1": 0.7857772553629151,
        "f1_per_class": {
            "class13": 0.7335766423357665,
            "class07": 0.7808896210873146,
            "class01": 0.935064935064935,
            "class14": 0.8517887563884157,
            "class18": 0.7419354838709677,
            "class10": 0.6324435318275154
        },
        "MSE": 0.05781933665275574,
        "LogLoss": 0.19936105608940125,
        "AUNU": 0.9515538811683655,
        "micro_ROC-AUC": 0.9571914672851562,
        "AUNP": 0.9517859816551208,
        "ROC-AUC_per_class_vs_rest": {
            "class13": 0.910502464155998,
            "class07": 0.9582809112420922,
            "class01": 0.9919327167224565,
            "class14": 0.970577545299041,
            "class18": 0.9525848423451945,
            "class10": 0.9254449700878272
        }
    }
}