{
    "classification type": "multilabel",
    "class balance": "balanced",
    "dataset name": "yelp_balanced",
    "class names": [
        "IsFoodGood",
        "IsAmbianceGood",
        "IsServiceGood",
        "IsPriceGood"
    ],
    "model name": "logistic_regression",
    "index": 0,
    "cv fold": 4,
    "fold info": {
        "train distribution": [
            2075,
            2022,
            2007,
            1882
        ],
        "test distribution": [
            519,
            505,
            502,
            470
        ],
        "train distribution pct": [
            55.112881806108895,
            53.70517928286852,
            53.306772908366526,
            49.9867197875166
        ],
        "test distribution pct": [
            54.45960125918153,
            52.99055613850997,
            52.67576075550892,
            49.317943336831064
        ]
    },
    "metrics": {
        "macro_accuracy": 0.7735269181856719,
        "micro_accuracy": 0.7735269181856719,
        "accuracy_per_class": {
            "IsFoodGood": 0.8024586689275116,
            "IsAmbianceGood": 0.7441712590080543,
            "IsServiceGood": 0.7719372615515049,
            "IsPriceGood": 0.7755404832556168
        },
        "macro_precision": 0.7955298161591909,
        "micro_precision": 0.7958126036484245,
        "precision_per_class": {
            "IsFoodGood": 0.8378048780487805,
            "IsAmbianceGood": 0.7698282910874897,
            "IsServiceGood": 0.7952204367531932,
            "IsPriceGood": 0.7792656587473002
        },
        "macro_recall": 0.7689789388395675,
        "micro_recall": 0.7691845321578842,
        "recall_per_class": {
            "IsFoodGood": 0.7945258288357748,
            "IsAmbianceGood": 0.7451523545706371,
            "IsServiceGood": 0.7692307692307693,
            "IsPriceGood": 0.7670068027210885
        },
        "macro_f1": 0.7819945835584792,
        "micro_f1": 0.7822720326031585,
        "f1_per_class": {
            "IsFoodGood": 0.815591610605461,
            "IsAmbianceGood": 0.7572893625578122,
            "IsServiceGood": 0.7820097244732577,
            "IsPriceGood": 0.7730876365973859
        },
        "MSE": 0.16606241464614868,
        "LogLoss": 0.5453327298164368,
        "AUNU": 0.8345248103141785,
        "micro_ROC-AUC": 0.8358402848243713,
        "AUNP": 0.8347330689430237,
        "ROC-AUC_per_class_vs_rest": {
            "IsFoodGood": 0.8688382722986698,
            "IsAmbianceGood": 0.8024036887240803,
            "IsServiceGood": 0.8306775553683516,
            "IsPriceGood": 0.8361797804497961
        }
    }
}