{
    "classification type": "multiclass",
    "class balance": "balanced",
    "dataset name": "irish-times_balanced",
    "class names": [
        0,
        1,
        8,
        5,
        4,
        12,
        7,
        14,
        15,
        9,
        16,
        13,
        18,
        2,
        6,
        11,
        17,
        3,
        10,
        19
    ],
    "model name": "decision_tree",
    "index": 2,
    "cv fold": 0,
    "fold info": {
        "train distribution": 120840,
        "test distribution": 30210,
        "train distribution pct": 950.0,
        "test distribution pct": 950.0
    },
    "metrics": {
        "macro_accuracy": 0.9486662149429321,
        "micro_accuracy": 0.9486661553382874,
        "accuracy_per_class": {
            "0": 0.9097921252250671,
            "1": 0.9265897870063782,
            "8": 0.9546820521354675,
            "5": 0.927096426486969,
            "4": 0.9402515888214111,
            "12": 0.9523497819900513,
            "7": 0.9450209736824036,
            "14": 0.9719339609146118,
            "15": 0.9635045528411865,
            "9": 0.9568833112716675,
            "16": 0.9589360356330872,
            "13": 0.9713836312294006,
            "18": 0.955581784248352,
            "2": 0.9593204259872437,
            "6": 0.949484646320343,
            "11": 0.9611372947692871,
            "17": 0.946104109287262,
            "3": 0.9403651356697083,
            "10": 0.9591981172561646,
            "19": 0.9237071871757507
        },
        "macro_precision": 0.4971970021724701,
        "micro_precision": 0.486661434173584,
        "precision_per_class": {
            "0": 0.16688378155231476,
            "1": 0.2855313718318939,
            "8": 0.5540977120399475,
            "5": 0.38544216752052307,
            "4": 0.3927335739135742,
            "12": 0.5325586795806885,
            "7": 0.4551463723182678,
            "14": 0.7375591397285461,
            "15": 0.62798011302948,
            "9": 0.5757983922958374,
            "16": 0.590675413608551,
            "13": 0.7205405235290527,
            "18": 0.5640665888786316,
            "2": 0.6030121445655823,
            "6": 0.4949735999107361,
            "11": 0.6204420924186707,
            "17": 0.45564836263656616,
            "3": 0.3952118456363678,
            "10": 0.6022131443023682,
            "19": 0.18342448770999908
        },
        "macro_recall": 0.486661434173584,
        "micro_recall": 0.486661434173584,
        "recall_per_class": {
            "0": 0.20143257081508636,
            "1": 0.3116701543331146,
            "8": 0.4795597493648529,
            "5": 0.7706149816513062,
            "4": 0.35691824555397034,
            "12": 0.384346604347229,
            "7": 0.5052410960197449,
            "14": 0.6809923052787781,
            "15": 0.6626484990119934,
            "9": 0.5228860974311829,
            "16": 0.5821104049682617,
            "13": 0.6986373066902161,
            "18": 0.491439551115036,
            "2": 0.545597493648529,
            "6": 0.5075122117996216,
            "11": 0.5737246870994568,
            "17": 0.4002445936203003,
            "3": 0.3633822500705719,
            "10": 0.5419287085533142,
            "19": 0.15234102308750153
        },
        "macro_f1": 0.48709577322006226,
        "micro_f1": 0.486661434173584,
        "f1_per_class": {
            "0": 0.18253779411315918,
            "1": 0.29802873730659485,
            "8": 0.5141412019729614,
            "5": 0.5138630270957947,
            "4": 0.3739703595638275,
            "12": 0.4464738667011261,
            "7": 0.4788872301578522,
            "14": 0.7081478834152222,
            "15": 0.6448487043380737,
            "9": 0.548068106174469,
            "16": 0.5863616466522217,
            "13": 0.7094199061393738,
            "18": 0.5252544283866882,
            "2": 0.5728698372840881,
            "6": 0.5011644959449768,
            "11": 0.5961695313453674,
            "17": 0.4261532723903656,
            "3": 0.37862929701805115,
            "10": 0.5704827308654785,
            "19": 0.16644397377967834
        },
        "Kappa": 0.4596436023712158,
        "MSE": 0.0384417325258255,
        "LogLoss": 4.794313907623291,
        "AUNU": 0.7922642230987549,
        "micro_ROC-AUC": 0.7970110177993774,
        "AUNP": 0.7922642230987549,
        "AU1U": 0.7922642256479022,
        "AU1P": 0.7922642256479022,
        "ROC-AUC_per_class_vs_rest": {
            "0": 0.6782773468321331,
            "1": 0.7426144166533725,
            "8": 0.7818522077925983,
            "5": 0.9054912798019012,
            "4": 0.7493862263017486,
            "12": 0.7626753241904077,
            "7": 0.7882886728416265,
            "14": 0.8637261961131926,
            "15": 0.8570922022625533,
            "9": 0.7932169992134412,
            "16": 0.8163206467364008,
            "13": 0.8618967364972356,
            "18": 0.8192085449476411,
            "2": 0.826410745237822,
            "6": 0.8159933018884631,
            "11": 0.8137921116552485,
            "17": 0.7476228248740172,
            "3": 0.7385642951201209,
            "10": 0.8062606316374966,
            "19": 0.6765938023606219
        }
    }
}