{
    "classification type": "multiclass",
    "class balance": "balanced",
    "dataset name": "gtsrb-huelist_balanced",
    "class names": [
        0,
        1,
        2,
        3,
        4,
        5,
        6,
        7,
        8,
        9,
        10,
        11,
        12,
        13,
        14,
        15
    ],
    "model name": "random_forest",
    "index": 0,
    "cv fold": 2,
    "fold info": {
        "train distribution": 178912,
        "test distribution": 44728,
        "train distribution pct": 738.8173108688471,
        "test distribution pct": 738.8173108688471
    },
    "metrics": {
        "macro_accuracy": 0.9236965179443359,
        "micro_accuracy": 0.9236965775489807,
        "accuracy_per_class": {
            "0": 0.9145894646644592,
            "1": 0.9033821225166321,
            "2": 0.9119060635566711,
            "3": 0.9097961187362671,
            "4": 0.908770740032196,
            "5": 0.9103851318359375,
            "6": 0.9158516526222229,
            "7": 0.9138103127479553,
            "8": 0.9155493378639221,
            "9": 0.9271337985992432,
            "10": 0.965411901473999,
            "11": 0.9175252914428711,
            "12": 0.9323821663856506,
            "13": 0.9122613668441772,
            "14": 0.9618309140205383,
            "15": 0.9585584998130798
        },
        "macro_precision": 0.38666796684265137,
        "micro_precision": 0.38957247138023376,
        "precision_per_class": {
            "0": 0.35654276609420776,
            "1": 0.24721458554267883,
            "2": 0.2703094780445099,
            "3": 0.30864548683166504,
            "4": 0.29895156621932983,
            "5": 0.2753966748714447,
            "6": 0.31439200043678284,
            "7": 0.337746798992157,
            "8": 0.3739320635795593,
            "9": 0.3583400249481201,
            "10": 0.7200908064842224,
            "11": 0.3677983283996582,
            "12": 0.34344282746315,
            "13": 0.30242690443992615,
            "14": 0.6349206566810608,
            "15": 0.6765367388725281
        },
        "macro_recall": 0.39013344049453735,
        "micro_recall": 0.38957247138023376,
        "recall_per_class": {
            "0": 0.388181209564209,
            "1": 0.23695048689842224,
            "2": 0.2551734745502472,
            "3": 0.3113207519054413,
            "4": 0.2934533953666687,
            "5": 0.26684635877609253,
            "6": 0.3128930926322937,
            "7": 0.351717472076416,
            "8": 0.4316752552986145,
            "9": 0.3384840488433838,
            "10": 0.7708690762519836,
            "11": 0.36287403106689453,
            "12": 0.31511807441711426,
            "13": 0.261244535446167,
            "14": 0.6431707739830017,
            "15": 0.7021631598472595
        },
        "macro_f1": 0.3879724144935608,
        "micro_f1": 0.38957247138023376,
        "f1_per_class": {
            "0": 0.37168994545936584,
            "1": 0.24197374284267426,
            "2": 0.26252347230911255,
            "3": 0.30997735261917114,
            "4": 0.2961769700050354,
            "5": 0.27105408906936646,
            "6": 0.3136407434940338,
            "7": 0.34459060430526733,
            "8": 0.4007342457771301,
            "9": 0.34812915325164795,
            "10": 0.7446152567863464,
            "11": 0.3653195798397064,
            "12": 0.32867133617401123,
            "13": 0.2803313136100769,
            "14": 0.6390190720558167,
            "15": 0.6891117691993713
        },
        "Kappa": 0.3486064076423645,
        "MSE": 0.060267239809036255,
        "LogLoss": 6.8842315673828125,
        "AUNU": 0.72690749168396,
        "micro_ROC-AUC": 0.7312085628509521,
        "AUNP": 0.7262462377548218,
        "AU1U": 0.7271569811543234,
        "AU1P": 0.7267204609893779,
        "ROC-AUC_per_class_vs_rest": {
            "0": 0.71831464314203,
            "1": 0.6577642639860823,
            "2": 0.6633484169898863,
            "3": 0.6821944413348784,
            "4": 0.6790777255886516,
            "5": 0.6634239238479209,
            "6": 0.6916255945434445,
            "7": 0.7084840494858649,
            "8": 0.7379561454436109,
            "9": 0.7072510625265442,
            "10": 0.8937422799908723,
            "11": 0.7111347139980864,
            "12": 0.7086932734554178,
            "13": 0.6768006063912703,
            "14": 0.8581612647982099,
            "15": 0.8725472112841741
        }
    }
}