{
    "classification type": "multilabel",
    "class balance": "balanced",
    "dataset name": "cal500_balanced",
    "class names": [
        "Instrument_-_Male_Lead_Vocals",
        "Song-Texture_Electric",
        "NOT-Emotion-Angry-Agressive",
        "NOT-Emotion-Bizarre-Weird",
        "Song-Quality",
        "Song-Texture_Acoustic",
        "Instrument_-_Drum_Set"
    ],
    "model name": "logistic_regression",
    "index": 4,
    "cv fold": 3,
    "fold info": {
        "train distribution": [
            239,
            238,
            240,
            218,
            217,
            216,
            218
        ],
        "test distribution": [
            61,
            60,
            60,
            55,
            54,
            55,
            53
        ],
        "train distribution pct": [
            63.56382978723404,
            63.297872340425535,
            63.829787234042556,
            57.97872340425532,
            57.71276595744681,
            57.446808510638306,
            57.97872340425532
        ],
        "test distribution pct": [
            70.93023255813954,
            69.76744186046511,
            69.76744186046511,
            63.95348837209303,
            62.7906976744186,
            63.95348837209303,
            61.627906976744185
        ]
    },
    "metrics": {
        "macro_accuracy": 0.5838005026097043,
        "micro_accuracy": 0.5838005026097043,
        "accuracy_per_class": {
            "Instrument_-_Male_Lead_Vocals": 0.6432115471357691,
            "Song-Texture_Electric": 0.5728461885430762,
            "NOT-Emotion-Angry-Agressive": 0.6030672079386559,
            "NOT-Emotion-Bizarre-Weird": 0.5520974289580515,
            "Song-Quality": 0.5723951285520974,
            "Song-Texture_Acoustic": 0.5557059088858818,
            "Instrument_-_Drum_Set": 0.5872801082543978
        },
        "macro_precision": 0.6419666516030957,
        "micro_precision": 0.643324607329843,
        "precision_per_class": {
            "Instrument_-_Male_Lead_Vocals": 0.7006172839506173,
            "Song-Texture_Electric": 0.6428149024246008,
            "NOT-Emotion-Angry-Agressive": 0.6752190237797246,
            "NOT-Emotion-Bizarre-Weird": 0.6055962691538974,
            "Song-Quality": 0.6302583025830258,
            "Song-Texture_Acoustic": 0.612375533428165,
            "Instrument_-_Drum_Set": 0.6268852459016393
        },
        "macro_recall": 0.7204939658805675,
        "micro_recall": 0.7224146981627296,
        "recall_per_class": {
            "Instrument_-_Male_Lead_Vocals": 0.78764746703678,
            "Song-Texture_Electric": 0.7601398601398601,
            "NOT-Emotion-Angry-Agressive": 0.7493055555555556,
            "NOT-Emotion-Bizarre-Weird": 0.6938931297709924,
            "Song-Quality": 0.6564181398923905,
            "Song-Texture_Acoustic": 0.6617986164488855,
            "Instrument_-_Drum_Set": 0.7342549923195084
        },
        "macro_f1": 0.6786823126420582,
        "micro_f1": 0.6805795954700559,
        "f1_per_class": {
            "Instrument_-_Male_Lead_Vocals": 0.7415877164325384,
            "Song-Texture_Electric": 0.6965716116629286,
            "NOT-Emotion-Angry-Agressive": 0.7103357472021067,
            "NOT-Emotion-Bizarre-Weird": 0.6467449306296692,
            "Song-Quality": 0.6430722891566265,
            "Song-Texture_Acoustic": 0.6361285555966014,
            "Instrument_-_Drum_Set": 0.6763353378139371
        },
        "MSE": 0.26453858613967896,
        "LogLoss": 0.7742781043052673,
        "AUNU": 0.5662807822227478,
        "micro_ROC-AUC": 0.5723510384559631,
        "AUNP": 0.5664529800415039,
        "ROC-AUC_per_class_vs_rest": {
            "Instrument_-_Male_Lead_Vocals": 0.6239957217567983,
            "Song-Texture_Electric": 0.4839631778640673,
            "NOT-Emotion-Angry-Agressive": 0.5991902616902617,
            "NOT-Emotion-Bizarre-Weird": 0.5206510852824091,
            "Song-Quality": 0.58626719788943,
            "Song-Texture_Acoustic": 0.5682914385642217,
            "Instrument_-_Drum_Set": 0.5816066916807265
        }
    }
}