{
    "classification type": "multilabel",
    "class balance": "balanced",
    "dataset name": "cal500_balanced",
    "class names": [
        "Instrument_-_Male_Lead_Vocals",
        "Song-Texture_Electric",
        "NOT-Emotion-Angry-Agressive",
        "NOT-Emotion-Bizarre-Weird",
        "Song-Quality",
        "Song-Texture_Acoustic",
        "Instrument_-_Drum_Set"
    ],
    "model name": "decision_tree",
    "index": 4,
    "cv fold": 3,
    "fold info": {
        "train distribution": [
            236,
            241,
            240,
            219,
            219,
            217,
            217
        ],
        "test distribution": [
            64,
            57,
            60,
            54,
            52,
            54,
            54
        ],
        "train distribution pct": [
            64.30517711171662,
            65.66757493188011,
            65.39509536784742,
            59.67302452316077,
            59.67302452316077,
            59.12806539509536,
            59.12806539509536
        ],
        "test distribution pct": [
            67.36842105263158,
            60.0,
            63.1578947368421,
            56.84210526315789,
            54.736842105263165,
            56.84210526315789,
            56.84210526315789
        ]
    },
    "metrics": {
        "macro_accuracy": 0.54534373476353,
        "micro_accuracy": 0.5453437347635299,
        "accuracy_per_class": {
            "Instrument_-_Male_Lead_Vocals": 0.5750853242320819,
            "Song-Texture_Electric": 0.5648464163822525,
            "NOT-Emotion-Angry-Agressive": 0.5477815699658704,
            "NOT-Emotion-Bizarre-Weird": 0.5364050056882821,
            "Song-Quality": 0.5034129692832765,
            "Song-Texture_Acoustic": 0.5233219567690558,
            "Instrument_-_Drum_Set": 0.5665529010238908
        },
        "macro_precision": 0.6282663050925393,
        "micro_precision": 0.6293492695883134,
        "precision_per_class": {
            "Instrument_-_Male_Lead_Vocals": 0.677158273381295,
            "Song-Texture_Electric": 0.6628318584070797,
            "NOT-Emotion-Angry-Agressive": 0.6552655265526552,
            "NOT-Emotion-Bizarre-Weird": 0.6067307692307692,
            "Song-Quality": 0.5765158806544755,
            "Song-Texture_Acoustic": 0.591254752851711,
            "Instrument_-_Drum_Set": 0.6281070745697896
        },
        "macro_recall": 0.6271829485470765,
        "micro_recall": 0.6282646162004507,
        "recall_per_class": {
            "Instrument_-_Male_Lead_Vocals": 0.6599474145486416,
            "Song-Texture_Electric": 0.6610767872903796,
            "NOT-Emotion-Angry-Agressive": 0.6385964912280702,
            "NOT-Emotion-Bizarre-Weird": 0.6084860173577628,
            "Song-Quality": 0.5804263565891473,
            "Song-Texture_Acoustic": 0.6038834951456311,
            "Instrument_-_Drum_Set": 0.6378640776699029
        },
        "macro_f1": 0.6276772692385423,
        "micro_f1": 0.6288064751542494,
        "f1_per_class": {
            "Instrument_-_Male_Lead_Vocals": 0.6684420772303595,
            "Song-Texture_Electric": 0.6619531595227574,
            "NOT-Emotion-Angry-Agressive": 0.6468236339404709,
            "NOT-Emotion-Bizarre-Weird": 0.6076071256620125,
            "Song-Quality": 0.5784645098985998,
            "Song-Texture_Acoustic": 0.5975024015369836,
            "Instrument_-_Drum_Set": 0.6329479768786127
        },
        "MSE": 0.4546562731266022,
        "LogLoss": 45.46562576293945,
        "AUNU": 0.5200545191764832,
        "micro_ROC-AUC": 0.521144688129425,
        "AUNP": 0.520248532295227,
        "ROC-AUC_per_class_vs_rest": {
            "Instrument_-_Male_Lead_Vocals": 0.5390498823148394,
            "Song-Texture_Electric": 0.5257383936451898,
            "NOT-Emotion-Angry-Agressive": 0.5094276954522228,
            "NOT-Emotion-Bizarre-Weird": 0.5206091667926123,
            "Song-Quality": 0.4871828752642706,
            "Song-Texture_Acoustic": 0.5066120772431453,
            "Instrument_-_Drum_Set": 0.5517617091646219
        }
    }
}