{
    "classification type": "multilabel",
    "class balance": "balanced",
    "dataset name": "scene",
    "class names": [
        "Beach",
        "Sunset",
        "FallFoliage",
        "Field",
        "Mountain",
        "Urban"
    ],
    "model name": "logistic_regression",
    "index": 0,
    "cv fold": 2,
    "fold info": {
        "train distribution": [
            334,
            291,
            314,
            335,
            327,
            345
        ],
        "test distribution": [
            83,
            73,
            79,
            84,
            82,
            86
        ],
        "train distribution pct": [
            18.311403508771928,
            15.953947368421053,
            17.214912280701753,
            18.36622807017544,
            17.927631578947366,
            18.914473684210524
        ],
        "test distribution pct": [
            18.082788671023962,
            15.904139433551197,
            17.21132897603486,
            18.30065359477124,
            17.86492374727669,
            18.736383442265794
        ]
    },
    "metrics": {
        "macro_accuracy": 0.9037335285505125,
        "micro_accuracy": 0.9037335285505125,
        "accuracy_per_class": {
            "Beach": 0.8967789165446559,
            "Sunset": 0.9568081991215227,
            "FallFoliage": 0.9114202049780381,
            "Field": 0.9428989751098097,
            "Mountain": 0.8484626647144948,
            "Urban": 0.8660322108345534
        },
        "macro_precision": 0.7729877771851158,
        "micro_precision": 0.7785123966942149,
        "precision_per_class": {
            "Beach": 0.7696078431372549,
            "Sunset": 0.9206349206349206,
            "FallFoliage": 0.7815533980582524,
            "Field": 0.865546218487395,
            "Mountain": 0.6196319018404908,
            "Urban": 0.680952380952381
        },
        "macro_recall": 0.6471901692287502,
        "micro_recall": 0.6438824333561176,
        "recall_per_class": {
            "Beach": 0.6254980079681275,
            "Sunset": 0.7981651376146789,
            "FallFoliage": 0.679324894514768,
            "Field": 0.8174603174603174,
            "Mountain": 0.4105691056910569,
            "Urban": 0.5521235521235521
        },
        "macro_f1": 0.7027535011780316,
        "micro_f1": 0.7048260381593715,
        "f1_per_class": {
            "Beach": 0.6901098901098901,
            "Sunset": 0.855036855036855,
            "FallFoliage": 0.7268623024830699,
            "Field": 0.8408163265306122,
            "Mountain": 0.4938875305623472,
            "Urban": 0.6098081023454158
        },
        "MSE": 0.07063254714012146,
        "LogLoss": 0.23584163188934326,
        "AUNU": 0.9266873002052307,
        "micro_ROC-AUC": 0.9346144199371338,
        "AUNP": 0.9254624247550964,
        "ROC-AUC_per_class_vs_rest": {
            "Beach": 0.9248244689403821,
            "Sunset": 0.9805725154237125,
            "FallFoliage": 0.9460147324281598,
            "Field": 0.9653276481149013,
            "Mountain": 0.842218350754936,
            "Urban": 0.9011659743367061
        }
    }
}