{
    "classification type": "multilabel",
    "class balance": "balanced",
    "dataset name": "tmc2007500_balanced",
    "class names": [
        "class13",
        "class07",
        "class01",
        "class14",
        "class18",
        "class10"
    ],
    "model name": "decision_tree",
    "index": 1,
    "cv fold": 1,
    "fold info": {
        "train distribution": [
            1252,
            1253,
            1253,
            1253,
            1190,
            1184
        ],
        "test distribution": [
            313,
            313,
            313,
            313,
            297,
            295
        ],
        "train distribution pct": [
            19.80699256446765,
            19.82281284606866,
            19.82281284606866,
            19.82281284606866,
            18.826135105204873,
            18.731213415598795
        ],
        "test distribution pct": [
            19.697923222152298,
            19.697923222152298,
            19.697923222152298,
            19.697923222152298,
            18.69100062932662,
            18.56513530522341
        ]
    },
    "metrics": {
        "macro_accuracy": 0.9042909471480901,
        "micro_accuracy": 0.90429094714809,
        "accuracy_per_class": {
            "class13": 0.8653061224489796,
            "class07": 0.9070643642072214,
            "class01": 0.9447409733124019,
            "class14": 0.9246467817896389,
            "class18": 0.9020408163265307,
            "class10": 0.8819466248037676
        },
        "macro_precision": 0.7452302172135153,
        "micro_precision": 0.7470775770456961,
        "precision_per_class": {
            "class13": 0.664440734557596,
            "class07": 0.7522935779816514,
            "class01": 0.8526645768025078,
            "class14": 0.7906626506024096,
            "class18": 0.7342192691029901,
            "class10": 0.6771004942339374
        },
        "macro_recall": 0.7614886979058282,
        "micro_recall": 0.7622661968013011,
        "recall_per_class": {
            "class13": 0.6357827476038339,
            "class07": 0.7859424920127795,
            "class01": 0.8690095846645367,
            "class14": 0.8386581469648562,
            "class18": 0.7441077441077442,
            "class10": 0.6954314720812182
        },
        "macro_f1": 0.7530888179689951,
        "micro_f1": 0.7545954649134576,
        "f1_per_class": {
            "class13": 0.649795918367347,
            "class07": 0.76875,
            "class01": 0.8607594936708861,
            "class14": 0.813953488372093,
            "class18": 0.7391304347826086,
            "class10": 0.6861435726210351
        },
        "MSE": 0.09544596076011658,
        "LogLoss": 9.493897438049316,
        "AUNU": 0.851108193397522,
        "micro_ROC-AUC": 0.8515385389328003,
        "AUNP": 0.8515511155128479,
        "ROC-AUC_per_class_vs_rest": {
            "class13": 0.7796959799841943,
            "class07": 0.8626123173613894,
            "class01": 0.9161382428988959,
            "class14": 0.8934547241022415,
            "class18": 0.8419181523195417,
            "class10": 0.812829815518566
        }
    }
}