{
    "classification type": "multilabel",
    "class balance": "balanced",
    "dataset name": "imdb_balanced",
    "class names": [
        "Romance",
        "Thriller",
        "Action",
        "Crime",
        "Family",
        "Horror",
        "Adventure"
    ],
    "model name": "logistic_regression",
    "index": 1,
    "cv fold": 3,
    "fold info": {
        "train distribution": [
            6378,
            6377,
            6377,
            6377,
            6378,
            6377,
            6377
        ],
        "test distribution": [
            1595,
            1594,
            1594,
            1595,
            1595,
            1595,
            1594
        ],
        "train distribution pct": [
            21.946184020370243,
            21.942743100956573,
            21.942743100956573,
            21.942743100956573,
            21.946184020370243,
            21.942743100956573,
            21.942743100956573
        ],
        "test distribution pct": [
            22.045611610228057,
            22.03178991015895,
            22.03178991015895,
            22.045611610228057,
            22.045611610228057,
            22.045611610228057,
            22.03178991015895
        ]
    },
    "metrics": {
        "macro_accuracy": 0.7796083178380788,
        "micro_accuracy": 0.7796083178380788,
        "accuracy_per_class": {
            "Romance": 0.7723803551490495,
            "Thriller": 0.7718450314311497,
            "Action": 0.7847386855508481,
            "Crime": 0.7770300240130925,
            "Family": 0.778375980789526,
            "Horror": 0.782505620899038,
            "Adventure": 0.7903825270338477
        },
        "macro_precision": 0.46199054741940476,
        "micro_precision": 0.48811803130983217,
        "precision_per_class": {
            "Romance": 0.3391883706844337,
            "Thriller": 0.3311572700296736,
            "Action": 0.5456971314209473,
            "Crime": 0.4233087742799732,
            "Family": 0.475467702082598,
            "Horror": 0.5162345834382079,
            "Adventure": 0.60288
        },
        "macro_recall": 0.08629788492324442,
        "micro_recall": 0.08629684202142487,
        "recall_per_class": {
            "Romance": 0.03902167096369591,
            "Thriller": 0.038890437691664344,
            "Action": 0.1140228603289657,
            "Crime": 0.0440448811763886,
            "Family": 0.09386105497874712,
            "Horror": 0.14293679002021048,
            "Adventure": 0.13130749930303875
        },
        "macro_f1": 0.14347451069421832,
        "micro_f1": 0.14666418503917023,
        "f1_per_class": {
            "Romance": 0.0699912510936133,
            "Thriller": 0.06960643672425622,
            "Action": 0.18863138475729274,
            "Crime": 0.07978790556747885,
            "Family": 0.15677374301675978,
            "Horror": 0.2238838554742932,
            "Adventure": 0.21564699822583414
        },
        "MSE": 0.1665935218334198,
        "LogLoss": 0.5151687860488892,
        "AUNU": 0.6223543882369995,
        "micro_ROC-AUC": 0.624699592590332,
        "AUNP": 0.6223546862602234,
        "ROC-AUC_per_class_vs_rest": {
            "Romance": 0.606923829976295,
            "Thriller": 0.6044581696540333,
            "Action": 0.6186279485074492,
            "Crime": 0.5724679215869122,
            "Family": 0.6453835901343753,
            "Horror": 0.6772864621702656,
            "Adventure": 0.6313329758841111
        }
    }
}