{
    "classification type": "multiclass",
    "class balance": "balanced",
    "dataset name": "gas-drift_balanced",
    "class names": [
        2,
        0,
        4,
        3,
        1
    ],
    "model name": "decision_tree",
    "index": 0,
    "cv fold": 1,
    "fold info": {
        "train distribution": 2600,
        "test distribution": 650,
        "train distribution pct": 200.0,
        "test distribution pct": 200.0
    },
    "metrics": {
        "macro_accuracy": 0.9952592849731445,
        "micro_accuracy": 0.9952592849731445,
        "accuracy_per_class": {
            "2": 0.9988604187965393,
            "0": 0.9990883469581604,
            "4": 0.9905413389205933,
            "3": 0.9892877340316772,
            "1": 0.9985185265541077
        },
        "macro_precision": 0.9881676435470581,
        "micro_precision": 0.9881481528282166,
        "precision_per_class": {
            "2": 0.9971510171890259,
            "0": 0.9954622983932495,
            "4": 0.9837962985038757,
            "3": 0.9684151411056519,
            "1": 0.9960136413574219
        },
        "macro_recall": 0.9881480932235718,
        "micro_recall": 0.9881481528282166,
        "recall_per_class": {
            "2": 0.9971510171890259,
            "0": 1.0,
            "4": 0.9686609506607056,
            "3": 0.9783475995063782,
            "1": 0.9965811967849731
        },
        "macro_f1": 0.9881401062011719,
        "micro_f1": 0.9881481528282166,
        "f1_per_class": {
            "2": 0.9971510171890259,
            "0": 0.9977259635925293,
            "4": 0.9761699438095093,
            "3": 0.9733560085296631,
            "1": 0.9962973594665527
        },
        "Kappa": 0.9851852059364319,
        "MSE": 0.004057119134813547,
        "LogLoss": 0.08263449370861053,
        "AUNU": 0.9968677163124084,
        "micro_ROC-AUC": 0.9971330165863037,
        "AUNP": 0.9968677163124084,
        "AU1U": 0.9968677202295435,
        "AU1P": 0.9968677202295437,
        "ROC-AUC_per_class_vs_rest": {
            "2": 0.9987652291783344,
            "0": 0.9994025210834329,
            "4": 0.9946467155299066,
            "3": 0.9941555263350135,
            "1": 0.9973686090210306
        }
    }
}