{
    "classification type": "multiclass",
    "class balance": "imbalanced",
    "dataset name": "volkert_imbalanced",
    "class names": [
        3,
        6,
        4,
        5,
        1,
        2,
        7,
        9,
        8,
        0
    ],
    "model name": "decision_tree",
    "index": 0,
    "cv fold": 3,
    "fold info": {
        "train distribution": 35787,
        "test distribution": 8944,
        "train distribution pct": 448.23396793587176,
        "test distribution pct": 448.0961923847695
    },
    "metrics": {
        "macro_accuracy": 0.9109943509101868,
        "micro_accuracy": 0.9109944105148315,
        "accuracy_per_class": {
            "3": 0.990429162979126,
            "6": 0.9633750319480896,
            "4": 0.8557632565498352,
            "5": 0.8211768269538879,
            "1": 0.8616370558738708,
            "2": 0.7898901104927063,
            "7": 0.938065767288208,
            "9": 0.9585031867027283,
            "8": 0.995732843875885,
            "0": 0.9353707432746887
        },
        "macro_precision": 0.4404742121696472,
        "micro_precision": 0.5549719929695129,
        "precision_per_class": {
            "3": 0.02777777798473835,
            "6": 0.40790843963623047,
            "4": 0.4960731267929077,
            "5": 0.5316465497016907,
            "1": 0.5207362174987793,
            "2": 0.48528820276260376,
            "7": 0.5115810632705688,
            "9": 0.8336899280548096,
            "8": 0.09638553857803345,
            "0": 0.4936552047729492
        },
        "macro_recall": 0.4106137752532959,
        "micro_recall": 0.5549719929695129,
        "recall_per_class": {
            "3": 0.006637168116867542,
            "6": 0.20174987614154816,
            "4": 0.4648889899253845,
            "5": 0.6325710415840149,
            "1": 0.5084461569786072,
            "2": 0.5102992057800293,
            "7": 0.4170771837234497,
            "9": 0.8889422416687012,
            "8": 0.04444444552063942,
            "0": 0.431081086397171
        },
        "macro_f1": 0.4191431403160095,
        "micro_f1": 0.5549719929695129,
        "f1_per_class": {
            "3": 0.010714286006987095,
            "6": 0.26997244358062744,
            "4": 0.4799750745296478,
            "5": 0.5777342915534973,
            "1": 0.5145177841186523,
            "2": 0.49747955799102783,
            "7": 0.4595205783843994,
            "9": 0.8604300022125244,
            "8": 0.06083650141954422,
            "0": 0.4602510333061218
        },
        "Kappa": 0.4719894230365753,
        "MSE": 0.0635773092508316,
        "LogLoss": 2.5238969326019287,
        "AUNU": 0.8063575625419617,
        "micro_ROC-AUC": 0.8659946322441101,
        "AUNP": 0.8268190622329712,
        "AU1U": 0.799871289541157,
        "AU1P": 0.808416868706845,
        "ROC-AUC_per_class_vs_rest": {
            "3": 0.6655280365421763,
            "6": 0.810364934609669,
            "4": 0.8055629532471792,
            "5": 0.8213155469535454,
            "1": 0.8152904207324265,
            "2": 0.7643983293156486,
            "7": 0.8366622767003965,
            "9": 0.9602925903671504,
            "8": 0.7459504059029224,
            "0": 0.8382098460301437
        }
    }
}