{
    "classification type": "multilabel",
    "class balance": "balanced",
    "dataset name": "tmc2007500_balanced",
    "class names": [
        "class13",
        "class07",
        "class01",
        "class14",
        "class18",
        "class10"
    ],
    "model name": "knn",
    "index": 4,
    "cv fold": 4,
    "fold info": {
        "train distribution": [
            1252,
            1253,
            1253,
            1253,
            1189,
            1183
        ],
        "test distribution": [
            313,
            313,
            313,
            313,
            298,
            296
        ],
        "train distribution pct": [
            19.778830963665087,
            19.794628751974724,
            19.794628751974724,
            19.794628751974724,
            18.78357030015798,
            18.688783570300156
        ],
        "test distribution pct": [
            19.810126582278482,
            19.810126582278482,
            19.810126582278482,
            19.810126582278482,
            18.860759493670887,
            18.734177215189874
        ]
    },
    "metrics": {
        "macro_accuracy": 0.8844669195111673,
        "micro_accuracy": 0.8844669195111673,
        "accuracy_per_class": {
            "class13": 0.8223008849557523,
            "class07": 0.9045006321112515,
            "class01": 0.952692793931732,
            "class14": 0.9137547408343869,
            "class18": 0.8703919089759797,
            "class10": 0.8431605562579014
        },
        "macro_precision": 0.8561356013442741,
        "micro_precision": 0.8537644969967134,
        "precision_per_class": {
            "class13": 0.8720821661998133,
            "class07": 0.7618555368910712,
            "class01": 0.9361733274776753,
            "class14": 0.9206167904054826,
            "class18": 0.7991707696294377,
            "class10": 0.8469150174621654
        },
        "macro_recall": 0.4863777995226923,
        "micro_recall": 0.48976053743634196,
        "recall_per_class": {
            "class13": 0.11936102236421725,
            "class07": 0.7530012771392082,
            "class01": 0.8167305236270753,
            "class14": 0.617624521072797,
            "class18": 0.4147948890383322,
            "class10": 0.19675456389452334
        },
        "macro_f1": 0.5740836282627907,
        "micro_f1": 0.6224523520987111,
        "f1_per_class": {
            "class13": 0.2099820143884892,
            "class07": 0.757402530669921,
            "class01": 0.8723825114248687,
            "class14": 0.7392799816555836,
            "class18": 0.5461306888613423,
            "class10": 0.319324042576539
        },
        "MSE": 0.08382675796747208,
        "LogLoss": 1.1139733791351318,
        "AUNU": 0.9066048264503479,
        "micro_ROC-AUC": 0.9062492847442627,
        "AUNP": 0.9070360660552979,
        "ROC-AUC_per_class_vs_rest": {
            "class13": 0.8065065687807309,
            "class07": 0.9459725483517174,
            "class01": 0.977064182284646,
            "class14": 0.941041593186873,
            "class18": 0.9113050475023509,
            "class10": 0.8577388723842183
        }
    }
}