{
    "classification type": "multilabel",
    "class balance": "balanced",
    "dataset name": "cal500_balanced",
    "class names": [
        "Instrument_-_Male_Lead_Vocals",
        "Song-Texture_Electric",
        "NOT-Emotion-Angry-Agressive",
        "NOT-Emotion-Bizarre-Weird",
        "Song-Quality",
        "Song-Texture_Acoustic",
        "Instrument_-_Drum_Set"
    ],
    "model name": "logistic_regression",
    "index": 0,
    "cv fold": 3,
    "fold info": {
        "train distribution": [
            240,
            244,
            240,
            218,
            217,
            216,
            217
        ],
        "test distribution": [
            60,
            54,
            60,
            55,
            54,
            55,
            54
        ],
        "train distribution pct": [
            65.04065040650406,
            66.12466124661248,
            65.04065040650406,
            59.078590785907856,
            58.80758807588076,
            58.536585365853654,
            58.80758807588076
        ],
        "test distribution pct": [
            64.51612903225806,
            58.06451612903226,
            64.51612903225806,
            59.13978494623656,
            58.06451612903226,
            59.13978494623656,
            58.06451612903226
        ]
    },
    "metrics": {
        "macro_accuracy": 0.5879861378513669,
        "micro_accuracy": 0.587986137851367,
        "accuracy_per_class": {
            "Instrument_-_Male_Lead_Vocals": 0.6765498652291105,
            "Song-Texture_Electric": 0.5741239892183289,
            "NOT-Emotion-Angry-Agressive": 0.5849056603773585,
            "NOT-Emotion-Bizarre-Weird": 0.5660377358490566,
            "Song-Quality": 0.5498652291105122,
            "Song-Texture_Acoustic": 0.568733153638814,
            "Instrument_-_Drum_Set": 0.5956873315363881
        },
        "macro_precision": 0.6434164480041548,
        "micro_precision": 0.64501679731243,
        "precision_per_class": {
            "Instrument_-_Male_Lead_Vocals": 0.7222222222222222,
            "Song-Texture_Electric": 0.6498194945848376,
            "NOT-Emotion-Angry-Agressive": 0.6580882352941176,
            "NOT-Emotion-Bizarre-Weird": 0.6141732283464567,
            "Song-Quality": 0.6033755274261603,
            "Song-Texture_Acoustic": 0.620253164556962,
            "Instrument_-_Drum_Set": 0.6359832635983264
        },
        "macro_recall": 0.723426171903342,
        "micro_recall": 0.72544080604534,
        "recall_per_class": {
            "Instrument_-_Male_Lead_Vocals": 0.8125,
            "Song-Texture_Electric": 0.7468879668049793,
            "NOT-Emotion-Angry-Agressive": 0.7458333333333333,
            "NOT-Emotion-Bizarre-Weird": 0.7123287671232876,
            "Song-Quality": 0.6620370370370371,
            "Song-Texture_Acoustic": 0.6774193548387096,
            "Instrument_-_Drum_Set": 0.7069767441860465
        },
        "macro_f1": 0.6810074246796135,
        "micro_f1": 0.6828689982216953,
        "f1_per_class": {
            "Instrument_-_Male_Lead_Vocals": 0.7647058823529411,
            "Song-Texture_Electric": 0.694980694980695,
            "NOT-Emotion-Angry-Agressive": 0.69921875,
            "NOT-Emotion-Bizarre-Weird": 0.6596194503171248,
            "Song-Quality": 0.6313465783664459,
            "Song-Texture_Acoustic": 0.6475770925110133,
            "Instrument_-_Drum_Set": 0.6696035242290749
        },
        "MSE": 0.2597702145576477,
        "LogLoss": 0.7557045817375183,
        "AUNU": 0.579170823097229,
        "micro_ROC-AUC": 0.5862639546394348,
        "AUNP": 0.5788122415542603,
        "ROC-AUC_per_class_vs_rest": {
            "Instrument_-_Male_Lead_Vocals": 0.6624045801526718,
            "Song-Texture_Electric": 0.47807213533354614,
            "NOT-Emotion-Angry-Agressive": 0.5828562340966921,
            "NOT-Emotion-Bizarre-Weird": 0.5459925498678202,
            "Song-Quality": 0.5878434886499403,
            "Song-Texture_Acoustic": 0.5842659644502963,
            "Instrument_-_Drum_Set": 0.6127608825283245
        }
    }
}