{
    "classification type": "multiclass",
    "class balance": "imbalanced",
    "dataset name": "ag-news_imbalanced",
    "class names": [
        0,
        1,
        2,
        3
    ],
    "model name": "decision_tree",
    "index": 2,
    "cv fold": 4,
    "fold info": {
        "train distribution": 3676,
        "test distribution": 918,
        "train distribution pct": 93.53689567430025,
        "test distribution pct": 93.48268839103869
    },
    "metrics": {
        "macro_accuracy": 0.9009822607040405,
        "micro_accuracy": 0.9009822607040405,
        "accuracy_per_class": {
            "0": 0.860850989818573,
            "1": 0.9143933057785034,
            "2": 0.9026618599891663,
            "3": 0.926023006439209
        },
        "macro_precision": 0.766428530216217,
        "micro_precision": 0.8019645810127258,
        "precision_per_class": {
            "0": 0.8293159604072571,
            "1": 0.8460872769355774,
            "2": 0.6753475666046143,
            "3": 0.7149632573127747
        },
        "macro_recall": 0.7453128099441528,
        "micro_recall": 0.8019645810127258,
        "recall_per_class": {
            "0": 0.8679545521736145,
            "1": 0.8603873252868652,
            "2": 0.6141381859779358,
            "3": 0.6387711763381958
        },
        "macro_f1": 0.7548465132713318,
        "micro_f1": 0.8019645810127258,
        "f1_per_class": {
            "0": 0.8481954336166382,
            "1": 0.8531773686408997,
            "2": 0.643290102481842,
            "3": 0.6747230887413025
        },
        "Kappa": 0.7060075998306274,
        "MSE": 0.08660194277763367,
        "LogLoss": 2.465803623199463,
        "AUNU": 0.8463115692138672,
        "micro_ROC-AUC": 0.8728492856025696,
        "AUNP": 0.8602825999259949,
        "AU1U": 0.8393121349639806,
        "AU1P": 0.8483477065889624,
        "ROC-AUC_per_class_vs_rest": {
            "0": 0.8659962914718257,
            "1": 0.8967737751681912,
            "2": 0.8021129769626653,
            "3": 0.8203632356920447
        }
    }
}