{
    "classification type": "multilabel",
    "class balance": "imbalanced",
    "dataset name": "yelp_imbalanced",
    "class names": [
        "IsFoodGood",
        "IsAmbianceGood",
        "IsServiceGood",
        "IsPriceGood"
    ],
    "model name": "knn",
    "index": 4,
    "cv fold": 0,
    "fold info": {
        "train distribution": [
            3769,
            1420,
            2114,
            1032
        ],
        "test distribution": [
            942,
            355,
            528,
            258
        ],
        "train distribution pct": [
            99.81461864406779,
            37.60593220338983,
            55.98516949152542,
            27.33050847457627
        ],
        "test distribution pct": [
            100.0,
            37.68577494692145,
            56.05095541401274,
            27.388535031847134
        ]
    },
    "metrics": {
        "macro_accuracy": 0.7743227280755983,
        "micro_accuracy": 0.7743227280755983,
        "accuracy_per_class": {
            "IsFoodGood": 0.9981232888810386,
            "IsAmbianceGood": 0.6721385675174424,
            "IsServiceGood": 0.6711450145721098,
            "IsPriceGood": 0.7558840413318025
        },
        "macro_precision": 0.725123756075013,
        "micro_precision": 0.8351300799183812,
        "precision_per_class": {
            "IsFoodGood": 0.9985311495687322,
            "IsAmbianceGood": 0.5948884557071692,
            "IsServiceGood": 0.7208125039549452,
            "IsPriceGood": 0.5862629150692052
        },
        "macro_recall": 0.6101232705809814,
        "micro_recall": 0.7366179227596551,
        "recall_per_class": {
            "IsFoodGood": 0.9995909387403125,
            "IsAmbianceGood": 0.40296361502347416,
            "IsServiceGood": 0.6736781926428261,
            "IsPriceGood": 0.36426033591731266
        },
        "macro_f1": 0.6563286764486947,
        "micro_f1": 0.7827867872654102,
        "f1_per_class": {
            "IsFoodGood": 0.9990607631023547,
            "IsAmbianceGood": 0.480468818332896,
            "IsServiceGood": 0.6964487695521475,
            "IsPriceGood": 0.44933635480738104
        },
        "MSE": 0.17874285578727722,
        "LogLoss": 7.893891334533691,
        "AUNU": 0.6276030540466309,
        "micro_ROC-AUC": 0.8138054609298706,
        "AUNP": 0.5952245593070984,
        "ROC-AUC_per_class_vs_rest": {
            "IsFoodGood": 0.5013960535106327,
            "IsAmbianceGood": 0.641901137633947,
            "IsServiceGood": 0.6923232172987911,
            "IsPriceGood": 0.6747918931270376
        }
    }
}