{
    "classification type": "multiclass",
    "class balance": "balanced",
    "dataset name": "irish-times_balanced",
    "class names": [
        0,
        1,
        8,
        5,
        4,
        12,
        7,
        14,
        15,
        9,
        16,
        13,
        18,
        2,
        6,
        11,
        17,
        3,
        10,
        19
    ],
    "model name": "decision_tree",
    "index": 3,
    "cv fold": 4,
    "fold info": {
        "train distribution": 120840,
        "test distribution": 30210,
        "train distribution pct": 950.0,
        "test distribution pct": 950.0
    },
    "metrics": {
        "macro_accuracy": 0.9459854364395142,
        "micro_accuracy": 0.9459853172302246,
        "accuracy_per_class": {
            "0": 0.9036128520965576,
            "1": 0.9243605732917786,
            "8": 0.9512648582458496,
            "5": 0.9222921133041382,
            "4": 0.9380573034286499,
            "12": 0.9502166509628296,
            "7": 0.9429769515991211,
            "14": 0.9702655673027039,
            "15": 0.9612299203872681,
            "9": 0.954150915145874,
            "16": 0.9556184411048889,
            "13": 0.969028651714325,
            "18": 0.9527463316917419,
            "2": 0.9570370316505432,
            "6": 0.9471348524093628,
            "11": 0.9587351679801941,
            "17": 0.9445632696151733,
            "3": 0.9379105567932129,
            "10": 0.9558979868888855,
            "19": 0.9226065874099731
        },
        "macro_precision": 0.47324228286743164,
        "micro_precision": 0.45985326170921326,
        "precision_per_class": {
            "0": 0.14736506342887878,
            "1": 0.26686999201774597,
            "8": 0.5145803093910217,
            "5": 0.36768338084220886,
            "4": 0.36867988109588623,
            "12": 0.5029870867729187,
            "7": 0.43570056557655334,
            "14": 0.7225291728973389,
            "15": 0.6071761846542358,
            "9": 0.5468602180480957,
            "16": 0.5591524243354797,
            "13": 0.7020329236984253,
            "18": 0.530698299407959,
            "2": 0.5780740976333618,
            "6": 0.47130459547042847,
            "11": 0.598085343837738,
            "17": 0.43585091829299927,
            "3": 0.3656832277774811,
            "10": 0.5669628977775574,
            "19": 0.1765676587820053
        },
        "macro_recall": 0.45985332131385803,
        "micro_recall": 0.45985326170921326,
        "recall_per_class": {
            "0": 0.19385045766830444,
            "1": 0.2935010492801666,
            "8": 0.44640111923217773,
            "5": 0.7699511051177979,
            "4": 0.33529001474380493,
            "12": 0.36477985978126526,
            "7": 0.47589099407196045,
            "14": 0.6580014228820801,
            "15": 0.6361984610557556,
            "9": 0.48441648483276367,
            "16": 0.5310971140861511,
            "13": 0.6612159609794617,
            "18": 0.4747729003429413,
            "2": 0.5210342407226562,
            "6": 0.47058001160621643,
            "11": 0.5326344966888428,
            "17": 0.3693920373916626,
            "3": 0.32914045453071594,
            "10": 0.49937108159065247,
            "19": 0.14954577386379242
        },
        "macro_f1": 0.46121636033058167,
        "micro_f1": 0.45985326170921326,
        "f1_per_class": {
            "0": 0.16744129359722137,
            "1": 0.27955272793769836,
            "8": 0.4780721366405487,
            "5": 0.49769628047943115,
            "4": 0.3511931002140045,
            "12": 0.4228775203227997,
            "7": 0.4549098312854767,
            "14": 0.6887572407722473,
            "15": 0.6213486194610596,
            "9": 0.5137478709220886,
            "16": 0.5447638034820557,
            "13": 0.6810134053230286,
            "18": 0.5011802911758423,
            "2": 0.5480740666389465,
            "6": 0.47094202041625977,
            "11": 0.5634656548500061,
            "17": 0.39987894892692566,
            "3": 0.34645089507102966,
            "10": 0.5310247540473938,
            "19": 0.1619371920824051
        },
        "Kappa": 0.43142446875572205,
        "MSE": 0.04231887310743332,
        "LogLoss": 6.252372741699219,
        "AUNU": 0.7516983151435852,
        "micro_ROC-AUC": 0.7553425431251526,
        "AUNP": 0.7516983151435852,
        "AU1U": 0.7516983413386106,
        "AU1P": 0.7516983413386109,
        "ROC-AUC_per_class_vs_rest": {
            "0": 0.639098364660617,
            "1": 0.7019707326556587,
            "8": 0.7410791683928782,
            "5": 0.8913507443392794,
            "4": 0.7078699207779156,
            "12": 0.7150938821268179,
            "7": 0.7443195460284364,
            "14": 0.8321748613806932,
            "15": 0.8231593350776261,
            "9": 0.7492945766517418,
            "16": 0.7628135134705147,
            "13": 0.8207365482284514,
            "18": 0.7839663859826982,
            "2": 0.7889886419979263,
            "6": 0.7777512522727326,
            "11": 0.7707555191409441,
            "17": 0.7005234698056225,
            "3": 0.6853211102786229,
            "10": 0.7591292235249801,
            "19": 0.6385700299780563
        }
    }
}