{
    "classification type": "multiclass",
    "class balance": "balanced",
    "dataset name": "volkert_balanced",
    "class names": [
        8,
        6,
        1,
        3,
        4,
        9,
        0,
        5,
        2,
        7
    ],
    "model name": "knn",
    "index": 4,
    "cv fold": 3,
    "fold info": {
        "train distribution": 35583,
        "test distribution": 8888,
        "train distribution pct": 450.1897773279352,
        "test distribution pct": 449.7975708502024
    },
    "metrics": {
        "macro_accuracy": 0.904127299785614,
        "micro_accuracy": 0.904127299785614,
        "accuracy_per_class": {
            "8": 0.8664222955703735,
            "6": 0.9156136512756348,
            "1": 0.8781949281692505,
            "3": 0.8905553221702576,
            "4": 0.8983611464500427,
            "9": 0.8714830279350281,
            "0": 0.9273708462715149,
            "5": 0.9514527916908264,
            "2": 0.9298194646835327,
            "7": 0.911999523639679
        },
        "macro_precision": 0.5141410231590271,
        "micro_precision": 0.5206364989280701,
        "precision_per_class": {
            "8": 0.3198002874851227,
            "6": 0.5762935280799866,
            "1": 0.3958997428417206,
            "3": 0.4238821268081665,
            "4": 0.4922657907009125,
            "9": 0.33948269486427307,
            "0": 0.6426682472229004,
            "5": 0.742278516292572,
            "2": 0.6467161178588867,
            "7": 0.5621230006217957
        },
        "macro_recall": 0.5204930305480957,
        "micro_recall": 0.5206364989280701,
        "recall_per_class": {
            "8": 0.29797565937042236,
            "6": 0.6744787693023682,
            "1": 0.41219425201416016,
            "3": 0.45302486419677734,
            "4": 0.4891737401485443,
            "9": 0.2667231261730194,
            "0": 0.6197836995124817,
            "5": 0.7866509556770325,
            "2": 0.6619101166725159,
            "7": 0.5430148839950562
        },
        "macro_f1": 0.5162806510925293,
        "micro_f1": 0.5206364989280701,
        "f1_per_class": {
            "8": 0.3085024654865265,
            "6": 0.6215323805809021,
            "1": 0.4038827121257782,
            "3": 0.43796923756599426,
            "4": 0.4907148778438568,
            "9": 0.29873642325401306,
            "0": 0.6310185194015503,
            "5": 0.7638208270072937,
            "2": 0.6542249321937561,
            "7": 0.5524037480354309
        },
        "Kappa": 0.467373788356781,
        "MSE": 0.07358022779226303,
        "LogLoss": 4.625129222869873,
        "AUNU": 0.8014951944351196,
        "micro_ROC-AUC": 0.8071215152740479,
        "AUNP": 0.8015517592430115,
        "AU1U": 0.8014581795899389,
        "AU1P": 0.8015016691483021,
        "ROC-AUC_per_class_vs_rest": {
            "8": 0.6826030430039777,
            "6": 0.8620657624589234,
            "1": 0.7594148993732528,
            "3": 0.7695455697410732,
            "4": 0.7929155591509912,
            "9": 0.6881114492572155,
            "0": 0.8551572032269004,
            "5": 0.9182740229733232,
            "2": 0.8670332764088142,
            "7": 0.8198311533808986
        }
    }
}