{
    "classification type": "multiclass",
    "class balance": "balanced",
    "dataset name": "nyt-comments-april17_balanced",
    "class names": [
        0,
        1,
        2,
        3,
        4,
        5
    ],
    "model name": "random_forest",
    "index": 3,
    "cv fold": 3,
    "fold info": {
        "train distribution": 15707,
        "test distribution": 3925,
        "train distribution pct": 250.63028562310515,
        "test distribution pct": 250.63856960408683
    },
    "metrics": {
        "macro_accuracy": 0.8420539498329163,
        "micro_accuracy": 0.8420539498329163,
        "accuracy_per_class": {
            "0": 0.8330743312835693,
            "1": 0.883510947227478,
            "2": 0.8217417597770691,
            "3": 0.8293368816375732,
            "4": 0.8822435736656189,
            "5": 0.8024163842201233
        },
        "macro_precision": 0.5203578472137451,
        "micro_precision": 0.5261619091033936,
        "precision_per_class": {
            "0": 0.5062028765678406,
            "1": 0.6366574764251709,
            "2": 0.41904571652412415,
            "3": 0.4946467876434326,
            "4": 0.6521187424659729,
            "5": 0.41347548365592957
        },
        "macro_recall": 0.5242043137550354,
        "micro_recall": 0.5261619091033936,
        "recall_per_class": {
            "0": 0.47825610637664795,
            "1": 0.7227912545204163,
            "2": 0.37401995062828064,
            "3": 0.5166081786155701,
            "4": 0.6478649377822876,
            "5": 0.4056851863861084
        },
        "macro_f1": 0.5215000510215759,
        "micro_f1": 0.5261619091033936,
        "f1_per_class": {
            "0": 0.49183282256126404,
            "1": 0.6769956946372986,
            "2": 0.3952546715736389,
            "3": 0.5053890347480774,
            "4": 0.6499848961830139,
            "5": 0.40954330563545227
        },
        "Kappa": 0.4311470687389374,
        "MSE": 0.1252918690443039,
        "LogLoss": 4.885352611541748,
        "AUNU": 0.7445862889289856,
        "micro_ROC-AUC": 0.7483064532279968,
        "AUNP": 0.7452212572097778,
        "AU1U": 0.7443125587162915,
        "AU1P": 0.7447015565288431,
        "ROC-AUC_per_class_vs_rest": {
            "0": 0.714334035828335,
            "1": 0.8358975617067651,
            "2": 0.6957615794468371,
            "3": 0.727219875705273,
            "4": 0.8074038067838089,
            "5": 0.6869009818993549
        }
    }
}