{
    "classification type": "multiclass",
    "class balance": "imbalanced",
    "dataset name": "usps_imbalanced",
    "class names": [
        4,
        3,
        0,
        2,
        1,
        5
    ],
    "model name": "random_forest",
    "index": 1,
    "cv fold": 4,
    "fold info": {
        "train distribution": 3191,
        "test distribution": 798,
        "train distribution pct": 187.48531139835487,
        "test distribution pct": 187.76470588235296
    },
    "metrics": {
        "macro_accuracy": 0.9746773838996887,
        "micro_accuracy": 0.9746774435043335,
        "accuracy_per_class": {
            "4": 0.9710077047348022,
            "3": 0.9903228282928467,
            "0": 0.9684610366821289,
            "2": 0.9647390842437744,
            "1": 0.9745729565620422,
            "5": 0.9789609909057617
        },
        "macro_precision": 0.9001999497413635,
        "micro_precision": 0.9240322709083557,
        "precision_per_class": {
            "4": 0.9469361305236816,
            "3": 0.9687004089355469,
            "0": 0.8949660062789917,
            "2": 0.8993551135063171,
            "1": 0.9242802262306213,
            "5": 0.7669616341590881
        },
        "macro_recall": 0.8937966227531433,
        "micro_recall": 0.9240322709083557,
        "recall_per_class": {
            "4": 0.9561611413955688,
            "3": 0.9751141667366028,
            "0": 0.887001097202301,
            "2": 0.894001841545105,
            "1": 0.9282786846160889,
            "5": 0.7222222089767456
        },
        "macro_f1": 0.8968756794929504,
        "micro_f1": 0.9240322709083557,
        "f1_per_class": {
            "4": 0.9515262842178345,
            "3": 0.9718967080116272,
            "0": 0.8909657597541809,
            "2": 0.8966705203056335,
            "1": 0.9262751340866089,
            "5": 0.7439199090003967
        },
        "Kappa": 0.9049779772758484,
        "MSE": 0.02428910695016384,
        "LogLoss": 1.14279043674469,
        "AUNU": 0.9397147297859192,
        "micro_ROC-AUC": 0.9540719985961914,
        "AUNP": 0.9529039263725281,
        "AU1U": 0.9362732749905486,
        "AU1P": 0.943231485798804,
        "ROC-AUC_per_class_vs_rest": {
            "4": 0.9653002662161135,
            "3": 0.9866109074629804,
            "0": 0.9311775197206883,
            "2": 0.9346319586854187,
            "1": 0.9561144977514915,
            "5": 0.8644530847530562
        }
    }
}