{
    "classification type": "multilabel",
    "class balance": "imbalanced",
    "dataset name": "mediamill_imbalanced",
    "class names": [
        "Class3",
        "Class12",
        "Class17",
        "Class44",
        "Class55",
        "Class57",
        "Class58",
        "Class76",
        "Class79",
        "Class94",
        "Class96",
        "Class97"
    ],
    "model name": "decision_tree",
    "index": 0,
    "cv fold": 1,
    "fold info": {
        "train distribution": [
            80,
            2651,
            1109,
            2133,
            145,
            64,
            882,
            2234,
            3847,
            3830,
            1762,
            2136
        ],
        "test distribution": [
            20,
            663,
            277,
            533,
            36,
            16,
            221,
            559,
            961,
            957,
            440,
            534
        ],
        "train distribution pct": [
            0.801844241756039,
            26.57111356119074,
            11.115565801343088,
            21.379172095820387,
            1.4533426881828204,
            0.6414753934048312,
            8.840332765360328,
            22.391500451037384,
            38.55868497544352,
            38.38829307407036,
            17.660619424676756,
            21.40924125488624
        ],
        "test distribution pct": [
            0.7867820613690008,
            26.081825334382376,
            10.89693154996066,
            20.967741935483872,
            1.4162077104642015,
            0.6294256490952006,
            8.69394177812746,
            21.990558615263573,
            37.80487804878049,
            37.64752163650669,
            17.309205350118017,
            21.00708103855232
        ]
    },
    "metrics": {
        "macro_accuracy": 0.8469405103338162,
        "micro_accuracy": 0.8469405103338162,
        "accuracy_per_class": {
            "Class3": 0.9934951657254368,
            "Class12": 0.7447887407232193,
            "Class17": 0.8902161379024867,
            "Class44": 0.8244877443008781,
            "Class55": 0.9841962094556637,
            "Class57": 0.9930960054404069,
            "Class58": 0.9094645338694893,
            "Class76": 0.7724195026758522,
            "Class79": 0.7653676709736554,
            "Class94": 0.657816149729458,
            "Class96": 0.8260252505839567,
            "Class97": 0.801913012625292
        },
        "macro_precision": 0.48662151028928174,
        "micro_precision": 0.615001934663645,
        "precision_per_class": {
            "Class3": 0.7232142857142857,
            "Class12": 0.5460631640227042,
            "Class17": 0.5183080808080808,
            "Class44": 0.63454157782516,
            "Class55": 0.08181818181818182,
            "Class57": 0.02702702702702703,
            "Class58": 0.43034825870646765,
            "Class76": 0.4642365887207703,
            "Class79": 0.7296559257236482,
            "Class94": 0.5781710914454278,
            "Class96": 0.5168601437258153,
            "Class97": 0.5892137979338119
        },
        "macro_recall": 0.22171681388893413,
        "micro_recall": 0.31589332992625085,
        "recall_per_class": {
            "Class3": 0.3,
            "Class12": 0.2096557890031292,
            "Class17": 0.10970069481560663,
            "Class44": 0.4134481800500139,
            "Class55": 0.009211873080859774,
            "Class57": 0.0023148148148148147,
            "Class58": 0.0871390194761585,
            "Class76": 0.1342660124651903,
            "Class79": 0.6174941262565959,
            "Class94": 0.3867074161476266,
            "Class96": 0.15727502102607233,
            "Class97": 0.23338881953114163
        },
        "macro_f1": 0.2908933896331025,
        "micro_f1": 0.4173939140996122,
        "f1_per_class": {
            "Class3": 0.42408376963350786,
            "Class12": 0.3029838091008196,
            "Class17": 0.18107631230701368,
            "Class44": 0.5006729475100942,
            "Class55": 0.01655933762649494,
            "Class57": 0.0042643923240938165,
            "Class58": 0.1449315833566043,
            "Class76": 0.20829047521086197,
            "Class79": 0.6689058099509753,
            "Class94": 0.4634429041680189,
            "Class96": 0.24116584988393086,
            "Class97": 0.33434348452481494
        },
        "MSE": 0.11278582364320755,
        "LogLoss": 1.792269229888916,
        "AUNU": 0.7529640793800354,
        "micro_ROC-AUC": 0.8219537734985352,
        "AUNP": 0.7375513911247253,
        "ROC-AUC_per_class_vs_rest": {
            "Class3": 0.906688021662985,
            "Class12": 0.6935625006773345,
            "Class17": 0.735020145773621,
            "Class44": 0.8169864103427964,
            "Class55": 0.7673947503754125,
            "Class57": 0.7053437574049277,
            "Class58": 0.7723667430103285,
            "Class76": 0.6958624953248977,
            "Class79": 0.8038419289062105,
            "Class94": 0.6760579573705484,
            "Class96": 0.7263218374210625,
            "Class97": 0.7361225806025532
        }
    }
}