{
    "classification type": "multiclass",
    "class balance": "imbalanced",
    "dataset name": "gas-drift_imbalanced",
    "class names": [
        3,
        2,
        0,
        4,
        1
    ],
    "model name": "random_forest",
    "index": 3,
    "cv fold": 0,
    "fold info": {
        "train distribution": 3144,
        "test distribution": 789,
        "train distribution pct": 242.5925925925926,
        "test distribution pct": 243.5185185185185
    },
    "metrics": {
        "macro_accuracy": 0.9938646554946899,
        "micro_accuracy": 0.9938645958900452,
        "accuracy_per_class": {
            "3": 0.9988776445388794,
            "2": 0.9948092103004456,
            "0": 0.9891975522041321,
            "4": 0.9897119402885437,
            "1": 0.9967265129089355
        },
        "macro_precision": 0.9859865307807922,
        "micro_precision": 0.9846614003181458,
        "precision_per_class": {
            "3": 0.99388587474823,
            "2": 0.9835221171379089,
            "0": 0.9790307283401489,
            "4": 0.9837387204170227,
            "1": 0.9897555112838745
        },
        "macro_recall": 0.9851616024971008,
        "micro_recall": 0.9846614003181458,
        "recall_per_class": {
            "3": 0.989851176738739,
            "2": 0.9878458976745605,
            "0": 0.9675339460372925,
            "4": 0.9866558909416199,
            "1": 0.9939209818840027
        },
        "macro_f1": 0.9855642318725586,
        "micro_f1": 0.9846614003181458,
        "f1_per_class": {
            "3": 0.9918643832206726,
            "2": 0.9856792688369751,
            "0": 0.9732484221458435,
            "4": 0.9851951599121094,
            "1": 0.9918338656425476
        },
        "Kappa": 0.97983717918396,
        "MSE": 0.006095417775213718,
        "LogLoss": 0.2447146773338318,
        "AUNU": 0.9904143214225769,
        "micro_ROC-AUC": 0.9905526041984558,
        "AUNP": 0.9899224042892456,
        "AU1U": 0.9905470425166849,
        "AU1P": 0.9903219049807213,
        "ROC-AUC_per_class_vs_rest": {
            "3": 0.9940126918574131,
            "2": 0.9892095807214594,
            "0": 0.9835458732939235,
            "4": 0.9902587954684432,
            "1": 0.9950448113381292
        }
    }
}