{
    "classification type": "multiclass",
    "class balance": "balanced",
    "dataset name": "stocks_balanced",
    "class names": [
        0,
        1,
        2,
        3,
        4,
        5,
        6,
        7,
        8,
        9,
        10,
        11,
        12,
        13,
        14,
        15,
        16,
        17,
        18,
        19
    ],
    "model name": "random_forest",
    "index": 1,
    "cv fold": 4,
    "fold info": {
        "train distribution": 111720,
        "test distribution": 27930,
        "train distribution pct": 950.0,
        "test distribution pct": 950.0
    },
    "metrics": {
        "macro_accuracy": 0.9136677980422974,
        "micro_accuracy": 0.9136677980422974,
        "accuracy_per_class": {
            "0": 0.9503684639930725,
            "1": 0.9508843421936035,
            "2": 0.950204074382782,
            "3": 0.43742629885673523,
            "4": 0.9583389759063721,
            "5": 0.9510204195976257,
            "6": 0.9605045318603516,
            "7": 0.9497959017753601,
            "8": 0.9501360654830933,
            "9": 0.9507086277008057,
            "10": 0.9499602913856506,
            "11": 0.956366240978241,
            "12": 0.9682652950286865,
            "13": 0.9503968358039856,
            "14": 0.9531745910644531,
            "15": 0.9505442380905151,
            "16": 0.9554081559181213,
            "17": 0.9497959017753601,
            "18": 0.9778514504432678,
            "19": 0.652205228805542
        },
        "macro_precision": 0.6809560060501099,
        "micro_precision": 0.13667801022529602,
        "precision_per_class": {
            "0": 0.6836158037185669,
            "1": 0.8095238208770752,
            "2": 0.800000011920929,
            "3": 0.05495068058371544,
            "4": 0.9816634058952332,
            "5": 0.9411764740943909,
            "6": 0.9962506890296936,
            "7": 0.0,
            "8": 1.0,
            "9": 0.7962085604667664,
            "10": 0.0,
            "11": 0.9263477325439453,
            "12": 0.9878861308097839,
            "13": 0.8571428656578064,
            "14": 0.9697986841201782,
            "15": 0.7857142686843872,
            "16": 0.9779559373855591,
            "17": 0.0,
            "18": 0.9961624145507812,
            "19": 0.05472392216324806
        },
        "macro_recall": 0.13667801022529602,
        "micro_recall": 0.13667801022529602,
        "recall_per_class": {
            "0": 0.013718821108341217,
            "1": 0.02312925085425377,
            "2": 0.005442176945507526,
            "3": 0.6328797936439514,
            "4": 0.16995464265346527,
            "5": 0.021768707782030106,
            "6": 0.21088434755802155,
            "7": 0.0,
            "8": 0.002721088472753763,
            "9": 0.01904761977493763,
            "10": 0.0,
            "11": 0.13832199573516846,
            "12": 0.3698412775993347,
            "13": 0.009523809887468815,
            "14": 0.0655328780412674,
            "15": 0.014965986832976341,
            "16": 0.11065759509801865,
            "17": 0.0,
            "18": 0.559183657169342,
            "19": 0.3659864068031311
        },
        "macro_f1": 0.14335086941719055,
        "micro_f1": 0.13667801022529602,
        "f1_per_class": {
            "0": 0.0268978551030159,
            "1": 0.04497354477643967,
            "2": 0.010810811072587967,
            "3": 0.10112135857343674,
            "4": 0.2897458076477051,
            "5": 0.042553190141916275,
            "6": 0.3480864465236664,
            "7": 0.0,
            "8": 0.0054274084977805614,
            "9": 0.037205182015895844,
            "10": 0.0,
            "11": 0.24070237576961517,
            "12": 0.538195013999939,
            "13": 0.0188383050262928,
            "14": 0.12276975065469742,
            "15": 0.029372496530413628,
            "16": 0.19881848990917206,
            "17": 0.0,
            "18": 0.7162878513336182,
            "19": 0.09521140903234482
        },
        "Kappa": 0.09124001860618591,
        "MSE": 0.04349756985902786,
        "LogLoss": 2.750356674194336,
        "AUNU": 0.5803336501121521,
        "micro_ROC-AUC": 0.6124148368835449,
        "AUNP": 0.5803336501121521,
        "AU1U": 0.5803336600463473,
        "AU1P": 0.5803336600463475,
        "ROC-AUC_per_class_vs_rest": {
            "0": 0.5471424150079334,
            "1": 0.5538297023467859,
            "2": 0.5487244989295396,
            "3": 0.5466457824725943,
            "4": 0.6113466296531741,
            "5": 0.553086558110534,
            "6": 0.6308249219447496,
            "7": 0.540363908840777,
            "8": 0.5446874999154294,
            "9": 0.5508853743390978,
            "10": 0.5462037916570933,
            "11": 0.5991814989909715,
            "12": 0.703009394233884,
            "13": 0.5487870442762776,
            "14": 0.5700347053926795,
            "15": 0.5499229240767397,
            "16": 0.5866935580772469,
            "17": 0.5430341209762339,
            "18": 0.7863338256693456,
            "19": 0.5459350460158603
        }
    }
}