{
    "classification type": "multilabel",
    "class balance": "balanced",
    "dataset name": "yeast_trimmed",
    "class names": [
        "Class13",
        "Class12",
        "Class2",
        "Class3",
        "Class7",
        "Class6",
        "Class1",
        "Class5",
        "Class8",
        "Class4"
    ],
    "model name": "logistic_regression",
    "index": 1,
    "cv fold": 2,
    "fold info": {
        "train distribution": [
            164,
            164,
            163,
            162,
            159,
            149,
            145,
            144,
            144,
            143
        ],
        "test distribution": [
            41,
            41,
            41,
            41,
            38,
            38,
            37,
            36,
            35,
            35
        ],
        "train distribution pct": [
            36.771300448430495,
            36.771300448430495,
            36.54708520179372,
            36.32286995515695,
            35.65022421524663,
            33.408071748878925,
            32.511210762331835,
            32.28699551569507,
            32.28699551569507,
            32.062780269058294
        ],
        "test distribution pct": [
            37.27272727272727,
            37.27272727272727,
            37.27272727272727,
            37.27272727272727,
            34.54545454545455,
            34.54545454545455,
            33.63636363636363,
            32.72727272727273,
            31.818181818181817,
            31.818181818181817
        ]
    },
    "metrics": {
        "macro_accuracy": 0.6522522522522523,
        "micro_accuracy": 0.6522522522522523,
        "accuracy_per_class": {
            "Class13": 0.6216216216216216,
            "Class12": 0.6216216216216216,
            "Class2": 0.5945945945945946,
            "Class3": 0.6936936936936937,
            "Class7": 0.6216216216216216,
            "Class6": 0.6745495495495496,
            "Class1": 0.7308558558558559,
            "Class5": 0.6711711711711712,
            "Class8": 0.6193693693693694,
            "Class4": 0.6734234234234234
        },
        "macro_precision": 0.49473658930575626,
        "micro_precision": 0.49708029197080295,
        "precision_per_class": {
            "Class13": 0.4861111111111111,
            "Class12": 0.4861111111111111,
            "Class2": 0.43911439114391143,
            "Class3": 0.5892255892255892,
            "Class7": 0.46236559139784944,
            "Class6": 0.5201465201465202,
            "Class1": 0.5898305084745763,
            "Class5": 0.49166666666666664,
            "Class8": 0.3944223107569721,
            "Class4": 0.4883720930232558
        },
        "macro_recall": 0.4435534617057476,
        "micro_recall": 0.443359375,
        "recall_per_class": {
            "Class13": 0.4268292682926829,
            "Class12": 0.4268292682926829,
            "Class2": 0.363914373088685,
            "Class3": 0.5384615384615384,
            "Class7": 0.4095238095238095,
            "Class6": 0.47333333333333333,
            "Class1": 0.5958904109589042,
            "Class5": 0.4097222222222222,
            "Class8": 0.3473684210526316,
            "Class4": 0.44366197183098594
        },
        "macro_f1": 0.4673927923293313,
        "micro_f1": 0.4686854783207158,
        "f1_per_class": {
            "Class13": 0.45454545454545453,
            "Class12": 0.45454545454545453,
            "Class2": 0.3979933110367893,
            "Class3": 0.5627009646302251,
            "Class7": 0.43434343434343436,
            "Class6": 0.4956369982547993,
            "Class1": 0.5928449744463373,
            "Class5": 0.44696969696969696,
            "Class8": 0.3694029850746269,
            "Class4": 0.46494464944649444
        },
        "MSE": 0.2469586879014969,
        "LogLoss": 0.782752513885498,
        "AUNU": 0.6473162770271301,
        "micro_ROC-AUC": 0.6522620320320129,
        "AUNP": 0.6461827158927917,
        "ROC-AUC_per_class_vs_rest": {
            "Class13": 0.6057273519163763,
            "Class12": 0.6057273519163763,
            "Class2": 0.5808707692139964,
            "Class3": 0.7311763902172427,
            "Class7": 0.6071747139809966,
            "Class6": 0.6576530612244897,
            "Class1": 0.7465351199779351,
            "Class5": 0.63359375,
            "Class8": 0.5837653836082743,
            "Class4": 0.720939044865218
        }
    }
}