{
    "classification type": "binary",
    "class balance": "balanced",
    "dataset name": "philippine_balanced",
    "class names": [
        0,
        1
    ],
    "model name": "logistic_regression",
    "index": 1,
    "cv fold": 3,
    "fold info": {
        "train distribution": 882,
        "test distribution": 221,
        "train distribution pct": 49.97167138810198,
        "test distribution pct": 50.11337868480725
    },
    "metrics": {
        "macro_accuracy": 0.697557270526886,
        "micro_accuracy": 0.697557270526886,
        "accuracy_per_class": {
            "0": 0.697557270526886,
            "1": 0.697557270526886
        },
        "macro_precision": 0.6976114511489868,
        "micro_precision": 0.697557270526886,
        "precision_per_class": {
            "0": 0.6944031715393066,
            "1": 0.7008196711540222
        },
        "macro_recall": 0.6975551843643188,
        "micro_recall": 0.697557270526886,
        "recall_per_class": {
            "0": 0.7059416174888611,
            "1": 0.6891687512397766
        },
        "macro_f1": 0.6975351572036743,
        "micro_f1": 0.697557270526886,
        "f1_per_class": {
            "0": 0.7001248598098755,
            "1": 0.6949453949928284
        },
        "MSE": 0.20363038778305054,
        "LogLoss": 0.6713926196098328,
        "AUNU": 0.7711910605430603,
        "micro_ROC-AUC": 0.7711910605430603
    }
}