{
    "classification type": "binary",
    "class balance": "imbalanced",
    "dataset name": "santander-customer-satisfaction_imbalanced",
    "class names": [
        0,
        1
    ],
    "model name": "knn",
    "index": 2,
    "cv fold": 4,
    "fold info": {
        "train distribution": 318,
        "test distribution": 80,
        "train distribution pct": 0.8585313174946004,
        "test distribution pct": 0.8639308855291578
    },
    "metrics": {
        "macro_accuracy": 0.9884101152420044,
        "micro_accuracy": 0.9884101152420044,
        "accuracy_per_class": {
            "0": 0.9884101152420044,
            "1": 0.9884101152420044
        },
        "macro_precision": 0.5127394795417786,
        "micro_precision": 0.9884101152420044,
        "precision_per_class": {
            "0": 0.9914857149124146,
            "1": 0.033993277698755264
        },
        "macro_recall": 0.5047862529754639,
        "micro_recall": 0.9884101152420044,
        "recall_per_class": {
            "0": 0.9968701601028442,
            "1": 0.012702400796115398
        },
        "macro_f1": 0.5063323378562927,
        "micro_f1": 0.9884101152420044,
        "f1_per_class": {
            "0": 0.9941706657409668,
            "1": 0.018494054675102234
        },
        "MSE": 0.011572535149753094,
        "LogLoss": 0.7606136202812195,
        "AUNU": 0.5874708294868469,
        "micro_ROC-AUC": 0.5874708294868469
    }
}