{
    "classification type": "multiclass",
    "class balance": "imbalanced",
    "dataset name": "gas-drift_imbalanced",
    "class names": [
        3,
        2,
        0,
        4,
        1
    ],
    "model name": "logistic_regression",
    "index": 0,
    "cv fold": 3,
    "fold info": {
        "train distribution": 3146,
        "test distribution": 787,
        "train distribution pct": 242.7469135802469,
        "test distribution pct": 242.9012345679012
    },
    "metrics": {
        "macro_accuracy": 0.9962962865829468,
        "micro_accuracy": 0.9962962865829468,
        "accuracy_per_class": {
            "3": 0.9984567761421204,
            "2": 1.0,
            "0": 0.9930555820465088,
            "4": 0.9915123581886292,
            "1": 0.9984567761421204
        },
        "macro_precision": 0.9922855496406555,
        "micro_precision": 0.9907407164573669,
        "precision_per_class": {
            "3": 0.9888888597488403,
            "2": 1.0,
            "0": 0.99609375,
            "4": 0.9803063273429871,
            "1": 0.9961389899253845
        },
        "macro_recall": 0.9900330305099487,
        "micro_recall": 0.9907407164573669,
        "recall_per_class": {
            "3": 0.9888888597488403,
            "2": 1.0,
            "0": 0.9695817232131958,
            "4": 0.995555579662323,
            "1": 0.9961389899253845
        },
        "macro_f1": 0.9911117553710938,
        "micro_f1": 0.9907407164573669,
        "f1_per_class": {
            "3": 0.9888888597488403,
            "2": 1.0,
            "0": 0.9826589822769165,
            "4": 0.9878721237182617,
            "1": 0.9961389899253845
        },
        "Kappa": 0.9878186583518982,
        "MSE": 0.0037380389403551817,
        "LogLoss": 0.07675876468420029,
        "AUNU": 0.9973431825637817,
        "micro_ROC-AUC": 0.9972895383834839,
        "AUNP": 0.9967321753501892,
        "AU1U": 0.9975720106197926,
        "AU1P": 0.9972487527710053,
        "ROC-AUC_per_class_vs_rest": {
            "3": 0.9991708126036484,
            "2": 1.0,
            "0": 0.9950640277680644,
            "4": 0.9952101392172314,
            "1": 0.9972708622660407
        }
    }
}