{
    "classification type": "binary",
    "class balance": "balanced",
    "dataset name": "news-sarcasm_balanced",
    "class names": [
        1,
        0
    ],
    "model name": "random_forest",
    "index": 3,
    "cv fold": 3,
    "fold info": {
        "train distribution": 1899,
        "test distribution": 475,
        "train distribution pct": 49.98683864174783,
        "test distribution pct": 50.05268703898841
    },
    "metrics": {
        "macro_accuracy": 0.7611373066902161,
        "micro_accuracy": 0.7611373066902161,
        "accuracy_per_class": {
            "1": 0.7611373066902161,
            "0": 0.7611373066902161
        },
        "macro_precision": 0.7615768909454346,
        "micro_precision": 0.7611373066902161,
        "precision_per_class": {
            "1": 0.772296130657196,
            "0": 0.7508576512336731
        },
        "macro_recall": 0.7611370086669922,
        "micro_recall": 0.7611373066902161,
        "recall_per_class": {
            "1": 0.7406367063522339,
            "0": 0.7816372513771057
        },
        "macro_f1": 0.76103675365448,
        "micro_f1": 0.7611373066902161,
        "f1_per_class": {
            "1": 0.7561351656913757,
            "0": 0.7659383416175842
        },
        "MSE": 0.18719518184661865,
        "LogLoss": 7.563547611236572,
        "AUNU": 0.7967996001243591,
        "micro_ROC-AUC": 0.7967996001243591
    }
}