{
    "classification type": "binary",
    "class balance": "imbalanced",
    "dataset name": "vehicle-sensit_imbalanced",
    "class names": [
        0,
        1
    ],
    "model name": "random_forest",
    "index": 2,
    "cv fold": 2,
    "fold info": {
        "train distribution": 211,
        "test distribution": 53,
        "train distribution pct": 1.9540655676977219,
        "test distribution pct": 1.9629629629629628
    },
    "metrics": {
        "macro_accuracy": 0.9723711609840393,
        "micro_accuracy": 0.9723711609840393,
        "accuracy_per_class": {
            "0": 0.9723711609840393,
            "1": 0.9723711609840393
        },
        "macro_precision": 0.535423755645752,
        "micro_precision": 0.9723711609840393,
        "precision_per_class": {
            "0": 0.9811346530914307,
            "1": 0.08971291780471802
        },
        "macro_recall": 0.517979085445404,
        "micro_recall": 0.9723711609840393,
        "recall_per_class": {
            "0": 0.9908725023269653,
            "1": 0.045085661113262177
        },
        "macro_f1": 0.5229957699775696,
        "micro_f1": 0.9723711609840393,
        "f1_per_class": {
            "0": 0.9859795570373535,
            "1": 0.06001200154423714
        },
        "MSE": 0.02657186985015869,
        "LogLoss": 1.6028858423233032,
        "AUNU": 0.6856838464736938,
        "micro_ROC-AUC": 0.6856838464736938
    }
}