{
    "classification type": "multilabel",
    "class balance": "balanced",
    "dataset name": "stackexcs_trimmed",
    "class names": [
        "tag_algorithms",
        "tag_complexity-theory",
        "tag_formal-languages",
        "tag_graph-theory",
        "tag_terminology",
        "tag_graphs",
        "tag_computability",
        "tag_turing-machines",
        "tag_context-free",
        "tag_regular-languages",
        "tag_automata",
        "tag_formal-grammars",
        "tag_finite-automata"
    ],
    "model name": "knn",
    "index": 1,
    "cv fold": 0,
    "fold info": {
        "train distribution": [
            92,
            90,
            93,
            89,
            85,
            86,
            88,
            94,
            84,
            85,
            93,
            87,
            89
        ],
        "test distribution": [
            24,
            23,
            23,
            23,
            22,
            22,
            22,
            23,
            21,
            22,
            24,
            21,
            22
        ],
        "train distribution pct": [
            14.397496087636933,
            14.084507042253522,
            14.553990610328638,
            13.928012519561817,
            13.302034428794993,
            13.458528951486699,
            13.77151799687011,
            14.710485133020345,
            13.145539906103288,
            13.302034428794993,
            14.553990610328638,
            13.615023474178404,
            13.928012519561817
        ],
        "test distribution pct": [
            15.0,
            14.374999999999998,
            14.374999999999998,
            14.374999999999998,
            13.750000000000002,
            13.750000000000002,
            13.750000000000002,
            14.374999999999998,
            13.125,
            13.750000000000002,
            15.0,
            13.125,
            13.750000000000002
        ]
    },
    "metrics": {
        "macro_accuracy": 0.8770382595390976,
        "micro_accuracy": 0.8770382595390976,
        "accuracy_per_class": {
            "tag_algorithms": 0.8455693373561292,
            "tag_complexity-theory": 0.8678064588222147,
            "tag_formal-languages": 0.8360710693932283,
            "tag_graph-theory": 0.8756285618504861,
            "tag_terminology": 0.8423287518158453,
            "tag_graphs": 0.8750698402056095,
            "tag_computability": 0.8752933288635601,
            "tag_turing-machines": 0.8989831266063247,
            "tag_context-free": 0.9060230193317689,
            "tag_regular-languages": 0.8922784668678064,
            "tag_automata": 0.8699296010727455,
            "tag_formal-grammars": 0.9186501285059783,
            "tag_finite-automata": 0.8978656833165717
        },
        "macro_precision": 0.5697140603132601,
        "micro_precision": 0.5890718562874252,
        "precision_per_class": {
            "tag_algorithms": 0.4369230769230769,
            "tag_complexity-theory": 0.5605839416058395,
            "tag_formal-languages": 0.39090909090909093,
            "tag_graph-theory": 0.5731958762886598,
            "tag_terminology": 0.2800829875518672,
            "tag_graphs": 0.5541176470588235,
            "tag_computability": 0.5828571428571429,
            "tag_turing-machines": 0.7013888888888888,
            "tag_context-free": 0.676130389064143,
            "tag_regular-languages": 0.6304106548279689,
            "tag_automata": 0.5836177474402731,
            "tag_formal-grammars": 0.7436676798378926,
            "tag_finite-automata": 0.6923976608187135
        },
        "macro_recall": 0.38957067356898506,
        "micro_recall": 0.38842618298476156,
        "recall_per_class": {
            "tag_algorithms": 0.21846153846153846,
            "tag_complexity-theory": 0.3033175355450237,
            "tag_formal-languages": 0.2317167051578137,
            "tag_graph-theory": 0.44302788844621516,
            "tag_terminology": 0.11259382819015847,
            "tag_graphs": 0.38925619834710745,
            "tag_computability": 0.33116883116883117,
            "tag_turing-machines": 0.5396946564885496,
            "tag_context-free": 0.5467687074829932,
            "tag_regular-languages": 0.4737281067556297,
            "tag_automata": 0.391304347826087,
            "tag_formal-grammars": 0.6071133167907361,
            "tag_finite-automata": 0.4762670957361223
        },
        "macro_f1": 0.45944774316678283,
        "micro_f1": 0.46815629995910324,
        "f1_per_class": {
            "tag_algorithms": 0.29128205128205126,
            "tag_complexity-theory": 0.3936442849820605,
            "tag_formal-languages": 0.29096181730304493,
            "tag_graph-theory": 0.4997752808988764,
            "tag_terminology": 0.16061867935752527,
            "tag_graphs": 0.45728155339805826,
            "tag_computability": 0.422360248447205,
            "tag_turing-machines": 0.6100086281276963,
            "tag_context-free": 0.6046074283027738,
            "tag_regular-languages": 0.540952380952381,
            "tag_automata": 0.4684931506849315,
            "tag_formal-grammars": 0.668488160291439,
            "tag_finite-automata": 0.5643469971401335
        },
        "MSE": 0.10272710770368576,
        "LogLoss": 3.0961780548095703,
        "AUNU": 0.7764190435409546,
        "micro_ROC-AUC": 0.7789247035980225,
        "AUNP": 0.7759045958518982,
        "ROC-AUC_per_class_vs_rest": {
            "tag_algorithms": 0.6897551213331055,
            "tag_complexity-theory": 0.7310229659088129,
            "tag_formal-languages": 0.7184949709932729,
            "tag_graph-theory": 0.8205471847986271,
            "tag_terminology": 0.6286153515025963,
            "tag_graphs": 0.7808994691478922,
            "tag_computability": 0.7823430497518551,
            "tag_turing-machines": 0.8187811841404444,
            "tag_context-free": 0.8453246279857626,
            "tag_regular-languages": 0.8138377680325002,
            "tag_automata": 0.7812773320758206,
            "tag_formal-grammars": 0.8598332275376537,
            "tag_finite-automata": 0.8227150683850325
        }
    }
}