{
    "classification type": "multiclass",
    "class balance": "imbalanced",
    "dataset name": "dbpedia-ontology_imbalanced",
    "class names": [
        0,
        1,
        2,
        3,
        4,
        5,
        6
    ],
    "model name": "logistic_regression",
    "index": 2,
    "cv fold": 0,
    "fold info": {
        "train distribution": 66096,
        "test distribution": 16524,
        "train distribution pct": 246.039309112567,
        "test distribution pct": 246.039309112567
    },
    "metrics": {
        "macro_accuracy": 0.9894804954528809,
        "micro_accuracy": 0.9894804358482361,
        "accuracy_per_class": {
            "0": 0.9806432127952576,
            "1": 0.9909172058105469,
            "2": 0.9873030185699463,
            "3": 0.99369215965271,
            "4": 0.9933131337165833,
            "5": 0.9916075468063354,
            "6": 0.9888867735862732
        },
        "macro_precision": 0.9594467878341675,
        "micro_precision": 0.9631815552711487,
        "precision_per_class": {
            "0": 0.9443634152412415,
            "1": 0.9753285646438599,
            "2": 0.9617490172386169,
            "3": 0.9842415452003479,
            "4": 0.9439277648925781,
            "5": 0.9681686758995056,
            "6": 0.9383483529090881
        },
        "macro_recall": 0.9564599394798279,
        "micro_recall": 0.9631815552711487,
        "recall_per_class": {
            "0": 0.9510207176208496,
            "1": 0.9754002094268799,
            "2": 0.9686288833618164,
            "3": 0.9814950823783875,
            "4": 0.9227272868156433,
            "5": 0.9677686095237732,
            "6": 0.928178608417511
        },
        "macro_f1": 0.9579283595085144,
        "micro_f1": 0.9631815552711487,
        "f1_per_class": {
            "0": 0.9476803541183472,
            "1": 0.9753643870353699,
            "2": 0.9651767015457153,
            "3": 0.9828664064407349,
            "4": 0.9332071542739868,
            "5": 0.9679685831069946,
            "6": 0.933235764503479
        },
        "Kappa": 0.9560682773590088,
        "MSE": 0.008288943208754063,
        "LogLoss": 0.1263064742088318,
        "AUNU": 0.9976121783256531,
        "micro_ROC-AUC": 0.9980549216270447,
        "AUNP": 0.997833788394928,
        "AU1U": 0.9974419976881925,
        "AU1P": 0.9975791366576683,
        "ROC-AUC_per_class_vs_rest": {
            "0": 0.9959096364654847,
            "1": 0.9983921142562772,
            "2": 0.9982149289345337,
            "3": 0.9993285432585055,
            "4": 0.9970012920657131,
            "5": 0.9989320380662734,
            "6": 0.9955066857608434
        }
    }
}