{
    "classification type": "binary",
    "class balance": "imbalanced",
    "dataset name": "philippine_imbalanced",
    "class names": [
        0,
        1
    ],
    "model name": "random_forest",
    "index": 1,
    "cv fold": 4,
    "fold info": {
        "train distribution": 205,
        "test distribution": 51,
        "train distribution pct": 12.796504369538079,
        "test distribution pct": 12.75
    },
    "metrics": {
        "macro_accuracy": 0.852938711643219,
        "micro_accuracy": 0.852938711643219,
        "accuracy_per_class": {
            "0": 0.852938711643219,
            "1": 0.852938711643219
        },
        "macro_precision": 0.6549535393714905,
        "micro_precision": 0.852938711643219,
        "precision_per_class": {
            "0": 0.9037970900535583,
            "1": 0.4061099886894226
        },
        "macro_recall": 0.627478301525116,
        "micro_recall": 0.852938711643219,
        "recall_per_class": {
            "0": 0.9304123520851135,
            "1": 0.3245442807674408
        },
        "macro_f1": 0.6388429999351501,
        "micro_f1": 0.852938711643219,
        "f1_per_class": {
            "0": 0.9169116616249084,
            "1": 0.36077436804771423
        },
        "MSE": 0.13225959241390228,
        "LogLoss": 7.285693645477295,
        "AUNU": 0.659960925579071,
        "micro_ROC-AUC": 0.659960925579071
    }
}