{
    "classification type": "binary",
    "class balance": "balanced",
    "dataset name": "vehicle-sensit_balanced",
    "class names": [
        0,
        1
    ],
    "model name": "random_forest",
    "index": 3,
    "cv fold": 4,
    "fold info": {
        "train distribution": 5011,
        "test distribution": 1253,
        "train distribution pct": 49.995011473610695,
        "test distribution pct": 50.01996007984032
    },
    "metrics": {
        "macro_accuracy": 0.829906702041626,
        "micro_accuracy": 0.829906702041626,
        "accuracy_per_class": {
            "0": 0.829906702041626,
            "1": 0.829906702041626
        },
        "macro_precision": 0.8311507701873779,
        "micro_precision": 0.829906702041626,
        "precision_per_class": {
            "0": 0.8514474034309387,
            "1": 0.8108540773391724
        },
        "macro_recall": 0.829906702041626,
        "micro_recall": 0.829906702041626,
        "recall_per_class": {
            "0": 0.7992610931396484,
            "1": 0.8605523705482483
        },
        "macro_f1": 0.8297468423843384,
        "micro_f1": 0.829906702041626,
        "f1_per_class": {
            "0": 0.8245292901992798,
            "1": 0.8349643349647522
        },
        "MSE": 0.14873598515987396,
        "LogLoss": 8.178196907043457,
        "AUNU": 0.8344323039054871,
        "micro_ROC-AUC": 0.8344323039054871
    }
}