{
    "classification type": "multilabel",
    "class balance": "balanced",
    "dataset name": "yeast_balanced",
    "class names": [
        "Class1",
        "Class2",
        "Class3",
        "Class4",
        "Class5"
    ],
    "model name": "random_forest",
    "index": 0,
    "cv fold": 4,
    "fold info": {
        "train distribution": [
            520,
            556,
            520,
            556,
            523
        ],
        "test distribution": [
            130,
            139,
            130,
            139,
            130
        ],
        "train distribution pct": [
            40.27885360185902,
            43.06738962044926,
            40.27885360185902,
            43.06738962044926,
            40.51123160340821
        ],
        "test distribution pct": [
            38.92215568862276,
            41.61676646706587,
            38.92215568862276,
            41.61676646706587,
            38.92215568862276
        ]
    },
    "metrics": {
        "macro_accuracy": 0.7382153846153846,
        "micro_accuracy": 0.7382153846153846,
        "accuracy_per_class": {
            "Class1": 0.7606153846153846,
            "Class2": 0.6726153846153846,
            "Class3": 0.7507692307692307,
            "Class4": 0.7630769230769231,
            "Class5": 0.744
        },
        "macro_precision": 0.7499775442064112,
        "micro_precision": 0.7469536961819658,
        "precision_per_class": {
            "Class1": 0.7919463087248322,
            "Class2": 0.6529080675422139,
            "Class3": 0.734225621414914,
            "Class4": 0.7838827838827839,
            "Class5": 0.7869249394673123
        },
        "macro_recall": 0.5499268575244646,
        "micro_recall": 0.5501046963804965,
        "recall_per_class": {
            "Class1": 0.5446153846153846,
            "Class2": 0.5007194244604316,
            "Class3": 0.5907692307692308,
            "Class4": 0.6158273381294964,
            "Class5": 0.49770290964777947
        },
        "macro_f1": 0.6332851306308706,
        "micro_f1": 0.6335917312661499,
        "f1_per_class": {
            "Class1": 0.6453965360072926,
            "Class2": 0.5667752442996743,
            "Class3": 0.6547314578005116,
            "Class4": 0.6897663174858985,
            "Class5": 0.6097560975609756
        },
        "MSE": 0.17947565019130707,
        "LogLoss": 0.5364986658096313,
        "AUNU": 0.8033217787742615,
        "micro_ROC-AUC": 0.8071073293685913,
        "AUNP": 0.8030081391334534,
        "ROC-AUC_per_class_vs_rest": {
            "Class1": 0.8272725838264299,
            "Class2": 0.7369087955442098,
            "Class3": 0.8140733727810651,
            "Class4": 0.8472507155565869,
            "Class5": 0.7911034226331146
        }
    }
}