{
    "classification type": "binary",
    "class balance": "imbalanced",
    "dataset name": "news-sarcasm_imbalanced",
    "class names": [
        0,
        1
    ],
    "model name": "knn",
    "index": 2,
    "cv fold": 4,
    "fold info": {
        "train distribution": 820,
        "test distribution": 204,
        "train distribution pct": 21.42110762800418,
        "test distribution pct": 21.338912133891213
    },
    "metrics": {
        "macro_accuracy": 0.8098174333572388,
        "micro_accuracy": 0.8098174333572388,
        "accuracy_per_class": {
            "0": 0.8098174333572388,
            "1": 0.8098174333572388
        },
        "macro_precision": 0.7155696153640747,
        "micro_precision": 0.8098174333572388,
        "precision_per_class": {
            "0": 0.8473506569862366,
            "1": 0.5837886333465576
        },
        "macro_recall": 0.6564934253692627,
        "micro_recall": 0.8098174333572388,
        "recall_per_class": {
            "0": 0.924586296081543,
            "1": 0.3884006142616272
        },
        "macro_f1": 0.6753727793693542,
        "micro_f1": 0.8098174333572388,
        "f1_per_class": {
            "0": 0.8842852115631104,
            "1": 0.46646034717559814
        },
        "MSE": 0.1474873572587967,
        "LogLoss": 5.633968830108643,
        "AUNU": 0.7637428641319275,
        "micro_ROC-AUC": 0.7637428641319275
    }
}