{
    "classification type": "multiclass",
    "class balance": "balanced",
    "dataset name": "mfeat-karhunen_balanced",
    "class names": [
        0,
        1,
        2,
        3
    ],
    "model name": "logistic_regression",
    "index": 4,
    "cv fold": 3,
    "fold info": {
        "train distribution": 576,
        "test distribution": 144,
        "train distribution pct": 150.0,
        "test distribution pct": 150.0
    },
    "metrics": {
        "macro_accuracy": 0.9917534589767456,
        "micro_accuracy": 0.9917534589767456,
        "accuracy_per_class": {
            "0": 0.9930555820465088,
            "1": 0.9913194179534912,
            "2": 0.9926215410232544,
            "3": 0.9900173544883728
        },
        "macro_precision": 0.9837868809700012,
        "micro_precision": 0.9835069179534912,
        "precision_per_class": {
            "0": 0.9912280440330505,
            "1": 0.9664429426193237,
            "2": 0.9810671210289001,
            "3": 0.9964093565940857
        },
        "macro_recall": 0.983506977558136,
        "micro_recall": 0.9835069179534912,
        "recall_per_class": {
            "0": 0.9809027910232544,
            "1": 1.0,
            "2": 0.9895833134651184,
            "3": 0.9635416865348816
        },
        "macro_f1": 0.9834950566291809,
        "micro_f1": 0.9835069179534912,
        "f1_per_class": {
            "0": 0.9860383868217468,
            "1": 0.9829351305961609,
            "2": 0.9853067994117737,
            "3": 0.9796999096870422
        },
        "Kappa": 0.9780092239379883,
        "MSE": 0.006877300329506397,
        "LogLoss": 0.07053819298744202,
        "AUNU": 0.9983593225479126,
        "micro_ROC-AUC": 0.99854975938797,
        "AUNP": 0.9983593225479126,
        "AU1U": 0.9983593348122427,
        "AU1P": 0.9983593348122427,
        "ROC-AUC_per_class_vs_rest": {
            "0": 0.998438705632716,
            "1": 0.9994986577289096,
            "2": 0.9995870707947531,
            "3": 0.9959129050925926
        }
    }
}