{
    "classification type": "binary",
    "class balance": "balanced",
    "dataset name": "all-in-one_sentiment_balanced",
    "class names": [
        0,
        1
    ],
    "model name": "logistic_regression",
    "index": 0,
    "cv fold": 2,
    "fold info": {
        "train distribution": 5836,
        "test distribution": 1459,
        "train distribution pct": 50.0,
        "test distribution pct": 50.0
    },
    "metrics": {
        "macro_accuracy": 0.7898103594779968,
        "micro_accuracy": 0.7898103594779968,
        "accuracy_per_class": {
            "0": 0.7898103594779968,
            "1": 0.7898103594779968
        },
        "macro_precision": 0.7911059856414795,
        "micro_precision": 0.7898103594779968,
        "precision_per_class": {
            "0": 0.7716856002807617,
            "1": 0.8105263113975525
        },
        "macro_recall": 0.7898103594779968,
        "micro_recall": 0.7898103594779968,
        "recall_per_class": {
            "0": 0.82316654920578,
            "1": 0.7564541697502136
        },
        "macro_f1": 0.7895762324333191,
        "micro_f1": 0.7898103594779968,
        "f1_per_class": {
            "0": 0.7965951561927795,
            "1": 0.7825573086738586
        },
        "MSE": 0.14675112068653107,
        "LogLoss": 0.46420419216156006,
        "AUNU": 0.8707382678985596,
        "micro_ROC-AUC": 0.8707382678985596
    }
}