{
    "classification type": "multilabel",
    "class balance": "balanced",
    "dataset name": "emotions_trimmed",
    "class names": [
        "angry-aggresive",
        "relaxing-calm",
        "amazed-suprised",
        "happy-pleased",
        "quiet-still",
        "sad-lonely"
    ],
    "model name": "gradient_boosting",
    "index": 1,
    "cv fold": 4,
    "fold info": {
        "train distribution": [
            144,
            142,
            133,
            119,
            118,
            117
        ],
        "test distribution": [
            35,
            35,
            33,
            29,
            30,
            29
        ],
        "train distribution pct": [
            36.45569620253165,
            35.949367088607595,
            33.67088607594937,
            30.126582278481013,
            29.873417721518987,
            29.620253164556964
        ],
        "test distribution pct": [
            33.33333333333333,
            33.33333333333333,
            31.428571428571427,
            27.61904761904762,
            28.57142857142857,
            27.61904761904762
        ]
    },
    "metrics": {
        "macro_accuracy": 0.7799333333333335,
        "micro_accuracy": 0.7799333333333334,
        "accuracy_per_class": {
            "angry-aggresive": 0.7792,
            "relaxing-calm": 0.74,
            "amazed-suprised": 0.7314,
            "happy-pleased": 0.7208,
            "quiet-still": 0.897,
            "sad-lonely": 0.8112
        },
        "macro_precision": 0.6772753801840885,
        "micro_precision": 0.6845686512758201,
        "precision_per_class": {
            "angry-aggresive": 0.6987253765932793,
            "relaxing-calm": 0.6454207920792079,
            "amazed-suprised": 0.6144404332129964,
            "happy-pleased": 0.5466666666666666,
            "quiet-still": 0.8419560595322466,
            "sad-lonely": 0.7164429530201343
        },
        "macro_recall": 0.5826209663128382,
        "micro_recall": 0.5844398340248963,
        "recall_per_class": {
            "angry-aggresive": 0.6737430167597765,
            "relaxing-calm": 0.5892655367231638,
            "amazed-suprised": 0.5126506024096386,
            "happy-pleased": 0.3324324324324324,
            "quiet-still": 0.8027027027027027,
            "sad-lonely": 0.584931506849315
        },
        "macro_f1": 0.6233951059618826,
        "micro_f1": 0.6305540011191941,
        "f1_per_class": {
            "angry-aggresive": 0.6860068259385665,
            "relaxing-calm": 0.616066154754873,
            "amazed-suprised": 0.5589490968801314,
            "happy-pleased": 0.4134453781512605,
            "quiet-still": 0.821860947768938,
            "sad-lonely": 0.6440422322775264
        },
        "MSE": 0.1695045381784439,
        "LogLoss": 5.6346540451049805,
        "AUNU": 0.7832710146903992,
        "micro_ROC-AUC": 0.793316125869751,
        "AUNP": 0.7827653288841248,
        "ROC-AUC_per_class_vs_rest": {
            "angry-aggresive": 0.8004404880001391,
            "relaxing-calm": 0.7738778401637193,
            "amazed-suprised": 0.7429102337493687,
            "happy-pleased": 0.6816907248157248,
            "quiet-still": 0.907015125921376,
            "sad-lonely": 0.793691664731832
        }
    }
}