{
    "classification type": "multiclass",
    "class balance": "imbalanced",
    "dataset name": "mfeat-karhunen_imbalanced",
    "class names": [
        0,
        1,
        2,
        3
    ],
    "model name": "decision_tree",
    "index": 3,
    "cv fold": 2,
    "fold info": {
        "train distribution": 448,
        "test distribution": 112,
        "train distribution pct": 116.66666666666667,
        "test distribution pct": 116.66666666666667
    },
    "metrics": {
        "macro_accuracy": 0.9813469052314758,
        "micro_accuracy": 0.9813469052314758,
        "accuracy_per_class": {
            "0": 0.9803779125213623,
            "1": 0.9798933863639832,
            "2": 0.9859496355056763,
            "3": 0.9791666865348816
        },
        "macro_precision": 0.9603064656257629,
        "micro_precision": 0.9626938104629517,
        "precision_per_class": {
            "0": 0.9702251553535461,
            "1": 0.9603356122970581,
            "2": 0.9673659801483154,
            "3": 0.9432989954948425
        },
        "macro_recall": 0.9559938907623291,
        "micro_recall": 0.9626938104629517,
        "recall_per_class": {
            "0": 0.9709302186965942,
            "1": 0.9759690165519714,
            "2": 0.9651162624359131,
            "3": 0.9119601249694824
        },
        "macro_f1": 0.9580678939819336,
        "micro_f1": 0.9626938104629517,
        "f1_per_class": {
            "0": 0.9705775380134583,
            "1": 0.96808922290802,
            "2": 0.9662398099899292,
            "3": 0.9273648858070374
        },
        "Kappa": 0.9485927820205688,
        "MSE": 0.018197553232312202,
        "LogLoss": 0.6185196042060852,
        "AUNU": 0.9663901925086975,
        "micro_ROC-AUC": 0.9702327251434326,
        "AUNP": 0.969704270362854,
        "AU1U": 0.9653628053720587,
        "AU1P": 0.9668241600435206,
        "ROC-AUC_per_class_vs_rest": {
            "0": 0.9741329772850189,
            "1": 0.9743148084413633,
            "2": 0.9750551507215849,
            "3": 0.9420578596962668
        }
    }
}