{
    "classification type": "multilabel",
    "class balance": "imbalanced",
    "dataset name": "tmc2007500_imbalanced",
    "class names": [
        "class13",
        "class07",
        "class01",
        "class14",
        "class18",
        "class10"
    ],
    "model name": "logistic_regression",
    "index": 0,
    "cv fold": 0,
    "fold info": {
        "train distribution": [
            2208,
            1787,
            1468,
            894,
            557,
            327
        ],
        "test distribution": [
            552,
            446,
            367,
            224,
            140,
            82
        ],
        "train distribution pct": [
            34.942237695837946,
            28.27979110618769,
            23.231523975312548,
            14.147808197499604,
            8.814685868017092,
            5.1748694413673055
        ],
        "test distribution pct": [
            34.695160276555626,
            28.032683846637337,
            23.067253299811437,
            14.079195474544312,
            8.799497171590195,
            5.153991200502828
        ]
    },
    "metrics": {
        "macro_accuracy": 0.9329562120259794,
        "micro_accuracy": 0.9329562120259794,
        "accuracy_per_class": {
            "class13": 0.8724072910119421,
            "class07": 0.8887492143306097,
            "class01": 0.9754871150219987,
            "class14": 0.9465744814582024,
            "class18": 0.9622878692646134,
            "class10": 0.9522313010685104
        },
        "macro_precision": 0.8233048381972616,
        "micro_precision": 0.8576664630421503,
        "precision_per_class": {
            "class13": 0.8525252525252526,
            "class07": 0.799554565701559,
            "class01": 0.9555555555555556,
            "class14": 0.8971428571428571,
            "class18": 0.8773584905660378,
            "class10": 0.5576923076923077
        },
        "macro_recall": 0.7042653828892691,
        "micro_recall": 0.7752622860298177,
        "recall_per_class": {
            "class13": 0.7644927536231884,
            "class07": 0.804932735426009,
            "class01": 0.9373297002724795,
            "class14": 0.7008928571428571,
            "class18": 0.6642857142857143,
            "class10": 0.35365853658536583
        },
        "macro_f1": 0.7551005038885004,
        "micro_f1": 0.814385150812065,
        "f1_per_class": {
            "class13": 0.8061127029608405,
            "class07": 0.8022346368715084,
            "class01": 0.9463548830811555,
            "class14": 0.7869674185463659,
            "class18": 0.7560975609756098,
            "class10": 0.43283582089552236
        },
        "MSE": 0.05108608305454254,
        "LogLoss": 0.18104363977909088,
        "AUNU": 0.9505931735038757,
        "micro_ROC-AUC": 0.9638795256614685,
        "AUNP": 0.9513791799545288,
        "ROC-AUC_per_class_vs_rest": {
            "class13": 0.9313329078963886,
            "class07": 0.947442575440108,
            "class01": 0.9917165322077968,
            "class14": 0.9452431027275576,
            "class18": 0.9620089593383874,
            "class10": 0.9258150285280188
        }
    }
}