{
    "classification type": "multilabel",
    "class balance": "imbalanced",
    "dataset name": "imdb_imbalanced",
    "class names": [
        "Romance",
        "Thriller",
        "Action",
        "Crime",
        "Family",
        "Horror",
        "Adventure"
    ],
    "model name": "decision_tree",
    "index": 0,
    "cv fold": 3,
    "fold info": {
        "train distribution": [
            9903,
            7753,
            7709,
            5810,
            3141,
            4870,
            5217
        ],
        "test distribution": [
            2476,
            1938,
            1927,
            1453,
            785,
            1217,
            1304
        ],
        "train distribution pct": [
            34.164769198923615,
            26.747395294279997,
            26.59559787483613,
            20.04415924929276,
            10.836265783481682,
            16.80121437935555,
            17.99834402815152
        ],
        "test distribution pct": [
            34.279385296968016,
            26.83095666620518,
            26.678665374498127,
            20.116295168212652,
            10.868060362730168,
            16.848954727952375,
            18.05344039872629
        ]
    },
    "metrics": {
        "macro_accuracy": 0.7667093239936238,
        "micro_accuracy": 0.7667093239936239,
        "accuracy_per_class": {
            "Romance": 0.641916572609642,
            "Thriller": 0.7073945489787073,
            "Action": 0.727029845841727,
            "Crime": 0.781959148295782,
            "Family": 0.8792260178398792,
            "Horror": 0.8163197272108164,
            "Adventure": 0.8131194071788131
        },
        "macro_precision": 0.36102234590534726,
        "micro_precision": 0.40295249371022646,
        "precision_per_class": {
            "Romance": 0.4528254639548148,
            "Thriller": 0.35583227726045513,
            "Action": 0.4639596469104666,
            "Crime": 0.28360151443445336,
            "Family": 0.19719298245614036,
            "Horror": 0.335051025563302,
            "Adventure": 0.43869351075779833
        },
        "macro_recall": 0.1183182760811008,
        "micro_recall": 0.13532596709110056,
        "recall_per_class": {
            "Romance": 0.22667446621819246,
            "Thriller": 0.11489467691431825,
            "Action": 0.1645762135661758,
            "Crime": 0.05690072639225181,
            "Family": 0.037020772034605416,
            "Horror": 0.09392703376387945,
            "Adventure": 0.13423404367828248
        },
        "macro_f1": 0.17545685975651049,
        "micro_f1": 0.20260864914389892,
        "f1_per_class": {
            "Romance": 0.3021162056803416,
            "Thriller": 0.17370254313649017,
            "Action": 0.2429669545922815,
            "Crime": 0.09478429356637273,
            "Family": 0.06233823855653332,
            "Horror": 0.1467224176456273,
            "Adventure": 0.20556736511792692
        },
        "MSE": 0.18295840919017792,
        "LogLoss": 4.753647327423096,
        "AUNU": 0.5941011309623718,
        "micro_ROC-AUC": 0.6341524720191956,
        "AUNP": 0.5937368869781494,
        "ROC-AUC_per_class_vs_rest": {
            "Romance": 0.5975542222028455,
            "Thriller": 0.5880761801919628,
            "Action": 0.5970264975296768,
            "Crime": 0.5539521353435529,
            "Family": 0.5896211013500474,
            "Horror": 0.6224152012781109,
            "Adventure": 0.6100627541621518
        }
    }
}