{
    "classification type": "multilabel",
    "class balance": "imbalanced",
    "dataset name": "imdb_imbalanced",
    "class names": [
        "Romance",
        "Thriller",
        "Action",
        "Crime",
        "Family",
        "Horror",
        "Adventure"
    ],
    "model name": "logistic_regression",
    "index": 2,
    "cv fold": 2,
    "fold info": {
        "train distribution": [
            9903,
            7752,
            7709,
            5810,
            3141,
            4870,
            5217
        ],
        "test distribution": [
            2476,
            1939,
            1927,
            1453,
            785,
            1217,
            1304
        ],
        "train distribution pct": [
            34.18599834299917,
            26.76056338028169,
            26.612123722728526,
            20.056614194973765,
            10.842999171499585,
            16.811654239160454,
            18.009527754763877
        ],
        "test distribution pct": [
            34.19417207568016,
            26.778069327440964,
            26.61234636099986,
            20.066289186576437,
            10.84104405468858,
            16.807070846568152,
            18.00856235326612
        ]
    },
    "metrics": {
        "macro_accuracy": 0.77951102649821,
        "micro_accuracy": 0.77951102649821,
        "accuracy_per_class": {
            "Romance": 0.65247933006015,
            "Thriller": 0.7216412676146146,
            "Action": 0.7418967459457162,
            "Crime": 0.7964356309379583,
            "Family": 0.889232502284852,
            "Horror": 0.8289549193394121,
            "Adventure": 0.8259367893047673
        },
        "macro_precision": 0.4575577567112315,
        "micro_precision": 0.48589532687503806,
        "precision_per_class": {
            "Romance": 0.4805880135695439,
            "Thriller": 0.40223792697290933,
            "Action": 0.5603529782540183,
            "Crime": 0.40555555555555556,
            "Family": 0.3241042345276873,
            "Horror": 0.44768572539867757,
            "Adventure": 0.5823798627002288
        },
        "macro_recall": 0.09493721182443518,
        "micro_recall": 0.11052824880289937,
        "recall_per_class": {
            "Romance": 0.19806748275647798,
            "Thriller": 0.08131920466722228,
            "Action": 0.1419390891310422,
            "Crime": 0.030927289096012285,
            "Family": 0.0194964240227295,
            "Horror": 0.07272842158473398,
            "Adventure": 0.12008257151282807
        },
        "macro_f1": 0.1515435640431126,
        "micro_f1": 0.18009066633546544,
        "f1_per_class": {
            "Romance": 0.28052188070669515,
            "Thriller": 0.13528770922056058,
            "Action": 0.22650402879072581,
            "Crime": 0.05747182994636619,
            "Family": 0.036780334534701045,
            "Horror": 0.12512909713540252,
            "Adventure": 0.19911006796733657
        },
        "MSE": 0.16196350753307343,
        "LogLoss": 0.5017725825309753,
        "AUNU": 0.6173924207687378,
        "micro_ROC-AUC": 0.6654682159423828,
        "AUNP": 0.616573691368103,
        "ROC-AUC_per_class_vs_rest": {
            "Romance": 0.6219385684615814,
            "Thriller": 0.6065046841060654,
            "Action": 0.6205119700511113,
            "Crime": 0.5683812770669957,
            "Family": 0.6155066228998928,
            "Horror": 0.6538397382320759,
            "Adventure": 0.6350640816637173
        }
    }
}