{
    "classification type": "multilabel",
    "class balance": "balanced",
    "dataset name": "cal500_balanced",
    "class names": [
        "Instrument_-_Male_Lead_Vocals",
        "Song-Texture_Electric",
        "NOT-Emotion-Angry-Agressive",
        "NOT-Emotion-Bizarre-Weird",
        "Song-Quality",
        "Song-Texture_Acoustic",
        "Instrument_-_Drum_Set"
    ],
    "model name": "knn",
    "index": 1,
    "cv fold": 0,
    "fold info": {
        "train distribution": [
            240,
            238,
            240,
            218,
            216,
            217,
            218
        ],
        "test distribution": [
            60,
            60,
            60,
            55,
            55,
            54,
            53
        ],
        "train distribution pct": [
            65.21739130434783,
            64.67391304347827,
            65.21739130434783,
            59.2391304347826,
            58.69565217391305,
            58.96739130434783,
            59.2391304347826
        ],
        "test distribution pct": [
            63.829787234042556,
            63.829787234042556,
            63.829787234042556,
            58.51063829787234,
            58.51063829787234,
            57.446808510638306,
            56.38297872340425
        ]
    },
    "metrics": {
        "macro_accuracy": 0.5739979445015416,
        "micro_accuracy": 0.5739979445015416,
        "accuracy_per_class": {
            "Instrument_-_Male_Lead_Vocals": 0.6348920863309353,
            "Song-Texture_Electric": 0.6312949640287769,
            "NOT-Emotion-Angry-Agressive": 0.5953237410071942,
            "NOT-Emotion-Bizarre-Weird": 0.5269784172661871,
            "Song-Quality": 0.5179856115107914,
            "Song-Texture_Acoustic": 0.5431654676258992,
            "Instrument_-_Drum_Set": 0.5683453237410072
        },
        "macro_precision": 0.6318702994659905,
        "micro_precision": 0.635039223010833,
        "precision_per_class": {
            "Instrument_-_Male_Lead_Vocals": 0.6638830897703549,
            "Song-Texture_Electric": 0.6652267818574514,
            "NOT-Emotion-Angry-Agressive": 0.6809651474530831,
            "NOT-Emotion-Bizarre-Weird": 0.5876010781671159,
            "Song-Quality": 0.6090225563909775,
            "Song-Texture_Acoustic": 0.6163934426229508,
            "Instrument_-_Drum_Set": 0.6
        },
        "macro_recall": 0.7095757231911168,
        "micro_recall": 0.7139857202855943,
        "recall_per_class": {
            "Instrument_-_Male_Lead_Vocals": 0.8833333333333333,
            "Song-Texture_Electric": 0.8603351955307262,
            "NOT-Emotion-Angry-Agressive": 0.7055555555555556,
            "NOT-Emotion-Bizarre-Weird": 0.6646341463414634,
            "Song-Quality": 0.49693251533742333,
            "Song-Texture_Acoustic": 0.5784615384615385,
            "Instrument_-_Drum_Set": 0.7777777777777778
        },
        "macro_f1": 0.6638117644795407,
        "micro_f1": 0.6722024515618822,
        "f1_per_class": {
            "Instrument_-_Male_Lead_Vocals": 0.7580452920143027,
            "Song-Texture_Electric": 0.7503045066991474,
            "NOT-Emotion-Angry-Agressive": 0.6930422919508867,
            "NOT-Emotion-Bizarre-Weird": 0.6237482117310443,
            "Song-Quality": 0.5472972972972973,
            "Song-Texture_Acoustic": 0.5968253968253968,
            "Instrument_-_Drum_Set": 0.6774193548387096
        },
        "MSE": 0.25299587845802307,
        "LogLoss": 1.3099935054779053,
        "AUNU": 0.5458557605743408,
        "micro_ROC-AUC": 0.5495537519454956,
        "AUNP": 0.5465193390846252,
        "ROC-AUC_per_class_vs_rest": {
            "Instrument_-_Male_Lead_Vocals": 0.5828160430839002,
            "Song-Texture_Electric": 0.5350149540093675,
            "NOT-Emotion-Angry-Agressive": 0.5678642290249434,
            "NOT-Emotion-Bizarre-Weird": 0.5155581407787762,
            "Song-Quality": 0.5258335556148307,
            "Song-Texture_Acoustic": 0.5327272727272727,
            "Instrument_-_Drum_Set": 0.5611762984248616
        }
    }
}