{
    "classification type": "multiclass",
    "class balance": "imbalanced",
    "dataset name": "dbpedia-ontology_imbalanced",
    "class names": [
        0,
        1,
        2,
        3,
        4,
        5,
        6
    ],
    "model name": "knn",
    "index": 4,
    "cv fold": 4,
    "fold info": {
        "train distribution": 66096,
        "test distribution": 16524,
        "train distribution pct": 246.039309112567,
        "test distribution pct": 246.039309112567
    },
    "metrics": {
        "macro_accuracy": 0.9779537320137024,
        "micro_accuracy": 0.9779537320137024,
        "accuracy_per_class": {
            "0": 0.9635035991668701,
            "1": 0.9831610918045044,
            "2": 0.9682698249816895,
            "3": 0.9853216409683228,
            "4": 0.9857608675956726,
            "5": 0.980897843837738,
            "6": 0.9787611961364746
        },
        "macro_precision": 0.9194839596748352,
        "micro_precision": 0.9228379726409912,
        "precision_per_class": {
            "0": 0.8914409875869751,
            "1": 0.9476612210273743,
            "2": 0.8942381739616394,
            "3": 0.9657157063484192,
            "4": 0.90411776304245,
            "5": 0.9380236864089966,
            "6": 0.8951901793479919
        },
        "macro_recall": 0.9041519165039062,
        "micro_recall": 0.9228379726409912,
        "recall_per_class": {
            "0": 0.9132229685783386,
            "1": 0.9617689847946167,
            "2": 0.936032772064209,
            "3": 0.9542487859725952,
            "4": 0.8040000200271606,
            "5": 0.9146476984024048,
            "6": 0.8451423645019531
        },
        "macro_f1": 0.9111757278442383,
        "micro_f1": 0.9228379726409912,
        "f1_per_class": {
            "0": 0.9022005200386047,
            "1": 0.9546629786491394,
            "2": 0.91465824842453,
            "3": 0.9599480032920837,
            "4": 0.8511247634887695,
            "5": 0.9261882305145264,
            "6": 0.8694466352462769
        },
        "Kappa": 0.9078063368797302,
        "MSE": 0.019746234640479088,
        "LogLoss": 0.8407415151596069,
        "AUNU": 0.9666594862937927,
        "micro_ROC-AUC": 0.9714575409889221,
        "AUNP": 0.9707620739936829,
        "AU1U": 0.9658004904424361,
        "AU1P": 0.9677951874378965,
        "ROC-AUC_per_class_vs_rest": {
            "0": 0.961366921408648,
            "1": 0.9853875891434736,
            "2": 0.9683078670180398,
            "3": 0.9837380011970338,
            "4": 0.9444205890656137,
            "5": 0.9695024692056358,
            "6": 0.9538928370084787
        }
    }
}