{
    "classification type": "multiclass",
    "class balance": "imbalanced",
    "dataset name": "usps_imbalanced",
    "class names": [
        4,
        3,
        0,
        2,
        1,
        5
    ],
    "model name": "random_forest",
    "index": 2,
    "cv fold": 2,
    "fold info": {
        "train distribution": 3193,
        "test distribution": 796,
        "train distribution pct": 187.60282021151588,
        "test distribution pct": 187.29411764705884
    },
    "metrics": {
        "macro_accuracy": 0.9752495884895325,
        "micro_accuracy": 0.975249707698822,
        "accuracy_per_class": {
            "4": 0.9714936017990112,
            "3": 0.990485429763794,
            "0": 0.969292163848877,
            "2": 0.9655982851982117,
            "1": 0.9751128554344177,
            "5": 0.9795156717300415
        },
        "macro_precision": 0.9029138684272766,
        "micro_precision": 0.9257490634918213,
        "precision_per_class": {
            "4": 0.9472900629043579,
            "3": 0.9697231650352478,
            "0": 0.8972567319869995,
            "2": 0.9019306898117065,
            "1": 0.9261179566383362,
            "5": 0.7751646041870117
        },
        "macro_recall": 0.8959428668022156,
        "micro_recall": 0.9257490634918213,
        "recall_per_class": {
            "4": 0.9575028419494629,
            "3": 0.9749945402145386,
            "0": 0.8905728459358215,
            "2": 0.896423876285553,
            "1": 0.9295316338539124,
            "5": 0.7266314029693604
        },
        "macro_f1": 0.8992879390716553,
        "micro_f1": 0.9257490634918213,
        "f1_per_class": {
            "4": 0.9523690938949585,
            "3": 0.9723517298698425,
            "0": 0.8939023017883301,
            "2": 0.899168848991394,
            "1": 0.9278216361999512,
            "5": 0.7501137852668762
        },
        "Kappa": 0.9071175456047058,
        "MSE": 0.023850558325648308,
        "LogLoss": 1.098393440246582,
        "AUNU": 0.9422453045845032,
        "micro_ROC-AUC": 0.9560331106185913,
        "AUNP": 0.9548460841178894,
        "AU1U": 0.9388010825700576,
        "AU1P": 0.945532401306042,
        "ROC-AUC_per_class_vs_rest": {
            "4": 0.9667103143861169,
            "3": 0.9872932607420306,
            "0": 0.9339729897599982,
            "2": 0.9371950261288037,
            "1": 0.9579051118325627,
            "5": 0.8703951243950724
        }
    }
}