{
    "classification type": "binary",
    "class balance": "imbalanced",
    "dataset name": "news-sarcasm_imbalanced",
    "class names": [
        0,
        1
    ],
    "model name": "random_forest",
    "index": 0,
    "cv fold": 0,
    "fold info": {
        "train distribution": 819,
        "test distribution": 205,
        "train distribution pct": 21.40057486281683,
        "test distribution pct": 21.42110762800418
    },
    "metrics": {
        "macro_accuracy": 0.8155624270439148,
        "micro_accuracy": 0.8155624270439148,
        "accuracy_per_class": {
            "0": 0.8155624270439148,
            "1": 0.8155624270439148
        },
        "macro_precision": 0.7254846096038818,
        "micro_precision": 0.8155624270439148,
        "precision_per_class": {
            "0": 0.8570281863212585,
            "1": 0.5939409732818604
        },
        "macro_recall": 0.6779542565345764,
        "micro_recall": 0.8155624270439148,
        "recall_per_class": {
            "0": 0.9185701012611389,
            "1": 0.4373384416103363
        },
        "macro_f1": 0.6952410340309143,
        "micro_f1": 0.8155624270439148,
        "f1_per_class": {
            "0": 0.8867326378822327,
            "1": 0.503749430179596
        },
        "MSE": 0.15228332579135895,
        "LogLoss": 8.000699043273926,
        "AUNU": 0.7577304244041443,
        "micro_ROC-AUC": 0.7577304244041443
    }
}