{
    "classification type": "multilabel",
    "class balance": "balanced",
    "dataset name": "stackexcs_trimmed",
    "class names": [
        "tag_algorithms",
        "tag_complexity-theory",
        "tag_formal-languages",
        "tag_graph-theory",
        "tag_terminology",
        "tag_graphs",
        "tag_computability",
        "tag_turing-machines",
        "tag_context-free",
        "tag_regular-languages",
        "tag_automata",
        "tag_formal-grammars",
        "tag_finite-automata"
    ],
    "model name": "logistic_regression",
    "index": 1,
    "cv fold": 0,
    "fold info": {
        "train distribution": [
            93,
            91,
            93,
            90,
            86,
            87,
            88,
            94,
            84,
            86,
            94,
            87,
            89
        ],
        "test distribution": [
            23,
            22,
            23,
            22,
            21,
            21,
            22,
            23,
            21,
            21,
            23,
            21,
            22
        ],
        "train distribution pct": [
            14.553990610328638,
            14.241001564945227,
            14.553990610328638,
            14.084507042253522,
            13.458528951486699,
            13.615023474178404,
            13.77151799687011,
            14.710485133020345,
            13.145539906103288,
            13.458528951486699,
            14.710485133020345,
            13.615023474178404,
            13.928012519561817
        ],
        "test distribution pct": [
            14.374999999999998,
            13.750000000000002,
            14.374999999999998,
            13.750000000000002,
            13.125,
            13.125,
            13.750000000000002,
            14.374999999999998,
            13.125,
            13.125,
            14.374999999999998,
            13.125,
            13.750000000000002
        ]
    },
    "metrics": {
        "macro_accuracy": 0.8617149274083581,
        "micro_accuracy": 0.8617149274083581,
        "accuracy_per_class": {
            "tag_algorithms": 0.8300312825860271,
            "tag_complexity-theory": 0.8467153284671532,
            "tag_formal-languages": 0.8050052137643379,
            "tag_graph-theory": 0.8633993743482794,
            "tag_terminology": 0.8300312825860271,
            "tag_graphs": 0.8602711157455682,
            "tag_computability": 0.8738269030239834,
            "tag_turing-machines": 0.886339937434828,
            "tag_context-free": 0.9061522419186653,
            "tag_regular-languages": 0.8498435870698644,
            "tag_automata": 0.8508863399374348,
            "tag_formal-grammars": 0.9113660062565172,
            "tag_finite-automata": 0.8884254431699687
        },
        "macro_precision": 0.5028977364551707,
        "micro_precision": 0.5026075619295959,
        "precision_per_class": {
            "tag_algorithms": 0.39090909090909093,
            "tag_complexity-theory": 0.4523809523809524,
            "tag_formal-languages": 0.3356164383561644,
            "tag_graph-theory": 0.5128205128205128,
            "tag_terminology": 0.32673267326732675,
            "tag_graphs": 0.47619047619047616,
            "tag_computability": 0.5555555555555556,
            "tag_turing-machines": 0.6148148148148148,
            "tag_context-free": 0.6578947368421053,
            "tag_regular-languages": 0.4322033898305085,
            "tag_automata": 0.4881889763779528,
            "tag_formal-grammars": 0.680327868852459,
            "tag_finite-automata": 0.6140350877192983
        },
        "macro_recall": 0.4456189622215317,
        "micro_recall": 0.44515011547344113,
        "recall_per_class": {
            "tag_algorithms": 0.30935251798561153,
            "tag_complexity-theory": 0.4222222222222222,
            "tag_formal-languages": 0.35251798561151076,
            "tag_graph-theory": 0.44776119402985076,
            "tag_terminology": 0.2578125,
            "tag_graphs": 0.3875968992248062,
            "tag_computability": 0.4166666666666667,
            "tag_turing-machines": 0.5928571428571429,
            "tag_context-free": 0.5952380952380952,
            "tag_regular-languages": 0.3984375,
            "tag_automata": 0.44285714285714284,
            "tag_formal-grammars": 0.6434108527131783,
            "tag_finite-automata": 0.5263157894736842
        },
        "macro_f1": 0.4716697793148142,
        "micro_f1": 0.4721371708511941,
        "f1_per_class": {
            "tag_algorithms": 0.3453815261044177,
            "tag_complexity-theory": 0.4367816091954023,
            "tag_formal-languages": 0.34385964912280703,
            "tag_graph-theory": 0.47808764940239046,
            "tag_terminology": 0.28820960698689957,
            "tag_graphs": 0.42735042735042733,
            "tag_computability": 0.47619047619047616,
            "tag_turing-machines": 0.6036363636363636,
            "tag_context-free": 0.625,
            "tag_regular-languages": 0.4146341463414634,
            "tag_automata": 0.46441947565543074,
            "tag_formal-grammars": 0.6613545816733067,
            "tag_finite-automata": 0.5668016194331984
        },
        "MSE": 0.11574041098356247,
        "LogLoss": 0.8179709315299988,
        "AUNU": 0.8082519173622131,
        "micro_ROC-AUC": 0.8087372779846191,
        "AUNP": 0.8080165386199951,
        "ROC-AUC_per_class_vs_rest": {
            "tag_algorithms": 0.7487453939287594,
            "tag_complexity-theory": 0.7664104638619201,
            "tag_formal-languages": 0.7304614844709598,
            "tag_graph-theory": 0.8530890999547717,
            "tag_terminology": 0.6915660725030085,
            "tag_graphs": 0.7788829737554871,
            "tag_computability": 0.8447977355172035,
            "tag_turing-machines": 0.8773329844758417,
            "tag_context-free": 0.8827673926713542,
            "tag_regular-languages": 0.7755480971720817,
            "tag_automata": 0.8117870225013082,
            "tag_formal-grammars": 0.8981694218735407,
            "tag_finite-automata": 0.847717052922864
        }
    }
}