{
    "classification type": "multilabel",
    "class balance": "balanced",
    "dataset name": "imdb_balanced",
    "class names": [
        "Romance",
        "Thriller",
        "Action",
        "Crime",
        "Family",
        "Horror",
        "Adventure"
    ],
    "model name": "logistic_regression",
    "index": 0,
    "cv fold": 1,
    "fold info": {
        "train distribution": [
            6378,
            6376,
            6376,
            6377,
            6378,
            6377,
            6377
        ],
        "test distribution": [
            1595,
            1595,
            1595,
            1595,
            1595,
            1595,
            1594
        ],
        "train distribution pct": [
            21.957517127414192,
            21.950631734774674,
            21.950631734774674,
            21.954074431094433,
            21.957517127414192,
            21.954074431094433,
            21.954074431094433
        ],
        "test distribution pct": [
            22.0,
            22.0,
            22.0,
            22.0,
            22.0,
            22.0,
            21.986206896551725
        ]
    },
    "metrics": {
        "macro_accuracy": 0.7801033744079554,
        "micro_accuracy": 0.7801033744079555,
        "accuracy_per_class": {
            "Romance": 0.7734901637089008,
            "Thriller": 0.772871096436924,
            "Action": 0.7864905764204154,
            "Crime": 0.7783051313798321,
            "Family": 0.7779612051176228,
            "Horror": 0.7818131792543679,
            "Adventure": 0.7897922685376255
        },
        "macro_precision": 0.47073479249792705,
        "micro_precision": 0.49287169042769857,
        "precision_per_class": {
            "Romance": 0.3505747126436782,
            "Thriller": 0.35170603674540685,
            "Action": 0.5660964230171073,
            "Crime": 0.4540540540540541,
            "Family": 0.4688,
            "Horror": 0.509895227008149,
            "Adventure": 0.594017094017094
        },
        "macro_recall": 0.08673255400310408,
        "micro_recall": 0.08673057969715975,
        "recall_per_class": {
            "Romance": 0.03825650674192537,
            "Thriller": 0.04201944183129508,
            "Action": 0.11414236437754782,
            "Crime": 0.05268109125117592,
            "Family": 0.09187833176544372,
            "Horror": 0.13734713076199437,
            "Adventure": 0.1308030112923463
        },
        "macro_f1": 0.14469803216496804,
        "micro_f1": 0.14750476190476192,
        "f1_per_class": {
            "Romance": 0.06898501554990105,
            "Thriller": 0.07507002801120448,
            "Action": 0.18997912317327767,
            "Crime": 0.09440854172520372,
            "Family": 0.15364446775039328,
            "Horror": 0.21640316205533597,
            "Adventure": 0.21439588688946015
        },
        "MSE": 0.16624151170253754,
        "LogLoss": 0.514096736907959,
        "AUNU": 0.6241289377212524,
        "micro_ROC-AUC": 0.6262674927711487,
        "AUNP": 0.6241287589073181,
        "ROC-AUC_per_class_vs_rest": {
            "Romance": 0.6145719625416264,
            "Thriller": 0.601874322311521,
            "Action": 0.6237395508908732,
            "Crime": 0.5753279298681826,
            "Family": 0.6468030013626507,
            "Horror": 0.6779458565397991,
            "Adventure": 0.6286399162055947
        }
    }
}