{
    "classification type": "multilabel",
    "class balance": "balanced",
    "dataset name": "slashdot_trimmed",
    "class names": [
        "YourRightsOnline",
        "Technology",
        "Science",
        "Idle",
        "Games",
        "AskSlashdot",
        "IT",
        "Politics"
    ],
    "model name": "random_forest",
    "index": 0,
    "cv fold": 1,
    "fold info": {
        "train distribution": [
            188,
            187,
            185,
            184,
            184,
            170,
            156,
            153
        ],
        "test distribution": [
            47,
            47,
            46,
            46,
            46,
            42,
            39,
            38
        ],
        "train distribution pct": [
            14.908802537668517,
            14.829500396510706,
            14.670896114195084,
            14.591593973037273,
            14.591593973037273,
            13.481363996827914,
            12.371134020618557,
            12.133227597145122
        ],
        "test distribution pct": [
            14.968152866242038,
            14.968152866242038,
            14.64968152866242,
            14.64968152866242,
            14.64968152866242,
            13.375796178343949,
            12.420382165605096,
            12.101910828025478
        ]
    },
    "metrics": {
        "macro_accuracy": 0.8899791852512637,
        "micro_accuracy": 0.8899791852512637,
        "accuracy_per_class": {
            "YourRightsOnline": 0.8729309148577659,
            "Technology": 0.8354643671325206,
            "Science": 0.87977004658539,
            "Idle": 0.9350778075131331,
            "Games": 0.9404301714738824,
            "AskSlashdot": 0.8769947467538903,
            "IT": 0.8650014867677669,
            "Politics": 0.9141639409257607
        },
        "macro_precision": 0.624061737008658,
        "micro_precision": 0.6593598708983325,
        "precision_per_class": {
            "YourRightsOnline": 0.6272935779816514,
            "Technology": 0.3812316715542522,
            "Science": 0.6405090137857901,
            "Idle": 0.7784594410361282,
            "Games": 0.8596201486374897,
            "AskSlashdot": 0.5636766334440753,
            "IT": 0.4056291390728477,
            "Politics": 0.7360742705570292
        },
        "macro_recall": 0.43184931723814585,
        "micro_recall": 0.4358222222222222,
        "recall_per_class": {
            "YourRightsOnline": 0.3636968085106383,
            "Technology": 0.17356475300400534,
            "Science": 0.40866035182679294,
            "Idle": 0.7758152173913043,
            "Games": 0.7072010869565217,
            "AskSlashdot": 0.3753687315634218,
            "IT": 0.19631410256410256,
            "Politics": 0.4541734860883797
        },
        "macro_f1": 0.5035038611157334,
        "micro_f1": 0.5247779085946698,
        "f1_per_class": {
            "YourRightsOnline": 0.4604377104377104,
            "Technology": 0.23853211009174313,
            "Science": 0.4989673688558447,
            "Idle": 0.7771350799591698,
            "Games": 0.7759970182631383,
            "AskSlashdot": 0.45064187693669766,
            "IT": 0.26457883369330454,
            "Politics": 0.5617408906882592
        },
        "MSE": 0.09483315795660019,
        "LogLoss": 4.266578197479248,
        "AUNU": 0.7843868136405945,
        "micro_ROC-AUC": 0.79189532995224,
        "AUNP": 0.7856048345565796,
        "ROC-AUC_per_class_vs_rest": {
            "YourRightsOnline": 0.7631319006431306,
            "Technology": 0.6577207121620586,
            "Science": 0.7900704939036187,
            "Idle": 0.8918175837954296,
            "Games": 0.9062093589643325,
            "AskSlashdot": 0.7711520520103619,
            "IT": 0.6944441272306474,
            "Politics": 0.8005482731996771
        }
    }
}