{
    "classification type": "multilabel",
    "class balance": "imbalanced",
    "dataset name": "tmc2007500_imbalanced",
    "class names": [
        "class13",
        "class07",
        "class01",
        "class14",
        "class18",
        "class10"
    ],
    "model name": "decision_tree",
    "index": 2,
    "cv fold": 3,
    "fold info": {
        "train distribution": [
            2208,
            1787,
            1468,
            894,
            557,
            328
        ],
        "test distribution": [
            552,
            446,
            367,
            224,
            140,
            81
        ],
        "train distribution pct": [
            34.864992894362864,
            28.217274593399654,
            23.180167377230383,
            14.116532449076265,
            8.795199747355124,
            5.1792199589452075
        ],
        "test distribution pct": [
            35.003170577045026,
            28.28154724159797,
            23.272035510462903,
            14.204185161699428,
            8.877615726062144,
            5.136334812935954
        ]
    },
    "metrics": {
        "macro_accuracy": 0.9303741044510002,
        "micro_accuracy": 0.9303741044510001,
        "accuracy_per_class": {
            "class13": 0.8742989593801667,
            "class07": 0.8982396991603722,
            "class01": 0.9672901740850002,
            "class14": 0.9411450059973417,
            "class18": 0.9493791940869453,
            "class10": 0.9518915939961746
        },
        "macro_precision": 0.7829876263996071,
        "micro_precision": 0.8341805930320965,
        "precision_per_class": {
            "class13": 0.8417109115268199,
            "class07": 0.8201782121299224,
            "class01": 0.929025054086119,
            "class14": 0.819884364002011,
            "class18": 0.7421515278359146,
            "class10": 0.5449756888168558
        },
        "macro_recall": 0.7264915086968978,
        "micro_recall": 0.792510551511203,
        "recall_per_class": {
            "class13": 0.7879505759940543,
            "class07": 0.8191422173738302,
            "class01": 0.9300635785649409,
            "class14": 0.747964682949203,
            "class18": 0.6521979032554718,
            "class10": 0.4216300940438871
        },
        "macro_f1": 0.7525215082287842,
        "micro_f1": 0.8128118531430439,
        "f1_per_class": {
            "class13": 0.8139440032628775,
            "class07": 0.819659887395151,
            "class01": 0.9295440262551498,
            "class14": 0.782274989506506,
            "class18": 0.694273127753304,
            "class10": 0.4754330151997172
        },
        "MSE": 0.059710193425416946,
        "LogLoss": 2.8878016471862793,
        "AUNU": 0.8926687240600586,
        "micro_ROC-AUC": 0.9151110649108887,
        "AUNP": 0.9055178761482239,
        "ROC-AUC_per_class_vs_rest": {
            "class13": 0.8870321324483696,
            "class07": 0.9094304708935106,
            "class01": 0.960991742954638,
            "class14": 0.9035882379154572,
            "class18": 0.8712048092409299,
            "class10": 0.8237650443856798
        }
    }
}