{
  "dataset_name": "mfeat-karhunen_balanced",
  "classification_type": "multiclass",
  "class_balance": "balanced",
  "correlation_type": "spearman",
  "correlation_matrix": {
    "macro_accuracy": {
      "macro_accuracy": 1.0,
      "micro_accuracy": 0.9999969995694383,
      "macro_precision": 0.9999429933227061,
      "micro_precision": 0.9999969995694383,
      "macro_recall": 0.999987998511815,
      "micro_recall": 0.9999969995694383,
      "macro_f1": 0.9999669962270629,
      "micro_f1": 0.9999969995694383,
      "MSE": -0.8025791122495722,
      "LogLoss": -0.9759100853355398,
      "AUNU": 0.9781003503580905,
      "micro_ROC-AUC": 0.9792104846845888
    },
    "micro_accuracy": {
      "macro_accuracy": 0.9999969995694383,
      "micro_accuracy": 1.0,
      "macro_precision": 0.9999519943353194,
      "micro_precision": 1.0,
      "macro_recall": 0.9999849981172629,
      "micro_recall": 1.0,
      "macro_f1": 0.9999759973116955,
      "micro_f1": 1.0,
      "MSE": -0.8026595300129162,
      "LogLoss": -0.976003024656181,
      "AUNU": 0.9781992969945836,
      "micro_ROC-AUC": 0.979291432419691
    },
    "macro_precision": {
      "macro_accuracy": 0.9999429933227061,
      "micro_accuracy": 0.9999519943353194,
      "macro_precision": 1.0,
      "micro_precision": 0.9999519943353194,
      "macro_recall": 0.9999549951349724,
      "micro_recall": 0.9999519943353194,
      "macro_f1": 0.9999519951995199,
      "micro_f1": 0.9999519943353194,
      "MSE": -0.8027842784278428,
      "LogLoss": -0.9762616261626162,
      "AUNU": 0.9784578457845785,
      "micro_ROC-AUC": 0.9795259525952595
    },
    "micro_precision": {
      "macro_accuracy": 0.9999969995694383,
      "micro_accuracy": 1.0,
      "macro_precision": 0.9999519943353194,
      "micro_precision": 1.0,
      "macro_recall": 0.9999849981172629,
      "micro_recall": 1.0,
      "macro_f1": 0.9999759973116955,
      "micro_f1": 1.0,
      "MSE": -0.8026595300129162,
      "LogLoss": -0.976003024656181,
      "AUNU": 0.9781992969945836,
      "micro_ROC-AUC": 0.979291432419691
    },
    "macro_recall": {
      "macro_accuracy": 0.999987998511815,
      "micro_accuracy": 0.9999849981172629,
      "macro_precision": 0.9999549951349724,
      "micro_precision": 0.9999849981172629,
      "macro_recall": 1.0,
      "micro_recall": 0.9999849981172629,
      "macro_f1": 0.9999669964431155,
      "micro_f1": 0.9999849981172629,
      "MSE": -0.8027675016902,
      "LogLoss": -0.9761624017413287,
      "AUNU": 0.9783526404774398,
      "micro_ROC-AUC": 0.9794747627888171
    },
    "micro_recall": {
      "macro_accuracy": 0.9999969995694383,
      "micro_accuracy": 1.0,
      "macro_precision": 0.9999519943353194,
      "micro_precision": 1.0,
      "macro_recall": 0.9999849981172629,
      "micro_recall": 1.0,
      "macro_f1": 0.9999759973116955,
      "micro_f1": 1.0,
      "MSE": -0.8026595300129162,
      "LogLoss": -0.976003024656181,
      "AUNU": 0.9781992969945836,
      "micro_ROC-AUC": 0.979291432419691
    },
    "macro_f1": {
      "macro_accuracy": 0.9999669962270629,
      "micro_accuracy": 0.9999759973116955,
      "macro_precision": 0.9999519951995199,
      "micro_precision": 0.9999759973116955,
      "macro_recall": 0.9999669964431155,
      "micro_recall": 0.9999759973116955,
      "macro_f1": 1.0,
      "micro_f1": 0.9999759973116955,
      "MSE": -0.8027962796279628,
      "LogLoss": -0.9761896189618962,
      "AUNU": 0.9784458445844585,
      "micro_ROC-AUC": 0.9795019501950195
    },
    "micro_f1": {
      "macro_accuracy": 0.9999969995694383,
      "micro_accuracy": 1.0,
      "macro_precision": 0.9999519943353194,
      "micro_precision": 1.0,
      "macro_recall": 0.9999849981172629,
      "micro_recall": 1.0,
      "macro_f1": 0.9999759973116955,
      "micro_f1": 1.0,
      "MSE": -0.8026595300129162,
      "LogLoss": -0.976003024656181,
      "AUNU": 0.9781992969945836,
      "micro_ROC-AUC": 0.979291432419691
    },
    "MSE": {
      "macro_accuracy": -0.8025791122495722,
      "micro_accuracy": -0.8026595300129162,
      "macro_precision": -0.8027842784278428,
      "micro_precision": -0.8026595300129162,
      "macro_recall": -0.8027675016902,
      "micro_recall": -0.8026595300129162,
      "macro_f1": -0.8027962796279628,
      "micro_f1": -0.8026595300129162,
      "MSE": 1.0,
      "LogLoss": 0.8627782778277828,
      "AUNU": -0.8080888088808881,
      "micro_ROC-AUC": -0.81002100210021
    },
    "LogLoss": {
      "macro_accuracy": -0.9759100853355398,
      "micro_accuracy": -0.976003024656181,
      "macro_precision": -0.9762616261626162,
      "micro_precision": -0.976003024656181,
      "macro_recall": -0.9761624017413287,
      "micro_recall": -0.976003024656181,
      "macro_f1": -0.9761896189618962,
      "micro_f1": -0.976003024656181,
      "MSE": 0.8627782778277828,
      "LogLoss": 1.0,
      "AUNU": -0.9861386138613861,
      "micro_ROC-AUC": -0.9873147314731473
    },
    "AUNU": {
      "macro_accuracy": 0.9781003503580905,
      "micro_accuracy": 0.9781992969945836,
      "macro_precision": 0.9784578457845785,
      "micro_precision": 0.9781992969945836,
      "macro_recall": 0.9783526404774398,
      "micro_recall": 0.9781992969945836,
      "macro_f1": 0.9784458445844585,
      "micro_f1": 0.9781992969945836,
      "MSE": -0.8080888088808881,
      "LogLoss": -0.9861386138613861,
      "AUNU": 1.0,
      "micro_ROC-AUC": 0.9996759675967597
    },
    "micro_ROC-AUC": {
      "macro_accuracy": 0.9792104846845888,
      "micro_accuracy": 0.979291432419691,
      "macro_precision": 0.9795259525952595,
      "micro_precision": 0.979291432419691,
      "macro_recall": 0.9794747627888171,
      "micro_recall": 0.979291432419691,
      "macro_f1": 0.9795019501950195,
      "micro_f1": 0.979291432419691,
      "MSE": -0.81002100210021,
      "LogLoss": -0.9873147314731473,
      "AUNU": 0.9996759675967597,
      "micro_ROC-AUC": 1.0
    }
  }
}