{
    "classification type": "multilabel",
    "class balance": "balanced",
    "dataset name": "emotions_trimmed",
    "class names": [
        "angry-aggresive",
        "relaxing-calm",
        "amazed-suprised",
        "happy-pleased",
        "quiet-still",
        "sad-lonely"
    ],
    "model name": "random_forest",
    "index": 0,
    "cv fold": 3,
    "fold info": {
        "train distribution": [
            143,
            142,
            133,
            119,
            118,
            117
        ],
        "test distribution": [
            36,
            35,
            33,
            29,
            30,
            29
        ],
        "train distribution pct": [
            35.75,
            35.5,
            33.25,
            29.75,
            29.5,
            29.25
        ],
        "test distribution pct": [
            36.0,
            35.0,
            33.0,
            28.999999999999996,
            30.0,
            28.999999999999996
        ]
    },
    "metrics": {
        "macro_accuracy": 0.7688993341167255,
        "micro_accuracy": 0.7688993341167254,
        "accuracy_per_class": {
            "angry-aggresive": 0.7673325499412456,
            "relaxing-calm": 0.7306110458284372,
            "amazed-suprised": 0.7188601645123385,
            "happy-pleased": 0.7029964747356052,
            "quiet-still": 0.8915981198589894,
            "sad-lonely": 0.8019976498237368
        },
        "macro_precision": 0.6534177076664777,
        "micro_precision": 0.6629932456452187,
        "precision_per_class": {
            "angry-aggresive": 0.6833477135461605,
            "relaxing-calm": 0.6326530612244898,
            "amazed-suprised": 0.5908607863974495,
            "happy-pleased": 0.49683544303797467,
            "quiet-still": 0.8288659793814434,
            "sad-lonely": 0.6879432624113475
        },
        "macro_recall": 0.5679210670458422,
        "micro_recall": 0.5691180958193469,
        "recall_per_class": {
            "angry-aggresive": 0.6507806080525883,
            "relaxing-calm": 0.5669160432252701,
            "amazed-suprised": 0.4929078014184397,
            "happy-pleased": 0.3118172790466733,
            "quiet-still": 0.7984111221449851,
            "sad-lonely": 0.5866935483870968
        },
        "macro_f1": 0.6053198013458899,
        "micro_f1": 0.6124794745484401,
        "f1_per_class": {
            "angry-aggresive": 0.6666666666666666,
            "relaxing-calm": 0.5979833406400702,
            "amazed-suprised": 0.5374577090381827,
            "happy-pleased": 0.38316046369737644,
            "quiet-still": 0.8133535660091047,
            "sad-lonely": 0.6332970620239391
        },
        "MSE": 0.18336820602416992,
        "LogLoss": 8.069897651672363,
        "AUNU": 0.7597053050994873,
        "micro_ROC-AUC": 0.7677491307258606,
        "AUNP": 0.7589091062545776,
        "ROC-AUC_per_class_vs_rest": {
            "angry-aggresive": 0.7719289940294839,
            "relaxing-calm": 0.747563923751125,
            "amazed-suprised": 0.71687061411709,
            "happy-pleased": 0.6581640241297981,
            "quiet-still": 0.8891795810635522,
            "sad-lonely": 0.7745245546461242
        }
    }
}