{
    "classification type": "multiclass",
    "class balance": "imbalanced",
    "dataset name": "gas-drift_imbalanced",
    "class names": [
        3,
        2,
        0,
        4,
        1
    ],
    "model name": "knn",
    "index": 1,
    "cv fold": 2,
    "fold info": {
        "train distribution": 3150,
        "test distribution": 783,
        "train distribution pct": 243.05555555555554,
        "test distribution pct": 241.66666666666666
    },
    "metrics": {
        "macro_accuracy": 0.9946452379226685,
        "micro_accuracy": 0.9946452379226685,
        "accuracy_per_class": {
            "3": 0.9990703463554382,
            "2": 0.9956864714622498,
            "0": 0.9907407164573669,
            "4": 0.9907035827636719,
            "1": 0.9970251321792603
        },
        "macro_precision": 0.9879341125488281,
        "micro_precision": 0.9866130948066711,
        "precision_per_class": {
            "3": 0.9951429963111877,
            "2": 0.985875129699707,
            "0": 0.9829503297805786,
            "4": 0.9851464033126831,
            "1": 0.9905555844306946
        },
        "macro_recall": 0.9871389269828796,
        "micro_recall": 0.9866130948066711,
        "recall_per_class": {
            "3": 0.9913978576660156,
            "2": 0.9903351664543152,
            "0": 0.9712507128715515,
            "4": 0.988102912902832,
            "1": 0.99460768699646
        },
        "macro_f1": 0.987526535987854,
        "micro_f1": 0.9866130948066711,
        "f1_per_class": {
            "3": 0.9932668805122375,
            "2": 0.9881001114845276,
            "0": 0.9770655035972595,
            "4": 0.9866224527359009,
            "1": 0.9925774931907654
        },
        "Kappa": 0.9824029207229614,
        "MSE": 0.005322606768459082,
        "LogLoss": 0.20454736053943634,
        "AUNU": 0.9925536513328552,
        "micro_ROC-AUC": 0.9926366806030273,
        "AUNP": 0.992124617099762,
        "AU1U": 0.9926645429097645,
        "AU1P": 0.9924693876348142,
        "ROC-AUC_per_class_vs_rest": {
            "3": 0.9954897730904442,
            "2": 0.9917661534656422,
            "0": 0.9872595382851055,
            "4": 0.9922564375509678,
            "1": 0.9959962806959779
        }
    }
}