{
  "dataset_name": "yelp_balanced",
  "classification_type": "multilabel",
  "class_balance": "balanced",
  "correlation_type": "pearson",
  "correlation_matrix": {
    "macro_accuracy": {
      "macro_accuracy": 1.0,
      "micro_accuracy": 1.0000000000000049,
      "macro_precision": 0.6218258561749641,
      "micro_precision": 0.627506329674044,
      "macro_recall": 0.7360667402869344,
      "micro_recall": 0.7336033909967761,
      "macro_f1": 0.9168919351707482,
      "micro_f1": 0.9087320897180428,
      "MSE": -0.8958341444806621,
      "LogLoss": -0.8717264478490716,
      "AUNU": 0.8581895389235714,
      "micro_ROC-AUC": 0.8339927165964223
    },
    "micro_accuracy": {
      "macro_accuracy": 1.0000000000000049,
      "micro_accuracy": 1.0,
      "macro_precision": 0.6218258561749638,
      "micro_precision": 0.6275063296740435,
      "macro_recall": 0.7360667402869265,
      "micro_recall": 0.7336033909967675,
      "macro_f1": 0.9168919351707431,
      "micro_f1": 0.9087320897180376,
      "MSE": -0.8958341444806633,
      "LogLoss": -0.8717264478490736,
      "AUNU": 0.8581895389235722,
      "micro_ROC-AUC": 0.8339927165964228
    },
    "macro_precision": {
      "macro_accuracy": 0.6218258561749641,
      "micro_accuracy": 0.6218258561749638,
      "macro_precision": 1.0,
      "micro_precision": 0.9998199623615451,
      "macro_recall": 0.055686735112600465,
      "micro_recall": 0.06249276183415234,
      "macro_f1": 0.8060528508198814,
      "micro_f1": 0.8104923675545259,
      "MSE": -0.8807858017099743,
      "LogLoss": -0.8982455895041731,
      "AUNU": 0.9115197308036966,
      "micro_ROC-AUC": 0.9282655430839375
    },
    "micro_precision": {
      "macro_accuracy": 0.627506329674044,
      "micro_accuracy": 0.6275063296740435,
      "macro_precision": 0.9998199623615451,
      "micro_precision": 1.0,
      "macro_recall": 0.06920130422505481,
      "micro_recall": 0.07604072056679939,
      "macro_f1": 0.81387210434915,
      "micro_f1": 0.8184317853453326,
      "MSE": -0.8861694878083457,
      "LogLoss": -0.9033881675292261,
      "AUNU": 0.9168977271225319,
      "micro_ROC-AUC": 0.9334365419408052
    },
    "macro_recall": {
      "macro_accuracy": 0.7360667402869344,
      "micro_accuracy": 0.7360667402869265,
      "macro_precision": 0.055686735112600465,
      "micro_precision": 0.06920130422505481,
      "macro_recall": 1.0,
      "micro_recall": 0.9996389698289174,
      "macro_f1": 0.635769970898778,
      "micro_f1": 0.6296397147472413,
      "MSE": -0.4784905029928165,
      "LogLoss": -0.43692897266267533,
      "AUNU": 0.4328513467494565,
      "micro_ROC-AUC": 0.40034126098047706
    },
    "micro_recall": {
      "macro_accuracy": 0.7336033909967761,
      "micro_accuracy": 0.7336033909967675,
      "macro_precision": 0.06249276183415234,
      "micro_precision": 0.07604072056679939,
      "macro_recall": 0.9996389698289174,
      "micro_recall": 1.0,
      "macro_f1": 0.6409547206215581,
      "micro_f1": 0.6351728703301176,
      "MSE": -0.47902148051770155,
      "LogLoss": -0.4374278621325453,
      "AUNU": 0.43504425987846046,
      "micro_ROC-AUC": 0.40347348764668706
    },
    "macro_f1": {
      "macro_accuracy": 0.9168919351707482,
      "micro_accuracy": 0.9168919351707431,
      "macro_precision": 0.8060528508198814,
      "micro_precision": 0.81387210434915,
      "macro_recall": 0.635769970898778,
      "micro_recall": 0.6409547206215581,
      "macro_f1": 1.0,
      "micro_f1": 0.9997965364251936,
      "MSE": -0.963433119541612,
      "LogLoss": -0.9521353528598391,
      "AUNU": 0.9602361504984864,
      "micro_ROC-AUC": 0.9540056955306
    },
    "micro_f1": {
      "macro_accuracy": 0.9087320897180428,
      "micro_accuracy": 0.9087320897180376,
      "macro_precision": 0.8104923675545259,
      "micro_precision": 0.8184317853453326,
      "macro_recall": 0.6296397147472413,
      "micro_recall": 0.6351728703301176,
      "macro_f1": 0.9997965364251936,
      "micro_f1": 1.0,
      "MSE": -0.962268292515662,
      "LogLoss": -0.9516131587014984,
      "AUNU": 0.9607588245085511,
      "micro_ROC-AUC": 0.9553999760054628
    },
    "MSE": {
      "macro_accuracy": -0.8958341444806621,
      "micro_accuracy": -0.8958341444806633,
      "macro_precision": -0.8807858017099743,
      "micro_precision": -0.8861694878083457,
      "macro_recall": -0.4784905029928165,
      "micro_recall": -0.47902148051770155,
      "macro_f1": -0.963433119541612,
      "micro_f1": -0.962268292515662,
      "MSE": 1.0,
      "LogLoss": 0.9985604122890287,
      "AUNU": -0.9960485866026877,
      "micro_ROC-AUC": -0.9903558095357687
    },
    "LogLoss": {
      "macro_accuracy": -0.8717264478490716,
      "micro_accuracy": -0.8717264478490736,
      "macro_precision": -0.8982455895041731,
      "micro_precision": -0.9033881675292261,
      "macro_recall": -0.43692897266267533,
      "micro_recall": -0.4374278621325453,
      "macro_f1": -0.9521353528598391,
      "micro_f1": -0.9516131587014984,
      "MSE": 0.9985604122890287,
      "LogLoss": 1.0,
      "AUNU": -0.9978921012571212,
      "micro_ROC-AUC": -0.9941002178662335
    },
    "AUNU": {
      "macro_accuracy": 0.8581895389235714,
      "micro_accuracy": 0.8581895389235722,
      "macro_precision": 0.9115197308036966,
      "micro_precision": 0.9168977271225319,
      "macro_recall": 0.4328513467494565,
      "micro_recall": 0.43504425987846046,
      "macro_f1": 0.9602361504984864,
      "micro_f1": 0.9607588245085511,
      "MSE": -0.9960485866026877,
      "LogLoss": -0.9978921012571212,
      "AUNU": 1.0,
      "micro_ROC-AUC": 0.9987127710494688
    },
    "micro_ROC-AUC": {
      "macro_accuracy": 0.8339927165964223,
      "micro_accuracy": 0.8339927165964228,
      "macro_precision": 0.9282655430839375,
      "micro_precision": 0.9334365419408052,
      "macro_recall": 0.40034126098047706,
      "micro_recall": 0.40347348764668706,
      "macro_f1": 0.9540056955306,
      "micro_f1": 0.9553999760054628,
      "MSE": -0.9903558095357687,
      "LogLoss": -0.9941002178662335,
      "AUNU": 0.9987127710494688,
      "micro_ROC-AUC": 1.0
    }
  }
}