{
    "classification type": "multilabel",
    "class balance": "balanced",
    "dataset name": "tmc2007500_balanced",
    "class names": [
        "class13",
        "class07",
        "class01",
        "class14",
        "class18",
        "class10"
    ],
    "model name": "knn",
    "index": 3,
    "cv fold": 2,
    "fold info": {
        "train distribution": [
            1252,
            1253,
            1253,
            1253,
            1190,
            1183
        ],
        "test distribution": [
            313,
            313,
            313,
            313,
            297,
            296
        ],
        "train distribution pct": [
            19.835234474017742,
            19.8510773130545,
            19.8510773130545,
            19.8510773130545,
            18.85297845373891,
            18.74207858048162
        ],
        "test distribution pct": [
            19.586983729662077,
            19.586983729662077,
            19.586983729662077,
            19.586983729662077,
            18.585732165206508,
            18.523153942428035
        ]
    },
    "metrics": {
        "macro_accuracy": 0.884419641290232,
        "micro_accuracy": 0.884419641290232,
        "accuracy_per_class": {
            "class13": 0.8222947597486926,
            "class07": 0.9043908602716647,
            "class01": 0.9525815169702713,
            "class14": 0.9142887227545541,
            "class18": 0.870134428415991,
            "class10": 0.8428275595802183
        },
        "macro_precision": 0.8557173315209025,
        "micro_precision": 0.8536457238915739,
        "precision_per_class": {
            "class13": 0.8702983138780804,
            "class07": 0.7612556053811659,
            "class01": 0.9378831221904372,
            "class14": 0.9189614476789929,
            "class18": 0.7990586531498913,
            "class10": 0.8468468468468469
        },
        "macro_recall": 0.48573313763768416,
        "micro_recall": 0.4891337065799771,
        "recall_per_class": {
            "class13": 0.11909833155839546,
            "class07": 0.7528827390455917,
            "class01": 0.814262905800958,
            "class14": 0.6216072378924961,
            "class18": 0.41236920777279523,
            "class10": 0.19417840375586853
        },
        "macro_f1": 0.5732975612308755,
        "micro_f1": 0.621914348042405,
        "f1_per_class": {
            "class13": 0.20952380952380953,
            "class07": 0.7570460221191581,
            "class01": 0.8717120881207863,
            "class14": 0.7415873015873016,
            "class18": 0.543998028099581,
            "class10": 0.31591811793461655
        },
        "MSE": 0.08388859778642654,
        "LogLoss": 1.1195344924926758,
        "AUNU": 0.9063129425048828,
        "micro_ROC-AUC": 0.9059423208236694,
        "AUNP": 0.9067386388778687,
        "ROC-AUC_per_class_vs_rest": {
            "class13": 0.8055639383067408,
            "class07": 0.9460326822745473,
            "class01": 0.9767102916557004,
            "class14": 0.9409564992230959,
            "class18": 0.9103520069876011,
            "class10": 0.8582621325813814
        }
    }
}