{
    "classification type": "binary",
    "class balance": "imbalanced",
    "dataset name": "news-sarcasm_imbalanced",
    "class names": [
        0,
        1
    ],
    "model name": "decision_tree",
    "index": 0,
    "cv fold": 2,
    "fold info": {
        "train distribution": 819,
        "test distribution": 205,
        "train distribution pct": 21.40057486281683,
        "test distribution pct": 21.42110762800418
    },
    "metrics": {
        "macro_accuracy": 0.84356689453125,
        "micro_accuracy": 0.84356689453125,
        "accuracy_per_class": {
            "0": 0.84356689453125,
            "1": 0.84356689453125
        },
        "macro_precision": 0.7922751903533936,
        "micro_precision": 0.84356689453125,
        "precision_per_class": {
            "0": 0.86142897605896,
            "1": 0.7231214046478271
        },
        "macro_recall": 0.6953853964805603,
        "micro_recall": 0.84356689453125,
        "recall_per_class": {
            "0": 0.954502284526825,
            "1": 0.43626853823661804
        },
        "macro_f1": 0.724894642829895,
        "micro_f1": 0.84356689453125,
        "f1_per_class": {
            "0": 0.905580461025238,
            "1": 0.544208824634552
        },
        "MSE": 0.11779755353927612,
        "LogLoss": 2.0460963249206543,
        "AUNU": 0.8333051204681396,
        "micro_ROC-AUC": 0.8333051204681396
    }
}