{
    "classification type": "multiclass",
    "class balance": "balanced",
    "dataset name": "ag-news_balanced",
    "class names": [
        1,
        3,
        0,
        2
    ],
    "model name": "knn",
    "index": 2,
    "cv fold": 1,
    "fold info": {
        "train distribution": 5760,
        "test distribution": 1440,
        "train distribution pct": 150.0,
        "test distribution pct": 150.0
    },
    "metrics": {
        "macro_accuracy": 0.8661398887634277,
        "micro_accuracy": 0.866139829158783,
        "accuracy_per_class": {
            "1": 0.8628352284431458,
            "3": 0.907052218914032,
            "0": 0.8472222089767456,
            "2": 0.8474497199058533
        },
        "macro_precision": 0.7329107522964478,
        "micro_precision": 0.7322797179222107,
        "precision_per_class": {
            "1": 0.7027015686035156,
            "3": 0.8200673460960388,
            "0": 0.7086330652236938,
            "2": 0.7002410888671875
        },
        "macro_recall": 0.7322796583175659,
        "micro_recall": 0.7322797179222107,
        "recall_per_class": {
            "1": 0.7823275923728943,
            "3": 0.8047892451286316,
            "0": 0.6604406237602234,
            "2": 0.681561291217804
        },
        "macro_f1": 0.7317999601364136,
        "micro_f1": 0.7322797179222107,
        "f1_per_class": {
            "1": 0.740379810333252,
            "3": 0.8123564720153809,
            "0": 0.6836886405944824,
            "2": 0.6907749176025391
        },
        "Kappa": 0.6430396437644958,
        "MSE": 0.10931126773357391,
        "LogLoss": 2.692580461502075,
        "AUNU": 0.8515222668647766,
        "micro_ROC-AUC": 0.8526149392127991,
        "AUNP": 0.8515222668647766,
        "AU1U": 0.8515222513638415,
        "AU1P": 0.8515222513638415,
        "ROC-AUC_per_class_vs_rest": {
            "1": 0.8645583395110661,
            "3": 0.8954725759127142,
            "0": 0.8178138934304401,
            "2": 0.828244196601146
        }
    }
}