{
    "classification type": "multiclass",
    "class balance": "imbalanced",
    "dataset name": "irish-times_imbalanced",
    "class names": [
        0,
        10,
        1,
        8,
        5,
        9,
        2,
        13,
        6,
        7,
        4,
        14,
        3,
        16,
        15,
        18,
        11,
        12,
        19,
        17
    ],
    "model name": "logistic_regression",
    "index": 3,
    "cv fold": 3,
    "fold info": {
        "train distribution": 120118,
        "test distribution": 30049,
        "train distribution pct": 944.3238993710692,
        "test distribution pct": 944.9371069182391
    },
    "metrics": {
        "macro_accuracy": 0.9662561416625977,
        "micro_accuracy": 0.9662562012672424,
        "accuracy_per_class": {
            "0": 0.9703906178474426,
            "10": 0.9726415276527405,
            "1": 0.9536577463150024,
            "8": 0.9452002644538879,
            "5": 0.9852863550186157,
            "9": 0.98078453540802,
            "2": 0.9488911032676697,
            "13": 0.9862131476402283,
            "6": 0.986626923084259,
            "7": 0.9581760764122009,
            "4": 0.8771929740905762,
            "14": 0.9894902110099792,
            "3": 0.9917246103286743,
            "16": 0.9568355083465576,
            "15": 0.9788315296173096,
            "18": 0.9835319519042969,
            "11": 0.9788811802864075,
            "12": 0.9866434931755066,
            "19": 0.9829526543617249,
            "17": 0.9111717939376831
        },
        "macro_precision": 0.5898271203041077,
        "micro_precision": 0.6625620722770691,
        "precision_per_class": {
            "0": 0.2991967797279358,
            "10": 0.3727598488330841,
            "1": 0.6489563584327698,
            "8": 0.5308074951171875,
            "5": 0.375,
            "9": 0.687609076499939,
            "2": 0.5595297813415527,
            "13": 0.7731277346611023,
            "6": 0.6695727705955505,
            "7": 0.6856592297554016,
            "4": 0.7648504376411438,
            "14": 0.8493003249168396,
            "3": 0.5725806355476379,
            "16": 0.6651917695999146,
            "15": 0.6049180030822754,
            "18": 0.704807698726654,
            "11": 0.5736284852027893,
            "12": 0.3758389353752136,
            "19": 0.7798475623130798,
            "17": 0.30335891246795654
        },
        "macro_recall": 0.47580742835998535,
        "micro_recall": 0.6625620722770691,
        "recall_per_class": {
            "0": 0.09376966953277588,
            "10": 0.21666666865348816,
            "1": 0.614003598690033,
            "8": 0.7635563015937805,
            "5": 0.13219094276428223,
            "9": 0.2863371968269348,
            "2": 0.6276655197143555,
            "13": 0.667723536491394,
            "6": 0.6416040062904358,
            "7": 0.6426728367805481,
            "4": 0.9389111399650574,
            "14": 0.6144859790802002,
            "3": 0.26492536067962646,
            "16": 0.604882001876831,
            "15": 0.48078176379203796,
            "18": 0.5158339142799377,
            "11": 0.41707488894462585,
            "12": 0.15279673039913177,
            "19": 0.5446481108665466,
            "17": 0.29561856389045715
        },
        "macro_f1": 0.5112619996070862,
        "micro_f1": 0.6625620722770691,
        "f1_per_class": {
            "0": 0.14278869330883026,
            "10": 0.27404478192329407,
            "1": 0.6309962868690491,
            "8": 0.6262558102607727,
            "5": 0.19547511637210846,
            "9": 0.4043098986148834,
            "2": 0.591642439365387,
            "13": 0.716570258140564,
            "6": 0.6552901268005371,
            "7": 0.6634705066680908,
            "4": 0.8429895639419556,
            "14": 0.7130591869354248,
            "3": 0.3622449040412903,
            "16": 0.6336049437522888,
            "15": 0.5357531905174255,
            "18": 0.5956928133964539,
            "11": 0.48298215866088867,
            "12": 0.217264786362648,
            "19": 0.6413649320602417,
            "17": 0.2994387149810791
        },
        "Kappa": 0.58858323097229,
        "MSE": 0.022619904950261116,
        "LogLoss": 1.1914459466934204,
        "AUNU": 0.9213314652442932,
        "micro_ROC-AUC": 0.9530622959136963,
        "AUNP": 0.938669741153717,
        "AU1U": 0.8989760144243343,
        "AU1P": 0.9212608216265993,
        "ROC-AUC_per_class_vs_rest": {
            "0": 0.8008460496316214,
            "10": 0.879287747023473,
            "1": 0.9293012787059122,
            "8": 0.9646984495754634,
            "5": 0.8780551265245433,
            "9": 0.8619430370610487,
            "2": 0.9389021037967499,
            "13": 0.9689308827997971,
            "6": 0.9657440137725622,
            "7": 0.945656748201023,
            "4": 0.9697174724986468,
            "14": 0.9680624447390291,
            "3": 0.914074486793871,
            "16": 0.9451971380101015,
            "15": 0.939533751399169,
            "18": 0.9435060976653441,
            "11": 0.9164442171137372,
            "12": 0.9124842622054008,
            "19": 0.9432676560789665,
            "17": 0.840975746118978
        }
    }
}