{
    "classification type": "binary",
    "class balance": "balanced",
    "dataset name": "santander-customer-satisfaction_balanced",
    "class names": [
        1,
        0
    ],
    "model name": "logistic_regression",
    "index": 3,
    "cv fold": 0,
    "fold info": {
        "train distribution": 16070,
        "test distribution": 4018,
        "train distribution pct": 50.0,
        "test distribution pct": 50.0
    },
    "metrics": {
        "macro_accuracy": 0.7768349051475525,
        "micro_accuracy": 0.7768349051475525,
        "accuracy_per_class": {
            "1": 0.7768349051475525,
            "0": 0.7768349051475525
        },
        "macro_precision": 0.7768427729606628,
        "micro_precision": 0.7768349051475525,
        "precision_per_class": {
            "1": 0.7753655910491943,
            "0": 0.7783199548721313
        },
        "macro_recall": 0.7768348455429077,
        "micro_recall": 0.7768349051475525,
        "recall_per_class": {
            "1": 0.779502809047699,
            "0": 0.7741669416427612
        },
        "macro_f1": 0.7768332958221436,
        "micro_f1": 0.7768349051475525,
        "f1_per_class": {
            "1": 0.7774286866188049,
            "0": 0.7762379050254822
        },
        "MSE": 0.1535305380821228,
        "LogLoss": 0.4690524637699127,
        "AUNU": 0.8577205538749695,
        "micro_ROC-AUC": 0.8577205538749695
    }
}