{
    "classification type": "multilabel",
    "class balance": "balanced",
    "dataset name": "mediamill_balanced",
    "class names": [
        "Class3",
        "Class12",
        "Class17",
        "Class44",
        "Class55",
        "Class57",
        "Class58",
        "Class76",
        "Class79",
        "Class94",
        "Class96",
        "Class97"
    ],
    "model name": "knn",
    "index": 1,
    "cv fold": 2,
    "fold info": {
        "train distribution": [
            1753,
            1808,
            1697,
            1807,
            1662,
            1625,
            1707,
            1800,
            1780,
            1802,
            1802,
            1796
        ],
        "test distribution": [
            438,
            451,
            424,
            451,
            415,
            407,
            426,
            450,
            444,
            450,
            446,
            448
        ],
        "train distribution pct": [
            17.56337040376716,
            18.11441739304679,
            17.002304378318804,
            18.104398356878068,
            16.651638112413586,
            16.280933774170926,
            17.102494740006012,
            18.034265103697024,
            17.833884380322612,
            18.054303176034463,
            18.054303176034463,
            17.994188959022143
        ],
        "test distribution pct": [
            17.257683215130022,
            17.7698975571316,
            16.706067769897555,
            17.7698975571316,
            16.351457840819542,
            16.03624901497242,
            16.78486997635934,
            17.73049645390071,
            17.494089834515368,
            17.73049645390071,
            17.57289204097715,
            17.65169424743893
        ]
    },
    "metrics": {
        "macro_accuracy": 0.8467351119104715,
        "micro_accuracy": 0.8467351119104716,
        "accuracy_per_class": {
            "Class3": 0.9411470823341327,
            "Class12": 0.8185951239008793,
            "Class17": 0.8460231814548361,
            "Class44": 0.8274380495603517,
            "Class55": 0.8744504396482814,
            "Class57": 0.8560651478816946,
            "Class58": 0.8428756994404476,
            "Class76": 0.8245403677058354,
            "Class79": 0.8392785771382894,
            "Class94": 0.8155975219824141,
            "Class96": 0.8358812949640287,
            "Class97": 0.8389288569144684
        },
        "macro_precision": 0.5785818927905821,
        "micro_precision": 0.5970967264109021,
        "precision_per_class": {
            "Class3": 0.7917293233082707,
            "Class12": 0.4947692307692308,
            "Class17": 0.5966542750929368,
            "Class44": 0.5341400172860847,
            "Class55": 0.6452423698384201,
            "Class57": 0.5771309771309772,
            "Class58": 0.5591493132476739,
            "Class76": 0.5236305048335124,
            "Class79": 0.5799343647444913,
            "Class94": 0.47631862217438103,
            "Class96": 0.5885386819484241,
            "Class97": 0.5757450331125827
        },
        "macro_recall": 0.38536638428961506,
        "micro_recall": 0.3833844544308914,
        "recall_per_class": {
            "Class3": 0.9010268111808328,
            "Class12": 0.22246817930271168,
            "Class17": 0.2837360047142015,
            "Class44": 0.34219269102990035,
            "Class55": 0.5409391932570741,
            "Class57": 0.4268142681426814,
            "Class58": 0.3698710433763189,
            "Class76": 0.2708333333333333,
            "Class79": 0.3476672287802136,
            "Class94": 0.2456286427976686,
            "Class96": 0.2857540345019477,
            "Class97": 0.3874651810584958
        },
        "macro_f1": 0.4533108669460921,
        "micro_f1": 0.46694950840561245,
        "f1_per_class": {
            "Class3": 0.8428495197438634,
            "Class12": 0.30692880320671884,
            "Class17": 0.3845846645367412,
            "Class44": 0.4171447856901789,
            "Class55": 0.5885049942688718,
            "Class57": 0.4907194626126922,
            "Class58": 0.44522843535014994,
            "Class76": 0.3570120834859026,
            "Class79": 0.4347214900720436,
            "Class94": 0.32411646218641277,
            "Class96": 0.38471623899606666,
            "Class97": 0.46320346320346323
        },
        "MSE": 0.11434752494096756,
        "LogLoss": 3.5208287239074707,
        "AUNU": 0.7959121465682983,
        "micro_ROC-AUC": 0.7991902232170105,
        "AUNP": 0.7950676679611206,
        "ROC-AUC_per_class_vs_rest": {
            "Class3": 0.9739600159353025,
            "Class12": 0.7309184965160417,
            "Class17": 0.7681922762195377,
            "Class44": 0.7606625939760796,
            "Class55": 0.8503069775922695,
            "Class57": 0.8142429576586389,
            "Class58": 0.8043510451584006,
            "Class76": 0.7514170795429932,
            "Class79": 0.794944646262949,
            "Class94": 0.7299440109608964,
            "Class96": 0.7681803262545249,
            "Class97": 0.8038251742346106
        }
    }
}