{
    "classification type": "multilabel",
    "class balance": "balanced",
    "dataset name": "mediamill_balanced",
    "class names": [
        "Class3",
        "Class12",
        "Class17",
        "Class44",
        "Class55",
        "Class57",
        "Class58",
        "Class76",
        "Class79",
        "Class94",
        "Class96",
        "Class97"
    ],
    "model name": "knn",
    "index": 1,
    "cv fold": 2,
    "fold info": {
        "train distribution": [
            1753,
            1807,
            1696,
            1807,
            1661,
            1626,
            1706,
            1800,
            1779,
            1802,
            1801,
            1795
        ],
        "test distribution": [
            438,
            452,
            425,
            451,
            416,
            406,
            427,
            450,
            445,
            450,
            447,
            449
        ],
        "train distribution pct": [
            17.451468392234943,
            17.989049278247883,
            16.884021901443504,
            17.989049278247883,
            16.535589845694375,
            16.187157789945246,
            16.983573917371828,
            17.91936286709806,
            17.71030363364858,
            17.939273270283724,
            17.92931806869089,
            17.8695868591339
        ],
        "test distribution pct": [
            17.704122877930477,
            18.270008084074373,
            17.178658043654004,
            18.22958771220695,
            16.814874696847212,
            16.410670978173002,
            17.259498787388843,
            18.189167340339534,
            17.987065481002425,
            18.189167340339534,
            18.067906224737268,
            18.14874696847211
        ]
    },
    "metrics": {
        "macro_accuracy": 0.8497608572476084,
        "micro_accuracy": 0.8497608572476085,
        "accuracy_per_class": {
            "Class3": 0.9410558944105589,
            "Class12": 0.8231176882311769,
            "Class17": 0.8459154084591541,
            "Class44": 0.8349165083491651,
            "Class55": 0.8724127587241276,
            "Class57": 0.860963903609639,
            "Class58": 0.8461653834616538,
            "Class76": 0.8286671332866713,
            "Class79": 0.8428157184281572,
            "Class94": 0.823967603239676,
            "Class96": 0.8363163683631637,
            "Class97": 0.8408159184081592
        },
        "macro_precision": 0.654071748952496,
        "micro_precision": 0.6842234499693063,
        "precision_per_class": {
            "Class3": 0.8163764961915125,
            "Class12": 0.5552367288378766,
            "Class17": 0.7131147540983607,
            "Class44": 0.6322525597269625,
            "Class55": 0.6838095238095238,
            "Class57": 0.6620784583620096,
            "Class58": 0.6262245666917859,
            "Class76": 0.6077210460772104,
            "Class79": 0.6607281177381874,
            "Class94": 0.5537848605577689,
            "Class96": 0.7,
            "Class97": 0.6375338753387534
        },
        "macro_recall": 0.26702438517767574,
        "micro_recall": 0.2649834771652046,
        "recall_per_class": {
            "Class3": 0.8562054208273895,
            "Class12": 0.10705394190871369,
            "Class17": 0.15380082498526812,
            "Class44": 0.20514950166112958,
            "Class55": 0.43200962695547535,
            "Class57": 0.2958179581795818,
            "Class58": 0.24355216881594371,
            "Class76": 0.13555555555555557,
            "Class79": 0.23967406574880584,
            "Class94": 0.11576901721265963,
            "Class96": 0.1575875486381323,
            "Class97": 0.26211699164345403
        },
        "macro_f1": 0.35507829214958325,
        "micro_f1": 0.38201977618974176,
        "f1_per_class": {
            "Class3": 0.8358167386157916,
            "Class12": 0.1794990723562152,
            "Class17": 0.2530295685894329,
            "Class44": 0.30978260869565216,
            "Class55": 0.5294985250737463,
            "Class57": 0.40892667375132835,
            "Class58": 0.35070690018991346,
            "Class76": 0.22166704519645697,
            "Class79": 0.35175257731958764,
            "Class94": 0.19150401836969,
            "Class96": 0.2572595281306715,
            "Class97": 0.371496249506514
        },
        "MSE": 0.1108570396900177,
        "LogLoss": 1.7693308591842651,
        "AUNU": 0.8117313981056213,
        "micro_ROC-AUC": 0.8152670860290527,
        "AUNP": 0.8109584450721741,
        "ROC-AUC_per_class_vs_rest": {
            "Class3": 0.9761004486442311,
            "Class12": 0.7497307728244254,
            "Class17": 0.7886913290114143,
            "Class44": 0.772110877780458,
            "Class55": 0.8505694737686676,
            "Class57": 0.832526931761855,
            "Class58": 0.8219839102780174,
            "Class76": 0.771720869067458,
            "Class79": 0.8167661862600709,
            "Class94": 0.7536796376674205,
            "Class96": 0.786874030778431,
            "Class97": 0.8200224613147388
        }
    }
}