{
    "classification type": "multiclass",
    "class balance": "balanced",
    "dataset name": "mfeat-karhunen_balanced",
    "class names": [
        0,
        1,
        2,
        3
    ],
    "model name": "random_forest",
    "index": 0,
    "cv fold": 2,
    "fold info": {
        "train distribution": 576,
        "test distribution": 144,
        "train distribution pct": 150.0,
        "test distribution pct": 150.0
    },
    "metrics": {
        "macro_accuracy": 0.980640709400177,
        "micro_accuracy": 0.980640709400177,
        "accuracy_per_class": {
            "0": 0.9844732880592346,
            "1": 0.9781839847564697,
            "2": 0.9817216992378235,
            "3": 0.9781839847564697
        },
        "macro_precision": 0.9613929986953735,
        "micro_precision": 0.961281418800354,
        "precision_per_class": {
            "0": 0.9730372428894043,
            "1": 0.9482625722885132,
            "2": 0.95875483751297,
            "3": 0.9655172228813171
        },
        "macro_recall": 0.961281418800354,
        "micro_recall": 0.961281418800354,
        "recall_per_class": {
            "0": 0.9646226167678833,
            "1": 0.9654088020324707,
            "2": 0.9685534834861755,
            "3": 0.946540892124176
        },
        "macro_f1": 0.9612836837768555,
        "micro_f1": 0.961281418800354,
        "f1_per_class": {
            "0": 0.9688116908073425,
            "1": 0.9567588567733765,
            "2": 0.9636292457580566,
            "3": 0.9559348821640015
        },
        "Kappa": 0.9483752250671387,
        "MSE": 0.019590716809034348,
        "LogLoss": 0.6771019101142883,
        "AUNU": 0.9684782028198242,
        "micro_ROC-AUC": 0.9685201048851013,
        "AUNP": 0.9684782028198242,
        "AU1U": 0.968478185404388,
        "AU1P": 0.968478185404388,
        "ROC-AUC_per_class_vs_rest": {
            "0": 0.9738737630697626,
            "1": 0.9646471576150732,
            "2": 0.9718491241775774,
            "3": 0.9635426967551388
        }
    }
}