{
    "classification type": "binary",
    "class balance": "imbalanced",
    "dataset name": "amazon-reviews-0.25_imbalanced",
    "class names": [
        1,
        0
    ],
    "model name": "knn",
    "index": 4,
    "cv fold": 1,
    "fold info": {
        "train distribution": 21841,
        "test distribution": 5460,
        "train distribution pct": 76.46605748695865,
        "test distribution pct": 76.45987956868787
    },
    "metrics": {
        "macro_accuracy": 0.8395745158195496,
        "micro_accuracy": 0.8395745158195496,
        "accuracy_per_class": {
            "1": 0.8395745158195496,
            "0": 0.8395745158195496
        },
        "macro_precision": 0.7953921556472778,
        "micro_precision": 0.8395745158195496,
        "precision_per_class": {
            "1": 0.7298405766487122,
            "0": 0.8609436750411987
        },
        "macro_recall": 0.7239357233047485,
        "micro_recall": 0.8395745158195496,
        "recall_per_class": {
            "1": 0.5054595470428467,
            "0": 0.9424118399620056
        },
        "macro_f1": 0.7485545873641968,
        "micro_f1": 0.8395745158195496,
        "f1_per_class": {
            "1": 0.5972716808319092,
            "0": 0.8998375535011292
        },
        "MSE": 0.13329991698265076,
        "LogLoss": 6.887817859649658,
        "AUNU": 0.790751039981842,
        "micro_ROC-AUC": 0.790751039981842
    }
}