{
    "classification type": "multiclass",
    "class balance": "imbalanced",
    "dataset name": "ag-news_imbalanced",
    "class names": [
        0,
        1,
        2,
        3
    ],
    "model name": "random_forest",
    "index": 3,
    "cv fold": 4,
    "fold info": {
        "train distribution": 3676,
        "test distribution": 918,
        "train distribution pct": 93.53689567430025,
        "test distribution pct": 93.48268839103869
    },
    "metrics": {
        "macro_accuracy": 0.8950892686843872,
        "micro_accuracy": 0.8950892686843872,
        "accuracy_per_class": {
            "0": 0.851864218711853,
            "1": 0.9077041745185852,
            "2": 0.8989791870117188,
            "3": 0.9218095541000366
        },
        "macro_precision": 0.7553262710571289,
        "micro_precision": 0.7901785969734192,
        "precision_per_class": {
            "0": 0.8125928640365601,
            "1": 0.8325551748275757,
            "2": 0.6710198521614075,
            "3": 0.705137312412262
        },
        "macro_recall": 0.7242382764816284,
        "micro_recall": 0.7901785969734192,
        "recall_per_class": {
            "0": 0.869870126247406,
            "1": 0.8521126508712769,
            "2": 0.5750916004180908,
            "3": 0.5998789072036743
        },
        "macro_f1": 0.7375258803367615,
        "micro_f1": 0.7901785969734192,
        "f1_per_class": {
            "0": 0.8402565717697144,
            "1": 0.8422204256057739,
            "2": 0.6193633079528809,
            "3": 0.6482632160186768
        },
        "Kappa": 0.6868093013763428,
        "MSE": 0.09054181724786758,
        "LogLoss": 2.429482936859131,
        "AUNU": 0.8482154607772827,
        "micro_ROC-AUC": 0.8740535378456116,
        "AUNP": 0.8615695238113403,
        "AU1U": 0.8398775255288418,
        "AU1P": 0.8495811594661117,
        "ROC-AUC_per_class_vs_rest": {
            "0": 0.8666600261635224,
            "1": 0.8973026585095585,
            "2": 0.8049754988379013,
            "3": 0.8239237470610014
        }
    }
}