{
    "classification type": "binary",
    "class balance": "imbalanced",
    "dataset name": "vehicle-sensit_imbalanced",
    "class names": [
        0,
        1
    ],
    "model name": "logistic_regression",
    "index": 4,
    "cv fold": 3,
    "fold info": {
        "train distribution": 212,
        "test distribution": 52,
        "train distribution pct": 1.9631447356236689,
        "test distribution pct": 1.9266394961096702
    },
    "metrics": {
        "macro_accuracy": 0.9795496463775635,
        "micro_accuracy": 0.9795496463775635,
        "accuracy_per_class": {
            "0": 0.9795496463775635,
            "1": 0.9795496463775635
        },
        "macro_precision": 0.5388767123222351,
        "micro_precision": 0.9795496463775635,
        "precision_per_class": {
            "0": 0.9805312156677246,
            "1": 0.0972222238779068
        },
        "macro_recall": 0.5022507905960083,
        "micro_recall": 0.9795496463775635,
        "recall_per_class": {
            "0": 0.9989767670631409,
            "1": 0.005524862091988325
        },
        "macro_f1": 0.5000618100166321,
        "micro_f1": 0.9795496463775635,
        "f1_per_class": {
            "0": 0.989668071269989,
            "1": 0.01045556366443634
        },
        "MSE": 0.01841154880821705,
        "LogLoss": 0.07350502163171768,
        "AUNU": 0.8995939493179321,
        "micro_ROC-AUC": 0.8995939493179321
    }
}