{
    "classification type": "multiclass",
    "class balance": "imbalanced",
    "dataset name": "volkert_imbalanced",
    "class names": [
        3,
        6,
        4,
        5,
        1,
        2,
        7,
        9,
        8,
        0
    ],
    "model name": "random_forest",
    "index": 1,
    "cv fold": 1,
    "fold info": {
        "train distribution": 35783,
        "test distribution": 8948,
        "train distribution pct": 448.1838677354709,
        "test distribution pct": 448.2965931863728
    },
    "metrics": {
        "macro_accuracy": 0.9078823924064636,
        "micro_accuracy": 0.9078824520111084,
        "accuracy_per_class": {
            "3": 0.9881429672241211,
            "6": 0.9605351090431213,
            "4": 0.8495499491691589,
            "5": 0.8206940293312073,
            "1": 0.8602731823921204,
            "2": 0.7853426337242126,
            "7": 0.9358541369438171,
            "9": 0.9514731168746948,
            "8": 0.9953591227531433,
            "0": 0.931600034236908
        },
        "macro_precision": 0.4223736822605133,
        "micro_precision": 0.5394121408462524,
        "precision_per_class": {
            "3": 0.02277432754635811,
            "6": 0.37081247568130493,
            "4": 0.47389379143714905,
            "5": 0.5325292348861694,
            "1": 0.5157139301300049,
            "2": 0.4742959439754486,
            "7": 0.4906812310218811,
            "9": 0.8169441819190979,
            "8": 0.06499999761581421,
            "0": 0.4610915780067444
        },
        "macro_recall": 0.40506166219711304,
        "micro_recall": 0.5394121408462524,
        "recall_per_class": {
            "3": 0.012387387454509735,
            "6": 0.2521602511405945,
            "4": 0.4601927399635315,
            "5": 0.5959912538528442,
            "1": 0.5081377625465393,
            "2": 0.490986704826355,
            "7": 0.4252297282218933,
            "9": 0.8541234135627747,
            "8": 0.03672316297888756,
            "0": 0.4146844446659088
        },
        "macro_f1": 0.41143742203712463,
        "micro_f1": 0.5394121408462524,
        "f1_per_class": {
            "3": 0.016046680510044098,
            "6": 0.30018702149391174,
            "4": 0.46694278717041016,
            "5": 0.562475860118866,
            "1": 0.5118978023529053,
            "2": 0.48249703645706177,
            "7": 0.45561689138412476,
            "9": 0.8351202011108398,
            "8": 0.04693140834569931,
            "0": 0.43665847182273865
        },
        "Kappa": 0.4550347626209259,
        "MSE": 0.07660672813653946,
        "LogLoss": 5.356856346130371,
        "AUNU": 0.7269598841667175,
        "micro_ROC-AUC": 0.783833384513855,
        "AUNP": 0.756197988986969,
        "AU1U": 0.7211529400139634,
        "AU1P": 0.734687090968584,
        "ROC-AUC_per_class_vs_rest": {
            "3": 0.5737378526740836,
            "6": 0.7250208268782375,
            "4": 0.7260488072925417,
            "5": 0.7525049782243635,
            "1": 0.7472114580626269,
            "2": 0.6947389148224029,
            "7": 0.7548871631811178,
            "9": 0.9131597786485565,
            "8": 0.6388027244452374,
            "0": 0.7434864056028541
        }
    }
}