{
    "classification type": "multiclass",
    "class balance": "balanced",
    "dataset name": "gas-drift_balanced",
    "class names": [
        2,
        0,
        4,
        3,
        1
    ],
    "model name": "random_forest",
    "index": 3,
    "cv fold": 3,
    "fold info": {
        "train distribution": 2600,
        "test distribution": 650,
        "train distribution pct": 200.0,
        "test distribution pct": 200.0
    },
    "metrics": {
        "macro_accuracy": 0.9939709901809692,
        "micro_accuracy": 0.9939709901809692,
        "accuracy_per_class": {
            "2": 0.9972352385520935,
            "0": 0.996789276599884,
            "4": 0.9917502999305725,
            "3": 0.9893868565559387,
            "1": 0.994693398475647
        },
        "macro_precision": 0.9849487543106079,
        "micro_precision": 0.9849275350570679,
        "precision_per_class": {
            "2": 0.993969202041626,
            "0": 0.9910972714424133,
            "4": 0.9855465292930603,
            "3": 0.9707381725311279,
            "1": 0.9833923578262329
        },
        "macro_recall": 0.9849275350570679,
        "micro_recall": 0.9849275350570679,
        "recall_per_class": {
            "2": 0.9921962022781372,
            "0": 0.9928650856018066,
            "4": 0.9730212092399597,
            "3": 0.9763656854629517,
            "1": 0.9901894927024841
        },
        "macro_f1": 0.9849258661270142,
        "micro_f1": 0.9849275350570679,
        "f1_per_class": {
            "2": 0.9930819272994995,
            "0": 0.9919803738594055,
            "4": 0.979243814945221,
            "3": 0.9735438227653503,
            "1": 0.9867792725563049
        },
        "Kappa": 0.9811594486236572,
        "MSE": 0.00571067351847887,
        "LogLoss": 0.21698066592216492,
        "AUNU": 0.991679847240448,
        "micro_ROC-AUC": 0.9917683601379395,
        "AUNP": 0.991679847240448,
        "AU1U": 0.9916798594099742,
        "AU1P": 0.9916798594099743,
        "ROC-AUC_per_class_vs_rest": {
            "2": 0.9948082609068504,
            "0": 0.9937970865351989,
            "4": 0.9892061175055215,
            "3": 0.988291698203724,
            "1": 0.9922961338985768
        }
    }
}