{
    "classification type": "multiclass",
    "class balance": "imbalanced",
    "dataset name": "stocks_imbalanced",
    "class names": [
        0,
        1,
        2,
        3,
        4,
        5,
        6,
        7,
        8,
        9,
        10,
        11,
        12,
        13,
        14,
        15,
        16,
        17,
        18,
        19
    ],
    "model name": "knn",
    "index": 3,
    "cv fold": 1,
    "fold info": {
        "train distribution": 118359,
        "test distribution": 29597,
        "train distribution pct": 1009.1141614800922,
        "test distribution pct": 1009.1033071939993
    },
    "metrics": {
        "macro_accuracy": 0.920490562915802,
        "micro_accuracy": 0.9204906225204468,
        "accuracy_per_class": {
            "0": 0.8034412860870361,
            "1": 0.9508862495422363,
            "2": 0.9495407342910767,
            "3": 0.9492553472518921,
            "4": 0.9584813117980957,
            "5": 0.9509900808334351,
            "6": 0.9604569673538208,
            "7": 0.9965305328369141,
            "8": 0.9497223496437073,
            "9": 0.9500263333320618,
            "10": 0.9499002695083618,
            "11": 0.9556012153625488,
            "12": 0.9683670401573181,
            "13": 0.950389564037323,
            "14": 0.9646010398864746,
            "15": 0.9498484134674072,
            "16": 0.9818372130393982,
            "17": 0.3420576751232147,
            "18": 0.9779859185218811,
            "19": 0.9498928785324097
        },
        "macro_precision": 0.7024642825126648,
        "micro_precision": 0.2049061805009842,
        "precision_per_class": {
            "0": 0.049772270023822784,
            "1": 0.8936781883239746,
            "2": 0.8064516186714172,
            "3": NaN,
            "4": 0.9814414978027344,
            "5": 0.9104938507080078,
            "6": 0.9954289793968201,
            "7": 0.0,
            "8": 1.0,
            "9": 0.9035714268684387,
            "10": 0.0,
            "11": 0.9342369437217712,
            "12": 0.9881282448768616,
            "13": 0.9333333373069763,
            "14": 0.9832214713096619,
            "15": 0.8341231942176819,
            "16": 0.9850645065307617,
            "17": 0.14919643104076385,
            "18": 0.9986788034439087,
            "19": 0.0
        },
        "macro_recall": 0.1427498757839203,
        "micro_recall": 0.2049061805009842,
        "recall_per_class": {
            "0": 0.1909121423959732,
            "1": 0.02299615554511547,
            "2": 0.00548646692186594,
            "3": 0.0,
            "4": 0.1692972034215927,
            "5": 0.021871292963624,
            "6": 0.20992140471935272,
            "7": 0.0,
            "8": 0.001178203267045319,
            "9": 0.01845637522637844,
            "10": 0.0,
            "11": 0.1357601433992386,
            "12": 0.37080487608909607,
            "13": 0.008303677663207054,
            "14": 0.08440560847520828,
            "15": 0.012873967178165913,
            "16": 0.22926212847232819,
            "17": 0.813043475151062,
            "18": 0.5604240894317627,
            "19": 0.0
        },
        "macro_f1": 0.15835432708263397,
        "micro_f1": 0.2049061805009842,
        "f1_per_class": {
            "0": 0.07895924896001816,
            "1": 0.04483852535486221,
            "2": 0.010898786596953869,
            "3": 0.0,
            "4": 0.28878024220466614,
            "5": 0.04271647706627846,
            "6": 0.3467238247394562,
            "7": 0.0,
            "8": 0.0023536335211247206,
            "9": 0.03617386147379875,
            "10": 0.0,
            "11": 0.23707006871700287,
            "12": 0.5392506122589111,
            "13": 0.016460904851555824,
            "14": 0.15546515583992004,
            "15": 0.025356577709317207,
            "16": 0.37195590138435364,
            "17": 0.25212669372558594,
            "18": 0.717956006526947,
            "19": 0.0
        },
        "Kappa": 0.10355879366397858,
        "MSE": 0.050887346267700195,
        "LogLoss": 5.47674560546875,
        "AUNU": 0.5749840140342712,
        "micro_ROC-AUC": 0.6382558345794678,
        "AUNP": 0.5727031230926514,
        "AU1U": 0.5778824202807881,
        "AU1P": 0.575229657218923,
        "ROC-AUC_per_class_vs_rest": {
            "0": 0.5444979724295771,
            "1": 0.5438031551782299,
            "2": 0.5377255501250847,
            "3": 0.5355094377948337,
            "4": 0.6056519404156462,
            "5": 0.5435888379900878,
            "6": 0.6234870448691631,
            "7": 0.5240289850490619,
            "8": 0.5340697342621736,
            "9": 0.5428644188659274,
            "10": 0.5349862940345738,
            "11": 0.5931092711886365,
            "12": 0.6987984110663714,
            "13": 0.5389722820767326,
            "14": 0.5682752745283898,
            "15": 0.5382738642810732,
            "16": 0.6330531131676346,
            "17": 0.5375049303468302,
            "18": 0.7859248073467968,
            "19": 0.5355546324206399
        }
    }
}