{
    "classification type": "multiclass",
    "class balance": "imbalanced",
    "dataset name": "gas-drift_imbalanced",
    "class names": [
        3,
        2,
        0,
        4,
        1
    ],
    "model name": "random_forest",
    "index": 4,
    "cv fold": 3,
    "fold info": {
        "train distribution": 3146,
        "test distribution": 787,
        "train distribution pct": 242.7469135802469,
        "test distribution pct": 242.9012345679012
    },
    "metrics": {
        "macro_accuracy": 0.994294285774231,
        "micro_accuracy": 0.994294285774231,
        "accuracy_per_class": {
            "3": 0.9989989995956421,
            "2": 0.9952869415283203,
            "0": 0.9899482727050781,
            "4": 0.990240216255188,
            "1": 0.9969969987869263
        },
        "macro_precision": 0.9870864152908325,
        "micro_precision": 0.9857357144355774,
        "precision_per_class": {
            "3": 0.9945520758628845,
            "2": 0.984844982624054,
            "0": 0.9810810685157776,
            "4": 0.9843038320541382,
            "1": 0.9906502962112427
        },
        "macro_recall": 0.9862586259841919,
        "micro_recall": 0.9857357144355774,
        "recall_per_class": {
            "3": 0.9909529685974121,
            "2": 0.9891605377197266,
            "0": 0.9691928625106812,
            "4": 0.9876171946525574,
            "1": 0.9943691492080688
        },
        "macro_f1": 0.9866625070571899,
        "micro_f1": 0.9857357144355774,
        "f1_per_class": {
            "3": 0.9927492737770081,
            "2": 0.9869980216026306,
            "0": 0.9751007556915283,
            "4": 0.9859577417373657,
            "1": 0.9925062656402588
        },
        "Kappa": 0.9812492728233337,
        "MSE": 0.0057285442017018795,
        "LogLoss": 0.22358010709285736,
        "AUNU": 0.9915394186973572,
        "micro_ROC-AUC": 0.9916453957557678,
        "AUNP": 0.9910666346549988,
        "AU1U": 0.9916599453361968,
        "AU1P": 0.991445660001157,
        "ROC-AUC_per_class_vs_rest": {
            "3": 0.9947915647611869,
            "2": 0.9905285921494652,
            "0": 0.9855210814973169,
            "4": 0.9912124194326732,
            "1": 0.9956433196976131
        }
    }
}