{
    "classification type": "multiclass",
    "class balance": "balanced",
    "dataset name": "news-category_balanced",
    "class names": [
        0,
        3,
        31,
        26,
        36,
        37,
        11,
        9,
        29,
        18,
        34,
        32,
        39,
        25,
        40,
        33,
        21,
        30,
        38,
        35,
        12,
        8,
        6,
        22,
        27,
        13,
        5,
        4,
        10,
        19,
        7,
        1,
        15,
        17,
        41,
        24,
        28,
        20,
        2,
        23,
        14,
        16
    ],
    "model name": "knn",
    "index": 0,
    "cv fold": 3,
    "fold info": {
        "train distribution": 430157,
        "test distribution": 107515,
        "train distribution pct": 2050.9058834747784,
        "test distribution pct": 2050.638947167652
    },
    "metrics": {
        "macro_accuracy": 0.9699075818061829,
        "micro_accuracy": 0.9699075818061829,
        "accuracy_per_class": {
            "0": 0.9663470983505249,
            "3": 0.9748907089233398,
            "31": 0.9649638533592224,
            "26": 0.966392993927002,
            "36": 0.9752190113067627,
            "37": 0.9758708477020264,
            "11": 0.978367030620575,
            "9": 0.9699175953865051,
            "29": 0.9621006846427917,
            "18": 0.9511960744857788,
            "34": 0.9727252125740051,
            "32": 0.9716702699661255,
            "39": 0.9692875146865845,
            "25": 0.975583553314209,
            "40": 0.963459849357605,
            "33": 0.969968318939209,
            "21": 0.9814619421958923,
            "30": 0.9733263254165649,
            "38": 0.9650193452835083,
            "35": 0.9832797646522522,
            "12": 0.9783984422683716,
            "8": 0.9665015935897827,
            "6": 0.9730149507522583,
            "22": 0.9720348119735718,
            "27": 0.9718561768531799,
            "13": 0.9701734781265259,
            "5": 0.9752528071403503,
            "4": 0.9667575359344482,
            "10": 0.984624445438385,
            "19": 0.9726479649543762,
            "7": 0.9634236097335815,
            "1": 0.9662481546401978,
            "15": 0.9617578387260437,
            "17": 0.96522456407547,
            "41": 0.964905858039856,
            "24": 0.956678569316864,
            "28": 0.9732394218444824,
            "20": 0.9615164399147034,
            "2": 0.970120370388031,
            "23": 0.9663543701171875,
            "14": 0.9574124217033386,
            "16": 0.9869275093078613
        },
        "macro_precision": 0.3778405487537384,
        "micro_precision": 0.3680596947669983,
        "precision_per_class": {
            "0": 0.29121726751327515,
            "3": 0.4762721061706543,
            "31": 0.26186075806617737,
            "26": 0.29221445322036743,
            "36": 0.4778207540512085,
            "37": 0.49330058693885803,
            "11": 0.543211042881012,
            "9": 0.3715732991695404,
            "29": 0.2122931033372879,
            "18": 0.21164463460445404,
            "34": 0.4123198688030243,
            "32": 0.4138619601726532,
            "39": 0.34713271260261536,
            "25": 0.49041152000427246,
            "40": 0.2396364063024521,
            "33": 0.35594967007637024,
            "21": 0.6210730671882629,
            "30": 0.4407528042793274,
            "38": 0.31663456559181213,
            "35": 0.668225884437561,
            "12": 0.5456335544586182,
            "8": 0.23499123752117157,
            "6": 0.4184299409389496,
            "22": 0.4163157343864441,
            "27": 0.4006020724773407,
            "13": 0.35976022481918335,
            "5": 0.47655025124549866,
            "4": 0.2742635905742645,
            "10": 0.6875,
            "19": 0.4191756546497345,
            "7": 0.23694536089897156,
            "1": 0.2615746259689331,
            "15": 0.29314321279525757,
            "17": 0.26601240038871765,
            "41": 0.27456480264663696,
            "24": 0.1627945899963379,
            "28": 0.43289706110954285,
            "20": 0.2047313153743744,
            "2": 0.365339070558548,
            "23": 0.2533397972583771,
            "14": 0.1700373888015747,
            "16": 0.7772942185401917
        },
        "macro_recall": 0.36769184470176697,
        "micro_recall": 0.3680596947669983,
        "recall_per_class": {
            "0": 0.2870886027812958,
            "3": 0.534582257270813,
            "31": 0.2582278549671173,
            "26": 0.2881012558937073,
            "36": 0.4254177212715149,
            "37": 0.44739240407943726,
            "11": 0.5817721486091614,
            "9": 0.37883543968200684,
            "29": 0.24003784358501434,
            "18": 0.3843038082122803,
            "34": 0.32580873370170593,
            "32": 0.4386778175830841,
            "39": 0.3202660381793976,
            "25": 0.494859904050827,
            "40": 0.24176156520843506,
            "33": 0.3135456442832947,
            "21": 0.5798225998878479,
            "30": 0.42249545454978943,
            "38": 0.39750051498413086,
            "35": 0.593113899230957,
            "12": 0.5612151622772217,
            "8": 0.23733127117156982,
            "6": 0.33843037486076355,
            "22": 0.4304810166358948,
            "27": 0.36384809017181396,
            "13": 0.3221265971660614,
            "5": 0.33692803978919983,
            "4": 0.23551344871520996,
            "10": 0.6528156995773315,
            "19": 0.3820759356021881,
            "7": 0.23735134303569794,
            "1": 0.22432732582092285,
            "15": 0.4226970374584198,
            "17": 0.26075950264930725,
            "41": 0.28749367594718933,
            "24": 0.19726581871509552,
            "28": 0.39524051547050476,
            "20": 0.21296203136444092,
            "2": 0.3436962068080902,
            "23": 0.2112405002117157,
            "14": 0.20263290405273438,
            "16": 0.6330126523971558
        },
        "macro_f1": 0.3705264627933502,
        "micro_f1": 0.3680596947669983,
        "f1_per_class": {
            "0": 0.28913819789886475,
            "3": 0.503745436668396,
            "31": 0.2600316107273102,
            "26": 0.29014328122138977,
            "36": 0.4500991106033325,
            "37": 0.46922627091407776,
            "11": 0.5618306994438171,
            "9": 0.37516921758651733,
            "29": 0.22531458735466003,
            "18": 0.27296265959739685,
            "34": 0.3639945983886719,
            "32": 0.4259087145328522,
            "39": 0.33315861225128174,
            "25": 0.4926256537437439,
            "40": 0.24069428443908691,
            "33": 0.3334047794342041,
            "21": 0.5997393727302551,
            "30": 0.4314310848712921,
            "38": 0.35248905420303345,
            "35": 0.6284334659576416,
            "12": 0.5533146858215332,
            "8": 0.2361554503440857,
            "6": 0.3742022216320038,
            "22": 0.42327991127967834,
            "27": 0.3813415467739105,
            "13": 0.33990490436553955,
            "5": 0.3947570323944092,
            "4": 0.2534157335758209,
            "10": 0.6697090864181519,
            "19": 0.3997668921947479,
            "7": 0.23714818060398102,
            "1": 0.2415233552455902,
            "15": 0.346196711063385,
            "17": 0.26335975527763367,
            "41": 0.28088054060935974,
            "24": 0.1783801168203354,
            "28": 0.4132126271724701,
            "20": 0.20876556634902954,
            "2": 0.3541873097419739,
            "23": 0.23038268089294434,
            "14": 0.1849096715450287,
            "16": 0.6977730393409729
        },
        "Kappa": 0.3526458740234375,
        "MSE": 0.02308346889913082,
        "LogLoss": 7.131040573120117,
        "AUNU": 0.7478529810905457,
        "micro_ROC-AUC": 0.7499361038208008,