{
    "classification type": "multiclass",
    "class balance": "imbalanced",
    "dataset name": "irish-times_imbalanced",
    "class names": [
        0,
        10,
        1,
        8,
        5,
        9,
        2,
        13,
        6,
        7,
        4,
        14,
        3,
        16,
        15,
        18,
        11,
        12,
        19,
        17
    ],
    "model name": "knn",
    "index": 4,
    "cv fold": 0,
    "fold info": {
        "train distribution": 120137,
        "test distribution": 30030,
        "train distribution pct": 944.4732704402516,
        "test distribution pct": 944.3396226415094
    },
    "metrics": {
        "macro_accuracy": 0.9529271125793457,
        "micro_accuracy": 0.9529271721839905,
        "accuracy_per_class": {
            "0": 0.937585175037384,
            "10": 0.9598532319068909,
            "1": 0.9362650513648987,
            "8": 0.8887251019477844,
            "5": 0.9816693067550659,
            "9": 0.9781872630119324,
            "2": 0.9384368658065796,
            "13": 0.9792976975440979,
            "6": 0.9841784834861755,
            "7": 0.9358097314834595,
            "4": 0.8329107761383057,
            "14": 0.9841194748878479,
            "3": 0.9897143840789795,
            "16": 0.9453812837600708,
            "15": 0.972179651260376,
            "18": 0.9780365824699402,
            "11": 0.9746069312095642,
            "12": 0.9844798445701599,
            "19": 0.9745938181877136,
            "17": 0.9025124311447144
        },
        "macro_precision": 0.4425930380821228,
        "micro_precision": 0.5292714834213257,
        "precision_per_class": {
            "0": 0.07532347738742828,
            "10": 0.1537819802761078,
            "1": 0.5067431926727295,
            "8": 0.3222619295120239,
            "5": 0.1645338237285614,
            "9": 0.5584936141967773,
            "2": 0.47869566082954407,
            "13": 0.6347286105155945,
            "6": 0.633202075958252,
            "7": 0.4996360242366791,
            "4": 0.7427186369895935,
            "14": 0.7615556120872498,
            "3": 0.33685800433158875,
            "16": 0.5700304508209229,
            "15": 0.4268680512905121,
            "18": 0.5698356628417969,
            "11": 0.4338217079639435,
            "12": 0.16827231645584106,
            "19": 0.5857267379760742,
            "17": 0.228772833943367
        },
        "macro_recall": 0.34326744079589844,
        "micro_recall": 0.5292714834213257,
        "recall_per_class": {
            "0": 0.12185397744178772,
            "10": 0.152006596326828,
            "1": 0.4615970253944397,
            "8": 0.7712339758872986,
            "5": 0.0872092992067337,
            "9": 0.20054668188095093,
            "2": 0.4890616238117218,
            "13": 0.4871987998485565,
            "6": 0.4786706268787384,
            "7": 0.42054739594459534,
            "4": 0.801938533782959,
            "14": 0.36816149950027466,
            "3": 0.16469720005989075,
            "16": 0.46694982051849365,
            "15": 0.2769111692905426,
            "18": 0.2704358696937561,
            "11": 0.2420002818107605,
            "12": 0.07071524858474731,
            "19": 0.3150749206542969,
            "17": 0.21853798627853394
        },
        "macro_f1": 0.3689095079898834,
        "micro_f1": 0.5292714834213257,
        "f1_per_class": {
            "0": 0.09309852123260498,
            "10": 0.15288913249969482,
            "1": 0.4831176996231079,
            "8": 0.45457756519317627,
            "5": 0.11399620026350021,
            "9": 0.29512014985084534,
            "2": 0.48382312059402466,
            "13": 0.5512638688087463,
            "6": 0.5451977252960205,
            "7": 0.4566929042339325,
            "4": 0.7711933851242065,
            "14": 0.496364027261734,
            "3": 0.2212301641702652,
            "16": 0.5133668184280396,
            "15": 0.33591368794441223,
            "18": 0.36679571866989136,
            "11": 0.3106882572174072,
            "12": 0.09958190470933914,
            "19": 0.40974125266075134,
            "17": 0.22353830933570862
        },
        "Kappa": 0.4368182420730591,
        "MSE": 0.034324467182159424,
        "LogLoss": 5.2443437576293945,
        "AUNU": 0.7356446385383606,
        "micro_ROC-AUC": 0.8197166919708252,
        "AUNP": 0.7947356104850769,
        "AU1U": 0.7246214620609488,
        "AU1P": 0.7581295865618504,
        "ROC-AUC_per_class_vs_rest": {
            "0": 0.6171450922323974,
            "10": 0.6736266759011076,
            "1": 0.7787446741945627,
            "8": 0.8982336215310773,
            "5": 0.6350081413309584,
            "9": 0.6749876257355878,
            "2": 0.7873793896426076,
            "13": 0.8022057738998049,
            "6": 0.8032995362638938,
            "7": 0.7683840811589105,
            "4": 0.8750506520300746,
            "14": 0.7552024209111495,
            "3": 0.6573198400904069,
            "16": 0.7920859174495579,
            "15": 0.7349764156084405,
            "18": 0.711836443134186,
            "11": 0.698804482046859,
            "12": 0.6381572873766751,
            "19": 0.7349643727374309,
            "17": 0.6754803322218186
        }
    }
}