{
    "classification type": "multilabel",
    "class balance": "balanced",
    "dataset name": "emotions_trimmed",
    "class names": [
        "amazed-suprised",
        "happy-pleased",
        "relaxing-calm",
        "quiet-still",
        "sad-lonely",
        "angry-aggresive"
    ],
    "model name": "logistic_regression",
    "index": 1,
    "cv fold": 4,
    "fold info": {
        "train distribution": [
            133,
            118,
            142,
            118,
            117,
            144
        ],
        "test distribution": [
            33,
            30,
            35,
            30,
            29,
            35
        ],
        "train distribution pct": [
            33.50125944584383,
            29.72292191435768,
            35.768261964735515,
            29.72292191435768,
            29.47103274559194,
            36.272040302267
        ],
        "test distribution pct": [
            32.038834951456316,
            29.126213592233007,
            33.980582524271846,
            29.126213592233007,
            28.155339805825243,
            33.980582524271846
        ]
    },
    "metrics": {
        "macro_accuracy": 0.7846666666666667,
        "micro_accuracy": 0.7846666666666666,
        "accuracy_per_class": {
            "amazed-suprised": 0.74,
            "happy-pleased": 0.713,
            "relaxing-calm": 0.741,
            "quiet-still": 0.909,
            "sad-lonely": 0.812,
            "angry-aggresive": 0.793
        },
        "macro_precision": 0.6728669303455317,
        "micro_precision": 0.6776536312849162,
        "precision_per_class": {
            "amazed-suprised": 0.6176470588235294,
            "happy-pleased": 0.5191489361702127,
            "relaxing-calm": 0.6409495548961425,
            "quiet-still": 0.8451178451178452,
            "sad-lonely": 0.7063492063492064,
            "angry-aggresive": 0.7079889807162535
        },
        "macro_recall": 0.6278413118603753,
        "micro_recall": 0.629149377593361,
        "recall_per_class": {
            "amazed-suprised": 0.5692771084337349,
            "happy-pleased": 0.41216216216216217,
            "relaxing-calm": 0.6101694915254238,
            "quiet-still": 0.847972972972973,
            "sad-lonely": 0.6095890410958904,
            "angry-aggresive": 0.7178770949720671
        },
        "macro_f1": 0.6485035437033239,
        "micro_f1": 0.6525013448090371,
        "f1_per_class": {
            "amazed-suprised": 0.5924764890282131,
            "happy-pleased": 0.4595103578154426,
            "relaxing-calm": 0.6251808972503617,
            "quiet-still": 0.8465430016863407,
            "sad-lonely": 0.6544117647058824,
            "angry-aggresive": 0.7128987517337032
        },
        "MSE": 0.15323080122470856,
        "LogLoss": 0.504910945892334,
        "AUNU": 0.829719066619873,
        "micro_ROC-AUC": 0.8445280194282532,
        "AUNP": 0.8296053409576416,
        "ROC-AUC_per_class_vs_rest": {
            "amazed-suprised": 0.7914336988673256,
            "happy-pleased": 0.6989260211916462,
            "relaxing-calm": 0.8229959245071802,
            "quiet-still": 0.9667008983415234,
            "sad-lonely": 0.842717281944122,
            "angry-aggresive": 0.8555404723367968
        }
    }
}