{
    "classification type": "multiclass",
    "class balance": "imbalanced",
    "dataset name": "irish-times_imbalanced",
    "class names": [
        0,
        10,
        1,
        8,
        5,
        9,
        2,
        13,
        6,
        7,
        4,
        14,
        3,
        16,
        15,
        18,
        11,
        12,
        19,
        17
    ],
    "model name": "knn",
    "index": 1,
    "cv fold": 3,
    "fold info": {
        "train distribution": 120118,
        "test distribution": 30049,
        "train distribution pct": 944.3238993710692,
        "test distribution pct": 944.9371069182391
    },
    "metrics": {
        "macro_accuracy": 0.955080509185791,
        "micro_accuracy": 0.955080509185791,
        "accuracy_per_class": {
            "0": 0.9483078718185425,
            "10": 0.9619945883750916,
            "1": 0.9381327033042908,
            "8": 0.9047881364822388,
            "5": 0.9816524386405945,
            "9": 0.9781109690666199,
            "2": 0.9386455416679382,
            "13": 0.9797095060348511,
            "6": 0.9838948845863342,
            "7": 0.9378481507301331,
            "4": 0.8416104912757874,
            "14": 0.9848270416259766,
            "3": 0.9895066022872925,
            "16": 0.9465146660804749,
            "15": 0.972446858882904,
            "18": 0.9780884981155396,
            "11": 0.9742962121963501,
            "12": 0.9841381907463074,
            "19": 0.9746705889701843,
            "17": 0.9024258852005005
        },
        "macro_precision": 0.44778257608413696,
        "micro_precision": 0.550804853439331,
        "precision_per_class": {
            "0": 0.09210051596164703,
            "10": 0.17104119062423706,
            "1": 0.522743284702301,
            "8": 0.36362048983573914,
            "5": 0.17033247649669647,
            "9": 0.55045086145401,
            "2": 0.48091232776641846,
            "13": 0.6357117891311646,
            "6": 0.6161426305770874,
            "7": 0.5177668333053589,
            "4": 0.7475073933601379,
            "14": 0.761002242565155,
            "3": 0.32913386821746826,
            "16": 0.5769608616828918,
            "15": 0.4387427866458893,
            "18": 0.5652306079864502,
            "11": 0.42999234795570374,
            "12": 0.17031146585941315,
            "19": 0.5810132622718811,
            "17": 0.23493365943431854
        },
        "macro_recall": 0.36160141229629517,
        "micro_recall": 0.550804853439331,
        "recall_per_class": {
            "0": 0.10907019674777985,
            "10": 0.15454688668251038,
            "1": 0.47403839230537415,
            "8": 0.7779092192649841,
            "5": 0.09219269454479218,
            "9": 0.21078592538833618,
            "2": 0.5044422149658203,
            "13": 0.5213711857795715,
            "6": 0.4962207078933716,
            "7": 0.45407330989837646,
            "4": 0.8289016485214233,
            "14": 0.41722437739372253,
            "3": 0.17644575238227844,
            "16": 0.49899885058403015,
            "15": 0.3023427128791809,
            "18": 0.2965143918991089,
            "11": 0.26689884066581726,
            "12": 0.07927205413579941,
            "19": 0.34055644273757935,
            "17": 0.23022212088108063
        },
        "macro_f1": 0.3857390582561493,
        "micro_f1": 0.550804853439331,
        "f1_per_class": {
            "0": 0.09986962378025055,
            "10": 0.16237623989582062,
            "1": 0.49720093607902527,
            "8": 0.49558717012405396,
            "5": 0.11963355541229248,
            "9": 0.3048388957977295,
            "2": 0.4923963248729706,
            "13": 0.5728920698165894,
            "6": 0.549717366695404,
            "7": 0.48383286595344543,
            "4": 0.7861031889915466,
            "14": 0.5389602780342102,
            "3": 0.2297334372997284,
            "16": 0.5351553559303284,
            "15": 0.35799023509025574,
            "18": 0.3889758884906769,
            "11": 0.3293612003326416,
            "12": 0.10818774998188019,
            "19": 0.4294147491455078,
            "17": 0.23255403339862823
        },
        "Kappa": 0.4606046974658966,
        "MSE": 0.033426087349653244,
        "LogLoss": 4.815412998199463,
        "AUNU": 0.7509808540344238,
        "micro_ROC-AUC": 0.8301085233688354,
        "AUNP": 0.8061360120773315,
        "AU1U": 0.7388067410141685,
        "AU1P": 0.7712364308317206,
        "ROC-AUC_per_class_vs_rest": {
            "0": 0.628963280657704,
            "10": 0.6937528815518593,
            "1": 0.7893044159901504,
            "8": 0.9027748859913831,
            "5": 0.6523287847250012,
            "9": 0.6935483310994378,
            "2": 0.7937017044581909,
            "13": 0.8192409802832478,
            "6": 0.8153939932247499,
            "7": 0.7837453411910986,
            "4": 0.8825154190264481,
            "14": 0.7871433631674442,
            "3": 0.6768239095623446,
            "16": 0.8044355187814722,
            "15": 0.7559265599979704,
            "18": 0.7314047294158916,
            "11": 0.7168932058497665,
            "12": 0.6555568099467424,
            "19": 0.750466170820022,
            "17": 0.6856966859262805
        }
    }
}