{
    "classification type": "multilabel",
    "class balance": "balanced",
    "dataset name": "scene_balanced",
    "class names": [
        "Mountain",
        "Field",
        "Urban",
        "Beach",
        "FallFoliage",
        "Sunset"
    ],
    "model name": "logistic_regression",
    "index": 2,
    "cv fold": 0,
    "fold info": {
        "train distribution": [
            324,
            324,
            325,
            325,
            318,
            291
        ],
        "test distribution": [
            81,
            81,
            81,
            81,
            79,
            73
        ],
        "train distribution pct": [
            18.305084745762713,
            18.305084745762713,
            18.361581920903955,
            18.361581920903955,
            17.966101694915253,
            16.440677966101696
        ],
        "test distribution pct": [
            18.620689655172416,
            18.620689655172416,
            18.620689655172416,
            18.620689655172416,
            18.160919540229887,
            16.7816091954023
        ]
    },
    "metrics": {
        "macro_accuracy": 0.882249742002064,
        "micro_accuracy": 0.882249742002064,
        "accuracy_per_class": {
            "Mountain": 0.8140350877192982,
            "Field": 0.923219814241486,
            "Urban": 0.8534571723426213,
            "Beach": 0.8668730650154799,
            "FallFoliage": 0.8881320949432404,
            "Sunset": 0.947781217750258
        },
        "macro_precision": 0.6800150738116987,
        "micro_precision": 0.6807791691512621,
        "precision_per_class": {
            "Mountain": 0.4933862433862434,
            "Field": 0.7873754152823921,
            "Urban": 0.6065192083818394,
            "Beach": 0.6402714932126696,
            "FallFoliage": 0.6891428571428572,
            "Sunset": 0.863395225464191
        },
        "macro_recall": 0.6562185870978169,
        "micro_recall": 0.6533765738267837,
        "recall_per_class": {
            "Mountain": 0.4186307519640853,
            "Field": 0.797979797979798,
            "Urban": 0.5834266517357223,
            "Beach": 0.6338185890257558,
            "FallFoliage": 0.6907216494845361,
            "Sunset": 0.8127340823970037
        },
        "macro_f1": 0.667432472080483,
        "micro_f1": 0.6667964567312372,
        "f1_per_class": {
            "Mountain": 0.45294474802671525,
            "Field": 0.7926421404682275,
            "Urban": 0.5947488584474886,
            "Beach": 0.6370287000562747,
            "FallFoliage": 0.6899313501144165,
            "Sunset": 0.8372990353697749
        },
        "MSE": 0.09136796742677689,
        "LogLoss": 0.38338765501976013,
        "AUNU": 0.8983206152915955,
        "micro_ROC-AUC": 0.9085404872894287,
        "AUNP": 0.897134006023407,
        "ROC-AUC_per_class_vs_rest": {
            "Mountain": 0.7955604207079505,
            "Field": 0.9496500723528206,
            "Urban": 0.8642384424969738,
            "Beach": 0.899294048174964,
            "FallFoliage": 0.9185218638141677,
            "Sunset": 0.9626588796645145
        }
    }
}