{
    "classification type": "binary",
    "class balance": "imbalanced",
    "dataset name": "amazon-reviews-0.25_imbalanced",
    "class names": [
        1,
        0
    ],
    "model name": "knn",
    "index": 3,
    "cv fold": 3,
    "fold info": {
        "train distribution": 21841,
        "test distribution": 5460,
        "train distribution pct": 76.46605748695865,
        "test distribution pct": 76.45987956868787
    },
    "metrics": {
        "macro_accuracy": 0.8414506912231445,
        "micro_accuracy": 0.8414506912231445,
        "accuracy_per_class": {
            "1": 0.8414506912231445,
            "0": 0.8414506912231445
        },
        "macro_precision": 0.7973002195358276,
        "micro_precision": 0.8414506912231445,
        "precision_per_class": {
            "1": 0.7311856150627136,
            "0": 0.8634148836135864
        },
        "macro_recall": 0.7288303375244141,
        "micro_recall": 0.8414506912231445,
        "recall_per_class": {
            "1": 0.5160561203956604,
            "0": 0.9416045546531677
        },
        "macro_f1": 0.7529419660568237,
        "micro_f1": 0.8414506912231445,
        "f1_per_class": {
            "1": 0.6050676703453064,
            "0": 0.9008162021636963
        },
        "MSE": 0.13218499720096588,
        "LogLoss": 6.879604816436768,
        "AUNU": 0.7933439612388611,
        "micro_ROC-AUC": 0.7933439612388611
    }
}