{
    "classification type": "multilabel",
    "class balance": "balanced",
    "dataset name": "tmc2007500_balanced",
    "class names": [
        "class13",
        "class07",
        "class01",
        "class14",
        "class18",
        "class10"
    ],
    "model name": "knn",
    "index": 0,
    "cv fold": 2,
    "fold info": {
        "train distribution": [
            1252,
            1253,
            1253,
            1253,
            1190,
            1183
        ],
        "test distribution": [
            313,
            313,
            313,
            313,
            297,
            296
        ],
        "train distribution pct": [
            19.763220205209155,
            19.77900552486188,
            19.77900552486188,
            19.77900552486188,
            18.784530386740332,
            18.674033149171272
        ],
        "test distribution pct": [
            19.873015873015873,
            19.873015873015873,
            19.873015873015873,
            19.873015873015873,
            18.857142857142858,
            18.793650793650794
        ]
    },
    "metrics": {
        "macro_accuracy": 0.8844289928360726,
        "micro_accuracy": 0.8844289928360725,
        "accuracy_per_class": {
            "class13": 0.8238516645596292,
            "class07": 0.9043404972608512,
            "class01": 0.9515381373788453,
            "class14": 0.911504424778761,
            "class18": 0.8702064896755162,
            "class10": 0.8451327433628318
        },
        "macro_precision": 0.8607683227764636,
        "micro_precision": 0.8539892778303374,
        "precision_per_class": {
            "class13": 0.8992248062015504,
            "class07": 0.7627302275189599,
            "class01": 0.9393564356435643,
            "class14": 0.9192245557350566,
            "class18": 0.7882599580712788,
            "class10": 0.8558139534883721
        },
        "macro_recall": 0.48598083298099914,
        "micro_recall": 0.48916184971098264,
        "recall_per_class": {
            "class13": 0.1235356762513312,
            "class07": 0.7497337593184239,
            "class01": 0.8074468085106383,
            "class14": 0.6059637912673056,
            "class18": 0.4219977553310887,
            "class10": 0.2072072072072072
        },
        "macro_f1": 0.5759320722543669,
        "micro_f1": 0.6220282531296658,
        "f1_per_class": {
            "class13": 0.21722846441947566,
            "class07": 0.7561761546723953,
            "class01": 0.868421052631579,
            "class14": 0.730423620025674,
            "class18": 0.5497076023391813,
            "class10": 0.33363553943789664
        },
        "MSE": 0.08354368805885315,
        "LogLoss": 1.1428791284561157,
        "AUNU": 0.9068793654441833,
        "micro_ROC-AUC": 0.9070006608963013,
        "AUNP": 0.9072986245155334,
        "ROC-AUC_per_class_vs_rest": {
            "class13": 0.8095571383133978,
            "class07": 0.9435225677266781,
            "class01": 0.9787640735233283,
            "class14": 0.939315167704355,
            "class18": 0.9145952972585052,
            "class10": 0.8555220753412822
        }
    }
}