{
    "classification type": "binary",
    "class balance": "balanced",
    "dataset name": "news-sarcasm_balanced",
    "class names": [
        1,
        0
    ],
    "model name": "logistic_regression",
    "index": 3,
    "cv fold": 0,
    "fold info": {
        "train distribution": 1899,
        "test distribution": 475,
        "train distribution pct": 50.0,
        "test distribution pct": 50.0
    },
    "metrics": {
        "macro_accuracy": 0.8001184463500977,
        "micro_accuracy": 0.8001184463500977,
        "accuracy_per_class": {
            "1": 0.8001184463500977,
            "0": 0.8001184463500977
        },
        "macro_precision": 0.8016142845153809,
        "micro_precision": 0.8001184463500977,
        "precision_per_class": {
            "1": 0.8228546977043152,
            "0": 0.7803738117218018
        },
        "macro_recall": 0.8001184463500977,
        "micro_recall": 0.8001184463500977,
        "recall_per_class": {
            "1": 0.76490718126297,
            "0": 0.8353297114372253
        },
        "macro_f1": 0.7998703122138977,
        "micro_f1": 0.8001184463500977,
        "f1_per_class": {
            "1": 0.7928234934806824,
            "0": 0.806917130947113
        },
        "MSE": 0.14000290632247925,
        "LogLoss": 0.43457984924316406,
        "AUNU": 0.8816431760787964,
        "micro_ROC-AUC": 0.8816431760787964
    }
}