{
    "classification type": "multiclass",
    "class balance": "imbalanced",
    "dataset name": "stocks_imbalanced",
    "class names": [
        0,
        1,
        2,
        3,
        4,
        5,
        6,
        7,
        8,
        9,
        10,
        11,
        12,
        13,
        14,
        15,
        16,
        17,
        18,
        19
    ],
    "model name": "knn",
    "index": 3,
    "cv fold": 3,
    "fold info": {
        "train distribution": 118368,
        "test distribution": 29588,
        "train distribution pct": 1009.1048593350383,
        "test distribution pct": 1009.1405184174624
    },
    "metrics": {
        "macro_accuracy": 0.9203330278396606,
        "micro_accuracy": 0.9203329682350159,
        "accuracy_per_class": {
            "0": 0.7891570925712585,
            "1": 0.9508790373802185,
            "2": 0.9495294690132141,
            "3": 0.9492537379264832,
            "4": 0.958490252494812,
            "5": 0.9509878754615784,
            "6": 0.9604819416999817,
            "7": 0.9965317845344543,
            "8": 0.9497217535972595,
            "9": 0.9500300884246826,
            "10": 0.949903130531311,
            "11": 0.9555988311767578,
            "12": 0.9683579802513123,
            "13": 0.9503856301307678,
            "14": 0.9646213054656982,
            "15": 0.9498450756072998,
            "16": 0.9818208813667297,
            "17": 0.35315585136413574,
            "18": 0.9780116677284241,
            "19": 0.9498958587646484
        },
        "macro_precision": 0.7022148966789246,
        "micro_precision": 0.2033296376466751,
        "precision_per_class": {
            "0": 0.049576569348573685,
            "1": 0.8926553726196289,
            "2": 0.7978723645210266,
            "3": NaN,
            "4": 0.9818412065505981,
            "5": 0.9115853905677795,
            "6": 0.9955372214317322,
            "7": 0.0,
            "8": 1.0,
            "9": 0.9055944085121155,
            "10": 0.0,
            "11": 0.9333006143569946,
            "12": 0.9881829023361206,
            "13": 0.9333333373069763,
            "14": 0.9836779236793518,
            "15": 0.8356807231903076,
            "16": 0.9853333234786987,
            "17": 0.14920416474342346,
            "18": 0.9987080097198486,
            "19": 0.0
        },
        "macro_recall": 0.14274826645851135,
        "micro_recall": 0.2033296376466751,
        "recall_per_class": {
            "0": 0.20790858566761017,
            "1": 0.022868722677230835,
            "2": 0.00536941597238183,
            "3": 0.0,
            "4": 0.16941125690937042,
            "5": 0.021698113530874252,
            "6": 0.2104499340057373,
            "7": 0.0,
            "8": 0.001153153134509921,
            "9": 0.0184920746833086,
            "10": 0.0,
            "11": 0.1358703374862671,
            "12": 0.37065833806991577,
            "13": 0.008127721026539803,
            "14": 0.08495441824197769,
            "15": 0.01274341344833374,
            "16": 0.2285449206829071,
            "17": 0.7957978844642639,
            "18": 0.5609171986579895,
            "19": 0.0
        },
        "macro_f1": 0.15836487710475922,
        "micro_f1": 0.2033296376466751,
        "f1_per_class": {
            "0": 0.08006204664707184,
            "1": 0.04459497705101967,
            "2": 0.0106670456007123,
            "3": 0.0,
            "4": 0.2889634668827057,
            "5": 0.04238729923963547,
            "6": 0.34745103120803833,
            "7": 0.0,
            "8": 0.002303649904206395,
            "9": 0.03624405339360237,
            "10": 0.0,
            "11": 0.23720785975456238,
            "12": 0.5391038060188293,
            "13": 0.016115108504891396,
            "14": 0.1564013808965683,
            "15": 0.025104012340307236,
            "16": 0.3710305094718933,
            "17": 0.2512933313846588,
            "18": 0.7183681130409241,
            "19": 0.0
        },
        "Kappa": 0.10325532406568527,
        "MSE": 0.05165288597345352,
        "LogLoss": 5.7429327964782715,
        "AUNU": 0.574299156665802,
        "micro_ROC-AUC": 0.6346656084060669,
        "AUNP": 0.5719784498214722,
        "AU1U": 0.5771178637887306,
        "AU1P": 0.5744893781382447,
        "ROC-AUC_per_class_vs_rest": {
            "0": 0.5444557056613586,
            "1": 0.5428148010467564,
            "2": 0.5366056888920879,
            "3": 0.5345179829550156,
            "4": 0.6052391951447692,
            "5": 0.5425826107763354,
            "6": 0.6234774228971427,
            "7": 0.5233948080818627,
            "8": 0.5331344194969119,
            "9": 0.5420405842567788,
            "10": 0.5340430959385183,
            "11": 0.5925952948441539,
            "12": 0.6984548737403915,
            "13": 0.5378934036848879,
            "14": 0.5680626998895523,
            "15": 0.5373236533413174,
            "16": 0.6321281880237506,
            "17": 0.5364166882370849,
            "18": 0.7862554170990236,
            "19": 0.5345469758841898
        }
    }
}