{
    "classification type": "multiclass",
    "class balance": "balanced",
    "dataset name": "nyt-comments-april17_balanced",
    "class names": [
        0,
        1,
        2,
        3,
        4,
        5
    ],
    "model name": "random_forest",
    "index": 4,
    "cv fold": 0,
    "fold info": {
        "train distribution": 15706,
        "test distribution": 3926,
        "train distribution pct": 250.65432492818385,
        "test distribution pct": 250.54243777919592
    },
    "metrics": {
        "macro_accuracy": 0.8423821926116943,
        "micro_accuracy": 0.8423822522163391,
        "accuracy_per_class": {
            "0": 0.833586573600769,
            "1": 0.8836184740066528,
            "2": 0.8221327066421509,
            "3": 0.8295588493347168,
            "4": 0.882449746131897,
            "5": 0.8029470443725586
        },
        "macro_precision": 0.5212618708610535,
        "micro_precision": 0.5271466970443726,
        "precision_per_class": {
            "0": 0.5078173279762268,
            "1": 0.6367893815040588,
            "2": 0.42015060782432556,
            "3": 0.4952705502510071,
            "4": 0.6525464653968811,
            "5": 0.41499701142311096
        },
        "macro_recall": 0.525168776512146,
        "micro_recall": 0.5271466970443726,
        "recall_per_class": {
            "0": 0.478894978761673,
            "1": 0.723798394203186,
            "2": 0.3735857903957367,
            "3": 0.5188046097755432,
            "4": 0.6491050720214844,
            "5": 0.40682387351989746
        },
        "macro_f1": 0.5224003195762634,
        "micro_f1": 0.5271466970443726,
        "f1_per_class": {
            "0": 0.4929322898387909,
            "1": 0.6775117516517639,
            "2": 0.39550232887268066,
            "3": 0.5067644715309143,
            "4": 0.6508212089538574,
            "5": 0.4108698070049286
        },
        "Kappa": 0.43232461810112,
        "MSE": 0.12451628595590591,
        "LogLoss": 4.783074378967285,
        "AUNU": 0.7468667030334473,
        "micro_ROC-AUC": 0.7506775259971619,
        "AUNP": 0.7475044131278992,
        "AU1U": 0.7465879743256941,
        "AU1P": 0.7469805260940922,
        "ROC-AUC_per_class_vs_rest": {
            "0": 0.7165440733937051,
            "1": 0.8383106284380287,
            "2": 0.697916209304365,
            "3": 0.7296540352328217,
            "4": 0.8094822898200389,
            "5": 0.6892928383106167
        }
    }
}