{
  "classification_types": [
    "multiclass"
  ],
  "class_balances": "imbalanced",
  "correlation_type": "spearman",
  "datasets": [
    "ag-news_imbalanced",
    "dbpedia-ontology_imbalanced",
    "gas-drift_imbalanced",
    "mfeat-karhunen_imbalanced",
    "usps_imbalanced"
  ],
  "matrix": {
    "macro_accuracy": {
      "macro_accuracy": 1.0,
      "micro_accuracy": 0.9999831967695542,
      "macro_precision": 0.9870469205112095,
      "micro_precision": 0.9999831967695542,
      "macro_recall": 0.9883113301895389,
      "micro_recall": 0.9999831967695542,
      "macro_f1": 0.9959135233146649,
      "micro_f1": 0.9999831967695542,
      "MSE": -0.9508015375921138,
      "LogLoss": -0.882474146104145,
      "AUNU": 0.8739551979275267,
      "micro_ROC-AUC": 0.8687040730531986
    },
    "micro_accuracy": {
      "macro_accuracy": 0.9999831967695542,
      "micro_accuracy": 1.0,
      "macro_precision": 0.9869950818257252,
      "micro_precision": 1.0,
      "macro_recall": 0.988317216190589,
      "micro_recall": 1.0,
      "macro_f1": 0.9958882321881426,
      "micro_f1": 1.0,
      "MSE": -0.9508088490007417,
      "LogLoss": -0.8824640900823194,
      "AUNU": 0.8739297891544908,
      "micro_ROC-AUC": 0.868682256260479
    },
    "macro_precision": {
      "macro_accuracy": 0.9870469205112095,
      "micro_accuracy": 0.9869950818257252,
      "macro_precision": 1.0,
      "micro_precision": 0.9869950818257252,
      "macro_recall": 0.9705220359433951,
      "micro_recall": 0.9869950818257252,
      "macro_f1": 0.9888604860486048,
      "micro_f1": 0.9869950818257252,
      "MSE": -0.9515823582358236,
      "LogLoss": -0.9104710471047104,
      "AUNU": 0.8971550992029161,
      "micro_ROC-AUC": 0.8928052805280527
    },
    "micro_precision": {
      "macro_accuracy": 0.9999831967695542,
      "micro_accuracy": 1.0,
      "macro_precision": 0.9869950818257252,
      "micro_precision": 1.0,
      "macro_recall": 0.988317216190589,
      "micro_recall": 1.0,
      "macro_f1": 0.9958882321881426,
      "micro_f1": 1.0,
      "MSE": -0.9508088490007417,
      "LogLoss": -0.8824640900823194,
      "AUNU": 0.8739297891544908,
      "micro_ROC-AUC": 0.868682256260479
    },
    "macro_recall": {
      "macro_accuracy": 0.9883113301895389,
      "micro_accuracy": 0.988317216190589,
      "macro_precision": 0.9705220359433951,
      "micro_precision": 0.988317216190589,
      "macro_recall": 1.0,
      "micro_recall": 0.988317216190589,
      "macro_f1": 0.9923834324881369,
      "micro_f1": 0.988317216190589,
      "MSE": -0.9413639280462324,
      "LogLoss": -0.8623024087673328,
      "AUNU": 0.8549174788873255,
      "micro_ROC-AUC": 0.8496771600535047
    },
    "micro_recall": {
      "macro_accuracy": 0.9999831967695542,
      "micro_accuracy": 1.0,
      "macro_precision": 0.9869950818257252,
      "micro_precision": 1.0,
      "macro_recall": 0.988317216190589,
      "micro_recall": 1.0,
      "macro_f1": 0.9958882321881426,
      "micro_f1": 1.0,
      "MSE": -0.9508088490007417,
      "LogLoss": -0.8824640900823194,
      "AUNU": 0.8739297891544908,
      "micro_ROC-AUC": 0.868682256260479
    },
    "macro_f1": {
      "macro_accuracy": 0.9959135233146649,
      "micro_accuracy": 0.9958882321881426,
      "macro_precision": 0.9888604860486048,
      "micro_precision": 0.9958882321881426,
      "macro_recall": 0.9923834324881369,
      "micro_recall": 0.9958882321881426,
      "macro_f1": 1.0,
      "micro_f1": 0.9958882321881426,
      "MSE": -0.9517623762376237,
      "LogLoss": -0.8809048904890489,
      "AUNU": 0.8716009512372981,
      "micro_ROC-AUC": 0.8664722472247224
    },
    "micro_f1": {
      "macro_accuracy": 0.9999831967695542,
      "micro_accuracy": 1.0,
      "macro_precision": 0.9869950818257252,
      "micro_precision": 1.0,
      "macro_recall": 0.988317216190589,
      "micro_recall": 1.0,
      "macro_f1": 0.9958882321881426,
      "micro_f1": 1.0,
      "MSE": -0.9508088490007417,
      "LogLoss": -0.8824640900823194,
      "AUNU": 0.8739297891544908,
      "micro_ROC-AUC": 0.868682256260479
    },
    "MSE": {
      "macro_accuracy": -0.9508015375921138,
      "micro_accuracy": -0.9508088490007417,
      "macro_precision": -0.9515823582358236,
      "micro_precision": -0.9508088490007417,
      "macro_recall": -0.9413639280462324,
      "micro_recall": -0.9508088490007417,
      "macro_f1": -0.9517623762376237,
      "micro_f1": -0.9508088490007417,
      "MSE": 1.0,
      "LogLoss": 0.8834131413141314,
      "AUNU": -0.8534767394929943,
      "micro_ROC-AUC": -0.8498337833783378
    },
    "LogLoss": {
      "macro_accuracy": -0.882474146104145,
      "micro_accuracy": -0.8824640900823194,
      "macro_precision": -0.9104710471047104,
      "micro_precision": -0.8824640900823194,
      "macro_recall": -0.8623024087673328,
      "micro_recall": -0.8824640900823194,
      "macro_f1": -0.8809048904890489,
      "micro_f1": -0.8824640900823194,
      "MSE": 0.8834131413141314,
      "LogLoss": 1.0,
      "AUNU": -0.9755877448293256,
      "micro_ROC-AUC": -0.9796363636363636
    },
    "AUNU": {
      "macro_accuracy": 0.8739551979275267,
      "micro_accuracy": 0.8739297891544908,
      "macro_precision": 0.8971550992029161,
      "micro_precision": 0.8739297891544908,
      "macro_recall": 0.8549174788873255,
      "micro_recall": 0.8739297891544908,
      "macro_f1": 0.8716009512372981,
      "micro_f1": 0.8739297891544908,
      "MSE": -0.8534767394929943,
      "LogLoss": -0.9755877448293256,
      "AUNU": 1.0,
      "micro_ROC-AUC": 0.9982928282018072
    },
    "micro_ROC-AUC": {
      "macro_accuracy": 0.8687040730531986,
      "micro_accuracy": 0.868682256260479,
      "macro_precision": 0.8928052805280527,
      "micro_precision": 0.868682256260479,
      "macro_recall": 0.8496771600535047,
      "micro_recall": 0.868682256260479,
      "macro_f1": 0.8664722472247224,
      "micro_f1": 0.868682256260479,
      "MSE": -0.8498337833783378,
      "LogLoss": -0.9796363636363636,
      "AUNU": 0.9982928282018072,
      "micro_ROC-AUC": 1.0
    }
  }
}