{
  "classification_types": [
    "multilabel"
  ],
  "class_balances": "balanced",
  "correlation_type": "pearson",
  "datasets": [
    "bookmarks_balanced",
    "emotions_balanced",
    "imdb_balanced",
    "mediamill_balanced",
    "ng20_balanced",
    "nuswidevlad_balanced",
    "scene_balanced",
    "tmc2007500_balanced",
    "yeast_balanced",
    "yelp_balanced"
  ],
  "matrix": {
    "macro_accuracy": {
      "macro_accuracy": 1.0,
      "micro_accuracy": 1.0,
      "macro_precision": 0.9017599396706677,
      "micro_precision": 0.9018440944444398,
      "macro_recall": -0.07475269591172908,
      "micro_recall": -0.06628377685851372,
      "macro_f1": 0.3660054454903471,
      "micro_f1": 0.4673102379991251,
      "MSE": -0.9575360515076902,
      "LogLoss": -0.8011726162273914,
      "AUNU": 0.8857132537578094,
      "micro_ROC-AUC": 0.8821830602608636
    },
    "micro_accuracy": {
      "macro_accuracy": 1.0,
      "micro_accuracy": 1.0,
      "macro_precision": 0.9017599396706675,
      "micro_precision": 0.9018440944444397,
      "macro_recall": -0.07475269591172921,
      "micro_recall": -0.06628377685851375,
      "macro_f1": 0.3660054454903471,
      "micro_f1": 0.4673102379991253,
      "MSE": -0.9575360515076901,
      "LogLoss": -0.8011726162273914,
      "AUNU": 0.8857132537578094,
      "micro_ROC-AUC": 0.8821830602608636
    },
    "macro_precision": {
      "macro_accuracy": 0.9017599396706677,
      "micro_accuracy": 0.9017599396706675,
      "macro_precision": 1.0,
      "micro_precision": 0.9957679155065362,
      "macro_recall": -0.26387333332201796,
      "micro_recall": -0.254637474216506,
      "macro_f1": 0.20872318178823987,
      "micro_f1": 0.30406800878556395,
      "MSE": -0.868677758386327,
      "LogLoss": -0.755577053678563,
      "AUNU": 0.8606594280122042,
      "micro_ROC-AUC": 0.8572973678961393
    },
    "micro_precision": {
      "macro_accuracy": 0.9018440944444398,
      "micro_accuracy": 0.9018440944444397,
      "macro_precision": 0.9957679155065362,
      "micro_precision": 1.0,
      "macro_recall": -0.2689463433948007,
      "micro_recall": -0.2599146016864919,
      "macro_f1": 0.20555087949319661,
      "micro_f1": 0.30076673294460116,
      "MSE": -0.8693947037398126,
      "LogLoss": -0.7550952224533736,
      "AUNU": 0.8650905364758146,
      "micro_ROC-AUC": 0.8619392064670572
    },
    "macro_recall": {
      "macro_accuracy": -0.07475269591172908,
      "micro_accuracy": -0.07475269591172921,
      "macro_precision": -0.26387333332201796,
      "micro_precision": -0.2689463433948007,
      "macro_recall": 1.0,
      "micro_recall": 0.9994935646458962,
      "macro_f1": 0.7547782923016823,
      "micro_f1": 0.6585009314424147,
      "MSE": 0.09408507713002166,
      "LogLoss": 0.21499965787867242,
      "AUNU": -0.0023103883530728674,
      "micro_ROC-AUC": -0.0029669986615994625
    },
    "micro_recall": {
      "macro_accuracy": -0.06628377685851372,
      "micro_accuracy": -0.06628377685851375,
      "macro_precision": -0.254637474216506,
      "micro_precision": -0.2599146016864919,
      "macro_recall": 0.9994935646458962,
      "micro_recall": 1.0,
      "macro_f1": 0.761175550271503,
      "micro_f1": 0.6656137230075763,
      "MSE": 0.08659625850394018,
      "LogLoss": 0.20884031787268542,
      "AUNU": 0.005360918481354393,
      "micro_ROC-AUC": 0.004655053952580856
    },
    "macro_f1": {
      "macro_accuracy": 0.3660054454903471,
      "micro_accuracy": 0.3660054454903471,
      "macro_precision": 0.20872318178823987,
      "micro_precision": 0.20555087949319661,
      "macro_recall": 0.7547782923016823,
      "micro_recall": 0.761175550271503,
      "macro_f1": 1.0,
      "micro_f1": 0.9772897597816492,
      "MSE": -0.3261487885566271,
      "LogLoss": -0.17007939521883625,
      "AUNU": 0.4249481801104972,
      "micro_ROC-AUC": 0.4222177992890218
    },
    "micro_f1": {
      "macro_accuracy": 0.4673102379991251,
      "micro_accuracy": 0.4673102379991253,
      "macro_precision": 0.30406800878556395,
      "micro_precision": 0.30076673294460116,
      "macro_recall": 0.6585009314424147,
      "micro_recall": 0.6656137230075763,
      "macro_f1": 0.9772897597816492,
      "micro_f1": 1.0,
      "MSE": -0.42863782856866167,
      "LogLoss": -0.2689009519405366,
      "AUNU": 0.5110757813437818,
      "micro_ROC-AUC": 0.5082081266677227
    },
    "MSE": {
      "macro_accuracy": -0.9575360515076902,
      "micro_accuracy": -0.9575360515076901,
      "macro_precision": -0.868677758386327,
      "micro_precision": -0.8693947037398126,
      "macro_recall": 0.09408507713002166,
      "micro_recall": 0.08659625850394018,
      "macro_f1": -0.3261487885566271,
      "micro_f1": -0.42863782856866167,
      "MSE": 1.0,
      "LogLoss": 0.9236800651239481,
      "AUNU": -0.923056310265169,
      "micro_ROC-AUC": -0.9212870755019347
    },
    "LogLoss": {
      "macro_accuracy": -0.8011726162273914,
      "micro_accuracy": -0.8011726162273914,
      "macro_precision": -0.755577053678563,
      "micro_precision": -0.7550952224533736,
      "macro_recall": 0.21499965787867242,
      "micro_recall": 0.20884031787268542,
      "macro_f1": -0.17007939521883625,
      "micro_f1": -0.2689009519405366,
      "MSE": 0.9236800651239481,
      "LogLoss": 1.0,
      "AUNU": -0.8572597292777612,
      "micro_ROC-AUC": -0.8586634482237857
    },
    "AUNU": {
      "macro_accuracy": 0.8857132537578094,
      "micro_accuracy": 0.8857132537578094,
      "macro_precision": 0.8606594280122042,
      "micro_precision": 0.8650905364758146,
      "macro_recall": -0.0023103883530728674,
      "micro_recall": 0.005360918481354393,
      "macro_f1": 0.4249481801104972,
      "micro_f1": 0.5110757813437818,
      "MSE": -0.923056310265169,
      "LogLoss": -0.8572597292777612,
      "AUNU": 1.0,
      "micro_ROC-AUC": 0.9997748909372934
    },
    "micro_ROC-AUC": {
      "macro_accuracy": 0.8821830602608636,
      "micro_accuracy": 0.8821830602608636,
      "macro_precision": 0.8572973678961393,
      "micro_precision": 0.8619392064670572,
      "macro_recall": -0.0029669986615994625,
      "micro_recall": 0.004655053952580856,
      "macro_f1": 0.4222177992890218,
      "micro_f1": 0.5082081266677227,
      "MSE": -0.9212870755019347,
      "LogLoss": -0.8586634482237857,
      "AUNU": 0.9997748909372934,
      "micro_ROC-AUC": 1.0
    }
  }
}