{
  "classification_types": [
    "binary"
  ],
  "class_balances": "imbalanced",
  "correlation_type": "pearson",
  "datasets": [
    "amazon-reviews-0.25_imbalanced",
    "colon-0.5_imbalanced",
    "news-sarcasm_imbalanced",
    "philippine_imbalanced",
    "spambase_imbalanced"
  ],
  "matrix": {
    "macro_accuracy": {
      "macro_accuracy": 1.0,
      "micro_accuracy": 1.0,
      "macro_precision": 0.9684736894338624,
      "micro_precision": 1.0,
      "macro_recall": 0.6933749076048246,
      "micro_recall": 1.0,
      "macro_f1": 0.9352670462160351,
      "micro_f1": 1.0,
      "MSE": -0.8465792033022703,
      "LogLoss": -0.6360724314228874,
      "AUNU": 0.6902113742653357,
      "micro_ROC-AUC": 0.6902113742653357
    },
    "micro_accuracy": {
      "macro_accuracy": 1.0,
      "micro_accuracy": 1.0,
      "macro_precision": 0.9684736894338624,
      "micro_precision": 1.0,
      "macro_recall": 0.6933749076048246,
      "micro_recall": 1.0,
      "macro_f1": 0.9352670462160351,
      "micro_f1": 1.0,
      "MSE": -0.8465792033022703,
      "LogLoss": -0.6360724314228874,
      "AUNU": 0.6902113742653357,
      "micro_ROC-AUC": 0.6902113742653357
    },
    "macro_precision": {
      "macro_accuracy": 0.9684736894338624,
      "micro_accuracy": 0.9684736894338624,
      "macro_precision": 1.0,
      "micro_precision": 0.9684736894338615,
      "macro_recall": 0.6187658161622158,
      "micro_recall": 0.9684736894338615,
      "macro_f1": 0.8940302643281195,
      "micro_f1": 0.9684736894338615,
      "MSE": -0.8656123715418428,
      "LogLoss": -0.6955330909214085,
      "AUNU": 0.7458857282803077,
      "micro_ROC-AUC": 0.7458857282803077
    },
    "micro_precision": {
      "macro_accuracy": 1.0,
      "micro_accuracy": 1.0,
      "macro_precision": 0.9684736894338615,
      "micro_precision": 1.0,
      "macro_recall": 0.6933749076048246,
      "micro_recall": 1.0,
      "macro_f1": 0.9352670462160351,
      "micro_f1": 1.0,
      "MSE": -0.8465792033022703,
      "LogLoss": -0.6360724314228874,
      "AUNU": 0.6902113742653357,
      "micro_ROC-AUC": 0.6902113742653357
    },
    "macro_recall": {
      "macro_accuracy": 0.6933749076048246,
      "micro_accuracy": 0.6933749076048246,
      "macro_precision": 0.6187658161622158,
      "micro_precision": 0.6933749076048246,
      "macro_recall": 1.0,
      "micro_recall": 0.6933749076048239,
      "macro_f1": 0.8706991841809678,
      "micro_f1": 0.6933749076048239,
      "MSE": -0.616847695461978,
      "LogLoss": -0.5059932994504304,
      "AUNU": 0.5567464192063024,
      "micro_ROC-AUC": 0.5567464192063024
    },
    "micro_recall": {
      "macro_accuracy": 1.0,
      "micro_accuracy": 1.0,
      "macro_precision": 0.9684736894338615,
      "micro_precision": 1.0,
      "macro_recall": 0.6933749076048239,
      "micro_recall": 1.0,
      "macro_f1": 0.9352670462160351,
      "micro_f1": 1.0,
      "MSE": -0.8465792033022703,
      "LogLoss": -0.6360724314228874,
      "AUNU": 0.6902113742653357,
      "micro_ROC-AUC": 0.6902113742653357
    },
    "macro_f1": {
      "macro_accuracy": 0.9352670462160351,
      "micro_accuracy": 0.9352670462160351,
      "macro_precision": 0.8940302643281195,
      "micro_precision": 0.9352670462160351,
      "macro_recall": 0.8706991841809678,
      "micro_recall": 0.9352670462160351,
      "macro_f1": 1.0,
      "micro_f1": 0.9352670462160345,
      "MSE": -0.8285906212286092,
      "LogLoss": -0.6528496367927048,
      "AUNU": 0.7132946886496658,
      "micro_ROC-AUC": 0.7132946886496658
    },
    "micro_f1": {
      "macro_accuracy": 1.0,
      "micro_accuracy": 1.0,
      "macro_precision": 0.9684736894338615,
      "micro_precision": 1.0,
      "macro_recall": 0.6933749076048239,
      "micro_recall": 1.0,
      "macro_f1": 0.9352670462160345,
      "micro_f1": 1.0,
      "MSE": -0.8465792033022703,
      "LogLoss": -0.6360724314228874,
      "AUNU": 0.6902113742653357,
      "micro_ROC-AUC": 0.6902113742653357
    },
    "MSE": {
      "macro_accuracy": -0.8465792033022703,
      "micro_accuracy": -0.8465792033022703,
      "macro_precision": -0.8656123715418428,
      "micro_precision": -0.8465792033022703,
      "macro_recall": -0.616847695461978,
      "micro_recall": -0.8465792033022703,
      "macro_f1": -0.8285906212286092,
      "micro_f1": -0.8465792033022703,
      "MSE": 1.0,
      "LogLoss": 0.9281483799232989,
      "AUNU": -0.9523335033118767,
      "micro_ROC-AUC": -0.9523335033118767
    },
    "LogLoss": {
      "macro_accuracy": -0.6360724314228874,
      "micro_accuracy": -0.6360724314228874,
      "macro_precision": -0.6955330909214085,
      "micro_precision": -0.6360724314228874,
      "macro_recall": -0.5059932994504304,
      "micro_recall": -0.6360724314228874,
      "macro_f1": -0.6528496367927048,
      "micro_f1": -0.6360724314228874,
      "MSE": 0.9281483799232989,
      "LogLoss": 1.0,
      "AUNU": -0.9861951427375459,
      "micro_ROC-AUC": -0.9861951427375459
    },
    "AUNU": {
      "macro_accuracy": 0.6902113742653357,
      "micro_accuracy": 0.6902113742653357,
      "macro_precision": 0.7458857282803077,
      "micro_precision": 0.6902113742653357,
      "macro_recall": 0.5567464192063024,
      "micro_recall": 0.6902113742653357,
      "macro_f1": 0.7132946886496658,
      "micro_f1": 0.6902113742653357,
      "MSE": -0.9523335033118767,
      "LogLoss": -0.9861951427375459,
      "AUNU": 1.0,
      "micro_ROC-AUC": 1.0
    },
    "micro_ROC-AUC": {
      "macro_accuracy": 0.6902113742653357,
      "micro_accuracy": 0.6902113742653357,
      "macro_precision": 0.7458857282803077,
      "micro_precision": 0.6902113742653357,
      "macro_recall": 0.5567464192063024,
      "micro_recall": 0.6902113742653357,
      "macro_f1": 0.7132946886496658,
      "micro_f1": 0.6902113742653357,
      "MSE": -0.9523335033118767,
      "LogLoss": -0.9861951427375459,
      "AUNU": 1.0,
      "micro_ROC-AUC": 1.0
    }
  }
}