{
  "classification_types": [
    "binary",
    "multiclass",
    "multilabel"
  ],
  "class_balances": "balanced",
  "correlation_type": "spearman",
  "datasets": [
    "all-in-one_sentiment_balanced",
    "amazon-reviews-0.25_balanced",
    "ceas_balanced",
    "colon-0.5_balanced",
    "fake-news_balanced",
    "news-sarcasm_balanced",
    "philippine_balanced",
    "santander-customer-satisfaction_balanced",
    "spambase_balanced",
    "vehicle-sensit_balanced",
    "ag-news_balanced",
    "dbpedia-ontology_balanced",
    "gas-drift_balanced",
    "gtsrb-huelist_balanced",
    "irish-times_balanced",
    "mfeat-karhunen_balanced",
    "news-category_balanced",
    "nyt-comments-april17_balanced",
    "usps_balanced",
    "volkert_balanced",
    "bookmarks_balanced",
    "emotions_balanced",
    "imdb_balanced",
    "mediamill_balanced",
    "ng20_balanced",
    "nuswidevlad_balanced",
    "scene_balanced",
    "tmc2007500_balanced",
    "yeast_balanced",
    "yelp_balanced"
  ],
  "matrix": {
    "macro_accuracy": {
      "macro_accuracy": 1.0,
      "micro_accuracy": 0.9999992999247418,
      "macro_precision": 0.9508573782580388,
      "micro_precision": 0.9530366963260649,
      "macro_recall": 0.6328137015073475,
      "micro_recall": 0.6343875332206061,
      "macro_f1": 0.7651415970841734,
      "micro_f1": 0.7976470544946324,
      "MSE": -0.852606948203374,
      "LogLoss": -0.7237167515960766,
      "AUNU": 0.7918545551367172,
      "micro_ROC-AUC": 0.79051039015156
    },
    "micro_accuracy": {
      "macro_accuracy": 0.9999992999247418,
      "micro_accuracy": 1.0,
      "macro_precision": 0.9508558776898879,
      "micro_precision": 0.9530373964013231,
      "macro_recall": 0.6328144015303947,
      "micro_recall": 0.6343882332958644,
      "macro_f1": 0.7651418968424708,
      "micro_f1": 0.7976477545698906,
      "MSE": -0.85259438624313,
      "LogLoss": -0.7237081986403269,
      "AUNU": 0.7918444111710359,
      "micro_ROC-AUC": 0.79050004609087
    },
    "macro_precision": {
      "macro_accuracy": 0.9508573782580388,
      "micro_accuracy": 0.9508558776898879,
      "macro_precision": 1.0,
      "micro_precision": 0.9947639756585828,
      "macro_recall": 0.5853254322862435,
      "micro_recall": 0.5868928412991307,
      "macro_f1": 0.7195819580780421,
      "micro_f1": 0.7585758539203533,
      "MSE": -0.820780244599615,
      "LogLoss": -0.6916321602438469,
      "AUNU": 0.7730426935633968,
      "micro_ROC-AUC": 0.7707741569951748
    },
    "micro_precision": {
      "macro_accuracy": 0.9530366963260649,
      "micro_accuracy": 0.9530373964013231,
      "macro_precision": 0.9947639756585828,
      "micro_precision": 1.0,
      "macro_recall": 0.5844275425911842,
      "micro_recall": 0.5859706445977956,
      "macro_f1": 0.7181159112744437,
      "micro_f1": 0.757862083911201,
      "MSE": -0.8233407669911934,
      "LogLoss": -0.6941607566458097,
      "AUNU": 0.7732134558980761,
      "micro_ROC-AUC": 0.7718458124021174
    },
    "macro_recall": {
      "macro_accuracy": 0.6328137015073475,
      "micro_accuracy": 0.6328144015303947,
      "macro_precision": 0.5853254322862435,
      "micro_precision": 0.5844275425911842,
      "macro_recall": 1.0,
      "micro_recall": 0.9997460721305613,
      "macro_f1": 0.9082410239934802,
      "micro_f1": 0.8696862647016023,
      "MSE": -0.4981638496340689,
      "LogLoss": -0.4409084443049203,
      "AUNU": 0.5025085670307143,
      "micro_ROC-AUC": 0.5011848033343896
    },
    "micro_recall": {
      "macro_accuracy": 0.6343875332206061,
      "micro_accuracy": 0.6343882332958644,
      "macro_precision": 0.5868928412991307,
      "micro_precision": 0.5859706445977956,
      "macro_recall": 0.9997460721305613,
      "micro_recall": 1.0,
      "macro_f1": 0.9096325458217065,
      "micro_f1": 0.8710370019930328,
      "MSE": -0.49964067578278376,
      "LogLoss": -0.4419814457410766,
      "AUNU": 0.5039782122425566,
      "micro_ROC-AUC": 0.5026474583269163
    },
    "macro_f1": {
      "macro_accuracy": 0.7651415970841734,
      "micro_accuracy": 0.7651418968424708,
      "macro_precision": 0.7195819580780421,
      "micro_precision": 0.7181159112744437,
      "macro_recall": 0.9082410239934802,
      "micro_recall": 0.9096325458217065,
      "macro_f1": 1.0,
      "micro_f1": 0.9748244682199346,
      "MSE": -0.6313166795481145,
      "LogLoss": -0.551759909149195,
      "AUNU": 0.6387147966634249,
      "micro_ROC-AUC": 0.6370918019716707
    },
    "micro_f1": {
      "macro_accuracy": 0.7976470544946324,
      "micro_accuracy": 0.7976477545698906,
      "macro_precision": 0.7585758539203533,
      "micro_precision": 0.757862083911201,
      "macro_recall": 0.8696862647016023,
      "micro_recall": 0.8710370019930328,
      "macro_f1": 0.9748244682199346,
      "micro_f1": 1.0,
      "MSE": -0.6653558666510161,
      "LogLoss": -0.5846236756227028,
      "AUNU": 0.6616651973990924,
      "micro_ROC-AUC": 0.6597625952357765
    },
    "MSE": {
      "macro_accuracy": -0.852606948203374,
      "micro_accuracy": -0.85259438624313,
      "macro_precision": -0.820780244599615,
      "micro_precision": -0.8233407669911934,
      "macro_recall": -0.4981638496340689,
      "micro_recall": -0.49964067578278376,
      "macro_f1": -0.6313166795481145,
      "micro_f1": -0.6653558666510161,
      "MSE": 1.0,
      "LogLoss": 0.883984798479848,
      "AUNU": -0.9267270727072707,
      "micro_ROC-AUC": -0.9270768788317677
    },
    "LogLoss": {
      "macro_accuracy": -0.7237167515960766,
      "micro_accuracy": -0.7237081986403269,
      "macro_precision": -0.6916321602438469,
      "micro_precision": -0.6941607566458097,
      "macro_recall": -0.4409084443049203,
      "micro_recall": -0.4419814457410766,
      "macro_f1": -0.551759909149195,
      "micro_f1": -0.5846236756227028,
      "MSE": 0.883984798479848,
      "LogLoss": 1.0,
      "AUNU": -0.9188858885888588,
      "micro_ROC-AUC": -0.9211900973657748
    },
    "AUNU": {
      "macro_accuracy": 0.7918545551367172,
      "micro_accuracy": 0.7918444111710359,
      "macro_precision": 0.7730426935633968,
      "micro_precision": 0.7732134558980761,
      "macro_recall": 0.5025085670307143,
      "micro_recall": 0.5039782122425566,
      "macro_f1": 0.6387147966634249,
      "micro_f1": 0.6616651973990924,
      "MSE": -0.9267270727072707,
      "LogLoss": -0.9188858885888588,
      "AUNU": 1.0,
      "micro_ROC-AUC": 0.998702069988276
    },
    "micro_ROC-AUC": {
      "macro_accuracy": 0.79051039015156,
      "micro_accuracy": 0.79050004609087,
      "macro_precision": 0.7707741569951748,
      "micro_precision": 0.7718458124021174,
      "macro_recall": 0.5011848033343896,
      "micro_recall": 0.5026474583269163,
      "macro_f1": 0.6370918019716707,
      "micro_f1": 0.6597625952357765,
      "MSE": -0.9270768788317677,
      "LogLoss": -0.9211900973657748,
      "AUNU": 0.998702069988276,
      "micro_ROC-AUC": 1.0
    }
  }
}