{
  "classification_types": [
    "binary"
  ],
  "class_balances": "imbalanced",
  "correlation_type": "spearman",
  "datasets": [
    "all-in-one_sentiment_imbalanced",
    "amazon-reviews-0.25_imbalanced",
    "ceas_imbalanced",
    "colon-0.5_imbalanced",
    "fake-news_imbalanced",
    "news-sarcasm_imbalanced",
    "philippine_imbalanced",
    "santander-customer-satisfaction_imbalanced",
    "spambase_imbalanced",
    "vehicle-sensit_imbalanced"
  ],
  "matrix": {
    "macro_accuracy": {
      "macro_accuracy": 1.0,
      "micro_accuracy": 1.0,
      "macro_precision": 0.776682736730161,
      "micro_precision": 1.0,
      "macro_recall": 0.4978838630567908,
      "micro_recall": 1.0,
      "macro_f1": 0.6439170240141401,
      "micro_f1": 1.0,
      "MSE": -0.8871444933483094,
      "LogLoss": -0.7463056317435146,
      "AUNU": 0.7435686250213164,
      "micro_ROC-AUC": 0.7435686250213164
    },
    "micro_accuracy": {
      "macro_accuracy": 1.0,
      "micro_accuracy": 1.0,
      "macro_precision": 0.776682736730161,
      "micro_precision": 1.0,
      "macro_recall": 0.4978838630567908,
      "micro_recall": 1.0,
      "macro_f1": 0.6439170240141401,
      "micro_f1": 1.0,
      "MSE": -0.8871444933483094,
      "LogLoss": -0.7463056317435146,
      "AUNU": 0.7435686250213164,
      "micro_ROC-AUC": 0.7435686250213164
    },
    "macro_precision": {
      "macro_accuracy": 0.776682736730161,
      "micro_accuracy": 0.776682736730161,
      "macro_precision": 1.0,
      "micro_precision": 0.776682736730161,
      "macro_recall": 0.6046709228277349,
      "micro_recall": 0.776682736730161,
      "macro_f1": 0.766594175115435,
      "micro_f1": 0.776682736730161,
      "MSE": -0.7061232159660774,
      "LogLoss": -0.650706385602174,
      "AUNU": 0.7264054248574466,
      "micro_ROC-AUC": 0.7264054248574466
    },
    "micro_precision": {
      "macro_accuracy": 1.0,
      "micro_accuracy": 1.0,
      "macro_precision": 0.776682736730161,
      "micro_precision": 1.0,
      "macro_recall": 0.4978838630567908,
      "micro_recall": 1.0,
      "macro_f1": 0.6439170240141401,
      "micro_f1": 1.0,
      "MSE": -0.8871444933483094,
      "LogLoss": -0.7463056317435146,
      "AUNU": 0.7435686250213164,
      "micro_ROC-AUC": 0.7435686250213164
    },
    "macro_recall": {
      "macro_accuracy": 0.4978838630567908,
      "micro_accuracy": 0.4978838630567908,
      "macro_precision": 0.6046709228277349,
      "micro_precision": 0.4978838630567908,
      "macro_recall": 1.0,
      "micro_recall": 0.4978838630567908,
      "macro_f1": 0.9041080105994386,
      "micro_f1": 0.4978838630567908,
      "MSE": -0.4345379584497813,
      "LogLoss": -0.36805131834386506,
      "AUNU": 0.46314434058719167,
      "micro_ROC-AUC": 0.46314434058719167
    },
    "micro_recall": {
      "macro_accuracy": 1.0,
      "micro_accuracy": 1.0,
      "macro_precision": 0.776682736730161,
      "micro_precision": 1.0,
      "macro_recall": 0.4978838630567908,
      "micro_recall": 1.0,
      "macro_f1": 0.6439170240141401,
      "micro_f1": 1.0,
      "MSE": -0.8871444933483094,
      "LogLoss": -0.7463056317435146,
      "AUNU": 0.7435686250213164,
      "micro_ROC-AUC": 0.7435686250213164
    },
    "macro_f1": {
      "macro_accuracy": 0.6439170240141401,
      "micro_accuracy": 0.6439170240141401,
      "macro_precision": 0.766594175115435,
      "micro_precision": 0.6439170240141401,
      "macro_recall": 0.9041080105994386,
      "micro_recall": 0.6439170240141401,
      "macro_f1": 1.0,
      "micro_f1": 0.6439170240141401,
      "MSE": -0.5683441394603235,
      "LogLoss": -0.48708522200786,
      "AUNU": 0.5840372343410336,
      "micro_ROC-AUC": 0.5840372343410336
    },
    "micro_f1": {
      "macro_accuracy": 1.0,
      "micro_accuracy": 1.0,
      "macro_precision": 0.776682736730161,
      "micro_precision": 1.0,
      "macro_recall": 0.4978838630567908,
      "micro_recall": 1.0,
      "macro_f1": 0.6439170240141401,
      "micro_f1": 1.0,
      "MSE": -0.8871444933483094,
      "LogLoss": -0.7463056317435146,
      "AUNU": 0.7435686250213164,
      "micro_ROC-AUC": 0.7435686250213164
    },
    "MSE": {
      "macro_accuracy": -0.8871444933483094,
      "micro_accuracy": -0.8871444933483094,
      "macro_precision": -0.7061232159660774,
      "micro_precision": -0.8871444933483094,
      "macro_recall": -0.4345379584497813,
      "micro_recall": -0.8871444933483094,
      "macro_f1": -0.5683441394603235,
      "micro_f1": -0.8871444933483094,
      "MSE": 1.0,
      "LogLoss": 0.9168388838883887,
      "AUNU": -0.8905931465256662,
      "micro_ROC-AUC": -0.8905931465256662
    },
    "LogLoss": {
      "macro_accuracy": -0.7463056317435146,
      "micro_accuracy": -0.7463056317435146,
      "macro_precision": -0.650706385602174,
      "micro_precision": -0.7463056317435146,
      "macro_recall": -0.36805131834386506,
      "micro_recall": -0.7463056317435146,
      "macro_f1": -0.48708522200786,
      "micro_f1": -0.7463056317435146,
      "MSE": 0.9168388838883887,
      "LogLoss": 1.0,
      "AUNU": -0.9309495919488302,
      "micro_ROC-AUC": -0.9309495919488302
    },
    "AUNU": {
      "macro_accuracy": 0.7435686250213164,
      "micro_accuracy": 0.7435686250213164,
      "macro_precision": 0.7264054248574466,
      "micro_precision": 0.7435686250213164,
      "macro_recall": 0.46314434058719167,
      "micro_recall": 0.7435686250213164,
      "macro_f1": 0.5840372343410336,
      "micro_f1": 0.7435686250213164,
      "MSE": -0.8905931465256662,
      "LogLoss": -0.9309495919488302,
      "AUNU": 1.0,
      "micro_ROC-AUC": 1.0
    },
    "micro_ROC-AUC": {
      "macro_accuracy": 0.7435686250213164,
      "micro_accuracy": 0.7435686250213164,
      "macro_precision": 0.7264054248574466,
      "micro_precision": 0.7435686250213164,
      "macro_recall": 0.46314434058719167,
      "micro_recall": 0.7435686250213164,
      "macro_f1": 0.5840372343410336,
      "micro_f1": 0.7435686250213164,
      "MSE": -0.8905931465256662,
      "LogLoss": -0.9309495919488302,
      "AUNU": 1.0,
      "micro_ROC-AUC": 1.0
    }
  }
}