{
  "classification_types": [
    "binary"
  ],
  "class_balances": "balanced",
  "correlation_type": "spearman",
  "datasets": [
    "all-in-one_sentiment_balanced",
    "amazon-reviews-0.25_balanced",
    "ceas_balanced",
    "colon-0.5_balanced",
    "fake-news_balanced",
    "news-sarcasm_balanced",
    "philippine_balanced",
    "santander-customer-satisfaction_balanced",
    "spambase_balanced",
    "vehicle-sensit_balanced"
  ],
  "matrix": {
    "macro_accuracy": {
      "macro_accuracy": 1.0,
      "micro_accuracy": 1.0,
      "macro_precision": 0.9994023397978742,
      "micro_precision": 1.0,
      "macro_recall": 0.9999954992848286,
      "micro_recall": 1.0,
      "macro_f1": 0.9999561956078594,
      "micro_f1": 1.0,
      "MSE": -0.8949599104198687,
      "LogLoss": -0.7037783310125036,
      "AUNU": 0.8120009025520932,
      "micro_ROC-AUC": 0.8120009025520932
    },
    "micro_accuracy": {
      "macro_accuracy": 1.0,
      "micro_accuracy": 1.0,
      "macro_precision": 0.9994023397978742,
      "micro_precision": 1.0,
      "macro_recall": 0.9999954992848286,
      "micro_recall": 1.0,
      "macro_f1": 0.9999561956078594,
      "micro_f1": 1.0,
      "MSE": -0.8949599104198687,
      "LogLoss": -0.7037783310125036,
      "AUNU": 0.8120009025520932,
      "micro_ROC-AUC": 0.8120009025520932
    },
    "macro_precision": {
      "macro_accuracy": 0.9994023397978742,
      "micro_accuracy": 0.9994023397978742,
      "macro_precision": 1.0,
      "micro_precision": 0.9994023397978742,
      "macro_recall": 0.9994023397659065,
      "micro_recall": 0.9994023397978742,
      "macro_f1": 0.999289528599563,
      "micro_f1": 0.9994023397978742,
      "MSE": -0.8968657863040959,
      "LogLoss": -0.7076117522586937,
      "AUNU": 0.8156021280949307,
      "micro_ROC-AUC": 0.8156021280949307
    },
    "micro_precision": {
      "macro_accuracy": 1.0,
      "micro_accuracy": 1.0,
      "macro_precision": 0.9994023397978742,
      "micro_precision": 1.0,
      "macro_recall": 0.9999954992848286,
      "micro_recall": 1.0,
      "macro_f1": 0.9999561956078594,
      "micro_f1": 1.0,
      "MSE": -0.8949599104198687,
      "LogLoss": -0.7037783310125036,
      "AUNU": 0.8120009025520932,
      "micro_ROC-AUC": 0.8120009025520932
    },
    "macro_recall": {
      "macro_accuracy": 0.9999954992848286,
      "micro_accuracy": 0.9999954992848286,
      "macro_precision": 0.9994023397659065,
      "micro_precision": 0.9999954992848286,
      "macro_recall": 1.0,
      "micro_recall": 0.9999954992848286,
      "macro_f1": 0.9999510948443845,
      "micro_f1": 0.9999954992848286,
      "MSE": -0.8949714891063592,
      "LogLoss": -0.7038039833425794,
      "AUNU": 0.8120018885319483,
      "micro_ROC-AUC": 0.8120018885319483
    },
    "micro_recall": {
      "macro_accuracy": 1.0,
      "micro_accuracy": 1.0,
      "macro_precision": 0.9994023397978742,
      "micro_precision": 1.0,
      "macro_recall": 0.9999954992848286,
      "micro_recall": 1.0,
      "macro_f1": 0.9999561956078594,
      "micro_f1": 1.0,
      "MSE": -0.8949599104198687,
      "LogLoss": -0.7037783310125036,
      "AUNU": 0.8120009025520932,
      "micro_ROC-AUC": 0.8120009025520932
    },
    "macro_f1": {
      "macro_accuracy": 0.9999561956078594,
      "micro_accuracy": 0.9999561956078594,
      "macro_precision": 0.999289528599563,
      "micro_precision": 0.9999561956078594,
      "macro_recall": 0.9999510948443845,
      "micro_recall": 0.9999561956078594,
      "macro_f1": 1.0,
      "micro_f1": 0.9999561956078594,
      "MSE": -0.8945464982903083,
      "LogLoss": -0.703190918566697,
      "AUNU": 0.8114267182230982,
      "micro_ROC-AUC": 0.8114267182230982
    },
    "micro_f1": {
      "macro_accuracy": 1.0,
      "micro_accuracy": 1.0,
      "macro_precision": 0.9994023397978742,
      "micro_precision": 1.0,
      "macro_recall": 0.9999954992848286,
      "micro_recall": 1.0,
      "macro_f1": 0.9999561956078594,
      "micro_f1": 1.0,
      "MSE": -0.8949599104198687,
      "LogLoss": -0.7037783310125036,
      "AUNU": 0.8120009025520932,
      "micro_ROC-AUC": 0.8120009025520932
    },
    "MSE": {
      "macro_accuracy": -0.8949599104198687,
      "micro_accuracy": -0.8949599104198687,
      "macro_precision": -0.8968657863040959,
      "micro_precision": -0.8949599104198687,
      "macro_recall": -0.8949714891063592,
      "micro_recall": -0.8949599104198687,
      "macro_f1": -0.8945464982903083,
      "micro_f1": -0.8949599104198687,
      "MSE": 1.0,
      "LogLoss": 0.8754275427542753,
      "AUNU": -0.9444236423642364,
      "micro_ROC-AUC": -0.9444236423642364
    },
    "LogLoss": {
      "macro_accuracy": -0.7037783310125036,
      "micro_accuracy": -0.7037783310125036,
      "macro_precision": -0.7076117522586937,
      "micro_precision": -0.7037783310125036,
      "macro_recall": -0.7038039833425794,
      "micro_recall": -0.7037783310125036,
      "macro_f1": -0.703190918566697,
      "micro_f1": -0.7037783310125036,
      "MSE": 0.8754275427542753,
      "LogLoss": 1.0,
      "AUNU": -0.9326816681668166,
      "micro_ROC-AUC": -0.9326816681668166
    },
    "AUNU": {
      "macro_accuracy": 0.8120009025520932,
      "micro_accuracy": 0.8120009025520932,
      "macro_precision": 0.8156021280949307,
      "micro_precision": 0.8120009025520932,
      "macro_recall": 0.8120018885319483,
      "micro_recall": 0.8120009025520932,
      "macro_f1": 0.8114267182230982,
      "micro_f1": 0.8120009025520932,
      "MSE": -0.9444236423642364,
      "LogLoss": -0.9326816681668166,
      "AUNU": 1.0,
      "micro_ROC-AUC": 1.0
    },
    "micro_ROC-AUC": {
      "macro_accuracy": 0.8120009025520932,
      "micro_accuracy": 0.8120009025520932,
      "macro_precision": 0.8156021280949307,
      "micro_precision": 0.8120009025520932,
      "macro_recall": 0.8120018885319483,
      "micro_recall": 0.8120009025520932,
      "macro_f1": 0.8114267182230982,
      "micro_f1": 0.8120009025520932,
      "MSE": -0.9444236423642364,
      "LogLoss": -0.9326816681668166,
      "AUNU": 1.0,
      "micro_ROC-AUC": 1.0
    }
  }
}