{
  "classification_types": [
    "multilabel"
  ],
  "class_balances": "imbalanced",
  "correlation_type": "pearson",
  "datasets": [
    "bookmarks_imbalanced",
    "mediamill_imbalanced",
    "ng20_imbalanced",
    "nuswidevlad_imbalanced",
    "tmc2007500_imbalanced"
  ],
  "matrix": {
    "macro_accuracy": {
      "macro_accuracy": 1.0,
      "micro_accuracy": 0.9999999999999997,
      "macro_precision": 0.8809149579859064,
      "micro_precision": 0.9392514975854402,
      "macro_recall": -0.06205971862107029,
      "micro_recall": 0.06626643560856663,
      "macro_f1": 0.39172869769015717,
      "micro_f1": 0.5823115771674026,
      "MSE": -0.9408768852050388,
      "LogLoss": -0.8772581525613286,
      "AUNU": 0.877404117602727,
      "micro_ROC-AUC": 0.8889039958258198
    },
    "micro_accuracy": {
      "macro_accuracy": 0.9999999999999997,
      "micro_accuracy": 1.0,
      "macro_precision": 0.8809149579859067,
      "micro_precision": 0.93925149758544,
      "macro_recall": -0.06205971862106772,
      "micro_recall": 0.06626643560856901,
      "macro_f1": 0.3917286976901588,
      "micro_f1": 0.582311577167404,
      "MSE": -0.9408768852050396,
      "LogLoss": -0.8772581525613289,
      "AUNU": 0.8774041176027276,
      "micro_ROC-AUC": 0.8889039958258206
    },
    "macro_precision": {
      "macro_accuracy": 0.8809149579859064,
      "micro_accuracy": 0.8809149579859067,
      "macro_precision": 1.0,
      "micro_precision": 0.9589461547551561,
      "macro_recall": -0.11167303235937273,
      "micro_recall": 0.003766349875382913,
      "macro_f1": 0.32545597799582715,
      "micro_f1": 0.49196279762164163,
      "MSE": -0.9263800746974006,
      "LogLoss": -0.9330254563618532,
      "AUNU": 0.9446285276495405,
      "micro_ROC-AUC": 0.942512358815881
    },
    "micro_precision": {
      "macro_accuracy": 0.9392514975854402,
      "micro_accuracy": 0.93925149758544,
      "macro_precision": 0.9589461547551561,
      "micro_precision": 1.0,
      "macro_recall": -0.21485039720633398,
      "micro_recall": -0.09437360622236789,
      "macro_f1": 0.2697085640567235,
      "micro_f1": 0.4675901245935995,
      "MSE": -0.9696838325103361,
      "LogLoss": -0.9508333960626356,
      "AUNU": 0.9421232462273931,
      "micro_ROC-AUC": 0.9534695698172057
    },
    "macro_recall": {
      "macro_accuracy": -0.06205971862107029,
      "micro_accuracy": -0.06205971862106772,
      "macro_precision": -0.11167303235937273,
      "micro_precision": -0.21485039720633398,
      "macro_recall": 1.0,
      "micro_recall": 0.975942758165721,
      "macro_f1": 0.8226376243507069,
      "micro_f1": 0.6191202834858489,
      "MSE": 0.14654272721311118,
      "LogLoss": 0.16846850493861548,
      "AUNU": -0.09504563066659409,
      "micro_ROC-AUC": -0.13723030764572652
    },
    "micro_recall": {
      "macro_accuracy": 0.06626643560856663,
      "micro_accuracy": 0.06626643560856901,
      "macro_precision": 0.003766349875382913,
      "micro_precision": -0.09437360622236789,
      "macro_recall": 0.975942758165721,
      "micro_recall": 1.0,
      "macro_f1": 0.8964985915219632,
      "micro_f1": 0.7385456748094301,
      "MSE": 0.03978204316489212,
      "LogLoss": 0.0712139677082371,
      "AUNU": 0.0018870196674719785,
      "micro_ROC-AUC": -0.03794817138115023
    },
    "macro_f1": {
      "macro_accuracy": 0.39172869769015717,
      "micro_accuracy": 0.3917286976901588,
      "macro_precision": 0.32545597799582715,
      "micro_precision": 0.2697085640567235,
      "macro_recall": 0.8226376243507069,
      "micro_recall": 0.8964985915219632,
      "macro_f1": 1.0,
      "micro_f1": 0.9408712873439097,
      "MSE": -0.30952780672742913,
      "LogLoss": -0.2710629457332645,
      "AUNU": 0.3238708576506638,
      "micro_ROC-AUC": 0.29805211213113386
    },
    "micro_f1": {
      "macro_accuracy": 0.5823115771674026,
      "micro_accuracy": 0.582311577167404,
      "macro_precision": 0.49196279762164163,
      "micro_precision": 0.4675901245935995,
      "macro_recall": 0.6191202834858489,
      "micro_recall": 0.7385456748094301,
      "macro_f1": 0.9408712873439097,
      "micro_f1": 1.0,
      "MSE": -0.4964442009286305,
      "LogLoss": -0.4462979038809548,
      "AUNU": 0.48029102497487963,
      "micro_ROC-AUC": 0.4726147872186092
    },
    "MSE": {
      "macro_accuracy": -0.9408768852050388,
      "micro_accuracy": -0.9408768852050396,
      "macro_precision": -0.9263800746974006,
      "micro_precision": -0.9696838325103361,
      "macro_recall": 0.14654272721311118,
      "micro_recall": 0.03978204316489212,
      "macro_f1": -0.30952780672742913,
      "micro_f1": -0.4964442009286305,
      "MSE": 1.0,
      "LogLoss": 0.9818803010659736,
      "AUNU": -0.9770743809285749,
      "micro_ROC-AUC": -0.9854618471651915
    },
    "LogLoss": {
      "macro_accuracy": -0.8772581525613286,
      "micro_accuracy": -0.8772581525613289,
      "macro_precision": -0.9330254563618532,
      "micro_precision": -0.9508333960626356,
      "macro_recall": 0.16846850493861548,
      "micro_recall": 0.0712139677082371,
      "macro_f1": -0.2710629457332645,
      "micro_f1": -0.4462979038809548,
      "MSE": 0.9818803010659736,
      "LogLoss": 1.0,
      "AUNU": -0.9911954093471307,
      "micro_ROC-AUC": -0.9944957312891358
    },
    "AUNU": {
      "macro_accuracy": 0.877404117602727,
      "micro_accuracy": 0.8774041176027276,
      "macro_precision": 0.9446285276495405,
      "micro_precision": 0.9421232462273931,
      "macro_recall": -0.09504563066659409,
      "micro_recall": 0.0018870196674719785,
      "macro_f1": 0.3238708576506638,
      "micro_f1": 0.48029102497487963,
      "MSE": -0.9770743809285749,
      "LogLoss": -0.9911954093471307,
      "AUNU": 1.0,
      "micro_ROC-AUC": 0.9966092182522095
    },
    "micro_ROC-AUC": {
      "macro_accuracy": 0.8889039958258198,
      "micro_accuracy": 0.8889039958258206,
      "macro_precision": 0.942512358815881,
      "micro_precision": 0.9534695698172057,
      "macro_recall": -0.13723030764572652,
      "micro_recall": -0.03794817138115023,
      "macro_f1": 0.29805211213113386,
      "micro_f1": 0.4726147872186092,
      "MSE": -0.9854618471651915,
      "LogLoss": -0.9944957312891358,
      "AUNU": 0.9966092182522095,
      "micro_ROC-AUC": 1.0
    }
  }
}