{
    "classification type": "multiclass",
    "class balance": "imbalanced",
    "dataset name": "stocks_imbalanced",
    "class names": [
        0,
        1,
        2,
        3,
        4,
        5,
        6,
        7,
        8,
        9,
        10,
        11,
        12,
        13,
        14,
        15,
        16,
        17,
        18,
        19
    ],
    "model name": "decision_tree",
    "index": 2,
    "cv fold": 0,
    "fold info": {
        "train distribution": 118360,
        "test distribution": 29596,
        "train distribution pct": 1009.1226873561258,
        "test distribution pct": 1009.0692124105011
    },
    "metrics": {
        "macro_accuracy": 0.9221906661987305,
        "micro_accuracy": 0.9221906661987305,
        "accuracy_per_class": {
            "0": 0.9560374021530151,
            "1": 0.9509032368659973,
            "2": 0.9495391845703125,
            "3": 0.9492549896240234,
            "4": 0.9585855603218079,
            "5": 0.951016902923584,
            "6": 0.9604706168174744,
            "7": 0.996570885181427,
            "8": 0.9497001767158508,
            "9": 0.9500506520271301,
            "10": 0.9499180912971497,
            "11": 0.9556679725646973,
            "12": 0.9682571291923523,
            "13": 0.9504106640815735,
            "14": 0.9646385908126831,
            "15": 0.9498517513275146,
            "16": 0.9818503856658936,
            "17": 0.22313791513442993,
            "18": 0.9780139923095703,
            "19": 0.9499369859695435
        },
        "macro_precision": 0.7888810634613037,
        "micro_precision": 0.22190646827220917,
        "precision_per_class": {
            "0": 0.7647058963775635,
            "1": 0.8978102207183838,
            "2": 0.8055555820465088,
            "3": NaN,
            "4": 0.984649121761322,
            "5": 0.942148745059967,
            "6": 0.9964028596878052,
            "7": 0.0,
            "8": 1.0,
            "9": 0.9252336621284485,
            "10": 0.0,
            "11": 0.9362244606018066,
            "12": 0.9887926578521729,
            "13": 0.957446813583374,
            "14": 0.9913793206214905,
            "15": 0.8684210777282715,
            "16": 0.9929577708244324,
            "17": 0.14914220571517944,
            "18": 0.9989874958992004,
            "19": NaN
        },
        "macro_recall": 0.1426534652709961,
        "micro_recall": 0.22190646827220917,
        "recall_per_class": {
            "0": 0.005580596625804901,
            "1": 0.023242630064487457,
            "2": 0.005421574227511883,
            "3": 0.0,
            "4": 0.17085236310958862,
            "5": 0.021599089726805687,
            "6": 0.20996779203414917,
            "7": 0.0,
            "8": 0.0007527286652475595,
            "9": 0.01845637522637844,
            "10": 0.0,
            "11": 0.1368381828069687,
            "12": 0.36831119656562805,
            "13": 0.00852595642209053,
            "14": 0.08466257899999619,
            "15": 0.012336448766291142,
            "16": 0.22778674960136414,
            "17": 0.9979166388511658,
            "18": 0.5608184933662415,
            "19": 0.0
        },
        "macro_f1": 0.15531276166439056,
        "micro_f1": 0.22190646827220917,
        "f1_per_class": {
            "0": 0.011080332100391388,
            "1": 0.04531221091747284,
            "2": 0.01077065896242857,
            "3": 0.0,
            "4": 0.291180282831192,
            "5": 0.042230043560266495,
            "6": 0.3468461334705353,
            "7": 0.0,
            "8": 0.0015043249586597085,
            "9": 0.03619082272052765,
            "10": 0.0,
            "11": 0.23877683281898499,
            "12": 0.5367067456245422,
            "13": 0.01690140925347805,
            "14": 0.1560027152299881,
            "15": 0.024327313527464867,
            "16": 0.3705650568008423,
            "17": 0.25950103998184204,
            "18": 0.7183594107627869,
            "19": 0.0
        },
        "Kappa": 0.10699039697647095,
        "MSE": 0.042906321585178375,
        "LogLoss": 2.641819477081299,
        "AUNU": 0.5834412574768066,
        "micro_ROC-AUC": 0.6809303164482117,
        "AUNP": 0.5812060236930847,
        "AU1U": 0.5871817034582566,
        "AU1P": 0.5840924591616868,
        "ROC-AUC_per_class_vs_rest": {
            "0": 0.545926302119447,
            "1": 0.5536797333410219,
            "2": 0.5483052208850625,
            "3": 0.5464620172195045,
            "4": 0.6106273833886506,
            "5": 0.5533035654280086,
            "6": 0.6286277007215364,
            "7": 0.5423107804402538,
            "8": 0.544465523490154,
            "9": 0.5530128248678299,
            "10": 0.5456939830812397,
            "11": 0.6011865739171406,
            "12": 0.6993446976710669,
            "13": 0.5494612196368259,
            "14": 0.5757111020143871,
            "15": 0.549242529691877,
            "16": 0.6377630310589187,
            "17": 0.5499315477061022,
            "18": 0.7875014408435407,
            "19": 0.5462678519988957
        }
    }
}