{
    "classification type": "multilabel",
    "class balance": "balanced",
    "dataset name": "cal500_balanced",
    "class names": [
        "Instrument_-_Male_Lead_Vocals",
        "Song-Texture_Electric",
        "NOT-Emotion-Angry-Agressive",
        "NOT-Emotion-Bizarre-Weird",
        "Song-Quality",
        "Song-Texture_Acoustic",
        "Instrument_-_Drum_Set"
    ],
    "model name": "logistic_regression",
    "index": 1,
    "cv fold": 0,
    "fold info": {
        "train distribution": [
            240,
            238,
            240,
            218,
            217,
            222,
            216
        ],
        "test distribution": [
            60,
            60,
            60,
            55,
            54,
            49,
            55
        ],
        "train distribution pct": [
            64.51612903225806,
            63.97849462365591,
            64.51612903225806,
            58.602150537634415,
            58.333333333333336,
            59.67741935483871,
            58.06451612903226
        ],
        "test distribution pct": [
            66.66666666666666,
            66.66666666666666,
            66.66666666666666,
            61.111111111111114,
            60.0,
            54.44444444444444,
            61.111111111111114
        ]
    },
    "metrics": {
        "macro_accuracy": 0.5810041407867494,
        "micro_accuracy": 0.5810041407867494,
        "accuracy_per_class": {
            "Instrument_-_Male_Lead_Vocals": 0.6503623188405797,
            "Song-Texture_Electric": 0.5615942028985508,
            "NOT-Emotion-Angry-Agressive": 0.6123188405797102,
            "NOT-Emotion-Bizarre-Weird": 0.5489130434782609,
            "Song-Quality": 0.5742753623188406,
            "Song-Texture_Acoustic": 0.5416666666666666,
            "Instrument_-_Drum_Set": 0.5778985507246377
        },
        "macro_precision": 0.6417494770714984,
        "micro_precision": 0.6432350718065004,
        "precision_per_class": {
            "Instrument_-_Male_Lead_Vocals": 0.7061728395061728,
            "Song-Texture_Electric": 0.6394230769230769,
            "NOT-Emotion-Angry-Agressive": 0.6881443298969072,
            "NOT-Emotion-Bizarre-Weird": 0.6076294277929155,
            "Song-Quality": 0.6339285714285714,
            "Song-Texture_Acoustic": 0.5949008498583569,
            "Instrument_-_Drum_Set": 0.6220472440944882
        },
        "macro_recall": 0.7139477714404894,
        "micro_recall": 0.7160286074884308,
        "recall_per_class": {
            "Instrument_-_Male_Lead_Vocals": 0.7944444444444444,
            "Song-Texture_Electric": 0.7430167597765364,
            "NOT-Emotion-Angry-Agressive": 0.7416666666666667,
            "NOT-Emotion-Bizarre-Weird": 0.6798780487804879,
            "Song-Quality": 0.6553846153846153,
            "Song-Texture_Acoustic": 0.65625,
            "Instrument_-_Drum_Set": 0.7269938650306749
        },
        "macro_f1": 0.675667020001257,
        "micro_f1": 0.6776826597650806,
        "f1_per_class": {
            "Instrument_-_Male_Lead_Vocals": 0.7477124183006536,
            "Song-Texture_Electric": 0.6873385012919897,
            "NOT-Emotion-Angry-Agressive": 0.713903743315508,
            "NOT-Emotion-Bizarre-Weird": 0.641726618705036,
            "Song-Quality": 0.6444780635400907,
            "Song-Texture_Acoustic": 0.6240713224368499,
            "Instrument_-_Drum_Set": 0.6704384724186704
        },
        "MSE": 0.265249639749527,
        "LogLoss": 0.7802985906600952,
        "AUNU": 0.5649569630622864,
        "micro_ROC-AUC": 0.5717757344245911,
        "AUNP": 0.5650376081466675,
        "ROC-AUC_per_class_vs_rest": {
            "Instrument_-_Male_Lead_Vocals": 0.6209924768518518,
            "Song-Texture_Electric": 0.476732131544088,
            "NOT-Emotion-Angry-Agressive": 0.5994936342592593,
            "NOT-Emotion-Bizarre-Weird": 0.5405460583623694,
            "Song-Quality": 0.5868654693324298,
            "Song-Texture_Acoustic": 0.5639143318965516,
            "Instrument_-_Drum_Set": 0.5661545143601715
        }
    }
}