{
    "classification type": "multiclass",
    "class balance": "balanced",
    "dataset name": "mfeat-karhunen_balanced",
    "class names": [
        0,
        1,
        2,
        3
    ],
    "model name": "decision_tree",
    "index": 3,
    "cv fold": 0,
    "fold info": {
        "train distribution": 576,
        "test distribution": 144,
        "train distribution pct": 150.0,
        "test distribution pct": 150.0
    },
    "metrics": {
        "macro_accuracy": 0.9823424816131592,
        "micro_accuracy": 0.9823424816131592,
        "accuracy_per_class": {
            "0": 0.9855182766914368,
            "1": 0.9806910753250122,
            "2": 0.9819613695144653,
            "3": 0.9811992049217224
        },
        "macro_precision": 0.9648939967155457,
        "micro_precision": 0.9646849632263184,
        "precision_per_class": {
            "0": 0.9744114875793457,
            "1": 0.9495049715042114,
            "2": 0.9597180485725403,
            "3": 0.9759414196014404
        },
        "macro_recall": 0.9646849036216736,
        "micro_recall": 0.9646849632263184,
        "recall_per_class": {
            "0": 0.9674796462059021,
            "1": 0.9745935201644897,
            "2": 0.9684959053993225,
            "3": 0.9481707215309143
        },
        "macro_f1": 0.9646903872489929,
        "micro_f1": 0.9646849632263184,
        "f1_per_class": {
            "0": 0.970933198928833,
            "1": 0.9618856310844421,
            "2": 0.9640870094299316,
            "3": 0.9618556499481201
        },
        "Kappa": 0.9529132843017578,
        "MSE": 0.016838165000081062,
        "LogLoss": 0.5689330697059631,
        "AUNU": 0.972150444984436,
        "micro_ROC-AUC": 0.9722157716751099,
        "AUNP": 0.972150444984436,
        "AU1U": 0.9721504436843148,
        "AU1P": 0.9721504436843148,
        "ROC-AUC_per_class_vs_rest": {
            "0": 0.976817425694582,
            "1": 0.9711952899508671,
            "2": 0.9723048449996694,
            "3": 0.9682842140921408
        }
    }
}