{
    "classification type": "multiclass",
    "class balance": "balanced",
    "dataset name": "mfeat-karhunen_balanced",
    "class names": [
        0,
        1,
        2,
        3
    ],
    "model name": "logistic_regression",
    "index": 2,
    "cv fold": 0,
    "fold info": {
        "train distribution": 576,
        "test distribution": 144,
        "train distribution pct": 150.0,
        "test distribution pct": 150.0
    },
    "metrics": {
        "macro_accuracy": 0.9924242496490479,
        "micro_accuracy": 0.9924242496490479,
        "accuracy_per_class": {
            "0": 0.9933711886405945,
            "1": 0.9924242496490479,
            "2": 0.9933711886405945,
            "3": 0.9905303120613098
        },
        "macro_precision": 0.9850731492042542,
        "micro_precision": 0.9848484992980957,
        "precision_per_class": {
            "0": 0.992337167263031,
            "1": 0.970588207244873,
            "2": 0.9812734127044678,
            "3": 0.99609375
        },
        "macro_recall": 0.9848484992980957,
        "micro_recall": 0.9848484992980957,
        "recall_per_class": {
            "0": 0.9810606241226196,
            "1": 1.0,
            "2": 0.9924242496490479,
            "3": 0.9659090638160706
        },
        "macro_f1": 0.9848319292068481,
        "micro_f1": 0.9848484992980957,
        "f1_per_class": {
            "0": 0.9866666793823242,
            "1": 0.9850746393203735,
            "2": 0.9868173003196716,
            "3": 0.9807692170143127
        },
        "Kappa": 0.9797980189323425,
        "MSE": 0.0068008750677108765,
        "LogLoss": 0.0734613761305809,
        "AUNU": 0.9981383681297302,
        "micro_ROC-AUC": 0.9983180165290833,
        "AUNP": 0.9981383681297302,
        "AU1U": 0.9981383436639119,
        "AU1P": 0.9981383436639119,
        "ROC-AUC_per_class_vs_rest": {
            "0": 0.9985651974288339,
            "1": 0.9996221686562595,
            "2": 0.999478688399143,
            "3": 0.994887320171411
        }
    }
}