{
    "classification type": "multilabel",
    "class balance": "balanced",
    "dataset name": "scene_balanced",
    "class names": [
        "Mountain",
        "Field",
        "Urban",
        "Beach",
        "FallFoliage",
        "Sunset"
    ],
    "model name": "knn",
    "index": 0,
    "cv fold": 3,
    "fold info": {
        "train distribution": [
            324,
            324,
            324,
            324,
            317,
            292
        ],
        "test distribution": [
            81,
            81,
            82,
            82,
            80,
            72
        ],
        "train distribution pct": [
            18.356940509915017,
            18.356940509915017,
            18.356940509915017,
            18.356940509915017,
            17.960339943342778,
            16.543909348441925
        ],
        "test distribution pct": [
            18.409090909090907,
            18.409090909090907,
            18.636363636363637,
            18.636363636363637,
            18.181818181818183,
            16.363636363636363
        ]
    },
    "metrics": {
        "macro_accuracy": 0.9056532425789374,
        "micro_accuracy": 0.9056532425789374,
        "accuracy_per_class": {
            "Mountain": 0.845150311968236,
            "Field": 0.9410096426545661,
            "Urban": 0.8865570051049347,
            "Beach": 0.897334089619966,
            "FallFoliage": 0.9336358479863869,
            "Sunset": 0.9302325581395349
        },
        "macro_precision": 0.8525133831374027,
        "micro_precision": 0.8389261744966443,
        "precision_per_class": {
            "Mountain": 0.7575757575757576,
            "Field": 0.9198473282442748,
            "Urban": 0.685459940652819,
            "Beach": 0.9285714285714286,
            "FallFoliage": 0.8295081967213115,
            "Sunset": 0.9941176470588236
        },
        "macro_recall": 0.5904052284611623,
        "micro_recall": 0.5899318300996329,
        "recall_per_class": {
            "Mountain": 0.23148148148148148,
            "Field": 0.7438271604938271,
            "Urban": 0.7107692307692308,
            "Beach": 0.48,
            "FallFoliage": 0.7955974842767296,
            "Sunset": 0.5807560137457045
        },
        "macro_f1": 0.6755447533969811,
        "micro_f1": 0.6927339901477833,
        "f1_per_class": {
            "Mountain": 0.3546099290780142,
            "Field": 0.8225255972696246,
            "Urban": 0.6978851963746223,
            "Beach": 0.6328600405679513,
            "FallFoliage": 0.812199036918138,
            "Sunset": 0.7331887201735358
        },
        "MSE": 0.06833522766828537,
        "LogLoss": 0.82700514793396,
        "AUNU": 0.9328005909919739,
        "micro_ROC-AUC": 0.9341542720794678,
        "AUNP": 0.9322195649147034,
        "ROC-AUC_per_class_vs_rest": {
            "Mountain": 0.8415201743323124,
            "Field": 0.9689063049614358,
            "Urban": 0.915637102813737,
            "Beach": 0.9442387931956777,
            "FallFoliage": 0.9664087832691346,
            "Sunset": 0.9600924006424623
        }
    }
}