{
    "classification type": "multiclass",
    "class balance": "imbalanced",
    "dataset name": "nyt-comments-april17_imbalanced",
    "class names": [
        3,
        4,
        5,
        0,
        1,
        2
    ],
    "model name": "logistic_regression",
    "index": 3,
    "cv fold": 4,
    "fold info": {
        "train distribution": 13836,
        "test distribution": 3458,
        "train distribution pct": 219.86334021929127,
        "test distribution pct": 219.83471074380162
    },
    "metrics": {
        "macro_accuracy": 0.8791634440422058,
        "micro_accuracy": 0.8791635036468506,
        "accuracy_per_class": {
            "3": 0.8996948599815369,
            "4": 0.9053203463554382,
            "5": 0.7159928679466248,
            "0": 0.8835812211036682,
            "1": 0.9288710951805115,
            "2": 0.9415204524993896
        },
        "macro_precision": 0.6291805505752563,
        "micro_precision": 0.637490451335907,
        "precision_per_class": {
            "3": 0.6289910674095154,
            "4": 0.7407073378562927,
            "5": 0.5760456323623657,
            "0": 0.6284016370773315,
            "1": 0.8142517805099487,
            "2": 0.3866855502128601
        },
        "macro_recall": 0.5423255562782288,
        "micro_recall": 0.637490451335907,
        "recall_per_class": {
            "3": 0.4969727694988251,
            "4": 0.64268958568573,
            "5": 0.8018701672554016,
            "0": 0.4480374753475189,
            "1": 0.7018836736679077,
            "2": 0.16249999403953552
        },
        "macro_f1": 0.5699614882469177,
        "micro_f1": 0.637490451335907,
        "f1_per_class": {
            "3": 0.5552424192428589,
            "4": 0.688226044178009,
            "5": 0.670452892780304,
            "0": 0.523108959197998,
            "1": 0.7539036870002747,
            "2": 0.228834867477417
        },
        "Kappa": 0.5149590373039246,
        "MSE": 0.08162711560726166,
        "LogLoss": 1.0012662410736084,
        "AUNU": 0.8719295859336853,
        "micro_ROC-AUC": 0.9003704786300659,
        "AUNP": 0.867031455039978,
        "AU1U": 0.8719852860552243,
        "AU1P": 0.8659707983777555,
        "ROC-AUC_per_class_vs_rest": {
            "3": 0.8841987065406843,
            "4": 0.910823843562313,
            "5": 0.8236269351100032,
            "0": 0.8369144942664107,
            "1": 0.9495872950726224,
            "2": 0.8264263610695419
        }
    }
}