{
    "classification type": "binary",
    "class balance": "balanced",
    "dataset name": "santander-customer-satisfaction_balanced",
    "class names": [
        1,
        0
    ],
    "model name": "logistic_regression",
    "index": 0,
    "cv fold": 1,
    "fold info": {
        "train distribution": 16070,
        "test distribution": 4018,
        "train distribution pct": 49.99844435456271,
        "test distribution pct": 50.00622277535781
    },
    "metrics": {
        "macro_accuracy": 0.7813453078269958,
        "micro_accuracy": 0.7813453078269958,
        "accuracy_per_class": {
            "1": 0.7813453078269958,
            "0": 0.7813453078269958
        },
        "macro_precision": 0.781361997127533,
        "micro_precision": 0.7813453078269958,
        "precision_per_class": {
            "1": 0.7791774868965149,
            "0": 0.783546507358551
        },
        "macro_recall": 0.7813454866409302,
        "micro_recall": 0.7813453078269958,
        "recall_per_class": {
            "1": 0.7851898074150085,
            "0": 0.7775012254714966
        },
        "macro_f1": 0.7813421487808228,
        "micro_f1": 0.7813453078269958,
        "f1_per_class": {
            "1": 0.7821720838546753,
            "0": 0.7805121541023254
        },
        "MSE": 0.1514168232679367,
        "LogLoss": 0.4644765853881836,
        "AUNU": 0.8612332344055176,
        "micro_ROC-AUC": 0.8612332344055176
    }
}