{
    "classification type": "binary",
    "class balance": "balanced",
    "dataset name": "fake-news_balanced",
    "class names": [
        0,
        1
    ],
    "model name": "knn",
    "index": 3,
    "cv fold": 3,
    "fold info": {
        "train distribution": 10057,
        "test distribution": 2515,
        "train distribution pct": 49.997514292816305,
        "test distribution pct": 50.009942334460135
    },
    "metrics": {
        "macro_accuracy": 0.971519410610199,
        "micro_accuracy": 0.971519410610199,
        "accuracy_per_class": {
            "0": 0.971519410610199,
            "1": 0.971519410610199
        },
        "macro_precision": 0.9724375009536743,
        "micro_precision": 0.971519410610199,
        "precision_per_class": {
            "0": 0.9516113996505737,
            "1": 0.9932635426521301
        },
        "macro_recall": 0.971519410610199,
        "micro_recall": 0.971519410610199,
        "recall_per_class": {
            "0": 0.9935604929924011,
            "1": 0.9494783282279968
        },
        "macro_f1": 0.9715055823326111,
        "micro_f1": 0.971519410610199,
        "f1_per_class": {
            "0": 0.9721336364746094,
            "1": 0.9708775281906128
        },
        "MSE": 0.023784048855304718,
        "LogLoss": 0.7772113084793091,
        "AUNU": 0.9880614280700684,
        "micro_ROC-AUC": 0.9880614280700684
    }
}