{
    "classification type": "multiclass",
    "class balance": "balanced",
    "dataset name": "gas-drift_balanced",
    "class names": [
        2,
        0,
        4,
        3,
        1
    ],
    "model name": "decision_tree",
    "index": 1,
    "cv fold": 3,
    "fold info": {
        "train distribution": 2600,
        "test distribution": 650,
        "train distribution pct": 200.0,
        "test distribution pct": 200.0
    },
    "metrics": {
        "macro_accuracy": 0.9942081570625305,
        "micro_accuracy": 0.9942081570625305,
        "accuracy_per_class": {
            "2": 0.9978280663490295,
            "0": 0.9978280663490295,
            "4": 0.9900452494621277,
            "3": 0.988778293132782,
            "1": 0.9965611100196838
        },
        "macro_precision": 0.9855341911315918,
        "micro_precision": 0.9855203628540039,
        "precision_per_class": {
            "2": 0.9936766028404236,
            "0": 0.9923423528671265,
            "4": 0.9829806685447693,
            "3": 0.9677129983901978,
            "1": 0.9909583926200867
        },
        "macro_recall": 0.9855203628540039,
        "micro_recall": 0.9855203628540039,
        "recall_per_class": {
            "2": 0.9954751133918762,
            "0": 0.996832549571991,
            "4": 0.966968297958374,
            "3": 0.9764705896377563,
            "1": 0.9918552041053772
        },
        "macro_f1": 0.9855090379714966,
        "micro_f1": 0.9855203628540039,
        "f1_per_class": {
            "2": 0.994575023651123,
            "0": 0.9945824146270752,
            "4": 0.9749087691307068,
            "3": 0.9720720648765564,
            "1": 0.9914066195487976
        },
        "Kappa": 0.9819004535675049,
        "MSE": 0.005248979199677706,
        "LogLoss": 0.17064440250396729,
        "AUNU": 0.9923965334892273,
        "micro_ROC-AUC": 0.9925625920295715,
        "AUNP": 0.9923965334892273,
        "AU1U": 0.9923965162465962,
        "AU1P": 0.9923965162465962,
        "ROC-AUC_per_class_vs_rest": {
            "2": 0.9962708073135276,
            "0": 0.9959659405008088,
            "4": 0.9882896541839847,
            "3": 0.989149331504269,
            "1": 0.9923068477303904
        }
    }
}