{
    "classification type": "multilabel",
    "class balance": "balanced",
    "dataset name": "mediamill_balanced",
    "class names": [
        "Class3",
        "Class12",
        "Class17",
        "Class44",
        "Class55",
        "Class57",
        "Class58",
        "Class76",
        "Class79",
        "Class94",
        "Class96",
        "Class97"
    ],
    "model name": "knn",
    "index": 2,
    "cv fold": 3,
    "fold info": {
        "train distribution": [
            1753,
            1808,
            1697,
            1806,
            1662,
            1626,
            1707,
            1800,
            1779,
            1802,
            1804,
            1796
        ],
        "test distribution": [
            438,
            451,
            424,
            452,
            415,
            406,
            426,
            450,
            445,
            450,
            444,
            448
        ],
        "train distribution pct": [
            17.55809294871795,
            18.108974358974358,
            16.99719551282051,
            18.088942307692307,
            16.646634615384613,
            16.286057692307693,
            17.097355769230766,
            18.028846153846153,
            17.818509615384613,
            18.048878205128204,
            18.068910256410255,
            17.98878205128205
        ],
        "test distribution pct": [
            17.27810650887574,
            17.790927021696252,
            16.725838264299803,
            17.83037475345168,
            16.370808678500985,
            16.01577909270217,
            16.80473372781065,
            17.75147928994083,
            17.554240631163708,
            17.75147928994083,
            17.514792899408285,
            17.67258382642998
        ]
    },
    "metrics": {
        "macro_accuracy": 0.8469659375029708,
        "micro_accuracy": 0.8469659375029709,
        "accuracy_per_class": {
            "Class3": 0.940906368536634,
            "Class12": 0.8198670963693923,
            "Class17": 0.8465048626757551,
            "Class44": 0.8277101217807946,
            "Class55": 0.8752531158200952,
            "Class57": 0.8555172118757665,
            "Class58": 0.8429398511251176,
            "Class76": 0.8236887887516755,
            "Class79": 0.8397170806833414,
            "Class94": 0.8165587656504008,
            "Class96": 0.8355246270997918,
            "Class97": 0.8394033596668853
        },
        "macro_precision": 0.5786249653253849,
        "micro_precision": 0.5972629933897912,
        "precision_per_class": {
            "Class3": 0.7897289586305278,
            "Class12": 0.5015576323987538,
            "Class17": 0.5972755850506462,
            "Class44": 0.5350636386323933,
            "Class55": 0.6462350314593058,
            "Class57": 0.5749279538904899,
            "Class58": 0.5587269512503157,
            "Class76": 0.5181650246305419,
            "Class79": 0.5813019019555318,
            "Class94": 0.4800502670436695,
            "Class96": 0.5838688946015425,
            "Class97": 0.5765977443609023
        },
        "macro_recall": 0.3862343524882053,
        "micro_recall": 0.384247496637274,
        "recall_per_class": {
            "Class3": 0.9025105966742746,
            "Class12": 0.2290909090909091,
            "Class17": 0.28792726048156253,
            "Class44": 0.3391331857007276,
            "Class55": 0.5475494411006019,
            "Class57": 0.42073813708260105,
            "Class58": 0.3703951774949766,
            "Class76": 0.2671428571428571,
            "Class79": 0.3484824152882608,
            "Class94": 0.2423473433782712,
            "Class96": 0.2889171569406901,
            "Class97": 0.39057774948273116
        },
        "macro_f1": 0.45394799458567264,
        "micro_f1": 0.4676400555592301,
        "f1_per_class": {
            "Class3": 0.8423615337796714,
            "Class12": 0.3145213805079227,
            "Class17": 0.3885480572597137,
            "Class44": 0.4151418336721851,
            "Class55": 0.5928132563768386,
            "Class57": 0.4858940531763751,
            "Class58": 0.4454737690061424,
            "Class76": 0.35253456221198154,
            "Class79": 0.4357429718875502,
            "Class94": 0.3220910623946037,
            "Class96": 0.3865546218487395,
            "Class97": 0.46569883290634784
        },
        "MSE": 0.11422429233789444,
        "LogLoss": 3.5229601860046387,
        "AUNU": 0.7958202958106995,
        "micro_ROC-AUC": 0.7991320490837097,
        "AUNP": 0.7949728965759277,
        "ROC-AUC_per_class_vs_rest": {
            "Class3": 0.9742517695894053,
            "Class12": 0.7302978056900602,
            "Class17": 0.7698103242971122,
            "Class44": 0.7599249120814691,
            "Class55": 0.8504272679358635,
            "Class57": 0.8130389852067555,
            "Class58": 0.8039346726924265,
            "Class76": 0.7498925951495226,
            "Class79": 0.7945508106257717,
            "Class94": 0.7313587216002895,
            "Class96": 0.7685509660974987,
            "Class97": 0.8038049162962988
        }
    }
}