{
  "dataset_name": "tmc2007500_imbalanced",
  "classification_type": "multilabel",
  "class_balance": "imbalanced",
  "correlation_type": "spearman",
  "correlation_matrix": {
    "macro_accuracy": {
      "macro_accuracy": 1.0,
      "micro_accuracy": 1.0,
      "macro_precision": 0.7364296429642965,
      "micro_precision": 0.7939153915391539,
      "macro_recall": 0.1778937893789379,
      "micro_recall": 0.25252925292529255,
      "macro_f1": 0.8793519351935194,
      "micro_f1": 0.9546594659465947,
      "MSE": -0.8102610261026103,
      "LogLoss": -0.4278547854785478,
      "AUNU": 0.6495409540954096,
      "micro_ROC-AUC": 0.4755715571557156
    },
    "micro_accuracy": {
      "macro_accuracy": 1.0,
      "micro_accuracy": 1.0,
      "macro_precision": 0.7364296429642965,
      "micro_precision": 0.7939153915391539,
      "macro_recall": 0.1778937893789379,
      "micro_recall": 0.25252925292529255,
      "macro_f1": 0.8793519351935194,
      "micro_f1": 0.9546594659465947,
      "MSE": -0.8102610261026103,
      "LogLoss": -0.4278547854785478,
      "AUNU": 0.6495409540954096,
      "micro_ROC-AUC": 0.4755715571557156
    },
    "macro_precision": {
      "macro_accuracy": 0.7364296429642965,
      "micro_accuracy": 0.7364296429642965,
      "macro_precision": 1.0,
      "micro_precision": 0.9636843684368437,
      "macro_recall": -0.4837923792379238,
      "micro_recall": -0.4164176417641764,
      "macro_f1": 0.41798979897989796,
      "micro_f1": 0.5636363636363636,
      "MSE": -0.8742994299429943,
      "LogLoss": -0.8126612661266127,
      "AUNU": 0.8943294329432944,
      "micro_ROC-AUC": 0.8437563756375638
    },
    "micro_precision": {
      "macro_accuracy": 0.7939153915391539,
      "micro_accuracy": 0.7939153915391539,
      "macro_precision": 0.9636843684368437,
      "micro_precision": 1.0,
      "macro_recall": -0.4218061806180618,
      "micro_recall": -0.35996399639963994,
      "macro_f1": 0.4708550855085509,
      "micro_f1": 0.6273867386738674,
      "MSE": -0.9318091809180918,
      "LogLoss": -0.814053405340534,
      "AUNU": 0.9135793579357936,
      "micro_ROC-AUC": 0.8443444344434443
    },
    "macro_recall": {
      "macro_accuracy": 0.1778937893789379,
      "micro_accuracy": 0.1778937893789379,
      "macro_precision": -0.4837923792379238,
      "micro_precision": -0.4218061806180618,
      "macro_recall": 1.0,
      "micro_recall": 0.9809300930093009,
      "macro_f1": 0.5576717671767176,
      "micro_f1": 0.3995079507950795,
      "MSE": 0.3015901590159016,
      "LogLoss": 0.7087188718871887,
      "AUNU": -0.5317011701170117,
      "micro_ROC-AUC": -0.6905850585058506
    },
    "micro_recall": {
      "macro_accuracy": 0.25252925292529255,
      "micro_accuracy": 0.25252925292529255,
      "macro_precision": -0.4164176417641764,
      "micro_precision": -0.35996399639963994,
      "macro_recall": 0.9809300930093009,
      "micro_recall": 1.0,
      "macro_f1": 0.6054365436543654,
      "micro_f1": 0.47049504950495047,
      "MSE": 0.26586258625862585,
      "LogLoss": 0.6986498649864986,
      "AUNU": -0.49000900090009003,
      "micro_ROC-AUC": -0.6706870687068707
    },
    "macro_f1": {
      "macro_accuracy": 0.8793519351935194,
      "micro_accuracy": 0.8793519351935194,
      "macro_precision": 0.41798979897989796,
      "micro_precision": 0.4708550855085509,
      "macro_recall": 0.5576717671767176,
      "micro_recall": 0.6054365436543654,
      "macro_f1": 1.0,
      "micro_f1": 0.962064206420642,
      "MSE": -0.5216441644164417,
      "LogLoss": -0.05398139813981398,
      "AUNU": 0.2951695169516952,
      "micro_ROC-AUC": 0.10292229222922292
    },
    "micro_f1": {
      "macro_accuracy": 0.9546594659465947,
      "micro_accuracy": 0.9546594659465947,
      "macro_precision": 0.5636363636363636,
      "micro_precision": 0.6273867386738674,
      "macro_recall": 0.3995079507950795,
      "micro_recall": 0.47049504950495047,
      "macro_f1": 0.962064206420642,
      "micro_f1": 1.0,
      "MSE": -0.6616621662166217,
      "LogLoss": -0.21622562256225622,
      "AUNU": 0.45946594659465945,
      "micro_ROC-AUC": 0.26485448544854484
    },
    "MSE": {
      "macro_accuracy": -0.8102610261026103,
      "micro_accuracy": -0.8102610261026103,
      "macro_precision": -0.8742994299429943,
      "micro_precision": -0.9318091809180918,
      "macro_recall": 0.3015901590159016,
      "micro_recall": 0.26586258625862585,
      "macro_f1": -0.5216441644164417,
      "micro_f1": -0.6616621662166217,
      "MSE": 1.0,
      "LogLoss": 0.8485568556855686,
      "AUNU": -0.9469426942694269,
      "micro_ROC-AUC": -0.8655505550555056
    },
    "LogLoss": {
      "macro_accuracy": -0.4278547854785478,
      "micro_accuracy": -0.4278547854785478,
      "macro_precision": -0.8126612661266127,
      "micro_precision": -0.814053405340534,
      "macro_recall": 0.7087188718871887,
      "micro_recall": 0.6986498649864986,
      "macro_f1": -0.05398139813981398,
      "micro_f1": -0.21622562256225622,
      "MSE": 0.8485568556855686,
      "LogLoss": 1.0,
      "AUNU": -0.9373177317731773,
      "micro_ROC-AUC": -0.9871227122712272
    },
    "AUNU": {
      "macro_accuracy": 0.6495409540954096,
      "micro_accuracy": 0.6495409540954096,
      "macro_precision": 0.8943294329432944,
      "micro_precision": 0.9135793579357936,
      "macro_recall": -0.5317011701170117,
      "micro_recall": -0.49000900090009003,
      "macro_f1": 0.2951695169516952,
      "micro_f1": 0.45946594659465945,
      "MSE": -0.9469426942694269,
      "LogLoss": -0.9373177317731773,
      "AUNU": 1.0,
      "micro_ROC-AUC": 0.9556555655565556
    },
    "micro_ROC-AUC": {
      "macro_accuracy": 0.4755715571557156,
      "micro_accuracy": 0.4755715571557156,
      "macro_precision": 0.8437563756375638,
      "micro_precision": 0.8443444344434443,
      "macro_recall": -0.6905850585058506,
      "micro_recall": -0.6706870687068707,
      "macro_f1": 0.10292229222922292,
      "micro_f1": 0.26485448544854484,
      "MSE": -0.8655505550555056,
      "LogLoss": -0.9871227122712272,
      "AUNU": 0.9556555655565556,
      "micro_ROC-AUC": 1.0
    }
  }
}