{
    "classification type": "multilabel",
    "class balance": "balanced",
    "dataset name": "cal500_balanced",
    "class names": [
        "Instrument_-_Male_Lead_Vocals",
        "Song-Texture_Electric",
        "NOT-Emotion-Angry-Agressive",
        "NOT-Emotion-Bizarre-Weird",
        "Song-Quality",
        "Song-Texture_Acoustic",
        "Instrument_-_Drum_Set"
    ],
    "model name": "logistic_regression",
    "index": 4,
    "cv fold": 0,
    "fold info": {
        "train distribution": [
            239,
            243,
            240,
            219,
            216,
            217,
            212
        ],
        "test distribution": [
            61,
            55,
            60,
            54,
            55,
            54,
            59
        ],
        "train distribution pct": [
            64.24731182795699,
            65.32258064516128,
            64.51612903225806,
            58.87096774193549,
            58.06451612903226,
            58.333333333333336,
            56.98924731182796
        ],
        "test distribution pct": [
            67.77777777777779,
            61.111111111111114,
            66.66666666666666,
            60.0,
            61.111111111111114,
            60.0,
            65.55555555555556
        ]
    },
    "metrics": {
        "macro_accuracy": 0.5844021819254017,
        "micro_accuracy": 0.5844021819254017,
        "accuracy_per_class": {
            "Instrument_-_Male_Lead_Vocals": 0.6465428276573787,
            "Song-Texture_Electric": 0.5722394220846233,
            "NOT-Emotion-Angry-Agressive": 0.6016511867905057,
            "NOT-Emotion-Bizarre-Weird": 0.5531475748194015,
            "Song-Quality": 0.5712074303405573,
            "Song-Texture_Acoustic": 0.5583075335397317,
            "Instrument_-_Drum_Set": 0.5877192982456141
        },
        "macro_precision": 0.6429845579691726,
        "micro_precision": 0.6443254817987152,
        "precision_per_class": {
            "Instrument_-_Male_Lead_Vocals": 0.7031029619181947,
            "Song-Texture_Electric": 0.6406460296096904,
            "NOT-Emotion-Angry-Agressive": 0.6752873563218391,
            "NOT-Emotion-Bizarre-Weird": 0.6070336391437309,
            "Song-Quality": 0.6302876480541455,
            "Song-Texture_Acoustic": 0.6148208469055375,
            "Instrument_-_Drum_Set": 0.6297134238310709
        },
        "macro_recall": 0.7201445513464112,
        "micro_recall": 0.7221022318214543,
        "recall_per_class": {
            "Instrument_-_Male_Lead_Vocals": 0.7906423473433782,
            "Song-Texture_Electric": 0.7634322373696872,
            "NOT-Emotion-Angry-Agressive": 0.746031746031746,
            "NOT-Emotion-Bizarre-Weird": 0.6928446771378709,
            "Song-Quality": 0.6540825285338016,
            "Song-Texture_Acoustic": 0.663444639718805,
            "Instrument_-_Drum_Set": 0.7305336832895888
        },
        "macro_f1": 0.679077632765714,
        "micro_f1": 0.6810003394817246,
        "f1_per_class": {
            "Instrument_-_Male_Lead_Vocals": 0.744307577454274,
            "Song-Texture_Electric": 0.6966703256494694,
            "NOT-Emotion-Angry-Agressive": 0.7088989441930619,
            "NOT-Emotion-Bizarre-Weird": 0.6471067644661777,
            "Song-Quality": 0.6419646704006894,
            "Song-Texture_Acoustic": 0.6382079459002535,
            "Instrument_-_Drum_Set": 0.6763872012960713
        },
        "MSE": 0.26396510004997253,
        "LogLoss": 0.7704602479934692,
        "AUNU": 0.5673192143440247,
        "micro_ROC-AUC": 0.5734878182411194,
        "AUNP": 0.567493200302124,
        "ROC-AUC_per_class_vs_rest": {
            "Instrument_-_Male_Lead_Vocals": 0.6274685280608927,
            "Song-Texture_Electric": 0.48246036507879403,
            "NOT-Emotion-Angry-Agressive": 0.5964753944842441,
            "NOT-Emotion-Bizarre-Weird": 0.5231525552206181,
            "Song-Quality": 0.5880100344921934,
            "Song-Texture_Acoustic": 0.5710599736379613,
            "Instrument_-_Drum_Set": 0.5826078343980587
        }
    }
}