{
    "classification type": "multilabel",
    "class balance": "balanced",
    "dataset name": "cal500_balanced",
    "class names": [
        "Instrument_-_Male_Lead_Vocals",
        "Song-Texture_Electric",
        "NOT-Emotion-Angry-Agressive",
        "NOT-Emotion-Bizarre-Weird",
        "Song-Quality",
        "Song-Texture_Acoustic",
        "Instrument_-_Drum_Set"
    ],
    "model name": "decision_tree",
    "index": 4,
    "cv fold": 2,
    "fold info": {
        "train distribution": [
            241,
            237,
            240,
            218,
            220,
            217,
            217
        ],
        "test distribution": [
            59,
            61,
            60,
            55,
            51,
            54,
            54
        ],
        "train distribution pct": [
            65.31165311653116,
            64.22764227642277,
            65.04065040650406,
            59.078590785907856,
            59.62059620596206,
            58.80758807588076,
            58.80758807588076
        ],
        "test distribution pct": [
            63.44086021505376,
            65.59139784946237,
            64.51612903225806,
            59.13978494623656,
            54.83870967741935,
            58.06451612903226,
            58.06451612903226
        ]
    },
    "metrics": {
        "macro_accuracy": 0.5465166222833091,
        "micro_accuracy": 0.546516622283309,
        "accuracy_per_class": {
            "Instrument_-_Male_Lead_Vocals": 0.5724594107035478,
            "Song-Texture_Electric": 0.566446181599519,
            "NOT-Emotion-Angry-Agressive": 0.5508117859290439,
            "NOT-Emotion-Bizarre-Weird": 0.539987973541792,
            "Song-Quality": 0.5057125676488274,
            "Song-Texture_Acoustic": 0.5249549007817198,
            "Instrument_-_Drum_Set": 0.5652435357787132
        },
        "macro_precision": 0.6302896402059224,
        "micro_precision": 0.6312684365781711,
        "precision_per_class": {
            "Instrument_-_Male_Lead_Vocals": 0.6739543726235742,
            "Song-Texture_Electric": 0.6669802445907808,
            "NOT-Emotion-Angry-Agressive": 0.6593301435406699,
            "NOT-Emotion-Bizarre-Weird": 0.6105476673427992,
            "Song-Quality": 0.5801217038539553,
            "Song-Texture_Acoustic": 0.593186372745491,
            "Instrument_-_Drum_Set": 0.627906976744186
        },
        "macro_recall": 0.6277296202527888,
        "micro_recall": 0.6287073307218802,
        "recall_per_class": {
            "Instrument_-_Male_Lead_Vocals": 0.6583101207056639,
            "Song-Texture_Electric": 0.6589219330855018,
            "NOT-Emotion-Angry-Agressive": 0.637962962962963,
            "NOT-Emotion-Bizarre-Weird": 0.612410986775178,
            "Song-Quality": 0.5836734693877551,
            "Song-Texture_Acoustic": 0.6065573770491803,
            "Instrument_-_Drum_Set": 0.6362704918032787
        },
        "macro_f1": 0.6289522989804085,
        "micro_f1": 0.6299852807177403,
        "f1_per_class": {
            "Instrument_-_Male_Lead_Vocals": 0.6660403945514326,
            "Song-Texture_Electric": 0.6629266012155213,
            "NOT-Emotion-Angry-Agressive": 0.6484705882352941,
            "NOT-Emotion-Bizarre-Weird": 0.611477907567293,
            "Song-Quality": 0.5818921668362157,
            "Song-Texture_Acoustic": 0.5997973657548126,
            "Instrument_-_Drum_Set": 0.6320610687022901
        },
        "MSE": 0.45348337292671204,
        "LogLoss": 45.34833908081055,
        "AUNU": 0.5212563872337341,
        "micro_ROC-AUC": 0.5222325921058655,
        "AUNP": 0.5214388966560364,
        "ROC-AUC_per_class_vs_rest": {
            "Instrument_-_Male_Lead_Vocals": 0.5364929443118763,
            "Song-Texture_Electric": 0.5279277467812518,
            "NOT-Emotion-Angry-Agressive": 0.5136641572962328,
            "NOT-Emotion-Bizarre-Weird": 0.5238525522111185,
            "Song-Quality": 0.4887620641228673,
            "Song-Texture_Acoustic": 0.5077910611592336,
            "Instrument_-_Drum_Set": 0.5503040959744195
        }
    }
}