{
    "classification type": "multilabel",
    "class balance": "balanced",
    "dataset name": "imdb_balanced",
    "class names": [
        "Romance",
        "Thriller",
        "Action",
        "Crime",
        "Family",
        "Horror",
        "Adventure"
    ],
    "model name": "random_forest",
    "index": 1,
    "cv fold": 3,
    "fold info": {
        "train distribution": [
            6378,
            6377,
            6377,
            6377,
            6378,
            6377,
            6377
        ],
        "test distribution": [
            1595,
            1594,
            1594,
            1595,
            1595,
            1595,
            1594
        ],
        "train distribution pct": [
            21.946184020370243,
            21.942743100956573,
            21.942743100956573,
            21.942743100956573,
            21.946184020370243,
            21.942743100956573,
            21.942743100956573
        ],
        "test distribution pct": [
            22.045611610228057,
            22.03178991015895,
            22.03178991015895,
            22.045611610228057,
            22.045611610228057,
            22.045611610228057,
            22.03178991015895
        ]
    },
    "metrics": {
        "macro_accuracy": 0.7828442950879132,
        "micro_accuracy": 0.7828442950879133,
        "accuracy_per_class": {
            "Romance": 0.7788501246539514,
            "Thriller": 0.7778406570716263,
            "Action": 0.7868188005689727,
            "Crime": 0.7817102828038727,
            "Family": 0.7825820957158808,
            "Horror": 0.7818326425108212,
            "Adventure": 0.7902754622902678
        },
        "macro_precision": 0.5058594854044972,
        "micro_precision": 0.5694244132686509,
        "precision_per_class": {
            "Romance": 0.3211920529801324,
            "Thriller": 0.28255528255528256,
            "Action": 0.6243932038834952,
            "Crime": 0.5604395604395604,
            "Family": 0.5767494356659142,
            "Horror": 0.5262507720815318,
            "Adventure": 0.6494360902255639
        },
        "macro_recall": 0.04323936281911383,
        "micro_recall": 0.0432380231770937,
        "recall_per_class": {
            "Romance": 0.00675911086335447,
            "Thriller": 0.008015054362977418,
            "Action": 0.07171731251742403,
            "Crime": 0.024879782563244825,
            "Family": 0.03560727475437252,
            "Horror": 0.059376960066903614,
            "Adventure": 0.09632004460551993
        },
        "macro_f1": 0.07809647728612175,
        "micro_f1": 0.08037308806247745,
        "f1_per_class": {
            "Romance": 0.013239609636251962,
            "Thriller": 0.015587936292782108,
            "Action": 0.12865716429107277,
            "Crime": 0.047644468170292276,
            "Family": 0.06707357091290937,
            "Horror": 0.10671342685370741,
            "Adventure": 0.16775916484583636
        },
        "MSE": 0.16926033794879913,
        "LogLoss": 0.5355188846588135,
        "AUNU": 0.5927285552024841,
        "micro_ROC-AUC": 0.5941126346588135,
        "AUNP": 0.5927282571792603,
        "ROC-AUC_per_class_vs_rest": {
            "Romance": 0.5737607371623068,
            "Thriller": 0.5723722086253344,
            "Action": 0.5982953526668169,
            "Crime": 0.5620536342040502,
            "Family": 0.5957736047497504,
            "Horror": 0.6432095824706457,
            "Adventure": 0.6036346169269188
        }
    }
}