{
    "classification type": "binary",
    "class balance": "imbalanced",
    "dataset name": "philippine_imbalanced",
    "class names": [
        0,
        1
    ],
    "model name": "logistic_regression",
    "index": 1,
    "cv fold": 2,
    "fold info": {
        "train distribution": 205,
        "test distribution": 51,
        "train distribution pct": 12.796504369538079,
        "test distribution pct": 12.75
    },
    "metrics": {
        "macro_accuracy": 0.8576778769493103,
        "micro_accuracy": 0.8576778769493103,
        "accuracy_per_class": {
            "0": 0.8576778769493103,
            "1": 0.8576778769493103
        },
        "macro_precision": 0.6625449657440186,
        "micro_precision": 0.8576778769493103,
        "precision_per_class": {
            "0": 0.9022711515426636,
            "1": 0.42281877994537354
        },
        "macro_recall": 0.6228783130645752,
        "micro_recall": 0.8576778769493103,
        "recall_per_class": {
            "0": 0.9384394884109497,
            "1": 0.3073170781135559
        },
        "macro_f1": 0.6379660964012146,
        "micro_f1": 0.8576778769493103,
        "f1_per_class": {
            "0": 0.9200000166893005,
            "1": 0.35593220591545105
        },
        "MSE": 0.11424101889133453,
        "LogLoss": 0.44441625475883484,
        "AUNU": 0.7209508419036865,
        "micro_ROC-AUC": 0.7209508419036865
    }
}