{
    "classification type": "multiclass",
    "class balance": "imbalanced",
    "dataset name": "stocks_imbalanced",
    "class names": [
        0,
        1,
        2,
        3,
        4,
        5,
        6,
        7,
        8,
        9,
        10,
        11,
        12,
        13,
        14,
        15,
        16,
        17,
        18,
        19
    ],
    "model name": "random_forest",
    "index": 1,
    "cv fold": 2,
    "fold info": {
        "train distribution": 118372,
        "test distribution": 29584,
        "train distribution pct": 1009.1389599317988,
        "test distribution pct": 1009.0040927694407
    },
    "metrics": {
        "macro_accuracy": 0.9222065806388855,
        "micro_accuracy": 0.9222065806388855,
        "accuracy_per_class": {
            "0": 0.9560853838920593,
            "1": 0.9509113430976868,
            "2": 0.9495354890823364,
            "3": 0.9492533206939697,
            "4": 0.9584313035011292,
            "5": 0.9510113000869751,
            "6": 0.9604715704917908,
            "7": 0.996531069278717,
            "8": 0.9497236609458923,
            "9": 0.9500352740287781,
            "10": 0.9499059319496155,
            "11": 0.9556679129600525,
            "12": 0.9683090448379517,
            "13": 0.9503939151763916,
            "14": 0.9646225571632385,
            "15": 0.9498647451400757,
            "16": 0.9818085432052612,
            "17": 0.22358889877796173,
            "18": 0.978051483631134,
            "19": 0.949929416179657
        },
        "macro_precision": 0.7374718189239502,
        "micro_precision": 0.22206608951091766,
        "precision_per_class": {
            "0": 0.7176470756530762,
            "1": 0.8933333158493042,
            "2": 0.7966101765632629,
            "3": NaN,
            "4": 0.9807427525520325,
            "5": 0.9170731902122498,
            "6": 0.9955431818962097,
            "7": 0.0,
            "8": 1.0,
            "9": 0.9044944047927856,
            "10": 0.0,
            "11": 0.9373015761375427,
            "12": 0.9877319931983948,
            "13": 0.9342105388641357,
            "14": 0.982425332069397,
            "15": 0.8321167826652527,
            "16": 0.9848484992980957,
            "17": 0.14914067089557648,
            "18": 0.9987455606460571,
            "19": 0.0
        },
        "macro_recall": 0.14289718866348267,
        "micro_recall": 0.22206608951091766,
        "recall_per_class": {
            "0": 0.008126831613481045,
            "1": 0.0235749464482069,
            "2": 0.005453701596707106,
            "3": 0.0,
            "4": 0.1683986783027649,
            "5": 0.02210984379053116,
            "6": 0.21018584072589874,
            "7": 0.0,
            "8": 0.0012847465695813298,
            "9": 0.018629947677254677,
            "10": 0.0,
            "11": 0.136658176779747,
            "12": 0.3698033094406128,
            "13": 0.008349994197487831,
            "14": 0.0851355493068695,
            "15": 0.013228126801550388,
            "16": 0.22807016968727112,
            "17": 0.9971982836723328,
            "18": 0.5617356300354004,
            "19": 0.0
        },
        "macro_f1": 0.1557239443063736,
        "micro_f1": 0.22206608951091766,
        "f1_per_class": {
            "0": 0.016071664169430733,
            "1": 0.04593760892748833,
            "2": 0.010833237320184708,
            "3": 0.0,
            "4": 0.28744205832481384,
            "5": 0.04317868500947952,
            "6": 0.3470913767814636,
            "7": 0.0,
            "8": 0.002566196257248521,
            "9": 0.03650793805718422,
            "10": 0.0,
            "11": 0.23853766918182373,
            "12": 0.5381319522857666,
            "13": 0.016552045941352844,
            "14": 0.15669235587120056,
            "15": 0.026042262092232704,
            "16": 0.37037035822868347,
            "17": 0.25947442650794983,
            "18": 0.7190486788749695,
            "19": 0.0
        },
        "Kappa": 0.1072353944182396,
        "MSE": 0.042887162417173386,
        "LogLoss": 2.645508289337158,
        "AUNU": 0.5830863118171692,
        "micro_ROC-AUC": 0.6809994578361511,
        "AUNP": 0.5812929272651672,
        "AU1U": 0.5868813851631546,
        "AU1P": 0.5839760858537956,
        "ROC-AUC_per_class_vs_rest": {
            "0": 0.5458230444279741,
            "1": 0.553909965900015,
            "2": 0.548587906773038,
            "3": 0.5466550903409384,
            "4": 0.610183046527188,
            "5": 0.5536171813111765,
            "6": 0.6283152785417406,
            "7": 0.5336319397823213,
            "8": 0.5442486203923735,
            "9": 0.5529113187566482,
            "10": 0.5459061939925186,
            "11": 0.6008891605871816,
            "12": 0.700963191634373,
            "13": 0.5494831373345266,
            "14": 0.57592549946801,
            "15": 0.5495211921610494,
            "16": 0.6366286033887779,
            "17": 0.5500154627164563,
            "18": 0.7881047616565959,
            "19": 0.5464051275554185
        }
    }
}