{
    "classification type": "multiclass",
    "class balance": "balanced",
    "dataset name": "gas-drift_balanced",
    "class names": [
        2,
        0,
        4,
        3,
        1
    ],
    "model name": "random_forest",
    "index": 2,
    "cv fold": 3,
    "fold info": {
        "train distribution": 2600,
        "test distribution": 650,
        "train distribution pct": 200.0,
        "test distribution pct": 200.0
    },
    "metrics": {
        "macro_accuracy": 0.9937692880630493,
        "micro_accuracy": 0.9937692284584045,
        "accuracy_per_class": {
            "2": 0.9971153736114502,
            "0": 0.9966346025466919,
            "4": 0.9914423227310181,
            "3": 0.9891346096992493,
            "1": 0.9945192337036133
        },
        "macro_precision": 0.984443187713623,
        "micro_precision": 0.9844231009483337,
        "precision_per_class": {
            "2": 0.9937379360198975,
            "0": 0.9908785223960876,
            "4": 0.9844282269477844,
            "3": 0.9701243042945862,
            "1": 0.98304682970047
        },
        "macro_recall": 0.984423041343689,
        "micro_recall": 0.9844231009483337,
        "recall_per_class": {
            "2": 0.9918269515037537,
            "0": 0.9923076629638672,
            "4": 0.9725961685180664,
            "3": 0.9757211804389954,
            "1": 0.9896634817123413
        },
        "macro_f1": 0.9844218492507935,
        "micro_f1": 0.9844231009483337,
        "f1_per_class": {
            "2": 0.9927815198898315,
            "0": 0.9915925860404968,
            "4": 0.9784764051437378,
            "3": 0.9729146957397461,
            "1": 0.986344039440155
        },
        "Kappa": 0.9805288910865784,
        "MSE": 0.005901135504245758,
        "LogLoss": 0.22989079356193542,
        "AUNU": 0.9909892082214355,
        "micro_ROC-AUC": 0.9910762310028076,
        "AUNP": 0.9909892082214355,
        "AU1U": 0.9909891855815458,
        "AU1P": 0.9909891855815459,
        "ROC-AUC_per_class_vs_rest": {
            "2": 0.9943217513406065,
            "0": 0.993246824727256,
            "4": 0.9882624410595414,
            "3": 0.9874980497642382,
            "1": 0.9916168610160874
        }
    }
}