{
    "classification type": "multilabel",
    "class balance": "balanced",
    "dataset name": "mediamill_balanced",
    "class names": [
        "Class3",
        "Class12",
        "Class17",
        "Class44",
        "Class55",
        "Class57",
        "Class58",
        "Class76",
        "Class79",
        "Class94",
        "Class96",
        "Class97"
    ],
    "model name": "knn",
    "index": 3,
    "cv fold": 3,
    "fold info": {
        "train distribution": [
            1753,
            1808,
            1697,
            1807,
            1662,
            1626,
            1707,
            1800,
            1779,
            1802,
            1803,
            1796
        ],
        "test distribution": [
            438,
            451,
            424,
            451,
            415,
            406,
            426,
            450,
            445,
            450,
            445,
            448
        ],
        "train distribution pct": [
            17.53350670134027,
            18.08361672334467,
            16.973394678935787,
            18.07361472294459,
            16.623324664932987,
            16.263252650530106,
            17.073414682936587,
            18.00360072014403,
            17.79355871174235,
            18.02360472094419,
            18.03360672134427,
            17.96359271854371
        ],
        "test distribution pct": [
            17.37405791352638,
            17.889726299087663,
            16.818722729075763,
            17.889726299087663,
            16.461721539071796,
            16.10472034906783,
            16.898056326854423,
            17.850059500198334,
            17.651725505751685,
            17.850059500198334,
            17.651725505751685,
            17.770725902419674
        ]
    },
    "metrics": {
        "macro_accuracy": 0.8469415648590113,
        "micro_accuracy": 0.8469415648590113,
        "accuracy_per_class": {
            "Class3": 0.9407447904619719,
            "Class12": 0.8194377273587484,
            "Class17": 0.8464789620876001,
            "Class44": 0.8269655360935299,
            "Class55": 0.8743192379670711,
            "Class57": 0.8565300586664424,
            "Class58": 0.8429253317072145,
            "Class76": 0.8240637550728599,
            "Class79": 0.8398973862943415,
            "Class94": 0.8176083436718043,
            "Class96": 0.8354606051685346,
            "Class97": 0.8388670437580167
        },
        "macro_precision": 0.5793537773607083,
        "micro_precision": 0.5977971303494368,
        "precision_per_class": {
            "Class3": 0.7886792452830189,
            "Class12": 0.49961705386775596,
            "Class17": 0.5992675908972012,
            "Class44": 0.5319963536918869,
            "Class55": 0.6433702484286142,
            "Class57": 0.5797409969842114,
            "Class58": 0.5586334256694367,
            "Class76": 0.5209621993127148,
            "Class79": 0.5823830121903264,
            "Class94": 0.4864359214218896,
            "Class96": 0.5868047194798941,
            "Class97": 0.574354561101549
        },
        "macro_recall": 0.38608802784174606,
        "micro_recall": 0.3840925697926989,
        "recall_per_class": {
            "Class3": 0.9036752342061014,
            "Class12": 0.22798229263746506,
            "Class17": 0.2842431761786601,
            "Class44": 0.3400932400932401,
            "Class55": 0.5446598251615355,
            "Class57": 0.4232064232064232,
            "Class58": 0.37322640345465763,
            "Class76": 0.26596491228070174,
            "Class79": 0.3504495977283483,
            "Class94": 0.2430474409908857,
            "Class96": 0.2851626491926047,
            "Class97": 0.3913451389703295
        },
        "macro_f1": 0.4538113077153894,
        "micro_f1": 0.46768885747019967,
        "f1_per_class": {
            "Class3": 0.8422702339639538,
            "Class12": 0.3130949524038077,
            "Class17": 0.38559286375494406,
            "Class44": 0.4149306789904017,
            "Class55": 0.5899142367066895,
            "Class57": 0.4892581780073359,
            "Class58": 0.4474852071005917,
            "Class76": 0.3521486643437863,
            "Class79": 0.437583099423844,
            "Class94": 0.32413900576593424,
            "Class96": 0.38380974879911806,
            "Class97": 0.4655088233242659
        },
        "MSE": 0.11433122307062149,
        "LogLoss": 3.536585807800293,
        "AUNU": 0.7953757047653198,
        "micro_ROC-AUC": 0.7986482381820679,
        "AUNP": 0.7945094108581543,
        "ROC-AUC_per_class_vs_rest": {
            "Class3": 0.9742842662313655,
            "Class12": 0.728855299767954,
            "Class17": 0.7690946656689256,
            "Class44": 0.7594505871701397,
            "Class55": 0.8504212944798643,
            "Class57": 0.8152065839965927,
            "Class58": 0.8021991239887758,
            "Class76": 0.7500968996867708,
            "Class79": 0.7937030086277961,
            "Class94": 0.7315458951881012,
            "Class96": 0.7675994213781044,
            "Class97": 0.802051664437609
        }
    }
}