{
    "classification type": "multiclass",
    "class balance": "balanced",
    "dataset name": "mfeat-karhunen_balanced",
    "class names": [
        0,
        1,
        2,
        3
    ],
    "model name": "knn",
    "index": 0,
    "cv fold": 4,
    "fold info": {
        "train distribution": 576,
        "test distribution": 144,
        "train distribution pct": 150.0,
        "test distribution pct": 150.0
    },
    "metrics": {
        "macro_accuracy": 0.9839844107627869,
        "micro_accuracy": 0.9839843511581421,
        "accuracy_per_class": {
            "0": 0.9872395992279053,
            "1": 0.9809895753860474,
            "2": 0.9864583611488342,
            "3": 0.981249988079071
        },
        "macro_precision": 0.968159556388855,
        "micro_precision": 0.967968761920929,
        "precision_per_class": {
            "0": 0.9804852604866028,
            "1": 0.9497971534729004,
            "2": 0.9690082669258118,
            "3": 0.973347544670105
        },
        "macro_recall": 0.967968761920929,
        "micro_recall": 0.967968761920929,
        "recall_per_class": {
            "0": 0.9682291746139526,
            "1": 0.9755208492279053,
            "2": 0.9770833253860474,
            "3": 0.9510416388511658
        },
        "macro_f1": 0.9679750204086304,
        "micro_f1": 0.967968761920929,
        "f1_per_class": {
            "0": 0.9743186831474304,
            "1": 0.9624871611595154,
            "2": 0.9730290174484253,
            "3": 0.9620653390884399
        },
        "Kappa": 0.9572916626930237,
        "MSE": 0.019265731796622276,
        "LogLoss": 0.5230021476745605,
        "AUNU": 0.9769507646560669,
        "micro_ROC-AUC": 0.9769794940948486,
        "AUNP": 0.9769507646560669,
        "AU1U": 0.9769507740162036,
        "AU1P": 0.9769507740162036,
        "ROC-AUC_per_class_vs_rest": {
            "0": 0.9805250379774306,
            "1": 0.9747350622106481,
            "2": 0.9801000072337963,
            "3": 0.9724429886429398
        }
    }
}