{
    "classification type": "multiclass",
    "class balance": "imbalanced",
    "dataset name": "volkert_imbalanced",
    "class names": [
        3,
        6,
        4,
        5,
        1,
        2,
        7,
        9,
        8,
        0
    ],
    "model name": "knn",
    "index": 1,
    "cv fold": 0,
    "fold info": {
        "train distribution": 35782,
        "test distribution": 8949,
        "train distribution pct": 448.1713426853707,
        "test distribution pct": 448.3466933867735
    },
    "metrics": {
        "macro_accuracy": 0.9133279919624329,
        "micro_accuracy": 0.9133278727531433,
        "accuracy_per_class": {
            "3": 0.9891016483306885,
            "6": 0.9637917876243591,
            "4": 0.8553341031074524,
            "5": 0.8284222483634949,
            "1": 0.8711187839508057,
            "2": 0.7959004640579224,
            "7": 0.9431579113006592,
            "9": 0.9536975026130676,
            "8": 0.9958125948905945,
            "0": 0.9369418025016785
        },
        "macro_precision": 0.4511738419532776,
        "micro_precision": 0.5666394233703613,
        "precision_per_class": {
            "3": 0.022944550961256027,
            "6": 0.4380980134010315,
            "4": 0.49486175179481506,
            "5": 0.548904299736023,
            "1": 0.554369330406189,
            "2": 0.4993089735507965,
            "7": 0.5623006820678711,
            "9": 0.8179436326026917,
            "8": 0.06467662006616592,
            "0": 0.5083304047584534
        },
        "macro_recall": 0.4238271117210388,
        "micro_recall": 0.5666394233703613,
        "recall_per_class": {
            "3": 0.009501188062131405,
            "6": 0.2784227132797241,
            "4": 0.4971490204334259,
            "5": 0.6328919529914856,
            "1": 0.5412663221359253,
            "2": 0.5153105854988098,
            "7": 0.44924554228782654,
            "9": 0.8723724484443665,
            "8": 0.02589641511440277,
            "0": 0.416215181350708
        },
        "macro_f1": 0.433115154504776,
        "micro_f1": 0.5666394233703613,
        "f1_per_class": {
            "3": 0.013437850400805473,
            "6": 0.3404686748981476,
            "4": 0.49600276350975037,
            "5": 0.5879136919975281,
            "1": 0.5477394461631775,
            "2": 0.5071836113929749,
            "7": 0.4994553327560425,
            "9": 0.8442817330360413,
            "8": 0.03698435425758362,
            "0": 0.4576839208602905
        },
        "Kappa": 0.48639166355133057,
        "MSE": 0.06926031410694122,
        "LogLoss": 4.248276233673096,
        "AUNU": 0.7662543654441833,
        "micro_ROC-AUC": 0.8250263929367065,
        "AUNP": 0.7932044863700867,
        "AU1U": 0.7590852526104241,
        "AU1P": 0.7720781676251989,
        "ROC-AUC_per_class_vs_rest": {
            "3": 0.5955765930972151,
            "6": 0.7814190956464281,
            "4": 0.7678523280703416,
            "5": 0.7890031596514863,
            "1": 0.7866846236532519,
            "2": 0.7306735749432474,
            "7": 0.8019912477422093,
            "9": 0.9344521241721825,
            "8": 0.6893401489281561,
            "0": 0.7855509243840678
        }
    }
}