{
    "classification type": "multilabel",
    "class balance": "imbalanced",
    "dataset name": "tmc2007500_imbalanced",
    "class names": [
        "class13",
        "class07",
        "class01",
        "class14",
        "class18",
        "class10"
    ],
    "model name": "knn",
    "index": 2,
    "cv fold": 3,
    "fold info": {
        "train distribution": [
            2208,
            1787,
            1468,
            894,
            557,
            328
        ],
        "test distribution": [
            552,
            446,
            367,
            224,
            140,
            81
        ],
        "train distribution pct": [
            34.864992894362864,
            28.217274593399654,
            23.180167377230383,
            14.116532449076265,
            8.795199747355124,
            5.1792199589452075
        ],
        "test distribution pct": [
            35.003170577045026,
            28.28154724159797,
            23.272035510462903,
            14.204185161699428,
            8.877615726062144,
            5.136334812935954
        ]
    },
    "metrics": {
        "macro_accuracy": 0.9313334848549416,
        "micro_accuracy": 0.9313334848549417,
        "accuracy_per_class": {
            "class13": 0.8707686407091211,
            "class07": 0.9043993351989431,
            "class01": 0.96663210079975,
            "class14": 0.9423768058297939,
            "class18": 0.9477676605537168,
            "class10": 0.9560563660383254
        },
        "macro_precision": 0.8056341783603793,
        "micro_precision": 0.8476819852321387,
        "precision_per_class": {
            "class13": 0.8535927390777531,
            "class07": 0.8222630869192105,
            "class01": 0.9295566956468311,
            "class14": 0.8459732331533224,
            "class18": 0.759527478171546,
            "class10": 0.6228918371936136
        },
        "macro_recall": 0.705122222997744,
        "micro_recall": 0.7801782455966139,
        "recall_per_class": {
            "class13": 0.7599943006025077,
            "class07": 0.843736634211387,
            "class01": 0.9263692863484677,
            "class14": 0.724184714335963,
            "class18": 0.5959538969936327,
            "class10": 0.3804945054945055
        },
        "macro_f1": 0.7475902385487806,
        "micro_f1": 0.8125305005154789,
        "f1_per_class": {
            "class13": 0.8040788637758564,
            "class07": 0.8328614712164109,
            "class01": 0.9279602539332046,
            "class14": 0.7803557408560522,
            "class18": 0.6678710143618463,
            "class10": 0.47241408714931354
        },
        "MSE": 0.05882430076599121,
        "LogLoss": 2.590264081954956,
        "AUNU": 0.9010768532752991,
        "micro_ROC-AUC": 0.9232775568962097,
        "AUNP": 0.9133909940719604,
        "ROC-AUC_per_class_vs_rest": {
            "class13": 0.8912252340251509,
            "class07": 0.9214251048696787,
            "class01": 0.9683195464977105,
            "class14": 0.9101778969888941,
            "class18": 0.8843155388473899,
            "class10": 0.8309978805984374
        }
    }
}