{
    "classification type": "multilabel",
    "class balance": "balanced",
    "dataset name": "yelp_balanced",
    "class names": [
        "IsFoodGood",
        "IsAmbianceGood",
        "IsServiceGood",
        "IsPriceGood"
    ],
    "model name": "random_forest",
    "index": 3,
    "cv fold": 3,
    "fold info": {
        "train distribution": [
            2075,
            2021,
            2007,
            1881
        ],
        "test distribution": [
            519,
            506,
            502,
            471
        ],
        "train distribution pct": [
            54.966887417218544,
            53.5364238410596,
            53.16556291390728,
            49.82781456953642
        ],
        "test distribution pct": [
            55.037115588547195,
            53.65853658536586,
            53.23435843054083,
            49.94697773064687
        ]
    },
    "metrics": {
        "macro_accuracy": 0.8475276258510995,
        "micro_accuracy": 0.8475276258510994,
        "accuracy_per_class": {
            "IsFoodGood": 0.9127692822859694,
            "IsAmbianceGood": 0.7986940506752985,
            "IsServiceGood": 0.8392119656211631,
            "IsPriceGood": 0.8394352048219668
        },
        "macro_precision": 0.8460255400180481,
        "micro_precision": 0.8438598278408802,
        "precision_per_class": {
            "IsFoodGood": 0.9030126336248785,
            "IsAmbianceGood": 0.7910679611650485,
            "IsServiceGood": 0.812200844673862,
            "IsPriceGood": 0.877820720608403
        },
        "macro_recall": 0.8716560162043132,
        "micro_recall": 0.8735368554254983,
        "recall_per_class": {
            "IsFoodGood": 0.942680328700416,
            "IsAmbianceGood": 0.8484848484848485,
            "IsServiceGood": 0.907698762324313,
            "IsPriceGood": 0.7877601253076751
        },
        "macro_f1": 0.8572113358267955,
        "micro_f1": 0.8584419285473717,
        "f1_per_class": {
            "IsFoodGood": 0.9224202114458728,
            "IsAmbianceGood": 0.8187710395417777,
            "IsServiceGood": 0.8572985289018773,
            "IsPriceGood": 0.8303555634176544
        },
        "MSE": 0.11542776972055435,
        "LogLoss": 0.3657875061035156,
        "AUNU": 0.9258632063865662,
        "micro_ROC-AUC": 0.931332528591156,
        "AUNP": 0.9262201189994812,
        "ROC-AUC_per_class_vs_rest": {
            "IsFoodGood": 0.9639323972806165,
            "IsAmbianceGood": 0.8969461149424078,
            "IsServiceGood": 0.9221448820873307,
            "IsPriceGood": 0.920429408282048
        }
    }
}