{
    "classification type": "multilabel",
    "class balance": "balanced",
    "dataset name": "yeast_balanced",
    "class names": [
        "Class1",
        "Class2",
        "Class3",
        "Class4",
        "Class5"
    ],
    "model name": "decision_tree",
    "index": 2,
    "cv fold": 0,
    "fold info": {
        "train distribution": [
            520,
            556,
            520,
            556,
            523
        ],
        "test distribution": [
            130,
            139,
            130,
            139,
            130
        ],
        "train distribution pct": [
            40.092521202775636,
            42.86815728604472,
            40.092521202775636,
            42.86815728604472,
            40.32382420971473
        ],
        "test distribution pct": [
            39.63414634146341,
            42.3780487804878,
            39.63414634146341,
            42.3780487804878,
            39.63414634146341
        ]
    },
    "metrics": {
        "macro_accuracy": 0.6461853558627753,
        "micro_accuracy": 0.6461853558627753,
        "accuracy_per_class": {
            "Class1": 0.6774193548387096,
            "Class2": 0.6057347670250897,
            "Class3": 0.6574500768049155,
            "Class4": 0.6630824372759857,
            "Class5": 0.6272401433691757
        },
        "macro_precision": 0.5694079415689391,
        "micro_precision": 0.5691198408751865,
        "precision_per_class": {
            "Class1": 0.5989445910290238,
            "Class2": 0.5375586854460094,
            "Class3": 0.5721716514954487,
            "Class4": 0.6037735849056604,
            "Class5": 0.5345911949685535
        },
        "macro_recall": 0.5704015107984347,
        "micro_recall": 0.5706806282722513,
        "recall_per_class": {
            "Class1": 0.5820512820512821,
            "Class2": 0.5491606714628298,
            "Class3": 0.5641025641025641,
            "Class4": 0.6139088729016786,
            "Class5": 0.5427841634738186
        },
        "macro_f1": 0.5698477784697815,
        "micro_f1": 0.5698991659404955,
        "f1_per_class": {
            "Class1": 0.5903771131339401,
            "Class2": 0.5432977461447213,
            "Class3": 0.5681084570690769,
            "Class4": 0.6087990487514863,
            "Class5": 0.5386565272496832
        },
        "MSE": 0.35381466150283813,
        "LogLoss": 35.381465911865234,
        "AUNU": 0.634375810623169,
        "micro_ROC-AUC": 0.6347494125366211,
        "AUNP": 0.6341795921325684,
        "ROC-AUC_per_class_vs_rest": {
            "Class1": 0.6614433733359566,
            "Class2": 0.5985302910486625,
            "Class3": 0.641812577873959,
            "Class4": 0.6568203881934667,
            "Class5": 0.6132724236172511
        }
    }
}