{
    "classification type": "binary",
    "class balance": "balanced",
    "dataset name": "vehicle-sensit_balanced",
    "class names": [
        0,
        1
    ],
    "model name": "decision_tree",
    "index": 4,
    "cv fold": 3,
    "fold info": {
        "train distribution": 5012,
        "test distribution": 1252,
        "train distribution pct": 50.004988526389305,
        "test distribution pct": 49.98003992015968
    },
    "metrics": {
        "macro_accuracy": 0.8184402585029602,
        "micro_accuracy": 0.8184402585029602,
        "accuracy_per_class": {
            "0": 0.8184402585029602,
            "1": 0.8184402585029602
        },
        "macro_precision": 0.8193862438201904,
        "micro_precision": 0.8184402585029602,
        "precision_per_class": {
            "0": 0.8367701768875122,
            "1": 0.8020022511482239
        },
        "macro_recall": 0.8184404373168945,
        "micro_recall": 0.8184402585029602,
        "recall_per_class": {
            "0": 0.7912295460700989,
            "1": 0.845651388168335
        },
        "macro_f1": 0.8183057308197021,
        "micro_f1": 0.8184402585029602,
        "f1_per_class": {
            "0": 0.8133628964424133,
            "1": 0.8232486248016357
        },
        "MSE": 0.16402947902679443,
        "LogLoss": 11.069289207458496,
        "AUNU": 0.8130282759666443,
        "micro_ROC-AUC": 0.8130282759666443
    }
}