{
    "classification type": "multiclass",
    "class balance": "balanced",
    "dataset name": "stocks_balanced",
    "class names": [
        0,
        1,
        2,
        3,
        4,
        5,
        6,
        7,
        8,
        9,
        10,
        11,
        12,
        13,
        14,
        15,
        16,
        17,
        18,
        19
    ],
    "model name": "random_forest",
    "index": 4,
    "cv fold": 1,
    "fold info": {
        "train distribution": 111720,
        "test distribution": 27930,
        "train distribution pct": 950.0,
        "test distribution pct": 950.0
    },
    "metrics": {
        "macro_accuracy": 0.9136611819267273,
        "micro_accuracy": 0.9136611819267273,
        "accuracy_per_class": {
            "0": 0.9504110217094421,
            "1": 0.9508786797523499,
            "2": 0.9501984119415283,
            "3": 0.41028910875320435,
            "4": 0.9583238959312439,
            "5": 0.9510204195976257,
            "6": 0.9604591727256775,
            "7": 0.9497921466827393,
            "8": 0.9501370191574097,
            "9": 0.9507086277008057,
            "10": 0.9499574899673462,
            "11": 0.9563633799552917,
            "12": 0.968272864818573,
            "13": 0.9504062533378601,
            "14": 0.9532029628753662,
            "15": 0.9505290985107422,
            "16": 0.9553949236869812,
            "17": 0.9497921466827393,
            "18": 0.9778580665588379,
            "19": 0.6792280673980713
        },
        "macro_precision": 0.68297278881073,
        "micro_precision": 0.13661186397075653,
        "precision_per_class": {
            "0": 0.7023255825042725,
            "1": 0.807947039604187,
            "2": 0.800000011920929,
            "3": 0.054929643869400024,
            "4": 0.9814207553863525,
            "5": 0.9426229596138,
            "6": 0.9964125752449036,
            "7": 0.0,
            "8": 1.0,
            "9": 0.800000011920929,
            "10": 0.0,
            "11": 0.9265357851982117,
            "12": 0.9878910183906555,
            "13": 0.8771929740905762,
            "14": 0.9721448421478271,
            "15": 0.7799999713897705,
            "16": 0.9790268540382385,
            "17": 0.0,
            "18": 0.9962969422340393,
            "19": 0.05470874160528183
        },
        "macro_recall": 0.13661184906959534,
        "micro_recall": 0.13661186397075653,
        "recall_per_class": {
            "0": 0.014266817830502987,
            "1": 0.023053666576743126,
            "2": 0.005291005130857229,
            "3": 0.6660997867584229,
            "4": 0.1696901023387909,
            "5": 0.02173091471195221,
            "6": 0.20993952453136444,
            "7": 0.0,
            "8": 0.0027399847749620676,
            "9": 0.018896447494626045,
            "10": 0.0,
            "11": 0.13822750747203827,
            "12": 0.3699924349784851,
            "13": 0.009448223747313023,
            "14": 0.06594859808683395,
            "15": 0.01473922934383154,
            "16": 0.11026076972484589,
            "17": 0.0,
            "18": 0.5592403411865234,
            "19": 0.33267197012901306
        },
        "macro_f1": 0.1432211548089981,
        "micro_f1": 0.13661186397075653,
        "f1_per_class": {
            "0": 0.027965553104877472,
            "1": 0.04482822120189667,
            "2": 0.010512483306229115,
            "3": 0.10148996114730835,
            "4": 0.2893507182598114,
            "5": 0.04248245432972908,
            "6": 0.34680816531181335,
            "7": 0.0,
            "8": 0.0054649957455694675,
            "9": 0.036920804530382156,
            "10": 0.0,
            "11": 0.24056564271450043,
            "12": 0.5383557677268982,
            "13": 0.018695082515478134,
            "14": 0.1235179603099823,
            "15": 0.028931749984622,
            "16": 0.19819973409175873,
            "17": 0.0,
            "18": 0.7163691520690918,
            "19": 0.09396474808454514
        },
        "Kappa": 0.09117037057876587,
        "MSE": 0.04349071532487869,
        "LogLoss": 2.7487313747406006,
        "AUNU": 0.5802693367004395,
        "micro_ROC-AUC": 0.6123548150062561,
        "AUNP": 0.5802693367004395,
        "AU1U": 0.5802693127526611,
        "AU1P": 0.5802693127526614,
        "ROC-AUC_per_class_vs_rest": {
            "0": 0.5472578171281243,
            "1": 0.5537551022174749,
            "2": 0.5486470310498919,
            "3": 0.5464668506982341,
            "4": 0.6110609250573674,
            "5": 0.5531041797130861,
            "6": 0.6303477115005387,
            "7": 0.5405275272064641,
            "8": 0.5444593185747997,
            "9": 0.5509350588423962,
            "10": 0.546129339432307,
            "11": 0.5993620950671049,
            "12": 0.7026624633666615,
            "13": 0.5487086181557266,
            "14": 0.5704335585379874,
            "15": 0.550048330575506,
            "16": 0.5865339811416207,
            "17": 0.5429895927685895,
            "18": 0.7861850686826517,
            "19": 0.5457716853366906
        }
    }
}