{
    "classification type": "multilabel",
    "class balance": "imbalanced",
    "dataset name": "imdb_imbalanced",
    "class names": [
        "Romance",
        "Thriller",
        "Action",
        "Crime",
        "Family",
        "Horror",
        "Adventure"
    ],
    "model name": "random_forest",
    "index": 3,
    "cv fold": 4,
    "fold info": {
        "train distribution": [
            9903,
            7753,
            7709,
            5811,
            3141,
            4870,
            5217
        ],
        "test distribution": [
            2476,
            1938,
            1927,
            1452,
            785,
            1217,
            1304
        ],
        "train distribution pct": [
            34.140035163925944,
            26.72803116489123,
            26.576343641190057,
            20.03309545971662,
            10.828420726031647,
            16.78905091874375,
            17.98531388975075
        ],
        "test distribution pct": [
            34.379339072479866,
            26.909191891141347,
            26.756456539850042,
            20.16106637045265,
            10.89975006942516,
            16.89808386559289,
            18.106081643987782
        ]
    },
    "metrics": {
        "macro_accuracy": 0.7468148351886806,
        "micro_accuracy": 0.7468148351886806,
        "accuracy_per_class": {
            "Romance": 0.6232033866876033,
            "Thriller": 0.6865439926143067,
            "Action": 0.7055112580534437,
            "Crime": 0.7594619332999294,
            "Family": 0.8638381144387939,
            "Horror": 0.7957591443327033,
            "Adventure": 0.7933860168939846
        },
        "macro_precision": 0.30162311353199067,
        "micro_precision": 0.33731312876791647,
        "precision_per_class": {
            "Romance": 0.41462991184243525,
            "Thriller": 0.32541007021183826,
            "Action": 0.39139300927464427,
            "Crime": 0.24198027874742017,
            "Family": 0.1532162588792423,
            "Horror": 0.25175507548857506,
            "Adventure": 0.33297719027977934
        },
        "macro_recall": 0.1436193541994435,
        "micro_recall": 0.16194105337935402,
        "recall_per_class": {
            "Romance": 0.24804680738116394,
            "Thriller": 0.15952946032401197,
            "Action": 0.19206991638498488,
            "Crime": 0.09339902834326626,
            "Family": 0.0565097154501128,
            "Horror": 0.10899105822713512,
            "Adventure": 0.14678949328542948
        },
        "macro_f1": 0.19362968193405203,
        "micro_f1": 0.21882578191502775,
        "f1_per_class": {
            "Romance": 0.31040060075672243,
            "Thriller": 0.21409882930158713,
            "Action": 0.2576850019392758,
            "Crime": 0.13477708633425342,
            "Family": 0.08256685629220054,
            "Horror": 0.15212388728288198,
            "Adventure": 0.2037555116314429
        },
        "MSE": 0.21694986522197723,
        "LogLoss": 11.524176597595215,
        "AUNU": 0.5590975284576416,
        "micro_ROC-AUC": 0.5905483365058899,
        "AUNP": 0.5595364570617676,
        "ROC-AUC_per_class_vs_rest": {
            "Romance": 0.5610720764124942,
            "Thriller": 0.5568938505935858,
            "Action": 0.5662908363016415,
            "Crime": 0.5322927515645665,
            "Family": 0.5498188901572335,
            "Horror": 0.5747987477477109,
            "Adventure": 0.572515562418427
        }
    }
}