{
    "classification type": "binary",
    "class balance": "imbalanced",
    "dataset name": "news-sarcasm_imbalanced",
    "class names": [
        0,
        1
    ],
    "model name": "logistic_regression",
    "index": 0,
    "cv fold": 0,
    "fold info": {
        "train distribution": 819,
        "test distribution": 205,
        "train distribution pct": 21.40057486281683,
        "test distribution pct": 21.42110762800418
    },
    "metrics": {
        "macro_accuracy": 0.8516196608543396,
        "micro_accuracy": 0.8516196608543396,
        "accuracy_per_class": {
            "0": 0.8516196608543396,
            "1": 0.8516196608543396
        },
        "macro_precision": 0.834094762802124,
        "micro_precision": 0.8516196608543396,
        "precision_per_class": {
            "0": 0.8563084006309509,
            "1": 0.8118811845779419
        },
        "macro_recall": 0.6873670220375061,
        "micro_recall": 0.8516196608543396,
        "recall_per_class": {
            "0": 0.9747340679168701,
            "1": 0.4000000059604645
        },
        "macro_f1": 0.7238196134567261,
        "micro_f1": 0.8516196608543396,
        "f1_per_class": {
            "0": 0.9116915464401245,
            "1": 0.5359477400779724
        },
        "MSE": 0.11673782020807266,
        "LogLoss": 0.3791007101535797,
        "AUNU": 0.83123379945755,
        "micro_ROC-AUC": 0.83123379945755
    }
}