{
    "classification type": "multiclass",
    "class balance": "imbalanced",
    "dataset name": "gas-drift_imbalanced",
    "class names": [
        3,
        2,
        0,
        4,
        1
    ],
    "model name": "decision_tree",
    "index": 4,
    "cv fold": 0,
    "fold info": {
        "train distribution": 3144,
        "test distribution": 789,
        "train distribution pct": 242.5925925925926,
        "test distribution pct": 243.5185185185185
    },
    "metrics": {
        "macro_accuracy": 0.9928072690963745,
        "micro_accuracy": 0.9928073287010193,
        "accuracy_per_class": {
            "3": 0.9984567761421204,
            "2": 0.9939613342285156,
            "0": 0.9871175289154053,
            "4": 0.9881240129470825,
            "1": 0.9963768124580383
        },
        "macro_precision": 0.9834811091423035,
        "micro_precision": 0.982018232345581,
        "precision_per_class": {
            "3": 0.9912195205688477,
            "2": 0.982586145401001,
            "0": 0.9739217758178711,
            "4": 0.9803770780563354,
            "1": 0.9893012642860413
        },
        "macro_recall": 0.9821814298629761,
        "micro_recall": 0.982018232345581,
        "recall_per_class": {
            "3": 0.9864077568054199,
            "2": 0.9840445518493652,
            "0": 0.962338924407959,
            "4": 0.9854960441589355,
            "1": 0.9926199316978455
        },
        "macro_f1": 0.9828212857246399,
        "micro_f1": 0.982018232345581,
        "f1_per_class": {
            "3": 0.9888077974319458,
            "2": 0.9833148121833801,
            "0": 0.9680957198143005,
            "4": 0.9829298853874207,
            "1": 0.9909577965736389
        },
        "Kappa": 0.9763583540916443,
        "MSE": 0.006993683520704508,
        "LogLoss": 0.2918201684951782,
        "AUNU": 0.9872052669525146,
        "micro_ROC-AUC": 0.9875719547271729,
        "AUNP": 0.9867858290672302,
        "AU1U": 0.9873482329784139,
        "AU1P": 0.987158030849552,
        "ROC-AUC_per_class_vs_rest": {
            "3": 0.9912750818391878,
            "2": 0.9851490984706528,
            "0": 0.9784250410112975,
            "4": 0.9878924010591594,
            "1": 0.9932847647615193
        }
    }
}