{
    "classification type": "multiclass",
    "class balance": "balanced",
    "dataset name": "usps_balanced",
    "class names": [
        5,
        4,
        3,
        2,
        1,
        0
    ],
    "model name": "decision_tree",
    "index": 3,
    "cv fold": 2,
    "fold info": {
        "train distribution": 4438,
        "test distribution": 1109,
        "train distribution pct": 251.58730158730157,
        "test distribution pct": 251.47392290249434
    },
    "metrics": {
        "macro_accuracy": 0.9716289639472961,
        "micro_accuracy": 0.9716289639472961,
        "accuracy_per_class": {
            "5": 0.9726309180259705,
            "4": 0.9899277687072754,
            "3": 0.9654062986373901,
            "2": 0.9612930417060852,
            "1": 0.9758477210998535,
            "0": 0.9646680355072021
        },
        "macro_precision": 0.9151533246040344,
        "micro_precision": 0.9148868918418884,
        "precision_per_class": {
            "5": 0.9135410189628601,
            "4": 0.9689119458198547,
            "3": 0.9084306955337524,
            "2": 0.8817204236984253,
            "1": 0.9209199547767639,
            "0": 0.8973961472511292
        },
        "macro_recall": 0.9153182506561279,
        "micro_recall": 0.9148868918418884,
        "recall_per_class": {
            "5": 0.9208586812019348,
            "4": 0.9692257642745972,
            "3": 0.8871415257453918,
            "2": 0.8856416940689087,
            "1": 0.9338657855987549,
            "0": 0.8951762318611145
        },
        "macro_f1": 0.915203869342804,
        "micro_f1": 0.9148868918418884,
        "f1_per_class": {
            "5": 0.9171852469444275,
            "4": 0.9690688252449036,
            "3": 0.8976598978042603,
            "2": 0.8836767077445984,
            "1": 0.927347719669342,
            "0": 0.896284818649292
        },
        "Kappa": 0.897860586643219,
        "MSE": 0.026425188407301903,
        "LogLoss": 1.2657439708709717,
        "AUNU": 0.946816086769104,
        "micro_ROC-AUC": 0.9466476440429688,
        "AUNP": 0.9465554356575012,
        "AU1U": 0.9468699432536385,
        "AU1P": 0.9467388528872969,
        "ROC-AUC_per_class_vs_rest": {
            "5": 0.9521664513812119,
            "4": 0.9814236760223772,
            "3": 0.9311798793094385,
            "2": 0.9234599066959495,
            "1": 0.9575714693035071,
            "0": 0.9350951409410305
        }
    }
}