{
    "classification type": "binary",
    "class balance": "balanced",
    "dataset name": "amazon-reviews-0.25_balanced",
    "class names": [
        0,
        1
    ],
    "model name": "random_forest",
    "index": 4,
    "cv fold": 4,
    "fold info": {
        "train distribution": 14462,
        "test distribution": 3615,
        "train distribution pct": 50.0,
        "test distribution pct": 50.0
    },
    "metrics": {
        "macro_accuracy": 0.8197838664054871,
        "micro_accuracy": 0.8197838664054871,
        "accuracy_per_class": {
            "0": 0.8197838664054871,
            "1": 0.8197838664054871
        },
        "macro_precision": 0.8198270797729492,
        "micro_precision": 0.8197838664054871,
        "precision_per_class": {
            "0": 0.8235436677932739,
            "1": 0.8161104917526245
        },
        "macro_recall": 0.8197839260101318,
        "micro_recall": 0.8197838664054871,
        "recall_per_class": {
            "0": 0.8139735460281372,
            "1": 0.8255942463874817
        },
        "macro_f1": 0.8197778463363647,
        "micro_f1": 0.8197838664054871,
        "f1_per_class": {
            "0": 0.8187306523323059,
            "1": 0.8208249807357788
        },
        "MSE": 0.1584838181734085,
        "LogLoss": 8.849141120910645,
        "AUNU": 0.8249620795249939,
        "micro_ROC-AUC": 0.8249620795249939
    }
}