{
    "classification type": "multiclass",
    "class balance": "balanced",
    "dataset name": "news-category_balanced",
    "class names": [
        0,
        3,
        31,
        26,
        36,
        37,
        11,
        9,
        29,
        18,
        34,
        32,
        39,
        25,
        40,
        33,
        21,
        30,
        38,
        35,
        12,
        8,
        6,
        22,
        27,
        13,
        5,
        4,
        10,
        19,
        7,
        1,
        15,
        17,
        41,
        24,
        28,
        20,
        2,
        23,
        14,
        16
    ],
    "model name": "knn",
    "index": 3,
    "cv fold": 2,
    "fold info": {
        "train distribution": 430134,
        "test distribution": 107538,
        "train distribution pct": 2050.7962238962523,
        "test distribution pct": 2051.077627312607
    },
    "metrics": {
        "macro_accuracy": 0.9679140448570251,
        "micro_accuracy": 0.9679139852523804,
        "accuracy_per_class": {
            "0": 0.9656137824058533,
            "3": 0.9724016189575195,
            "31": 0.9655748009681702,
            "26": 0.9619040489196777,
            "36": 0.9729225039482117,
            "37": 0.9755986332893372,
            "11": 0.9770197868347168,
            "9": 0.9686816334724426,
            "29": 0.9461382031440735,
            "18": 0.9350541234016418,
            "34": 0.9728527665138245,
            "32": 0.9694014191627502,
            "39": 0.9687431454658508,
            "25": 0.9747127294540405,
            "40": 0.9646663665771484,
            "33": 0.9705129265785217,
            "21": 0.981201171875,
            "30": 0.9731746912002563,
            "38": 0.9563342928886414,
            "35": 0.9818655848503113,
            "12": 0.9779630899429321,
            "8": 0.9669303297996521,
            "6": 0.9735889434814453,
            "22": 0.9716387391090393,
            "27": 0.9722477793693542,
            "13": 0.9653800129890442,
            "5": 0.9746594429016113,
            "4": 0.9680356383323669,
            "10": 0.9834015965461731,
            "19": 0.972690761089325,
            "7": 0.9647360444068909,
            "1": 0.9668154716491699,
            "15": 0.9538365602493286,
            "17": 0.9640511274337769,
            "41": 0.9650641679763794,
            "24": 0.9529752731323242,
            "28": 0.9736750721931458,
            "20": 0.9588505625724792,
            "2": 0.9685872793197632,
            "23": 0.9668852090835571,
            "14": 0.9507297277450562,
            "16": 0.9852697849273682
        },
        "macro_precision": 0.35365158319473267,
        "micro_precision": 0.3261934518814087,
        "precision_per_class": {
            "0": 0.268354207277298,
            "3": 0.42911285161972046,
            "31": 0.25173142552375793,
            "26": 0.23075135052204132,
            "36": 0.42532867193222046,
            "37": 0.48579132556915283,
            "11": 0.5182221531867981,
            "9": 0.34303176403045654,
            "29": 0.12951762974262238,
            "18": 0.1525394320487976,
            "34": 0.4054415225982666,
            "32": 0.36874088644981384,
            "39": 0.32288557291030884,
            "25": 0.4694337546825409,
            "40": 0.23462457954883575,
            "33": 0.3503439128398895,
            "21": 0.6296945810317993,
            "30": 0.4290632903575897,
            "38": 0.2393709272146225,
            "35": 0.6506063342094421,
            "12": 0.5404435396194458,
            "8": 0.2255353182554245,
            "6": 0.424530565738678,
            "22": 0.3980959355831146,
            "27": 0.3953028917312622,
            "13": 0.2806842029094696,
            "5": 0.4542258381843567,
            "4": 0.2750316858291626,
            "10": 0.6872363090515137,
            "19": 0.4094606041908264,
            "7": 0.23393787443637848,
            "1": 0.2493315488100052,
            "15": 0.22834211587905884,
            "17": 0.2395695447921753,
            "41": 0.2597460150718689,
            "24": 0.13538441061973572,
            "28": 0.4330386817455292,
            "20": 0.17239773273468018,
            "2": 0.32986271381378174,
            "23": 0.24263115227222443,
            "14": 0.13006383180618286,
            "16": 0.7739269733428955
        },
        "macro_recall": 0.32589298486709595,
        "micro_recall": 0.3261934518814087,
        "recall_per_class": {
            "0": 0.2562580704689026,
            "3": 0.47724729776382446,
            "31": 0.22511827945709229,
            "26": 0.2562580704689026,
            "36": 0.3868387043476105,
            "37": 0.40292471647262573,
            "11": 0.5125161409378052,
            "9": 0.3427956998348236,
            "29": 0.23526258766651154,
            "18": 0.37849462032318115,
            "34": 0.2857632040977478,
            "32": 0.3896070420742035,
            "39": 0.2777777910232544,
            "25": 0.42799657583236694,
            "40": 0.20999914407730103,
            "33": 0.2703535556793213,
            "21": 0.5224723815917969,
            "30": 0.3627568483352661,
            "38": 0.3778786063194275,
            "35": 0.5169032216072083,
            "12": 0.5052043199539185,
            "8": 0.2118421047925949,
            "6": 0.30339786410331726,
            "22": 0.37049463391304016,
            "27": 0.30984947085380554,
            "13": 0.2893763482570648,
            "5": 0.28758561611175537,
            "4": 0.2043314427137375,
            "10": 0.559515655040741,
            "19": 0.3291182816028595,
            "7": 0.20761986076831818,
            "1": 0.1915767788887024,
            "15": 0.38972601294517517,
            "17": 0.23363441228866577,
            "41": 0.25161290168762207,
            "24": 0.18055914342403412,
            "28": 0.3371182680130005,
            "20": 0.19105376303195953,
            "2": 0.3079569935798645,
            "23": 0.18339784443378448,
            "14": 0.1875268816947937,
            "16": 0.5397849678993225
        },
        "macro_f1": 0.33409228920936584,
        "micro_f1": 0.3261934518814087,
        "f1_per_class": {
            "0": 0.26216667890548706,
            "3": 0.45190194249153137,
            "31": 0.23768220841884613,
            "26": 0.24283675849437714,
            "36": 0.40517163276672363,
            "37": 0.4404946565628052,
            "11": 0.5153533220291138,
            "9": 0.3429136872291565,
            "29": 0.16706307232379913,
            "18": 0.2174450159072876,
            "34": 0.33524152636528015,
            "32": 0.3788869082927704,
            "39": 0.2986379563808441,
            "25": 0.4477585256099701,
            "40": 0.22162991762161255,
            "33": 0.3051944971084595,
            "21": 0.5710943937301636,
            "30": 0.39313384890556335,
            "38": 0.2930845618247986,
            "35": 0.5760989189147949,
            "12": 0.5222301483154297,
            "8": 0.2184743583202362,
            "6": 0.3538855016231537,
            "22": 0.38379967212677,
            "27": 0.3473983705043793,
            "13": 0.284963995218277,
            "5": 0.35218873620033264,
            "4": 0.23446784913539886,
            "10": 0.6168339252471924,
            "19": 0.36491963267326355,
            "7": 0.21999455988407135,
            "1": 0.21667151153087616,
            "15": 0.2879645824432373,
            "17": 0.2365647554397583,
            "41": 0.2556147873401642,
            "24": 0.15474215149879456,
            "28": 0.37910521030426025,
            "20": 0.18124693632125854,
            "2": 0.31853368878364563,
            "23": 0.2088967263698578,
            "14": 0.15359684824943542,
            "16": 0.6359905004501343
        },
        "Kappa": 0.30976709723472595,
        "MSE": 0.023646244779229164,
        "LogLoss": 8.524532318115234,
        "AUNU": 0.7073764801025391,