{
    "classification type": "multilabel",
    "class balance": "imbalanced",
    "dataset name": "emotions_imbalanced",
    "class names": [
        "angry-aggresive",
        "amazed-suprised",
        "sad-lonely",
        "happy-pleased"
    ],
    "model name": "decision_tree",
    "index": 4,
    "cv fold": 3,
    "fold info": {
        "train distribution": [
            151,
            117,
            134,
            69
        ],
        "test distribution": [
            38,
            30,
            33,
            17
        ],
        "train distribution pct": [
            43.39080459770115,
            33.62068965517241,
            38.50574712643678,
            19.82758620689655
        ],
        "test distribution pct": [
            43.18181818181818,
            34.090909090909086,
            37.5,
            19.318181818181817
        ]
    },
    "metrics": {
        "macro_accuracy": 0.7495906432748538,
        "micro_accuracy": 0.7495906432748538,
        "accuracy_per_class": {
            "angry-aggresive": 0.7784795321637427,
            "amazed-suprised": 0.7080701754385965,
            "sad-lonely": 0.7707602339181286,
            "happy-pleased": 0.7410526315789474
        },
        "macro_precision": 0.5847083730957283,
        "micro_precision": 0.6331487765672441,
        "precision_per_class": {
            "angry-aggresive": 0.7443365695792881,
            "amazed-suprised": 0.5696750902527076,
            "sad-lonely": 0.7027194066749073,
            "happy-pleased": 0.3221024258760108
        },
        "macro_recall": 0.5676934349118807,
        "micro_recall": 0.6140654772215486,
        "recall_per_class": {
            "angry-aggresive": 0.744738262277388,
            "amazed-suprised": 0.5475364330326162,
            "sad-lonely": 0.6949877750611247,
            "happy-pleased": 0.2835112692763938
        },
        "macro_f1": 0.5758333168047363,
        "micro_f1": 0.6234611326064017,
        "f1_per_class": {
            "angry-aggresive": 0.7445373617480442,
            "amazed-suprised": 0.5583864118895966,
            "sad-lonely": 0.6988322065150584,
            "happy-pleased": 0.30157728706624604
        },
        "MSE": 0.22012782096862793,
        "LogLoss": 13.941102981567383,
        "AUNU": 0.7028470635414124,
        "micro_ROC-AUC": 0.72446209192276,
        "AUNP": 0.7203285694122314,
        "ROC-AUC_per_class_vs_rest": {
            "angry-aggresive": 0.7701958972059948,
            "amazed-suprised": 0.6854098174393713,
            "sad-lonely": 0.7574825056909199,
            "happy-pleased": 0.5982999305953043
        }
    }
}