{
    "classification type": "multilabel",
    "class balance": "balanced",
    "dataset name": "imdb_balanced",
    "class names": [
        "Romance",
        "Thriller",
        "Action",
        "Crime",
        "Family",
        "Horror",
        "Adventure"
    ],
    "model name": "decision_tree",
    "index": 3,
    "cv fold": 4,
    "fold info": {
        "train distribution": [
            6378,
            6377,
            6376,
            6377,
            6378,
            6378,
            6377
        ],
        "test distribution": [
            1595,
            1594,
            1595,
            1595,
            1595,
            1594,
            1594
        ],
        "train distribution pct": [
            21.956005370236497,
            21.95256291094358,
            21.949120451650657,
            21.95256291094358,
            21.956005370236497,
            21.956005370236497,
            21.95256291094358
        ],
        "test distribution pct": [
            22.0060706401766,
            21.992273730684328,
            22.0060706401766,
            22.0060706401766,
            22.0060706401766,
            21.992273730684328,
            21.992273730684328
        ]
    },
    "metrics": {
        "macro_accuracy": 0.6761154995099948,
        "micro_accuracy": 0.6761154995099949,
        "accuracy_per_class": {
            "Romance": 0.6756687880541091,
            "Thriller": 0.6625754194561534,
            "Action": 0.6817574455189134,
            "Crime": 0.6690497837286828,
            "Family": 0.6758272033501391,
            "Horror": 0.679105711215803,
            "Adventure": 0.6888241452461636
        },
        "macro_precision": 0.2658403602637161,
        "micro_precision": 0.2658667550546901,
        "precision_per_class": {
            "Romance": 0.25467342524133924,
            "Thriller": 0.25201507683386487,
            "Action": 0.2712957935417931,
            "Crime": 0.24812990898890414,
            "Family": 0.26281730648993373,
            "Horror": 0.2874081786106773,
            "Adventure": 0.2845428321395002
        },
        "macro_recall": 0.2695156873183928,
        "micro_recall": 0.2695150798344175,
        "recall_per_class": {
            "Romance": 0.24733475479744135,
            "Thriller": 0.2726132229331326,
            "Action": 0.266403211642203,
            "Crime": 0.24965504264927246,
            "Family": 0.2636084284460053,
            "Horror": 0.31165328650275964,
            "Adventure": 0.275341864257935
        },
        "macro_f1": 0.2675281064762892,
        "micro_f1": 0.2676784868082948,
        "f1_per_class": {
            "Romance": 0.2509504493756462,
            "Thriller": 0.2619097839515473,
            "Action": 0.268827243523808,
            "Crime": 0.24889013943600324,
            "Family": 0.2632122730118973,
            "Horror": 0.2990401107333073,
            "Adventure": 0.2798667453018155
        },
        "MSE": 0.323812335729599,
        "LogLoss": 32.32308578491211,
        "AUNU": 0.5297767519950867,
        "micro_ROC-AUC": 0.5297688245773315,
        "AUNP": 0.5297764539718628,
        "ROC-AUC_per_class_vs_rest": {
            "Romance": 0.5217119862376044,
            "Thriller": 0.5214615336845624,
            "Action": 0.5322482482802585,
            "Crime": 0.5183715069435434,
            "Family": 0.5277892199985678,
            "Horror": 0.5466357813634128,
            "Adventure": 0.5402187883794458
        }
    }
}