{
    "classification type": "multiclass",
    "class balance": "imbalanced",
    "dataset name": "dbpedia-ontology_imbalanced",
    "class names": [
        0,
        1,
        2,
        3,
        4,
        5,
        6
    ],
    "model name": "random_forest",
    "index": 4,
    "cv fold": 0,
    "fold info": {
        "train distribution": 66096,
        "test distribution": 16524,
        "train distribution pct": 246.039309112567,
        "test distribution pct": 246.039309112567
    },
    "metrics": {
        "macro_accuracy": 0.9815438389778137,
        "micro_accuracy": 0.9815438389778137,
        "accuracy_per_class": {
            "0": 0.9688383340835571,
            "1": 0.9868172407150269,
            "2": 0.9742846488952637,
            "3": 0.9876750111579895,
            "4": 0.987469494342804,
            "5": 0.9835582971572876,
            "6": 0.982163667678833
        },
        "macro_precision": 0.9292352795600891,
        "micro_precision": 0.9354033470153809,
        "precision_per_class": {
            "0": 0.9112324714660645,
            "1": 0.9609909653663635,
            "2": 0.9214159250259399,
            "3": 0.9682044982910156,
            "4": 0.89618319272995,
            "5": 0.9384106993675232,
            "6": 0.9082091450691223
        },
        "macro_recall": 0.922007143497467,
        "micro_recall": 0.9354033470153809,
        "recall_per_class": {
            "0": 0.9206352829933167,
            "1": 0.9677694439888,
            "2": 0.938478410243988,
            "3": 0.9648228883743286,
            "4": 0.8510770797729492,
            "5": 0.9359474778175354,
            "6": 0.8753195405006409
        },
        "macro_f1": 0.9254778027534485,
        "micro_f1": 0.9354033470153809,
        "f1_per_class": {
            "0": 0.9159097671508789,
            "1": 0.9643682837486267,
            "2": 0.9298689365386963,
            "3": 0.9665107131004333,
            "4": 0.8730478882789612,
            "5": 0.9371774792671204,
            "6": 0.8914610743522644
        },
        "Kappa": 0.922885537147522,
        "MSE": 0.01781192049384117,
        "LogLoss": 0.869666337966919,
        "AUNU": 0.9623135328292847,
        "micro_ROC-AUC": 0.9668761491775513,
        "AUNP": 0.9661855101585388,
        "AU1U": 0.9614221755468775,
        "AU1P": 0.9633313575688617,
        "ROC-AUC_per_class_vs_rest": {
            "0": 0.9546390490243434,
            "1": 0.9831316976284151,
            "2": 0.9597935641883356,
            "3": 0.9813570176745134,
            "4": 0.9416765025041761,
            "5": 0.9664721795336747,
            "6": 0.9491245525726351
        }
    }
}