{
    "classification type": "multiclass",
    "class balance": "balanced",
    "dataset name": "gtsrb-huelist_balanced",
    "class names": [
        0,
        1,
        2,
        3,
        4,
        5,
        6,
        7,
        8,
        9,
        10,
        11,
        12,
        13,
        14,
        15
    ],
    "model name": "knn",
    "index": 1,
    "cv fold": 2,
    "fold info": {
        "train distribution": 178912,
        "test distribution": 44728,
        "train distribution pct": 738.8173108688471,
        "test distribution pct": 738.8173108688471
    },
    "metrics": {
        "macro_accuracy": 0.9337361454963684,
        "micro_accuracy": 0.9337362051010132,
        "accuracy_per_class": {
            "0": 0.9213782548904419,
            "1": 0.9087509512901306,
            "2": 0.9216867685317993,
            "3": 0.9213026762008667,
            "4": 0.9194995760917664,
            "5": 0.918723464012146,
            "6": 0.9277546405792236,
            "7": 0.9268471598625183,
            "8": 0.9307438135147095,
            "9": 0.9351121187210083,
            "10": 0.9721920490264893,
            "11": 0.933687150478363,
            "12": 0.942286491394043,
            "13": 0.9246978163719177,
            "14": 0.9691570997238159,
            "15": 0.9659589529037476
        },
        "macro_precision": 0.46904268860816956,
        "micro_precision": 0.46988946199417114,
        "precision_per_class": {
            "0": 0.41069459915161133,
            "1": 0.31135404109954834,
            "2": 0.34985649585723877,
            "3": 0.39328718185424805,
            "4": 0.3794364631175995,
            "5": 0.3432781398296356,
            "6": 0.4095003008842468,
            "7": 0.4343074560165405,
            "8": 0.47381120920181274,
            "9": 0.4350769519805908,
            "10": 0.7681739330291748,
            "11": 0.4925915002822876,
            "12": 0.4468727111816406,
            "13": 0.4132089912891388,
            "14": 0.7098936438560486,
            "15": 0.733339250087738
        },
        "macro_recall": 0.470410019159317,
        "micro_recall": 0.46988946199417114,
        "recall_per_class": {
            "0": 0.47841110825538635,
            "1": 0.33181455731391907,
            "2": 0.31979531049728394,
            "3": 0.3855421543121338,
            "4": 0.362997442483902,
            "5": 0.33043283224105835,
            "6": 0.39759036898612976,
            "7": 0.44810009002685547,
            "8": 0.531732976436615,
            "9": 0.43165767192840576,
            "10": 0.8233540058135986,
            "11": 0.4581964313983917,
            "12": 0.4152458906173706,
            "13": 0.35995498299598694,
            "14": 0.698113203048706,
            "15": 0.7536205649375916
        },
        "macro_f1": 0.46910300850868225,
        "micro_f1": 0.46988946199417114,
        "f1_per_class": {
            "0": 0.44197413325309753,
            "1": 0.32125887274742126,
            "2": 0.33415117859840393,
            "3": 0.389376163482666,
            "4": 0.3710349500179291,
            "5": 0.33673304319381714,
            "6": 0.4034574627876282,
            "7": 0.4410959780216217,
            "8": 0.5011038780212402,
            "9": 0.4333605468273163,
            "10": 0.7948074340820312,
            "11": 0.4747718274593353,
            "12": 0.43047916889190674,
            "13": 0.3847479820251465,
            "14": 0.7039541602134705,
            "15": 0.7433415651321411
        },
        "Kappa": 0.43431225419044495,
        "MSE": 0.052207332104444504,
        "LogLoss": 5.246354103088379,
        "AUNU": 0.7867721319198608,
        "micro_ROC-AUC": 0.7921101450920105,
        "AUNP": 0.7861159443855286,
        "AU1U": 0.7870994835881675,
        "AU1P": 0.78662623870932,
        "ROC-AUC_per_class_vs_rest": {
            "0": 0.7738154792430214,
            "1": 0.7224656135618509,
            "2": 0.729777183056982,
            "3": 0.7479801078278093,
            "4": 0.7421626937614779,
            "5": 0.7271166215670767,
            "6": 0.7592869199747877,
            "7": 0.7744936259492136,
            "8": 0.8050977891122946,
            "9": 0.7698482844688177,
            "10": 0.927226610472447,
            "11": 0.7753499463026534,
            "12": 0.7737413669734978,
            "13": 0.7428988385342548,
            "14": 0.904830042629311,
            "15": 0.9122630407825391
        }
    }
}