{
    "classification type": "multilabel",
    "class balance": "imbalanced",
    "dataset name": "tmc2007500_imbalanced",
    "class names": [
        "class13",
        "class07",
        "class01",
        "class14",
        "class18",
        "class10"
    ],
    "model name": "knn",
    "index": 4,
    "cv fold": 1,
    "fold info": {
        "train distribution": [
            2208,
            1786,
            1468,
            895,
            558,
            327
        ],
        "test distribution": [
            552,
            447,
            367,
            223,
            139,
            82
        ],
        "train distribution pct": [
            34.90357255769839,
            28.232690483717988,
            23.20581726209295,
            14.147960796711983,
            8.82073980398356,
            5.169143218463484
        ],
        "test distribution pct": [
            34.84848484848485,
            28.219696969696972,
            23.16919191919192,
            14.078282828282829,
            8.775252525252524,
            5.1767676767676765
        ]
    },
    "metrics": {
        "macro_accuracy": 0.928878463058895,
        "micro_accuracy": 0.9288784630588951,
        "accuracy_per_class": {
            "class13": 0.8636431759684619,
            "class07": 0.9017495845958362,
            "class01": 0.9651255986707067,
            "class14": 0.9404619945916007,
            "class18": 0.9464112338318184,
            "class10": 0.9558791906949468
        },
        "macro_precision": 0.8034876837090463,
        "micro_precision": 0.844382314125057,
        "precision_per_class": {
            "class13": 0.851775160691946,
            "class07": 0.8137442232492001,
            "class01": 0.9273020088718108,
            "class14": 0.8448266388263092,
            "class18": 0.7563147198296719,
            "class10": 0.6269633507853403
        },
        "macro_recall": 0.6923354532325172,
        "micro_recall": 0.7687563707597077,
        "recall_per_class": {
            "class13": 0.7375242790975646,
            "class07": 0.8454524469067405,
            "class01": 0.9219360094384673,
            "class14": 0.708917373662855,
            "class18": 0.5779897936543155,
            "class10": 0.3621928166351607
        },
        "macro_f1": 0.7382926137266566,
        "micro_f1": 0.8047966234060437,
        "f1_per_class": {
            "class13": 0.7905431105238925,
            "class07": 0.8292953536817317,
            "class01": 0.9246112237998648,
            "class14": 0.7709278712362424,
            "class18": 0.6552360191162908,
            "class10": 0.4591421040019171
        },
        "MSE": 0.06007447466254234,
        "LogLoss": 2.536961555480957,
        "AUNU": 0.9001405835151672,
        "micro_ROC-AUC": 0.9234190583229065,
        "AUNP": 0.9130904078483582,
        "ROC-AUC_per_class_vs_rest": {
            "class13": 0.8888972620807313,
            "class07": 0.9232705461243127,
            "class01": 0.9695540024198231,
            "class14": 0.9103609811800838,
            "class18": 0.8836007759364377,
            "class10": 0.8251598530993617
        }
    }
}