{
    "classification type": "multilabel",
    "class balance": "balanced",
    "dataset name": "mediamill_balanced",
    "class names": [
        "Class3",
        "Class12",
        "Class17",
        "Class44",
        "Class55",
        "Class57",
        "Class58",
        "Class76",
        "Class79",
        "Class94",
        "Class96",
        "Class97"
    ],
    "model name": "logistic_regression",
    "index": 3,
    "cv fold": 1,
    "fold info": {
        "train distribution": [
            1753,
            1807,
            1697,
            1806,
            1662,
            1625,
            1707,
            1800,
            1779,
            1802,
            1791,
            1796
        ],
        "test distribution": [
            438,
            452,
            424,
            452,
            415,
            407,
            426,
            450,
            445,
            450,
            457,
            448
        ],
        "train distribution pct": [
            17.49151865895031,
            18.030333266813013,
            16.932747954500098,
            18.020355218519256,
            16.58351626421872,
            16.21432847734983,
            17.032528437437637,
            17.960486928756737,
            17.750947914587904,
            17.980443025344243,
            17.87068449411295,
            17.92057473558172
        ],
        "test distribution pct": [
            17.541049259110935,
            18.101722066479773,
            16.980376451742092,
            18.101722066479773,
            16.619943932719263,
            16.299559471365637,
            17.0604725670805,
            18.02162595114137,
            17.821385662795354,
            18.02162595114137,
            18.30196235482579,
            17.941529835802964
        ]
    },
    "metrics": {
        "macro_accuracy": 0.8518596820922402,
        "micro_accuracy": 0.8518596820922403,
        "accuracy_per_class": {
            "Class3": 0.9310782241014799,
            "Class12": 0.8279774489076814,
            "Class17": 0.8519849659384543,
            "Class44": 0.8308198261686633,
            "Class55": 0.8605355884425652,
            "Class57": 0.8695325346488137,
            "Class58": 0.8562367864693446,
            "Class76": 0.8254404510218464,
            "Class79": 0.8592435987784826,
            "Class94": 0.8164669955367629,
            "Class96": 0.8417665022316185,
            "Class97": 0.8512332628611698
        },
        "macro_precision": 0.6304403013151254,
        "micro_precision": 0.6543432251091998,
        "precision_per_class": {
            "Class3": 0.8193521007214599,
            "Class12": 0.5660516605166052,
            "Class17": 0.6382138517618469,
            "Class44": 0.5969783585136791,
            "Class55": 0.6557649667405765,
            "Class57": 0.6897034135422496,
            "Class58": 0.6438739196746314,
            "Class76": 0.5329323308270677,
            "Class79": 0.6757725033587103,
            "Class94": 0.4648014440433213,
            "Class96": 0.627626786214626,
            "Class97": 0.6542122798667301
        },
        "macro_recall": 0.3265560366786929,
        "micro_recall": 0.32512921486586266,
        "recall_per_class": {
            "Class3": 0.7775540340985367,
            "Class12": 0.19971357896107278,
            "Class17": 0.2913604215781445,
            "Class44": 0.19043897355737918,
            "Class55": 0.3350800169947599,
            "Class57": 0.35672937771345875,
            "Class58": 0.3492829564258136,
            "Class76": 0.23163398692810458,
            "Class79": 0.399100766992859,
            "Class94": 0.13451743502677288,
            "Class96": 0.2929253301948477,
            "Class97": 0.3603355616725652
        },
        "macro_f1": 0.42051588221506164,
        "micro_f1": 0.4344095665171898,
        "f1_per_class": {
            "Class3": 0.7979060476649676,
            "Class12": 0.29525550957559427,
            "Class17": 0.40007616871370083,
            "Class44": 0.28876160379221805,
            "Class55": 0.44352797825475676,
            "Class57": 0.4702403662724151,
            "Class58": 0.45288753799392095,
            "Class76": 0.3229157175398633,
            "Class79": 0.5018290655138011,
            "Class94": 0.2086498531348121,
            "Class96": 0.39942938659058486,
            "Class97": 0.4647113515341053
        },
        "MSE": 0.10612275451421738,
        "LogLoss": 0.3414173424243927,
        "AUNU": 0.8354730010032654,
        "micro_ROC-AUC": 0.8422029614448547,
        "AUNP": 0.8348960280418396,
        "ROC-AUC_per_class_vs_rest": {
            "Class3": 0.9689327075604676,
            "Class12": 0.7863319472585232,
            "Class17": 0.824692852988564,
            "Class44": 0.78971253344409,
            "Class55": 0.841075993551908,
            "Class57": 0.8574068932099512,
            "Class58": 0.8481327340994205,
            "Class76": 0.8111231442175953,
            "Class79": 0.8536812207687625,
            "Class94": 0.7776308000377707,
            "Class96": 0.8225679618327201,
            "Class97": 0.8443875142160977
        }
    }
}