{
    "classification type": "multilabel",
    "class balance": "balanced",
    "dataset name": "yeast_trimmed",
    "class names": [
        "Class13",
        "Class12",
        "Class2",
        "Class3",
        "Class7",
        "Class6",
        "Class1",
        "Class5",
        "Class8",
        "Class4"
    ],
    "model name": "logistic_regression",
    "index": 0,
    "cv fold": 0,
    "fold info": {
        "train distribution": [
            164,
            164,
            164,
            162,
            158,
            149,
            146,
            144,
            144,
            143
        ],
        "test distribution": [
            41,
            41,
            40,
            41,
            39,
            38,
            36,
            36,
            35,
            35
        ],
        "train distribution pct": [
            37.27272727272727,
            37.27272727272727,
            37.27272727272727,
            36.81818181818181,
            35.90909090909091,
            33.86363636363636,
            33.18181818181819,
            32.72727272727273,
            32.72727272727273,
            32.5
        ],
        "test distribution pct": [
            35.3448275862069,
            35.3448275862069,
            34.48275862068966,
            35.3448275862069,
            33.62068965517241,
            32.758620689655174,
            31.03448275862069,
            31.03448275862069,
            30.17241379310345,
            30.17241379310345
        ]
    },
    "metrics": {
        "macro_accuracy": 0.6646551724137932,
        "micro_accuracy": 0.6646551724137931,
        "accuracy_per_class": {
            "Class13": 0.6724137931034483,
            "Class12": 0.6724137931034483,
            "Class2": 0.5517241379310345,
            "Class3": 0.7068965517241379,
            "Class7": 0.6551724137931034,
            "Class6": 0.646551724137931,
            "Class1": 0.6551724137931034,
            "Class5": 0.7241379310344828,
            "Class8": 0.6379310344827587,
            "Class4": 0.7241379310344828
        },
        "macro_precision": 0.5031103157716061,
        "micro_precision": 0.48936170212765956,
        "precision_per_class": {
            "Class13": 0.5555555555555556,
            "Class12": 0.5555555555555556,
            "Class2": 0.35714285714285715,
            "Class3": 0.5945945945945946,
            "Class7": 0.4857142857142857,
            "Class6": 0.45161290322580644,
            "Class1": 0.4583333333333333,
            "Class5": 0.5909090909090909,
            "Class8": 0.41025641025641024,
            "Class4": 0.5714285714285714
        },
        "macro_recall": 0.42198333936780663,
        "micro_recall": 0.4214659685863874,
        "recall_per_class": {
            "Class13": 0.36585365853658536,
            "Class12": 0.36585365853658536,
            "Class2": 0.375,
            "Class3": 0.5365853658536586,
            "Class7": 0.4358974358974359,
            "Class6": 0.3684210526315789,
            "Class1": 0.6111111111111112,
            "Class5": 0.3611111111111111,
            "Class8": 0.45714285714285713,
            "Class4": 0.34285714285714286
        },
        "macro_f1": 0.4510654971606705,
        "micro_f1": 0.45288326300984527,
        "f1_per_class": {
            "Class13": 0.4411764705882353,
            "Class12": 0.4411764705882353,
            "Class2": 0.36585365853658536,
            "Class3": 0.5641025641025641,
            "Class7": 0.4594594594594595,
            "Class6": 0.4057971014492754,
            "Class1": 0.5238095238095238,
            "Class5": 0.4482758620689655,
            "Class8": 0.43243243243243246,
            "Class4": 0.42857142857142855
        },
        "MSE": 0.2413080483675003,
        "LogLoss": 0.7698138952255249,
        "AUNU": 0.6373233199119568,
        "micro_ROC-AUC": 0.641606867313385,
        "AUNP": 0.6369677782058716,
        "ROC-AUC_per_class_vs_rest": {
            "Class13": 0.608130081300813,
            "Class12": 0.608130081300813,
            "Class2": 0.5332236842105262,
            "Class3": 0.7895934959349593,
            "Class7": 0.5987345987345988,
            "Class6": 0.620782726045884,
            "Class1": 0.6666666666666667,
            "Class5": 0.6333333333333333,
            "Class8": 0.5784832451499117,
            "Class4": 0.7361552028218694
        }
    }
}