{
    "classification type": "binary",
    "class balance": "balanced",
    "dataset name": "amazon-reviews-0.25_balanced",
    "class names": [
        0,
        1
    ],
    "model name": "decision_tree",
    "index": 4,
    "cv fold": 0,
    "fold info": {
        "train distribution": 14462,
        "test distribution": 3615,
        "train distribution pct": 50.001728728001936,
        "test distribution pct": 49.99308532706403
    },
    "metrics": {
        "macro_accuracy": 0.815033495426178,
        "micro_accuracy": 0.815033495426178,
        "accuracy_per_class": {
            "0": 0.815033495426178,
            "1": 0.815033495426178
        },
        "macro_precision": 0.815079391002655,
        "micro_precision": 0.815033495426178,
        "precision_per_class": {
            "0": 0.8188822865486145,
            "1": 0.8112764954566956
        },
        "macro_recall": 0.8150335550308228,
        "micro_recall": 0.815033495426178,
        "recall_per_class": {
            "0": 0.8090001344680786,
            "1": 0.8210669159889221
        },
        "macro_f1": 0.8150267601013184,
        "micro_f1": 0.815033495426178,
        "f1_per_class": {
            "0": 0.8139111995697021,
            "1": 0.8161423206329346
        },
        "MSE": 0.16741132736206055,
        "LogLoss": 11.957138061523438,
        "AUNU": 0.8016642332077026,
        "micro_ROC-AUC": 0.8016642332077026
    }
}