{
    "classification type": "binary",
    "class balance": "balanced",
    "dataset name": "colon-0.5_balanced",
    "class names": [
        0,
        1
    ],
    "model name": "decision_tree",
    "index": 2,
    "cv fold": 0,
    "fold info": {
        "train distribution": 709,
        "test distribution": 177,
        "train distribution pct": 50.03528581510233,
        "test distribution pct": 49.859154929577464
    },
    "metrics": {
        "macro_accuracy": 0.9462340474128723,
        "micro_accuracy": 0.9462340474128723,
        "accuracy_per_class": {
            "0": 0.9462340474128723,
            "1": 0.9462340474128723
        },
        "macro_precision": 0.946241557598114,
        "micro_precision": 0.9462340474128723,
        "precision_per_class": {
            "0": 0.9444270730018616,
            "1": 0.9480560421943665
        },
        "macro_recall": 0.946233868598938,
        "micro_recall": 0.9462340474128723,
        "recall_per_class": {
            "0": 0.9482758641242981,
            "1": 0.9441918730735779
        },
        "macro_f1": 0.9462338089942932,
        "micro_f1": 0.9462340474128723,
        "f1_per_class": {
            "0": 0.9463475942611694,
            "1": 0.946120023727417
        },
        "MSE": 0.04724420607089996,
        "LogLoss": 3.043191432952881,
        "AUNU": 0.9496544599533081,
        "micro_ROC-AUC": 0.9496544599533081
    }
}