{
    "classification type": "multiclass",
    "class balance": "balanced",
    "dataset name": "ag-news_balanced",
    "class names": [
        1,
        3,
        0,
        2
    ],
    "model name": "random_forest",
    "index": 1,
    "cv fold": 0,
    "fold info": {
        "train distribution": 5760,
        "test distribution": 1440,
        "train distribution pct": 150.0,
        "test distribution pct": 150.0
    },
    "metrics": {
        "macro_accuracy": 0.8797711730003357,
        "micro_accuracy": 0.8797712326049805,
        "accuracy_per_class": {
            "1": 0.8886904716491699,
            "3": 0.918154776096344,
            "0": 0.8517299294471741,
            "2": 0.8605096936225891
        },
        "macro_precision": 0.7587246894836426,
        "micro_precision": 0.7595424056053162,
        "precision_per_class": {
            "1": 0.7764348387718201,
            "3": 0.8265423774719238,
            "0": 0.7046627998352051,
            "2": 0.7272588014602661
        },
        "macro_recall": 0.7595424056053162,
        "micro_recall": 0.7595424056053162,
        "recall_per_class": {
            "1": 0.7790922522544861,
            "3": 0.8512648940086365,
            "0": 0.7005208134651184,
            "2": 0.7072916626930237
        },
        "macro_f1": 0.7590512037277222,
        "micro_f1": 0.7595424056053162,
        "f1_per_class": {
            "1": 0.7777612805366516,
            "3": 0.838721513748169,
            "0": 0.7025856971740723,
            "2": 0.7171362638473511
        },
        "Kappa": 0.6793898940086365,
        "MSE": 0.10839654505252838,
        "LogLoss": 3.2827916145324707,
        "AUNU": 0.8364492058753967,
        "micro_ROC-AUC": 0.8372147083282471,
        "AUNP": 0.8364492058753967,
        "AU1U": 0.8364492218871056,
        "AU1P": 0.8364492218871056,
        "ROC-AUC_per_class_vs_rest": {
            "1": 0.8487476647017314,
            "3": 0.8874852925111016,
            "0": 0.8015729391800123,
            "2": 0.8079909911555768
        }
    }
}