{
    "classification type": "binary",
    "class balance": "balanced",
    "dataset name": "santander-customer-satisfaction_balanced",
    "class names": [
        1,
        0
    ],
    "model name": "decision_tree",
    "index": 4,
    "cv fold": 3,
    "fold info": {
        "train distribution": 16071,
        "test distribution": 4017,
        "train distribution pct": 50.00155564543729,
        "test distribution pct": 49.99377722464219
    },
    "metrics": {
        "macro_accuracy": 0.6840307116508484,
        "micro_accuracy": 0.6840307116508484,
        "accuracy_per_class": {
            "1": 0.6840307116508484,
            "0": 0.6840307116508484
        },
        "macro_precision": 0.6840348243713379,
        "micro_precision": 0.6840307116508484,
        "precision_per_class": {
            "1": 0.6831655502319336,
            "0": 0.6849040985107422
        },
        "macro_recall": 0.6840307712554932,
        "micro_recall": 0.6840307116508484,
        "recall_per_class": {
            "1": 0.6863894462585449,
            "0": 0.6816720366477966
        },
        "macro_f1": 0.6840289831161499,
        "micro_f1": 0.6840307116508484,
        "f1_per_class": {
            "1": 0.6847736835479736,
            "0": 0.6832842230796814
        },
        "MSE": 0.28050875663757324,
        "LogLoss": 20.46120262145996,
        "AUNU": 0.6576078534126282,
        "micro_ROC-AUC": 0.6576078534126282
    }
}