{
    "classification type": "binary",
    "class balance": "imbalanced",
    "dataset name": "spambase_imbalanced",
    "class names": [
        1,
        0
    ],
    "model name": "logistic_regression",
    "index": 1,
    "cv fold": 3,
    "fold info": {
        "train distribution": 115,
        "test distribution": 28,
        "train distribution pct": 37.82894736842105,
        "test distribution pct": 36.84210526315789
    },
    "metrics": {
        "macro_accuracy": 0.902046799659729,
        "micro_accuracy": 0.902046799659729,
        "accuracy_per_class": {
            "1": 0.902046799659729,
            "0": 0.902046799659729
        },
        "macro_precision": 0.8993398547172546,
        "micro_precision": 0.902046799659729,
        "precision_per_class": {
            "1": 0.908883810043335,
            "0": 0.8897958993911743
        },
        "macro_recall": 0.8907904624938965,
        "micro_recall": 0.902046799659729,
        "recall_per_class": {
            "1": 0.9366196990013123,
            "0": 0.8449612259864807
        },
        "macro_f1": 0.8946712613105774,
        "micro_f1": 0.902046799659729,
        "f1_per_class": {
            "1": 0.9225433468818665,
            "0": 0.8667991757392883
        },
        "MSE": 0.07742016017436981,
        "LogLoss": 0.4415590167045593,
        "AUNU": 0.9465734958648682,
        "micro_ROC-AUC": 0.9465734958648682
    }
}