{
    "classification type": "multilabel",
    "class balance": "balanced",
    "dataset name": "yeast_balanced",
    "class names": [
        "Class1",
        "Class2",
        "Class3",
        "Class4",
        "Class5"
    ],
    "model name": "decision_tree",
    "index": 2,
    "cv fold": 3,
    "fold info": {
        "train distribution": [
            520,
            556,
            520,
            556,
            522
        ],
        "test distribution": [
            130,
            139,
            130,
            139,
            131
        ],
        "train distribution pct": [
            40.123456790123456,
            42.901234567901234,
            40.123456790123456,
            42.901234567901234,
            40.27777777777778
        ],
        "test distribution pct": [
            39.51367781155015,
            42.24924012158054,
            39.51367781155015,
            42.24924012158054,
            39.81762917933131
        ]
    },
    "metrics": {
        "macro_accuracy": 0.642842500854117,
        "micro_accuracy": 0.6428425008541169,
        "accuracy_per_class": {
            "Class1": 0.6737273659036557,
            "Class2": 0.6050563717116502,
            "Class3": 0.6450290399726682,
            "Class4": 0.6651861974718142,
            "Class5": 0.625213529210796
        },
        "macro_precision": 0.5652843821830457,
        "micro_precision": 0.5650312808692789,
        "precision_per_class": {
            "Class1": 0.5942156003505696,
            "Class2": 0.5363427697016068,
            "Class3": 0.5560307955517536,
            "Class4": 0.6071146245059289,
            "Class5": 0.5327181208053692
        },
        "macro_recall": 0.5699457716968814,
        "micro_recall": 0.5703839122486288,
        "recall_per_class": {
            "Class1": 0.5794871794871795,
            "Class2": 0.5603517186250999,
            "Class3": 0.5555555555555556,
            "Class4": 0.6139088729016786,
            "Class5": 0.5404255319148936
        },
        "macro_f1": 0.567534697645642,
        "micro_f1": 0.5676949797369945,
        "f1_per_class": {
            "Class1": 0.5867589787970575,
            "Class2": 0.5480844409695075,
            "Class3": 0.5557930739632322,
            "Class4": 0.6104928457869634,
            "Class5": 0.5365441487114491
        },
        "MSE": 0.35715749859809875,
        "LogLoss": 35.71575164794922,
        "AUNU": 0.631478488445282,
        "micro_ROC-AUC": 0.631908118724823,
        "AUNP": 0.6313959360122681,
        "ROC-AUC_per_class_vs_rest": {
            "Class1": 0.6579849101761454,
            "Class2": 0.5993882698137433,
            "Class3": 0.6300828432302535,
            "Class4": 0.6586847467133692,
            "Class5": 0.611251578742835
        }
    }
}