{
    "classification type": "binary",
    "class balance": "imbalanced",
    "dataset name": "ceas_imbalanced",
    "class names": [
        1,
        0
    ],
    "model name": "random_forest",
    "index": 0,
    "cv fold": 3,
    "fold info": {
        "train distribution": 5562,
        "test distribution": 1390,
        "train distribution pct": 87.09677419354838,
        "test distribution pct": 87.09273182957394
    },
    "metrics": {
        "macro_accuracy": 0.9858710765838623,
        "micro_accuracy": 0.9858710765838623,
        "accuracy_per_class": {
            "1": 0.9858710765838623,
            "0": 0.9858710765838623
        },
        "macro_precision": 0.9769366979598999,
        "micro_precision": 0.9858710765838623,
        "precision_per_class": {
            "1": 0.9650704264640808,
            "0": 0.9888030290603638
        },
        "macro_recall": 0.9594968557357788,
        "micro_recall": 0.9858710765838623,
        "recall_per_class": {
            "1": 0.9239482283592224,
            "0": 0.9950454235076904
        },
        "macro_f1": 0.9679880142211914,
        "micro_f1": 0.9858710765838623,
        "f1_per_class": {
            "1": 0.9440616965293884,
            "0": 0.9919143915176392
        },
        "MSE": 0.013202650472521782,
        "LogLoss": 0.8631441593170166,
        "AUNU": 0.96672523021698,
        "micro_ROC-AUC": 0.96672523021698
    }
}