{
    "classification type": "multilabel",
    "class balance": "imbalanced",
    "dataset name": "tmc2007500_imbalanced",
    "class names": [
        "class13",
        "class07",
        "class01",
        "class14",
        "class18",
        "class10"
    ],
    "model name": "knn",
    "index": 1,
    "cv fold": 4,
    "fold info": {
        "train distribution": [
            2208,
            1786,
            1468,
            894,
            557,
            327
        ],
        "test distribution": [
            552,
            447,
            367,
            224,
            140,
            82
        ],
        "train distribution pct": [
            34.821006150449456,
            28.165904431477685,
            23.150922567418387,
            14.098722598959155,
            8.784103453713925,
            5.156915313042107
        ],
        "test distribution pct": [
            35.18164435946463,
            28.489483747609945,
            23.390694710006375,
            14.276609305289995,
            8.922880815806247,
            5.226258763543658
        ]
    },
    "metrics": {
        "macro_accuracy": 0.9327520388686449,
        "micro_accuracy": 0.9327520388686448,
        "accuracy_per_class": {
            "class13": 0.8751691827173347,
            "class07": 0.9059269725589351,
            "class01": 0.9673904960214175,
            "class14": 0.9432140997992117,
            "class18": 0.9486800029746412,
            "class10": 0.9561314791403287
        },
        "macro_precision": 0.8067715118461841,
        "micro_precision": 0.8494335519624004,
        "precision_per_class": {
            "class13": 0.8546177744304274,
            "class07": 0.8271423032183016,
            "class01": 0.9307519280205655,
            "class14": 0.8458870771477245,
            "class18": 0.7619652689538331,
            "class10": 0.6202647193062528
        },
        "macro_recall": 0.7125080865361357,
        "micro_recall": 0.7868979231109147,
        "recall_per_class": {
            "class13": 0.7738917306052856,
            "class07": 0.8429177313558652,
            "class01": 0.9285141849655394,
            "class14": 0.7315058402609702,
            "class18": 0.6073086336399696,
            "class10": 0.3909103983891845
        },
        "macro_f1": 0.752811662169917,
        "micro_f1": 0.8169707764497923,
        "f1_per_class": {
            "class13": 0.812253937007874,
            "class07": 0.8349555097461054,
            "class01": 0.9296317098611891,
            "class14": 0.7845494046611365,
            "class18": 0.6759028788803833,
            "class10": 0.47957653286281426
        },
        "MSE": 0.05805747210979462,
        "LogLoss": 2.617058753967285,
        "AUNU": 0.9016397595405579,
        "micro_ROC-AUC": 0.9233217835426331,
        "AUNP": 0.9136828780174255,
        "ROC-AUC_per_class_vs_rest": {
            "class13": 0.8930107542979947,
            "class07": 0.9203648798703432,
            "class01": 0.9675017730940176,
            "class14": 0.9103602913625887,
            "class18": 0.884431775016328,
            "class10": 0.8341692381191191
        }
    }
}