{
    "classification type": "multiclass",
    "class balance": "imbalanced",
    "dataset name": "irish-times_imbalanced",
    "class names": [
        0,
        10,
        1,
        8,
        5,
        9,
        2,
        13,
        6,
        7,
        4,
        14,
        3,
        16,
        15,
        18,
        11,
        12,
        19,
        17
    ],
    "model name": "knn",
    "index": 3,
    "cv fold": 0,
    "fold info": {
        "train distribution": 120137,
        "test distribution": 30030,
        "train distribution pct": 944.4732704402516,
        "test distribution pct": 944.3396226415094
    },
    "metrics": {
        "macro_accuracy": 0.953765869140625,
        "micro_accuracy": 0.9537659883499146,
        "accuracy_per_class": {
            "0": 0.9419586658477783,
            "10": 0.9609302878379822,
            "1": 0.9368546605110168,
            "8": 0.8947128057479858,
            "5": 0.9816262125968933,
            "9": 0.9781774878501892,
            "2": 0.9386205077171326,
            "13": 0.9794837236404419,
            "6": 0.9840694069862366,
            "7": 0.9365643858909607,
            "4": 0.8361704349517822,
            "14": 0.9843838810920715,
            "3": 0.9896364808082581,
            "16": 0.9459015727043152,
            "15": 0.9722890257835388,
            "18": 0.978049635887146,
            "11": 0.9745075702667236,
            "12": 0.9843562245368958,
            "19": 0.9746250510215759,
            "17": 0.9024016857147217
        },
        "macro_precision": 0.444641649723053,
        "micro_precision": 0.5376598238945007,
        "precision_per_class": {
            "0": 0.08106876164674759,
            "10": 0.1619383543729782,
            "1": 0.5117605328559875,
            "8": 0.33694323897361755,
            "5": 0.1653956174850464,
            "9": 0.5567052960395813,
            "2": 0.4804133176803589,
            "13": 0.6358439922332764,
            "6": 0.62637859582901,
            "7": 0.5065147876739502,
            "4": 0.744439423084259,
            "14": 0.7612035870552063,
            "3": 0.33384615182876587,
            "16": 0.5737572908401489,
            "15": 0.43184608221054077,
            "18": 0.5677285194396973,
            "11": 0.432981938123703,
            "12": 0.16981132328510284,
            "19": 0.5837394595146179,
            "17": 0.23051604628562927
        },
        "macro_recall": 0.35042232275009155,
        "micro_recall": 0.5376598238945007,
        "recall_per_class": {
            "0": 0.11685068160295486,
            "10": 0.15311004221439362,
            "1": 0.46607401967048645,
            "8": 0.7760790586471558,
            "5": 0.0886787623167038,
            "9": 0.20412808656692505,
            "2": 0.49566543102264404,
            "13": 0.500728189945221,
            "6": 0.4854351878166199,
            "7": 0.4334733784198761,
            "4": 0.8122742772102356,
            "14": 0.38660380244255066,
            "3": 0.16906894743442535,
            "16": 0.4790523052215576,
            "15": 0.286957710981369,
            "18": 0.2801527976989746,
            "11": 0.2520824074745178,
            "12": 0.07431662827730179,
            "19": 0.32534879446029663,
            "17": 0.22236573696136475
        },
        "macro_f1": 0.3754900395870209,
        "micro_f1": 0.5376598238945007,
        "f1_per_class": {
            "0": 0.09572520852088928,
            "10": 0.15740050375461578,
            "1": 0.48785001039505005,
            "8": 0.4698820412158966,
            "5": 0.11545500159263611,
            "9": 0.29872292280197144,
            "2": 0.48792019486427307,
            "13": 0.5602548122406006,
            "6": 0.5469732880592346,
            "7": 0.4671562612056732,
            "4": 0.7768788933753967,
            "14": 0.512776255607605,
            "3": 0.22446340322494507,
            "16": 0.5221452116966248,
            "15": 0.3447993993759155,
            "18": 0.37517213821411133,
            "11": 0.3186478316783905,
            "12": 0.10338681191205978,
            "19": 0.41782286763191223,
            "17": 0.2263675481081009
        },
        "Kappa": 0.44604918360710144,
        "MSE": 0.03397563472390175,
        "LogLoss": 5.077241897583008,
        "AUNU": 0.7415749430656433,
        "micro_ROC-AUC": 0.823708176612854,
        "AUNP": 0.7991292476654053,
        "AU1U": 0.7301271933878365,
        "AU1P": 0.7632011610170111,
        "ROC-AUC_per_class_vs_rest": {
            "0": 0.621464124216486,
            "10": 0.6816491808981003,
            "1": 0.7826330591744521,
            "8": 0.8998962160585211,
            "5": 0.6414203836891313,
            "9": 0.6816554024006718,
            "2": 0.7906067197709059,
            "13": 0.8096305841489686,
            "6": 0.8074026978737009,
            "7": 0.7744536083902924,
            "4": 0.8778666655264769,
            "14": 0.7674662083247369,
            "3": 0.6649422705950376,
            "16": 0.7967683570383121,
            "15": 0.7424313009556526,
            "18": 0.7192111990618004,
            "11": 0.7067056129959766,
            "12": 0.6449492495787835,
            "19": 0.7412920954454794,
            "17": 0.679053411892268
        }
    }
}