{
    "classification type": "multilabel",
    "class balance": "balanced",
    "dataset name": "scene_balanced",
    "class names": [
        "Mountain",
        "Field",
        "Urban",
        "Beach",
        "FallFoliage",
        "Sunset"
    ],
    "model name": "logistic_regression",
    "index": 0,
    "cv fold": 1,
    "fold info": {
        "train distribution": [
            324,
            324,
            325,
            325,
            318,
            291
        ],
        "test distribution": [
            81,
            81,
            81,
            81,
            79,
            73
        ],
        "train distribution pct": [
            18.33616298811545,
            18.33616298811545,
            18.39275608375778,
            18.39275608375778,
            17.996604414261462,
            16.468590831918505
        ],
        "test distribution pct": [
            18.493150684931507,
            18.493150684931507,
            18.493150684931507,
            18.493150684931507,
            18.036529680365295,
            16.666666666666664
        ]
    },
    "metrics": {
        "macro_accuracy": 0.8788051750380518,
        "micro_accuracy": 0.8788051750380518,
        "accuracy_per_class": {
            "Mountain": 0.8139269406392694,
            "Field": 0.9235159817351598,
            "Urban": 0.8458904109589042,
            "Beach": 0.8664383561643836,
            "FallFoliage": 0.8767123287671232,
            "Sunset": 0.9463470319634704
        },
        "macro_precision": 0.6704783140998077,
        "micro_precision": 0.6706392199349945,
        "precision_per_class": {
            "Mountain": 0.49635036496350365,
            "Field": 0.7950310559006211,
            "Urban": 0.5859872611464968,
            "Beach": 0.6331360946745562,
            "FallFoliage": 0.65625,
            "Sunset": 0.8561151079136691
        },
        "macro_recall": 0.6529828433523788,
        "micro_recall": 0.6502100840336135,
        "recall_per_class": {
            "Mountain": 0.41975308641975306,
            "Field": 0.7901234567901234,
            "Urban": 0.5679012345679012,
            "Beach": 0.6604938271604939,
            "FallFoliage": 0.6645569620253164,
            "Sunset": 0.815068493150685
        },
        "macro_f1": 0.661035403859099,
        "micro_f1": 0.6602666666666667,
        "f1_per_class": {
            "Mountain": 0.45484949832775917,
            "Field": 0.7925696594427245,
            "Urban": 0.5768025078369906,
            "Beach": 0.6465256797583081,
            "FallFoliage": 0.660377358490566,
            "Sunset": 0.8350877192982457
        },
        "MSE": 0.09379401803016663,
        "LogLoss": 0.371615469455719,
        "AUNU": 0.8990869522094727,
        "micro_ROC-AUC": 0.909701943397522,
        "AUNP": 0.8978230357170105,
        "ROC-AUC_per_class_vs_rest": {
            "Mountain": 0.7957343431199639,
            "Field": 0.9564788878514368,
            "Urban": 0.8575059653491026,
            "Beach": 0.8979147214441332,
            "FallFoliage": 0.9171044744543564,
            "Sunset": 0.9697832613998874
        }
    }
}