{
    "classification type": "multilabel",
    "class balance": "imbalanced",
    "dataset name": "imdb_imbalanced",
    "class names": [
        "Romance",
        "Thriller",
        "Action",
        "Crime",
        "Family",
        "Horror",
        "Adventure"
    ],
    "model name": "random_forest",
    "index": 4,
    "cv fold": 0,
    "fold info": {
        "train distribution": [
            9903,
            7753,
            7709,
            5810,
            3141,
            4870,
            5217
        ],
        "test distribution": [
            2476,
            1938,
            1927,
            1453,
            785,
            1217,
            1304
        ],
        "train distribution pct": [
            34.173021843403845,
            26.753856240726044,
            26.602022153973564,
            20.04900100072466,
            10.838883329307428,
            16.805272783739948,
            18.00269160426516
        ],
        "test distribution pct": [
            34.24619640387275,
            26.804979253112034,
            26.65283540802213,
            20.096818810511756,
            10.857538035961273,
            16.832641770401107,
            18.035961272475795
        ]
    },
    "metrics": {
        "macro_accuracy": 0.7473020973067651,
        "micro_accuracy": 0.7473020973067651,
        "accuracy_per_class": {
            "Romance": 0.6236122888773057,
            "Thriller": 0.6871085818311952,
            "Action": 0.7060386341888454,
            "Crime": 0.7600066905764009,
            "Family": 0.8642299224359922,
            "Horror": 0.7962661137864773,
            "Adventure": 0.7938524494511393
        },
        "macro_precision": 0.3020732903266099,
        "micro_precision": 0.33793584267591975,
        "precision_per_class": {
            "Romance": 0.41496663854590077,
            "Thriller": 0.3255074333548358,
            "Action": 0.39242923074610264,
            "Crime": 0.24210097512539144,
            "Family": 0.1532997928381178,
            "Horror": 0.2520173300839426,
            "Adventure": 0.33419163159197823
        },
        "macro_recall": 0.14229921106869842,
        "micro_recall": 0.1605167596702117,
        "recall_per_class": {
            "Romance": 0.2462481937854843,
            "Thriller": 0.15767520274394675,
            "Action": 0.19077548216412948,
            "Crime": 0.09219954428661463,
            "Family": 0.055749878921595004,
            "Horror": 0.10767628854052178,
            "Adventure": 0.14576988703859695
        },
        "macro_f1": 0.19249328931889825,
        "micro_f1": 0.2176510512230936,
        "f1_per_class": {
            "Romance": 0.30908195105928726,
            "Thriller": 0.21244327388616102,
            "Action": 0.2567396115072535,
            "Crime": 0.13354211723731146,
            "Family": 0.08176472909514226,
            "Horror": 0.15088558343128117,
            "Adventure": 0.20299575901585104
        },
        "MSE": 0.2162114530801773,
        "LogLoss": 11.369789123535156,
        "AUNU": 0.5594468116760254,
        "micro_ROC-AUC": 0.5911679863929749,
        "AUNP": 0.5598761439323425,
        "ROC-AUC_per_class_vs_rest": {
            "Romance": 0.5614395379497831,
            "Thriller": 0.55713611106951,
            "Action": 0.5666515638646359,
            "Crime": 0.5324330106265989,
            "Family": 0.5502082868877596,
            "Horror": 0.5753274188182929,
            "Adventure": 0.5729318561985914
        }
    }
}