{
    "classification type": "binary",
    "class balance": "imbalanced",
    "dataset name": "ceas_imbalanced",
    "class names": [
        1,
        0
    ],
    "model name": "decision_tree",
    "index": 2,
    "cv fold": 4,
    "fold info": {
        "train distribution": 5562,
        "test distribution": 1390,
        "train distribution pct": 87.09677419354838,
        "test distribution pct": 87.09273182957394
    },
    "metrics": {
        "macro_accuracy": 0.9867984056472778,
        "micro_accuracy": 0.9867984056472778,
        "accuracy_per_class": {
            "1": 0.9867984056472778,
            "0": 0.9867984056472778
        },
        "macro_precision": 0.9796345233917236,
        "micro_precision": 0.9867984056472778,
        "precision_per_class": {
            "1": 0.9701283574104309,
            "0": 0.9891407489776611
        },
        "macro_recall": 0.9609941244125366,
        "micro_recall": 0.9867984056472778,
        "recall_per_class": {
            "1": 0.9262135624885559,
            "0": 0.9957746267318726
        },
        "macro_f1": 0.970054566860199,
        "micro_f1": 0.9867984056472778,
        "f1_per_class": {
            "1": 0.9476625323295593,
            "0": 0.9924466013908386
        },
        "MSE": 0.01202978566288948,
        "LogLoss": 0.6788801550865173,
        "AUNU": 0.9707571864128113,
        "micro_ROC-AUC": 0.9707571864128113
    }
}