{
    "classification type": "binary",
    "class balance": "imbalanced",
    "dataset name": "ceas_imbalanced",
    "class names": [
        1,
        0
    ],
    "model name": "knn",
    "index": 3,
    "cv fold": 0,
    "fold info": {
        "train distribution": 5561,
        "test distribution": 1391,
        "train distribution pct": 87.09475332811276,
        "test distribution pct": 87.10081402629932
    },
    "metrics": {
        "macro_accuracy": 0.9773185849189758,
        "micro_accuracy": 0.9773185849189758,
        "accuracy_per_class": {
            "1": 0.9773185849189758,
            "0": 0.9773185849189758
        },
        "macro_precision": 0.9752055406570435,
        "micro_precision": 0.9773185849189758,
        "precision_per_class": {
            "1": 0.9724787473678589,
            "0": 0.9779323935508728
        },
        "macro_recall": 0.9223388433456421,
        "micro_recall": 0.9773185849189758,
        "recall_per_class": {
            "1": 0.8482342958450317,
            "0": 0.9964434504508972
        },
        "macro_f1": 0.9466092586517334,
        "micro_f1": 0.9773185849189758,
        "f1_per_class": {
            "1": 0.90611732006073,
            "0": 0.987101137638092
        },
        "MSE": 0.019099688157439232,
        "LogLoss": 1.0520508289337158,
        "AUNU": 0.9547296762466431,
        "micro_ROC-AUC": 0.9547296762466431
    }
}