{
    "classification type": "multilabel",
    "class balance": "imbalanced",
    "dataset name": "imdb_imbalanced",
    "class names": [
        "Romance",
        "Thriller",
        "Action",
        "Crime",
        "Family",
        "Horror",
        "Adventure"
    ],
    "model name": "decision_tree",
    "index": 3,
    "cv fold": 1,
    "fold info": {
        "train distribution": [
            9903,
            7753,
            7709,
            5810,
            3140,
            4869,
            5217
        ],
        "test distribution": [
            2476,
            1938,
            1927,
            1453,
            786,
            1218,
            1304
        ],
        "train distribution pct": [
            34.16123357135466,
            26.744627272413673,
            26.59284556210977,
            20.042084928766084,
            10.831694780778916,
            16.796026078857498,
            17.99648142398841
        ],
        "test distribution pct": [
            34.29362880886427,
            26.842105263157894,
            26.689750692520775,
            20.12465373961219,
            10.886426592797784,
            16.869806094182827,
            18.060941828254848
        ]
    },
    "metrics": {
        "macro_accuracy": 0.7419373929396913,
        "micro_accuracy": 0.7419373929396912,
        "accuracy_per_class": {
            "Romance": 0.6197908275823522,
            "Thriller": 0.6799681737031935,
            "Action": 0.7002179838304,
            "Crime": 0.7539708894595119,
            "Family": 0.8603654106019707,
            "Horror": 0.7904692077290556,
            "Adventure": 0.788779257671354
        },
        "macro_precision": 0.30314415103372516,
        "micro_precision": 0.3369764133752895,
        "precision_per_class": {
            "Romance": 0.4166630921231359,
            "Thriller": 0.32604043844709374,
            "Action": 0.38507657071001933,
            "Crime": 0.24484897718041504,
            "Family": 0.16033211652709184,
            "Horror": 0.26141958942504356,
            "Adventure": 0.32762827282327667
        },
        "macro_recall": 0.16448392117950136,
        "micro_recall": 0.18444234246407865,
        "recall_per_class": {
            "Romance": 0.2802450376981074,
            "Thriller": 0.18343078964178663,
            "Action": 0.21186513966618484,
            "Crime": 0.10868710047533191,
            "Family": 0.06792201097668213,
            "Horror": 0.1349866030392521,
            "Adventure": 0.16425076675916458
        },
        "macro_f1": 0.21229059755645446,
        "micro_f1": 0.23839847854352703,
        "f1_per_class": {
            "Romance": 0.3351023153924438,
            "Thriller": 0.23477618276442194,
            "Action": 0.27334093100727624,
            "Crime": 0.15054715524678744,
            "Family": 0.0954206602768903,
            "Horror": 0.17804031831607187,
            "Adventure": 0.2188066198912898
        },
        "MSE": 0.2233055979013443,
        "LogLoss": 12.962662696838379,
        "AUNU": 0.5597410202026367,
        "micro_ROC-AUC": 0.587637186050415,
        "AUNP": 0.5600135922431946,
        "ROC-AUC_per_class_vs_rest": {
            "Romance": 0.5618381337765456,
            "Thriller": 0.557112446874131,
            "Action": 0.5656023820642885,
            "Crime": 0.534377401060296,
            "Family": 0.552780515190758,
            "Horror": 0.5743083369060247,
            "Adventure": 0.5721680322465286
        }
    }
}