{
    "classification type": "binary",
    "class balance": "imbalanced",
    "dataset name": "spambase_imbalanced",
    "class names": [
        1,
        0
    ],
    "model name": "decision_tree",
    "index": 1,
    "cv fold": 0,
    "fold info": {
        "train distribution": 114,
        "test distribution": 29,
        "train distribution pct": 37.5,
        "test distribution pct": 38.15789473684211
    },
    "metrics": {
        "macro_accuracy": 0.9011035561561584,
        "micro_accuracy": 0.9011035561561584,
        "accuracy_per_class": {
            "1": 0.9011035561561584,
            "0": 0.9011035561561584
        },
        "macro_precision": 0.8978981971740723,
        "micro_precision": 0.9011035561561584,
        "precision_per_class": {
            "1": 0.9092715382575989,
            "0": 0.8865247964859009
        },
        "macro_recall": 0.8900980949401855,
        "micro_recall": 0.9011035561561584,
        "recall_per_class": {
            "1": 0.9346494078636169,
            "0": 0.8455467820167542
        },
        "macro_f1": 0.8936684131622314,
        "micro_f1": 0.9011035561561584,
        "f1_per_class": {
            "1": 0.921785831451416,
            "0": 0.8655510544776917
        },
        "MSE": 0.08194529265165329,
        "LogLoss": 2.1711575984954834,
        "AUNU": 0.9262588024139404,
        "micro_ROC-AUC": 0.9262588024139404
    }
}