{
    "classification type": "multiclass",
    "class balance": "imbalanced",
    "dataset name": "usps_imbalanced",
    "class names": [
        4,
        3,
        0,
        2,
        1,
        5
    ],
    "model name": "decision_tree",
    "index": 4,
    "cv fold": 2,
    "fold info": {
        "train distribution": 3193,
        "test distribution": 796,
        "train distribution pct": 187.60282021151588,
        "test distribution pct": 187.29411764705884
    },
    "metrics": {
        "macro_accuracy": 0.9727228283882141,
        "micro_accuracy": 0.9727228283882141,
        "accuracy_per_class": {
            "4": 0.9689520001411438,
            "3": 0.9897159934043884,
            "0": 0.9652301669120789,
            "2": 0.9625367522239685,
            "1": 0.9726248979568481,
            "5": 0.9772771596908569
        },
        "macro_precision": 0.8915641903877258,
        "micro_precision": 0.9181684851646423,
        "precision_per_class": {
            "4": 0.9444807171821594,
            "3": 0.9652542471885681,
            "0": 0.8855092525482178,
            "2": 0.8933410048484802,
            "1": 0.9174908399581909,
            "5": 0.7433090209960938
        },
        "macro_recall": 0.886418342590332,
        "micro_recall": 0.9181684851646423,
        "recall_per_class": {
            "4": 0.9516288042068481,
            "3": 0.9751712083816528,
            "0": 0.8735671043395996,
            "2": 0.8869490623474121,
            "1": 0.9240182042121887,
            "5": 0.7071759104728699
        },
        "macro_f1": 0.8888991475105286,
        "micro_f1": 0.9181684851646423,
        "f1_per_class": {
            "4": 0.9480413198471069,
            "3": 0.9701873660087585,
            "0": 0.8794976472854614,
            "2": 0.8901335597038269,
            "1": 0.920742928981781,
            "5": 0.7247924208641052
        },
        "Kappa": 0.8976566195487976,
        "MSE": 0.0256552342325449,
        "LogLoss": 1.2894537448883057,
        "AUNU": 0.9302377104759216,
        "micro_ROC-AUC": 0.9471176862716675,
        "AUNP": 0.9461049437522888,
        "AU1U": 0.9268705742788608,
        "AU1P": 0.9348348881819865,
        "ROC-AUC_per_class_vs_rest": {
            "4": 0.9610771803582205,
            "3": 0.9846946360528682,
            "0": 0.9215318586005206,
            "2": 0.925407474240035,
            "1": 0.9492752738854456,
            "5": 0.8394396694582699
        }
    }
}