{
    "classification type": "binary",
    "class balance": "imbalanced",
    "dataset name": "colon-0.5_imbalanced",
    "class names": [
        0,
        1
    ],
    "model name": "random_forest",
    "index": 4,
    "cv fold": 0,
    "fold info": {
        "train distribution": 230,
        "test distribution": 57,
        "train distribution pct": 16.812865497076025,
        "test distribution pct": 16.666666666666664
    },
    "metrics": {
        "macro_accuracy": 0.9474096298217773,
        "micro_accuracy": 0.9474096298217773,
        "accuracy_per_class": {
            "0": 0.9474096298217773,
            "1": 0.9474096298217773
        },
        "macro_precision": 0.9142512083053589,
        "micro_precision": 0.9474096298217773,
        "precision_per_class": {
            "0": 0.9626551866531372,
            "1": 0.8658472895622253
        },
        "macro_recall": 0.8935640454292297,
        "micro_recall": 0.9474096298217773,
        "recall_per_class": {
            "0": 0.9746127724647522,
            "1": 0.8125153183937073
        },
        "macro_f1": 0.9034655094146729,
        "micro_f1": 0.9474096298217773,
        "f1_per_class": {
            "0": 0.9685970544815063,
            "1": 0.8383339643478394
        },
        "MSE": 0.046251531690359116,
        "LogLoss": 2.822016477584839,
        "AUNU": 0.9229806065559387,
        "micro_ROC-AUC": 0.9229806065559387
    }
}