{
    "classification type": "multiclass",
    "class balance": "imbalanced",
    "dataset name": "irish-times_imbalanced",
    "class names": [
        0,
        10,
        1,
        8,
        5,
        9,
        2,
        13,
        6,
        7,
        4,
        14,
        3,
        16,
        15,
        18,
        11,
        12,
        19,
        17
    ],
    "model name": "logistic_regression",
    "index": 4,
    "cv fold": 0,
    "fold info": {
        "train distribution": 120137,
        "test distribution": 30030,
        "train distribution pct": 944.4732704402516,
        "test distribution pct": 944.3396226415094
    },
    "metrics": {
        "macro_accuracy": 0.9662519693374634,
        "micro_accuracy": 0.9662518501281738,
        "accuracy_per_class": {
            "0": 0.9705151319503784,
            "10": 0.9726564884185791,
            "1": 0.9537137150764465,
            "8": 0.9451183080673218,
            "5": 0.9853848218917847,
            "9": 0.9807577133178711,
            "2": 0.9492512941360474,
            "13": 0.9859838485717773,
            "6": 0.9865828156471252,
            "7": 0.9579215049743652,
            "4": 0.8771787881851196,
            "14": 0.9893531203269958,
            "3": 0.9917789697647095,
            "16": 0.9567685127258301,
            "15": 0.9790056943893433,
            "18": 0.9836028814315796,
            "11": 0.9789757132530212,
            "12": 0.9866427183151245,
            "19": 0.9828242063522339,
            "17": 0.9110212922096252
        },
        "macro_precision": 0.5909208059310913,
        "micro_precision": 0.6625187397003174,
        "precision_per_class": {
            "0": 0.30741411447525024,
            "10": 0.3735199272632599,
            "1": 0.6495579481124878,
            "8": 0.5302977561950684,
            "5": 0.3841269910335541,
            "9": 0.6838006377220154,
            "2": 0.5629426836967468,
            "13": 0.7663366198539734,
            "6": 0.6674509644508362,
            "7": 0.6824257373809814,
            "4": 0.7646956443786621,
            "14": 0.8484252095222473,
            "3": 0.5814814567565918,
            "16": 0.663658082485199,
            "15": 0.6109856963157654,
            "18": 0.7058823704719543,
            "11": 0.5760208368301392,
            "12": 0.3772455155849457,
            "19": 0.7802795171737671,
            "17": 0.3018687069416046
        },
        "macro_recall": 0.4757843017578125,
        "micro_recall": 0.6625187397003174,
        "recall_per_class": {
            "0": 0.09681093692779541,
            "10": 0.21810182929039001,
            "1": 0.6138315200805664,
            "8": 0.7628891468048096,
            "5": 0.13399778306484222,
            "9": 0.28862589597702026,
            "2": 0.6253806948661804,
            "13": 0.6660929322242737,
            "6": 0.6432350873947144,
            "7": 0.6435574293136597,
            "4": 0.9392298460006714,
            "14": 0.6074700355529785,
            "3": 0.2647554874420166,
            "16": 0.606796145439148,
            "15": 0.4784914553165436,
            "18": 0.5194143652915955,
            "11": 0.4198859930038452,
            "12": 0.15555556118488312,
            "19": 0.5377206802368164,
            "17": 0.29384326934814453
        },
        "macro_f1": 0.5115669965744019,
        "micro_f1": 0.6625187397003174,
        "f1_per_class": {
            "0": 0.14724989235401154,
            "10": 0.27539682388305664,
            "1": 0.6311895847320557,
            "8": 0.6256766319274902,
            "5": 0.1986863762140274,
            "9": 0.4059177041053772,
            "2": 0.5925213694572449,
            "13": 0.7127071619033813,
            "6": 0.6551192998886108,
            "7": 0.6624219417572021,
            "4": 0.8430238962173462,
            "14": 0.7080082297325134,
            "3": 0.3638470470905304,
            "16": 0.6339545845985413,
            "15": 0.5366820693016052,
            "18": 0.5984598398208618,
            "11": 0.48571428656578064,
            "12": 0.220279723405838,
            "19": 0.6366803646087646,
            "17": 0.2978019416332245
        },
        "Kappa": 0.5884885787963867,
        "MSE": 0.022636227309703827,
        "LogLoss": 1.1926915645599365,
        "AUNU": 0.9208688735961914,
        "micro_ROC-AUC": 0.952889084815979,
        "AUNP": 0.93850177526474,
        "AU1U": 0.8983611251793446,
        "AU1P": 0.9209018437456371,
        "ROC-AUC_per_class_vs_rest": {
            "0": 0.8020362404475431,
            "10": 0.8783975027734229,
            "1": 0.9289232998262968,
            "8": 0.9648547096797746,
            "5": 0.8743679431033348,
            "9": 0.8600480909835235,
            "2": 0.9395105751614768,
            "13": 0.9681368364648003,
            "6": 0.9660858234109159,
            "7": 0.9450741467435242,
            "4": 0.96964607466142,
            "14": 0.9675507229814739,
            "3": 0.9130046502460414,
            "16": 0.9458061982683552,
            "15": 0.9389680333034873,
            "18": 0.9438459439515146,
            "11": 0.9161420252367359,
            "12": 0.9117540333522347,
            "19": 0.9421820719267925,
            "17": 0.8410429743962451
        }
    }
}