{
    "classification type": "multiclass",
    "class balance": "balanced",
    "dataset name": "nyt-comments-april17_balanced",
    "class names": [
        0,
        1,
        2,
        3,
        4,
        5
    ],
    "model name": "decision_tree",
    "index": 2,
    "cv fold": 3,
    "fold info": {
        "train distribution": 15707,
        "test distribution": 3925,
        "train distribution pct": 250.63028562310515,
        "test distribution pct": 250.63856960408683
    },
    "metrics": {
        "macro_accuracy": 0.8442502617835999,
        "micro_accuracy": 0.8442502021789551,
        "accuracy_per_class": {
            "0": 0.8334806561470032,
            "1": 0.8861501216888428,
            "2": 0.824053168296814,
            "3": 0.8326950073242188,
            "4": 0.8843497037887573,
            "5": 0.804772675037384
        },
        "macro_precision": 0.5273603796958923,
        "micro_precision": 0.53275066614151,
        "precision_per_class": {
            "0": 0.5072694420814514,
            "1": 0.6431916952133179,
            "2": 0.4283391535282135,
            "3": 0.5042229890823364,
            "4": 0.661523163318634,
            "5": 0.41961607336997986
        },
        "macro_recall": 0.5308833718299866,
        "micro_recall": 0.53275066614151,
        "recall_per_class": {
            "0": 0.4936046600341797,
            "1": 0.7319507598876953,
            "2": 0.3875578045845032,
            "3": 0.5210434198379517,
            "4": 0.6444573998451233,
            "5": 0.40668603777885437
        },
        "macro_f1": 0.5284005999565125,
        "micro_f1": 0.53275066614151,
        "f1_per_class": {
            "0": 0.5003437995910645,
            "1": 0.6847067475318909,
            "2": 0.40692928433418274,
            "3": 0.512495219707489,
            "4": 0.6528787612915039,
            "5": 0.4130499064922333
        },
        "Kappa": 0.43907350301742554,
        "MSE": 0.12185170501470566,
        "LogLoss": 4.798845291137695,
        "AUNU": 0.7512167096138,
        "micro_ROC-AUC": 0.7549581527709961,
        "AUNP": 0.7518298625946045,
        "AU1U": 0.7509299781906935,
        "AU1P": 0.7513166457849216,
        "ROC-AUC_per_class_vs_rest": {
            "0": 0.7229851008616012,
            "1": 0.8376443808639993,
            "2": 0.7039825871999267,
            "3": 0.7384207649084552,
            "4": 0.8098025050022606,
            "5": 0.694464803052106
        }
    }
}