{
    "classification type": "multiclass",
    "class balance": "balanced",
    "dataset name": "volkert_balanced",
    "class names": [
        8,
        6,
        1,
        3,
        4,
        9,
        0,
        5,
        2,
        7
    ],
    "model name": "decision_tree",
    "index": 2,
    "cv fold": 4,
    "fold info": {
        "train distribution": 35578,
        "test distribution": 8893,
        "train distribution pct": 450.1265182186235,
        "test distribution pct": 450.05060728744934
    },
    "metrics": {
        "macro_accuracy": 0.8946179151535034,
        "micro_accuracy": 0.8946179151535034,
        "accuracy_per_class": {
            "8": 0.8661816716194153,
            "6": 0.898203432559967,
            "1": 0.8725455403327942,
            "3": 0.8829959630966187,
            "4": 0.8830845355987549,
            "9": 0.8576164245605469,
            "0": 0.9106401801109314,
            "5": 0.9498481750488281,
            "2": 0.9206730723381042,
            "7": 0.9043901562690735
        },
        "macro_precision": 0.46704116463661194,
        "micro_precision": 0.4730895757675171,
        "precision_per_class": {
            "8": 0.30616387724876404,
            "6": 0.5042402148246765,
            "1": 0.36194124817848206,
            "3": 0.3888615667819977,
            "4": 0.4144677519798279,
            "9": 0.2801567316055298,
            "0": 0.5540693998336792,
            "5": 0.7378758192062378,
            "2": 0.6014688014984131,
            "7": 0.5211662650108337
        },
        "macro_recall": 0.4732333719730377,
        "micro_recall": 0.4730895757675171,
        "recall_per_class": {
            "8": 0.2670799493789673,
            "6": 0.5418719053268433,
            "1": 0.3581900894641876,
            "3": 0.42513442039489746,
            "4": 0.40697672963142395,
            "9": 0.24679486453533173,
            "0": 0.554419219493866,
            "5": 0.7715517282485962,
            "2": 0.619828462600708,
            "7": 0.5404858589172363
        },
        "macro_f1": 0.46967658400535583,
        "micro_f1": 0.4730895757675171,
        "f1_per_class": {
            "8": 0.28528955578804016,
            "6": 0.5223792195320129,
            "1": 0.3600558936595917,
            "3": 0.40618979930877686,
            "4": 0.4106881022453308,
            "9": 0.2624197006225586,
            "0": 0.5542442202568054,
            "5": 0.7543381452560425,
            "2": 0.6105106472969055,
            "7": 0.53065025806427
        },
        "Kappa": 0.41455307602882385,
        "MSE": 0.082875095307827,
        "LogLoss": 5.359853744506836,
        "AUNU": 0.75546795129776,
        "micro_ROC-AUC": 0.7601675391197205,
        "AUNP": 0.7555012702941895,
        "AU1U": 0.7554701868316491,
        "AU1P": 0.7554839140643235,
        "ROC-AUC_per_class_vs_rest": {
            "8": 0.6537593006257275,
            "6": 0.7966965891978471,
            "1": 0.7086502058295281,
            "3": 0.7199095435739171,
            "4": 0.7384721188358185,
            "9": 0.6476194756184677,
            "0": 0.8010846469120337,
            "5": 0.8874421864145599,
            "2": 0.8202264862188088,
            "7": 0.7808186889420118
        }
    }
}