{
    "classification type": "multiclass",
    "class balance": "balanced",
    "dataset name": "nyt-comments-april17_balanced",
    "class names": [
        0,
        1,
        2,
        3,
        4,
        5
    ],
    "model name": "decision_tree",
    "index": 1,
    "cv fold": 0,
    "fold info": {
        "train distribution": 15706,
        "test distribution": 3926,
        "train distribution pct": 250.65432492818385,
        "test distribution pct": 250.54243777919592
    },
    "metrics": {
        "macro_accuracy": 0.852692186832428,
        "micro_accuracy": 0.8526922464370728,
        "accuracy_per_class": {
            "0": 0.8449706435203552,
            "1": 0.8932152986526489,
            "2": 0.831792414188385,
            "3": 0.8422114849090576,
            "4": 0.8934829831123352,
            "5": 0.8104807734489441
        },
        "macro_precision": 0.551899254322052,
        "micro_precision": 0.558076798915863,
        "precision_per_class": {
            "0": 0.5425397753715515,
            "1": 0.6571517586708069,
            "2": 0.45424291491508484,
            "3": 0.5311659574508667,
            "4": 0.6895773410797119,
            "5": 0.4367176592350006
        },
        "macro_recall": 0.5560011863708496,
        "micro_recall": 0.558076798915863,
        "recall_per_class": {
            "0": 0.5239546298980713,
            "1": 0.7689869403839111,
            "2": 0.3970121741294861,
            "3": 0.5541727542877197,
            "4": 0.6708150506019592,
            "5": 0.42106544971466064
        },
        "macro_f1": 0.5527858138084412,
        "micro_f1": 0.558076798915863,
        "f1_per_class": {
            "0": 0.533085286617279,
            "1": 0.7086844444274902,
            "2": 0.42370370030403137,
            "3": 0.5424255132675171,
            "4": 0.6800668239593506,
            "5": 0.42874875664711
        },
        "Kappa": 0.4694369435310364,
        "MSE": 0.10543453693389893,
        "LogLoss": 3.0775604248046875,
        "AUNU": 0.8018315434455872,
        "micro_ROC-AUC": 0.8074133396148682,
        "AUNP": 0.8024619221687317,
        "AU1U": 0.8014505512128036,
        "AU1P": 0.8018906069406835,
        "ROC-AUC_per_class_vs_rest": {
            "0": 0.7783045261062745,
            "1": 0.8846290591661978,
            "2": 0.7533911865868642,
            "3": 0.7961875076625065,
            "4": 0.8561175879452025,
            "5": 0.7423595655949039
        }
    }
}