{
    "classification type": "multilabel",
    "class balance": "balanced",
    "dataset name": "emotions_trimmed",
    "class names": [
        "amazed-suprised",
        "happy-pleased",
        "relaxing-calm",
        "quiet-still",
        "sad-lonely",
        "angry-aggresive"
    ],
    "model name": "logistic_regression",
    "index": 0,
    "cv fold": 4,
    "fold info": {
        "train distribution": [
            133,
            118,
            142,
            118,
            117,
            143
        ],
        "test distribution": [
            33,
            30,
            35,
            30,
            29,
            36
        ],
        "train distribution pct": [
            33.16708229426434,
            29.42643391521197,
            35.41147132169576,
            29.42643391521197,
            29.177057356608476,
            35.66084788029925
        ],
        "test distribution pct": [
            33.33333333333333,
            30.303030303030305,
            35.35353535353536,
            30.303030303030305,
            29.292929292929294,
            36.36363636363637
        ]
    },
    "metrics": {
        "macro_accuracy": 0.7783333333333333,
        "micro_accuracy": 0.7783333333333333,
        "accuracy_per_class": {
            "amazed-suprised": 0.724,
            "happy-pleased": 0.708,
            "relaxing-calm": 0.738,
            "quiet-still": 0.896,
            "sad-lonely": 0.814,
            "angry-aggresive": 0.79
        },
        "macro_precision": 0.6585610135133549,
        "micro_precision": 0.6651933701657459,
        "precision_per_class": {
            "amazed-suprised": 0.5921052631578947,
            "happy-pleased": 0.5089285714285714,
            "relaxing-calm": 0.6306818181818182,
            "quiet-still": 0.8076923076923077,
            "sad-lonely": 0.7086614173228346,
            "angry-aggresive": 0.7032967032967034
        },
        "macro_recall": 0.622882660050024,
        "micro_recall": 0.6244813278008299,
        "recall_per_class": {
            "amazed-suprised": 0.5421686746987951,
            "happy-pleased": 0.38513513513513514,
            "relaxing-calm": 0.6271186440677966,
            "quiet-still": 0.8513513513513513,
            "sad-lonely": 0.6164383561643836,
            "angry-aggresive": 0.7150837988826816
        },
        "macro_f1": 0.6384706267410852,
        "micro_f1": 0.6441947565543071,
        "f1_per_class": {
            "amazed-suprised": 0.5660377358490566,
            "happy-pleased": 0.43846153846153846,
            "relaxing-calm": 0.6288951841359773,
            "quiet-still": 0.8289473684210527,
            "sad-lonely": 0.6593406593406593,
            "angry-aggresive": 0.7091412742382271
        },
        "MSE": 0.1555974781513214,
        "LogLoss": 0.507489025592804,
        "AUNU": 0.826882541179657,
        "micro_ROC-AUC": 0.842051088809967,
        "AUNP": 0.8266911506652832,
        "ROC-AUC_per_class_vs_rest": {
            "amazed-suprised": 0.7859822523627444,
            "happy-pleased": 0.6890932125307125,
            "relaxing-calm": 0.8218852215283973,
            "quiet-still": 0.9625307125307125,
            "sad-lonely": 0.8509016330005418,
            "angry-aggresive": 0.8509023825684401
        }
    }
}