{
    "classification type": "multiclass",
    "class balance": "balanced",
    "dataset name": "usps_balanced",
    "class names": [
        5,
        4,
        3,
        2,
        1,
        0
    ],
    "model name": "decision_tree",
    "index": 0,
    "cv fold": 2,
    "fold info": {
        "train distribution": 4438,
        "test distribution": 1109,
        "train distribution pct": 251.58730158730157,
        "test distribution pct": 251.47392290249434
    },
    "metrics": {
        "macro_accuracy": 0.9797807335853577,
        "micro_accuracy": 0.9797807931900024,
        "accuracy_per_class": {
            "5": 0.9794298410415649,
            "4": 0.9928733110427856,
            "3": 0.975623607635498,
            "2": 0.9741658568382263,
            "1": 0.9830741882324219,
            "0": 0.9735179543495178
        },
        "macro_precision": 0.9395772814750671,
        "micro_precision": 0.9393423795700073,
        "precision_per_class": {
            "5": 0.9349315166473389,
            "4": 0.9785856604576111,
            "3": 0.935965359210968,
            "2": 0.9224011898040771,
            "1": 0.9450121521949768,
            "0": 0.9205673933029175
        },
        "macro_recall": 0.9396445155143738,
        "micro_recall": 0.9393423795700073,
        "recall_per_class": {
            "5": 0.9404527544975281,
            "4": 0.9776119589805603,
            "3": 0.9204545617103577,
            "2": 0.9219512343406677,
            "1": 0.9528949856758118,
            "0": 0.9245014190673828
        },
        "macro_f1": 0.9395952224731445,
        "micro_f1": 0.9393423795700073,
        "f1_per_class": {
            "5": 0.9376839995384216,
            "4": 0.9780985713005066,
            "3": 0.928145170211792,
            "2": 0.9221761226654053,
            "1": 0.9489372372627258,
            "0": 0.9225302338600159
        },
        "Kappa": 0.9272070527076721,
        "MSE": 0.0172309260815382,
        "LogLoss": 0.4921182096004486,
        "AUNU": 0.9803112149238586,
        "micro_ROC-AUC": 0.9804096221923828,
        "AUNP": 0.9802075624465942,
        "AU1U": 0.9803381617288707,
        "AU1P": 0.9802832986085152,
        "ROC-AUC_per_class_vs_rest": {
            "5": 0.9823910396051696,
            "4": 0.9941322358992424,
            "3": 0.9745087895366324,
            "2": 0.969821845586877,
            "1": 0.9854837857620821,
            "0": 0.9755296005702828
        }
    }
}