{
    "classification type": "multilabel",
    "class balance": "imbalanced",
    "dataset name": "yelp_imbalanced",
    "class names": [
        "IsFoodGood",
        "IsAmbianceGood",
        "IsServiceGood",
        "IsPriceGood"
    ],
    "model name": "random_forest",
    "index": 4,
    "cv fold": 0,
    "fold info": {
        "train distribution": [
            3769,
            1420,
            2114,
            1032
        ],
        "test distribution": [
            942,
            355,
            528,
            258
        ],
        "train distribution pct": [
            99.81461864406779,
            37.60593220338983,
            55.98516949152542,
            27.33050847457627
        ],
        "test distribution pct": [
            100.0,
            37.68577494692145,
            56.05095541401274,
            27.388535031847134
        ]
    },
    "metrics": {
        "macro_accuracy": 0.7877309908350001,
        "micro_accuracy": 0.7877309908350002,
        "accuracy_per_class": {
            "IsFoodGood": 0.9979848941696271,
            "IsAmbianceGood": 0.6839866256679703,
            "IsServiceGood": 0.7065259575484372,
            "IsPriceGood": 0.762426485953966
        },
        "macro_precision": 0.7270469717736469,
        "micro_precision": 0.8224586355394379,
        "precision_per_class": {
            "IsFoodGood": 0.9985363740908344,
            "IsAmbianceGood": 0.5951953936190296,
            "IsServiceGood": 0.7311805681435637,
            "IsPriceGood": 0.5832755512411594
        },
        "macro_recall": 0.6779108625808661,
        "micro_recall": 0.7849258120120323,
        "recall_per_class": {
            "IsFoodGood": 0.9994469026548672,
            "IsAmbianceGood": 0.5003372346756596,
            "IsServiceGood": 0.7526388740803923,
            "IsPriceGood": 0.45922043891254505
        },
        "macro_f1": 0.699568106345231,
        "micro_f1": 0.8032540234297988,
        "f1_per_class": {
            "IsFoodGood": 0.9989914308980747,
            "IsAmbianceGood": 0.5436596038195417,
            "IsServiceGood": 0.7417545610970275,
            "IsPriceGood": 0.5138668295662798
        },
        "MSE": 0.17623969912528992,
        "LogLoss": 8.854889869689941,
        "AUNU": 0.6451629996299744,
        "micro_ROC-AUC": 0.8119795322418213,
        "AUNP": 0.6084096431732178,
        "ROC-AUC_per_class_vs_rest": {
            "IsFoodGood": 0.505474382410223,
            "IsAmbianceGood": 0.6608965491322635,
            "IsServiceGood": 0.7097702840672685,
            "IsPriceGood": 0.7045107582309416
        }
    }
}