{
    "classification type": "multilabel",
    "class balance": "imbalanced",
    "dataset name": "yeast_imbalanced",
    "class names": [
        "Class1",
        "Class2",
        "Class3",
        "Class4",
        "Class5"
    ],
    "model name": "random_forest",
    "index": 1,
    "cv fold": 1,
    "fold info": {
        "train distribution": [
            607,
            830,
            758,
            472,
            165
        ],
        "test distribution": [
            152,
            208,
            189,
            118,
            42
        ],
        "train distribution pct": [
            47.458952306489444,
            64.89444878811571,
            59.26505082095387,
            36.903831118060985,
            12.900703674745895
        ],
        "test distribution pct": [
            46.913580246913575,
            64.19753086419753,
            58.333333333333336,
            36.41975308641975,
            12.962962962962962
        ]
    },
    "metrics": {
        "macro_accuracy": 0.7327714535901927,
        "micro_accuracy": 0.7327714535901927,
        "accuracy_per_class": {
            "Class1": 0.7138244308231173,
            "Class2": 0.6517622591943958,
            "Class3": 0.7623139229422067,
            "Class4": 0.7005253940455342,
            "Class5": 0.8354312609457093
        },
        "macro_precision": 0.6181105293943165,
        "micro_precision": 0.6999598977392351,
        "precision_per_class": {
            "Class1": 0.7102161100196464,
            "Class2": 0.7142633351609619,
            "Class3": 0.785758568771588,
            "Class4": 0.6006420545746388,
            "Class5": 0.27967257844474763
        },
        "macro_recall": 0.5981609146304501,
        "micro_recall": 0.691776071340104,
        "recall_per_class": {
            "Class1": 0.6684386917831966,
            "Class2": 0.7705763055602501,
            "Class3": 0.8217858466098555,
            "Class4": 0.5563484983645555,
            "Class5": 0.17365523083439222
        },
        "macro_f1": 0.6050658713072802,
        "micro_f1": 0.6958439228584242,
        "f1_per_class": {
            "Class1": 0.6886944097160207,
            "Class2": 0.7413519775618878,
            "Class3": 0.8033684973061077,
            "Class4": 0.5776474220438407,
            "Class5": 0.21426704990854456
        },
        "MSE": 0.2270674705505371,
        "LogLoss": 13.989109992980957,
        "AUNU": 0.6735245585441589,
        "micro_ROC-AUC": 0.7333114743232727,
        "AUNP": 0.6841834187507629,
        "ROC-AUC_per_class_vs_rest": {
            "Class1": 0.7113202126165822,
            "Class2": 0.6228717382421205,
            "Class3": 0.7491297643381384,
            "Class4": 0.681449640036346,
            "Class5": 0.6028514153179092
        }
    }
}