{
    "classification type": "multiclass",
    "class balance": "balanced",
    "dataset name": "usps_balanced",
    "class names": [
        5,
        4,
        3,
        2,
        1,
        0
    ],
    "model name": "decision_tree",
    "index": 1,
    "cv fold": 3,
    "fold info": {
        "train distribution": 4439,
        "test distribution": 1108,
        "train distribution pct": 251.64399092970518,
        "test distribution pct": 251.2471655328798
    },
    "metrics": {
        "macro_accuracy": 0.9755902290344238,
        "micro_accuracy": 0.9755902290344238,
        "accuracy_per_class": {
            "5": 0.9761238098144531,
            "4": 0.9913298487663269,
            "3": 0.9700546860694885,
            "2": 0.967253565788269,
            "1": 0.979925274848938,
            "0": 0.9688541889190674
        },
        "macro_precision": 0.9270081520080566,
        "micro_precision": 0.9267706871032715,
        "precision_per_class": {
            "5": 0.9254032373428345,
            "4": 0.9725971221923828,
            "3": 0.9228308796882629,
            "2": 0.8999199271202087,
            "1": 0.9334130883216858,
            "0": 0.9078844785690308
        },
        "macro_recall": 0.9271569848060608,
        "micro_recall": 0.9267706871032715,
        "recall_per_class": {
            "5": 0.9299027323722839,
            "4": 0.974190890789032,
            "3": 0.9001560211181641,
            "2": 0.9031739830970764,
            "1": 0.9458585977554321,
            "0": 0.909659743309021
        },
        "macro_f1": 0.9270505309104919,
        "micro_f1": 0.9267706871032715,
        "f1_per_class": {
            "5": 0.9276475310325623,
            "4": 0.9733933806419373,
            "3": 0.9113523960113525,
            "2": 0.9015440344810486,
            "1": 0.9395946264266968,
            "0": 0.9087712168693542
        },
        "Kappa": 0.9121214151382446,
        "MSE": 0.021948834881186485,
        "LogLoss": 0.8876281380653381,
        "AUNU": 0.9614189267158508,
        "micro_ROC-AUC": 0.9613514542579651,
        "AUNP": 0.9612111449241638,
        "AU1U": 0.9614640102774362,
        "AU1P": 0.9613584456906441,
        "ROC-AUC_per_class_vs_rest": {
            "5": 0.9652027510492923,
            "4": 0.9875532739137715,
            "3": 0.9475541660443569,
            "2": 0.9432280603226768,
            "1": 0.972232525752775,
            "0": 0.9527426599242821
        }
    }
}