{
    "classification type": "binary",
    "class balance": "imbalanced",
    "dataset name": "amazon-reviews-0.25_imbalanced",
    "class names": [
        1,
        0
    ],
    "model name": "knn",
    "index": 3,
    "cv fold": 1,
    "fold info": {
        "train distribution": 21841,
        "test distribution": 5460,
        "train distribution pct": 76.46605748695865,
        "test distribution pct": 76.45987956868787
    },
    "metrics": {
        "macro_accuracy": 0.8427408933639526,
        "micro_accuracy": 0.8427408933639526,
        "accuracy_per_class": {
            "1": 0.8427408933639526,
            "0": 0.8427408933639526
        },
        "macro_precision": 0.7985678911209106,
        "micro_precision": 0.8427408933639526,
        "precision_per_class": {
            "1": 0.7319785952568054,
            "0": 0.8651571869850159
        },
        "macro_recall": 0.7322479486465454,
        "micro_recall": 0.8427408933639526,
        "recall_per_class": {
            "1": 0.5234938263893127,
            "0": 0.9410020112991333
        },
        "macro_f1": 0.7559564113616943,
        "micro_f1": 0.8427408933639526,
        "f1_per_class": {
            "1": 0.6104256510734558,
            "0": 0.9014871716499329
        },
        "MSE": 0.13139867782592773,
        "LogLoss": 6.871959686279297,
        "AUNU": 0.7951921224594116,
        "micro_ROC-AUC": 0.7951921224594116
    }
}