{
    "classification type": "multiclass",
    "class balance": "balanced",
    "dataset name": "ag-news_balanced",
    "class names": [
        1,
        3,
        0,
        2
    ],
    "model name": "random_forest",
    "index": 1,
    "cv fold": 4,
    "fold info": {
        "train distribution": 5760,
        "test distribution": 1440,
        "train distribution pct": 150.0,
        "test distribution pct": 150.0
    },
    "metrics": {
        "macro_accuracy": 0.8808940649032593,
        "micro_accuracy": 0.880894124507904,
        "accuracy_per_class": {
            "1": 0.8898090124130249,
            "3": 0.918541669845581,
            "0": 0.8533159494400024,
            "2": 0.8619097471237183
        },
        "macro_precision": 0.760911226272583,
        "micro_precision": 0.7617881894111633,
        "precision_per_class": {
            "1": 0.7785155773162842,
            "3": 0.8263851404190063,
            "0": 0.7082662582397461,
            "2": 0.7304776906967163
        },
        "macro_recall": 0.7617881298065186,
        "micro_recall": 0.7617881894111633,
        "recall_per_class": {
            "1": 0.7815971970558167,
            "3": 0.8534722328186035,
            "0": 0.7027083039283752,
            "2": 0.7093750238418579
        },
        "macro_f1": 0.7612528800964355,
        "micro_f1": 0.7617881894111633,
        "f1_per_class": {
            "1": 0.7800533771514893,
            "3": 0.8397102952003479,
            "0": 0.7054763436317444,
            "2": 0.719771683216095
        },
        "Kappa": 0.6823842525482178,
        "MSE": 0.1065913736820221,
        "LogLoss": 3.1061580181121826,
        "AUNU": 0.8418169021606445,
        "micro_ROC-AUC": 0.8426819443702698,
        "AUNP": 0.8418169021606445,
        "AU1U": 0.8418168838814943,
        "AU1P": 0.8418168838814943,
        "ROC-AUC_per_class_vs_rest": {
            "1": 0.8535898067772633,
            "3": 0.8922047003600823,
            "0": 0.8075077449845679,
            "2": 0.8139652834040637
        }
    }
}