{
    "classification type": "binary",
    "class balance": "imbalanced",
    "dataset name": "spambase_imbalanced",
    "class names": [
        1,
        0
    ],
    "model name": "random_forest",
    "index": 0,
    "cv fold": 2,
    "fold info": {
        "train distribution": 114,
        "test distribution": 29,
        "train distribution pct": 37.5,
        "test distribution pct": 38.15789473684211
    },
    "metrics": {
        "macro_accuracy": 0.9011916518211365,
        "micro_accuracy": 0.9011916518211365,
        "accuracy_per_class": {
            "1": 0.9011916518211365,
            "0": 0.9011916518211365
        },
        "macro_precision": 0.8962935209274292,
        "micro_precision": 0.9011916518211365,
        "precision_per_class": {
            "1": 0.9148017168045044,
            "0": 0.8777852654457092
        },
        "macro_recall": 0.8924358487129211,
        "micro_recall": 0.9011916518211365,
        "recall_per_class": {
            "1": 0.9279171824455261,
            "0": 0.8569545149803162
        },
        "macro_f1": 0.8942787647247314,
        "micro_f1": 0.9011916518211365,
        "f1_per_class": {
            "1": 0.9213127493858337,
            "0": 0.8672448396682739
        },
        "MSE": 0.08857036381959915,
        "LogLoss": 5.054609298706055,
        "AUNU": 0.90617436170578,
        "micro_ROC-AUC": 0.90617436170578
    }
}