{
    "classification type": "multilabel",
    "class balance": "imbalanced",
    "dataset name": "scene_imbalanced",
    "class names": [
        "Mountain",
        "Field",
        "Urban",
        "Beach",
        "FallFoliage",
        "Sunset"
    ],
    "model name": "logistic_regression",
    "index": 1,
    "cv fold": 0,
    "fold info": {
        "train distribution": [
            427,
            337,
            345,
            342,
            210,
            60
        ],
        "test distribution": [
            106,
            85,
            86,
            85,
            53,
            15
        ],
        "train distribution pct": [
            27.025316455696203,
            21.32911392405063,
            21.835443037974684,
            21.645569620253163,
            13.291139240506327,
            3.79746835443038
        ],
        "test distribution pct": [
            26.237623762376238,
            21.03960396039604,
            21.287128712871286,
            21.03960396039604,
            13.118811881188119,
            3.7128712871287126
        ]
    },
    "metrics": {
        "macro_accuracy": 0.8746510329424901,
        "micro_accuracy": 0.8746510329424902,
        "accuracy_per_class": {
            "Mountain": 0.7642378559463987,
            "Field": 0.914572864321608,
            "Urban": 0.8253768844221105,
            "Beach": 0.8421273031825796,
            "FallFoliage": 0.9187604690117253,
            "Sunset": 0.9828308207705193
        },
        "macro_precision": 0.6924194617388797,
        "micro_precision": 0.6613234689683518,
        "precision_per_class": {
            "Mountain": 0.5662020905923345,
            "Field": 0.8011928429423459,
            "Urban": 0.604602510460251,
            "Beach": 0.6391752577319587,
            "FallFoliage": 0.6882716049382716,
            "Sunset": 0.855072463768116
        },
        "macro_recall": 0.6381989498331848,
        "micro_recall": 0.6234017822549399,
        "recall_per_class": {
            "Mountain": 0.5086071987480438,
            "Field": 0.7948717948717948,
            "Urban": 0.5589941972920697,
            "Beach": 0.60546875,
            "FallFoliage": 0.7056962025316456,
            "Sunset": 0.6555555555555556
        },
        "macro_f1": 0.6626107977626182,
        "micro_f1": 0.6418029517351416,
        "f1_per_class": {
            "Mountain": 0.5358615004122012,
            "Field": 0.7980198019801981,
            "Urban": 0.5809045226130654,
            "Beach": 0.6218655967903711,
            "FallFoliage": 0.696875,
            "Sunset": 0.7421383647798742
        },
        "MSE": 0.09699177742004395,
        "LogLoss": 0.4031149744987488,
        "AUNU": 0.8880937695503235,
        "micro_ROC-AUC": 0.902300238609314,
        "AUNP": 0.8667526841163635,
        "ROC-AUC_per_class_vs_rest": {
            "Mountain": 0.7793861191416334,
            "Field": 0.9449703093427788,
            "Urban": 0.8336329624410863,
            "Beach": 0.869319696162047,
            "FallFoliage": 0.9414526416108694,
            "Sunset": 0.9598007929600619
        }
    }
}