{
    "classification type": "binary",
    "class balance": "imbalanced",
    "dataset name": "philippine_imbalanced",
    "class names": [
        0,
        1
    ],
    "model name": "knn",
    "index": 3,
    "cv fold": 1,
    "fold info": {
        "train distribution": 204,
        "test distribution": 52,
        "train distribution pct": 12.7420362273579,
        "test distribution pct": 12.967581047381547
    },
    "metrics": {
        "macro_accuracy": 0.8651121258735657,
        "micro_accuracy": 0.8651121258735657,
        "accuracy_per_class": {
            "0": 0.8651121258735657,
            "1": 0.8651121258735657
        },
        "macro_precision": 0.6797450184822083,
        "micro_precision": 0.8651121258735657,
        "precision_per_class": {
            "0": 0.9018406867980957,
            "1": 0.4576493799686432
        },
        "macro_recall": 0.6222411394119263,
        "micro_recall": 0.8651121258735657,
        "recall_per_class": {
            "0": 0.9485790729522705,
            "1": 0.29590320587158203
        },
        "macro_f1": 0.6420184373855591,
        "micro_f1": 0.8651121258735657,
        "f1_per_class": {
            "0": 0.9246196150779724,
            "1": 0.35941728949546814
        },
        "MSE": 0.11900197714567184,
        "LogLoss": 5.679771423339844,
        "AUNU": 0.6835721135139465,
        "micro_ROC-AUC": 0.6835721135139465
    }
}