{
    "classification type": "multiclass",
    "class balance": "imbalanced",
    "dataset name": "gtsrb-huelist_imbalanced",
    "class names": [
        0,
        1,
        2,
        3,
        4,
        5,
        6,
        7,
        8,
        9,
        10,
        11,
        12,
        13,
        14,
        15
    ],
    "model name": "logistic_regression",
    "index": 2,
    "cv fold": 3,
    "fold info": {
        "train distribution": 143856,
        "test distribution": 35964,
        "train distribution pct": 632.0562390158173,
        "test distribution pct": 632.0562390158173
    },
    "metrics": {
        "macro_accuracy": 0.9272642731666565,
        "micro_accuracy": 0.9272643327713013,
        "accuracy_per_class": {
            "0": 0.8657920956611633,
            "1": 0.8408611416816711,
            "2": 0.9752196669578552,
            "3": 0.8918905258178711,
            "4": 0.8874843120574951,
            "5": 0.940785825252533,
            "6": 0.9760105609893799,
            "7": 0.9093271493911743,
            "8": 0.8697338700294495,
            "9": 0.948066771030426,
            "10": 0.8708385825157166,
            "11": 0.9141978621482849,
            "12": 0.9665076732635498,
            "13": 0.9887772798538208,
            "14": 0.9917775392532349,
            "15": 0.9989580512046814
        },
        "macro_precision": 0.3295014500617981,
        "micro_precision": 0.41811448335647583,
        "precision_per_class": {
            "0": 0.37808626890182495,
            "1": 0.2623624801635742,
            "2": 0.19944597780704498,
            "3": 0.31782808899879456,
            "4": 0.29139989614486694,
            "5": 0.2985074520111084,
            "6": 0.259348601102829,
            "7": 0.29155829548835754,
            "8": 0.3716030716896057,
            "9": 0.7098321318626404,
            "10": 0.3693481981754303,
            "11": 0.27182748913764954,
            "12": 0.7983490824699402,
            "13": 0.12977099418640137,
            "14": 0.20846904814243317,
            "15": 0.11428571492433548
        },
        "macro_recall": 0.31220969557762146,
        "micro_recall": 0.41811448335647583,
        "recall_per_class": {
            "0": 0.4631924331188202,
            "1": 0.28107142448425293,
            "2": 0.09350649267435074,
            "3": 0.27426740527153015,
            "4": 0.2570207715034485,
            "5": 0.2418447732925415,
            "6": 0.14219576120376587,
            "7": 0.22582417726516724,
            "8": 0.5615302324295044,
            "9": 0.7956989407539368,
            "10": 0.390004962682724,
            "11": 0.13870851695537567,
            "12": 0.876035213470459,
            "13": 0.04857143014669418,
            "14": 0.13445378839969635,
            "15": 0.0714285746216774
        },
        "macro_f1": 0.31288307905197144,
        "micro_f1": 0.41811448335647583,
        "f1_per_class": {
            "0": 0.4163345396518707,
            "1": 0.27139490842819214,
            "2": 0.12732096016407013,
            "3": 0.29444536566734314,
            "4": 0.2731327414512634,
            "5": 0.26720520853996277,
            "6": 0.18368218839168549,
            "7": 0.2545154392719269,
            "8": 0.4472380578517914,
            "9": 0.750316858291626,
            "10": 0.37939563393592834,
            "11": 0.18368566036224365,
            "12": 0.8353899121284485,
            "13": 0.07068607211112976,
            "14": 0.16347381472587585,
            "15": 0.08791209012269974
        },
        "Kappa": 0.360433965921402,
        "MSE": 0.04417774826288223,
        "LogLoss": 1.7758970260620117,
        "AUNU": 0.8353160619735718,
        "micro_ROC-AUC": 0.8850237727165222,
        "AUNP": 0.8374731540679932,
        "AU1U": 0.8312612594344664,
        "AU1P": 0.8344314613664939,
        "ROC-AUC_per_class_vs_rest": {
            "0": 0.8352298510564955,
            "1": 0.7751960276251953,
            "2": 0.8477260882358808,
            "3": 0.7895571168297819,
            "4": 0.7887801153885236,
            "5": 0.8559626815214796,
            "6": 0.878384281974265,
            "7": 0.7999056221182232,
            "8": 0.8741005824645738,
            "9": 0.9544099627631708,
            "10": 0.7855345802078816,
            "11": 0.7290631522039045,
            "12": 0.9782760524115888,
            "13": 0.8064870277898394,
            "14": 0.8442915797860869,
            "15": 0.822151794238624
        }
    }
}