{
    "classification type": "multilabel",
    "class balance": "balanced",
    "dataset name": "mediamill_trimmed",
    "class names": [
        "Class68",
        "Class32",
        "Class34",
        "Class67"
    ],
    "model name": "linear_svm",
    "index": 1,
    "cv fold": 3,
    "fold info": {
        "train distribution": [
            3557,
            3126,
            3123,
            3104
        ],
        "test distribution": [
            889,
            781,
            780,
            776
        ],
        "train distribution pct": [
            54.22256097560976,
            47.65243902439024,
            47.60670731707317,
            47.3170731707317
        ],
        "test distribution pct": [
            54.240390482001224,
            47.651006711409394,
            47.58999389871873,
            47.34594264795607
        ]
    },
    "metrics": {
        "macro_accuracy": 0.7766642059314417,
        "micro_accuracy": 0.7766642059314418,
        "accuracy_per_class": {
            "Class68": 0.8008730260623956,
            "Class32": 0.7809410707407883,
            "Class34": 0.7895750417255103,
            "Class67": 0.7352676851970728
        },
        "macro_precision": 0.7625394644797497,
        "micro_precision": 0.7645794481145494,
        "precision_per_class": {
            "Class68": 0.7923001203106201,
            "Class32": 0.7611172602382967,
            "Class34": 0.7650714331475431,
            "Class67": 0.7316690442225392
        },
        "macro_recall": 0.7864865033355372,
        "micro_recall": 0.7890075837886324,
        "recall_per_class": {
            "Class68": 0.8575825736948028,
            "Class32": 0.7874174861915667,
            "Class34": 0.8052053131953341,
            "Class67": 0.6957406402604449
        },
        "macro_f1": 0.7738930007995609,
        "micro_f1": 0.7766014656189552,
        "f1_per_class": {
            "Class68": 0.8236498010233086,
            "Class32": 0.7740440324449595,
            "Class34": 0.7846254927726676,
            "Class67": 0.7132526769573078
        },
        "MSE": 0.15544015169143677,
        "LogLoss": 0.48080509901046753,
        "AUNU": 0.851688027381897,
        "micro_ROC-AUC": 0.853898823261261,
        "AUNP": 0.8525469303131104,
        "ROC-AUC_per_class_vs_rest": {
            "Class68": 0.8752986960841087,
            "Class32": 0.8586626913070243,
            "Class34": 0.8653271039521023,
            "Class67": 0.8074636998370367
        }
    }
}