{
    "classification type": "multiclass",
    "class balance": "imbalanced",
    "dataset name": "irish-times_imbalanced",
    "class names": [
        0,
        10,
        1,
        8,
        5,
        9,
        2,
        13,
        6,
        7,
        4,
        14,
        3,
        16,
        15,
        18,
        11,
        12,
        19,
        17
    ],
    "model name": "decision_tree",
    "index": 4,
    "cv fold": 2,
    "fold info": {
        "train distribution": 120138,
        "test distribution": 30029,
        "train distribution pct": 944.4811320754717,
        "test distribution pct": 944.3081761006289
    },
    "metrics": {
        "macro_accuracy": 0.9577451944351196,
        "micro_accuracy": 0.9577450156211853,
        "accuracy_per_class": {
            "0": 0.9582416415214539,
            "10": 0.9636333584785461,
            "1": 0.9396226406097412,
            "8": 0.9234341979026794,
            "5": 0.9812762141227722,
            "9": 0.9776991605758667,
            "2": 0.9395768046379089,
            "13": 0.9801689982414246,
            "6": 0.9834315776824951,
            "7": 0.9420400857925415,
            "4": 0.8538718819618225,
            "14": 0.9855804443359375,
            "3": 0.9896553754806519,
            "16": 0.9475432634353638,
            "15": 0.9737094044685364,
            "18": 0.9785180687904358,
            "11": 0.9740697145462036,
            "12": 0.9837394952774048,
            "19": 0.9751179218292236,
            "17": 0.9039701223373413
        },
        "macro_precision": 0.45991843938827515,
        "micro_precision": 0.5774502158164978,
        "precision_per_class": {
            "0": 0.12822936475276947,
            "10": 0.19968603551387787,
            "1": 0.5336875915527344,
            "8": 0.4252784550189972,
            "5": 0.18740157783031464,
            "9": 0.5206422209739685,
            "2": 0.4884239733219147,
            "13": 0.6357446908950806,
            "6": 0.5903614163398743,
            "7": 0.5521465539932251,
            "4": 0.7628656625747681,
            "14": 0.7388914227485657,
            "3": 0.3555840849876404,
            "16": 0.5830975770950317,
            "15": 0.47629082202911377,
            "18": 0.5668242573738098,
            "11": 0.4334353506565094,
            "12": 0.19117647409439087,
            "19": 0.5808873772621155,
            "17": 0.24771404266357422
        },
        "macro_recall": 0.39557746052742004,
        "micro_recall": 0.5774502158164978,
        "recall_per_class": {
            "0": 0.10139511525630951,
            "10": 0.17482133209705353,
            "1": 0.5098477005958557,
            "8": 0.7779472470283508,
            "5": 0.11531008034944534,
            "9": 0.2612197995185852,
            "2": 0.5107162594795227,
            "13": 0.5625,
            "6": 0.5347222089767456,
            "7": 0.5109272599220276,
            "4": 0.847171425819397,
            "14": 0.49722564220428467,
            "3": 0.20457902550697327,
            "16": 0.5253265500068665,
            "15": 0.3496647775173187,
            "18": 0.36740946769714355,
            "11": 0.31385040283203125,
            "12": 0.10529157519340515,
            "19": 0.3984082341194153,
            "17": 0.2432156652212143
        },
        "macro_f1": 0.4163307547569275,
        "micro_f1": 0.5774502158164978,
        "f1_per_class": {
            "0": 0.11324429512023926,
            "10": 0.1864282637834549,
            "1": 0.5214953422546387,
            "8": 0.5499287843704224,
            "5": 0.14277145266532898,
            "9": 0.34789273142814636,
            "2": 0.49932143092155457,
            "13": 0.5968837141990662,
            "6": 0.5611660480499268,
            "7": 0.5307378172874451,
            "4": 0.802811324596405,
            "14": 0.5944352149963379,
            "3": 0.2597280740737915,
            "16": 0.5527065396308899,
            "15": 0.4032713770866394,
            "18": 0.44583404064178467,
            "11": 0.36407455801963806,
            "12": 0.13579386472702026,
            "19": 0.47264647483825684,
            "17": 0.24544425308704376
        },
        "Kappa": 0.49272987246513367,
        "MSE": 0.0340016707777977,
        "LogLoss": 5.191665172576904,
        "AUNU": 0.7291849255561829,
        "micro_ROC-AUC": 0.8076736330986023,
        "AUNP": 0.7881051301956177,
        "AU1U": 0.7191890312702844,
        "AU1P": 0.7521133201960181,
        "ROC-AUC_per_class_vs_rest": {
            "0": 0.6262236936711311,
            "10": 0.6671631745459782,
            "1": 0.769245105605726,
            "8": 0.8973657427023172,
            "5": 0.6453434283925952,
            "9": 0.6765870939652648,
            "2": 0.7553115691500645,
            "13": 0.791565999798624,
            "6": 0.7785037942282155,
            "7": 0.7626422393525015,
            "4": 0.8722832633886967,
            "14": 0.7629622821301089,
            "3": 0.664199266432887,
            "16": 0.783836042587087,
            "15": 0.7321817642974879,
            "18": 0.7057353293234122,
            "11": 0.6870491245046685,
            "12": 0.6283831487183443,
            "19": 0.7125957074960589,
            "17": 0.6645210210259584
        }
    }
}