{
    "classification type": "binary",
    "class balance": "imbalanced",
    "dataset name": "amazon-reviews-0.25_imbalanced",
    "class names": [
        1,
        0
    ],
    "model name": "logistic_regression",
    "index": 1,
    "cv fold": 1,
    "fold info": {
        "train distribution": 21841,
        "test distribution": 5460,
        "train distribution pct": 76.46605748695865,
        "test distribution pct": 76.45987956868787
    },
    "metrics": {
        "macro_accuracy": 0.8992117643356323,
        "micro_accuracy": 0.8992117643356323,
        "accuracy_per_class": {
            "1": 0.8992117643356323,
            "0": 0.8992117643356323
        },
        "macro_precision": 0.8721034526824951,
        "micro_precision": 0.8992117643356323,
        "precision_per_class": {
            "1": 0.8259352445602417,
            "0": 0.9182716608047485
        },
        "macro_recall": 0.8387123942375183,
        "micro_recall": 0.8992117643356323,
        "recall_per_class": {
            "1": 0.7244134545326233,
            "0": 0.9530113339424133
        },
        "macro_f1": 0.8535847067832947,
        "micro_f1": 0.8992117643356323,
        "f1_per_class": {
            "1": 0.7718503475189209,
            "0": 0.9353190660476685
        },
        "MSE": 0.073349229991436,
        "LogLoss": 0.24590955674648285,
        "AUNU": 0.9445495009422302,
        "micro_ROC-AUC": 0.9445495009422302
    }
}