{
    "classification type": "binary",
    "class balance": "balanced",
    "dataset name": "spambase_balanced",
    "class names": [
        1,
        0
    ],
    "model name": "decision_tree",
    "index": 1,
    "cv fold": 4,
    "fold info": {
        "train distribution": 188,
        "test distribution": 46,
        "train distribution pct": 50.13333333333333,
        "test distribution pct": 49.46236559139785
    },
    "metrics": {
        "macro_accuracy": 0.8980463743209839,
        "micro_accuracy": 0.8980463743209839,
        "accuracy_per_class": {
            "1": 0.8980463743209839,
            "0": 0.8980463743209839
        },
        "macro_precision": 0.8980469703674316,
        "micro_precision": 0.8980463743209839,
        "precision_per_class": {
            "1": 0.8975609540939331,
            "0": 0.8985329866409302
        },
        "macro_recall": 0.8980463743209839,
        "micro_recall": 0.8980463743209839,
        "recall_per_class": {
            "1": 0.8986569046974182,
            "0": 0.8974359035491943
        },
        "macro_f1": 0.8980463743209839,
        "micro_f1": 0.8980463743209839,
        "f1_per_class": {
            "1": 0.8981086015701294,
            "0": 0.8979841470718384
        },
        "MSE": 0.0924612358212471,
        "LogLoss": 4.103689193725586,
        "AUNU": 0.9109552502632141,
        "micro_ROC-AUC": 0.9109552502632141
    }
}