{
    "classification type": "multiclass",
    "class balance": "imbalanced",
    "dataset name": "usps_imbalanced",
    "class names": [
        4,
        3,
        0,
        2,
        1,
        5
    ],
    "model name": "random_forest",
    "index": 0,
    "cv fold": 1,
    "fold info": {
        "train distribution": 3191,
        "test distribution": 798,
        "train distribution pct": 187.5955320399765,
        "test distribution pct": 187.32394366197184
    },
    "metrics": {
        "macro_accuracy": 0.9729530811309814,
        "micro_accuracy": 0.9729530215263367,
        "accuracy_per_class": {
            "4": 0.9691709876060486,
            "3": 0.9897387027740479,
            "0": 0.9656450748443604,
            "2": 0.9628876447677612,
            "1": 0.9728325009346008,
            "5": 0.977443277835846
        },
        "macro_precision": 0.8923938274383545,
        "micro_precision": 0.91885906457901,
        "precision_per_class": {
            "4": 0.9452323317527771,
            "3": 0.9660485982894897,
            "0": 0.8865784406661987,
            "2": 0.8939393758773804,
            "1": 0.9178832173347473,
            "5": 0.7446808218955994
        },
        "macro_recall": 0.887565553188324,
        "micro_recall": 0.91885906457901,
        "recall_per_class": {
            "4": 0.951549232006073,
            "3": 0.9744467735290527,
            "0": 0.8755444884300232,
            "2": 0.8885072469711304,
            "1": 0.9248752593994141,
            "5": 0.7104700803756714
        },
        "macro_f1": 0.8898985385894775,
        "micro_f1": 0.91885906457901,
        "f1_per_class": {
            "4": 0.9483802318572998,
            "3": 0.9702295064926147,
            "0": 0.8810269236564636,
            "2": 0.8912150263786316,
            "1": 0.9213659763336182,
            "5": 0.7271733283996582
        },
        "Kappa": 0.898527979850769,
        "MSE": 0.025665970519185066,
        "LogLoss": 1.2856006622314453,
        "AUNU": 0.9317426681518555,
        "micro_ROC-AUC": 0.9478581547737122,
        "AUNP": 0.9468129277229309,
        "AU1U": 0.9283786347185944,
        "AU1P": 0.9360221703577303,
        "ROC-AUC_per_class_vs_rest": {
            "4": 0.9609491994071838,
            "3": 0.9843443795757598,
            "0": 0.9223467784730148,
            "2": 0.9266965413210141,
            "1": 0.9504695396736375,
            "5": 0.8456494865178665
        }
    }
}