{
    "classification type": "multiclass",
    "class balance": "imbalanced",
    "dataset name": "gtsrb-huelist_imbalanced",
    "class names": [
        0,
        1,
        2,
        3,
        4,
        5,
        6,
        7,
        8,
        9,
        10,
        11,
        12,
        13,
        14,
        15
    ],
    "model name": "random_forest",
    "index": 1,
    "cv fold": 1,
    "fold info": {
        "train distribution": 143856,
        "test distribution": 35964,
        "train distribution pct": 632.0562390158173,
        "test distribution pct": 632.0562390158173
    },
    "metrics": {
        "macro_accuracy": 0.9318336248397827,
        "micro_accuracy": 0.9318336844444275,
        "accuracy_per_class": {
            "0": 0.8743810057640076,
            "1": 0.8514106273651123,
            "2": 0.9720655083656311,
            "3": 0.8952578902244568,
            "4": 0.891086220741272,
            "5": 0.9382418990135193,
            "6": 0.9742916226387024,
            "7": 0.9144636392593384,
            "8": 0.8903863430023193,
            "9": 0.9579194188117981,
            "10": 0.8872999548912048,
            "11": 0.915148138999939,
            "12": 0.9702987670898438,
            "13": 0.9872876405715942,
            "14": 0.9908457398414612,
            "15": 0.9989547729492188
        },
        "macro_precision": 0.35588738322257996,
        "micro_precision": 0.45466962456703186,
        "precision_per_class": {
            "0": 0.4063747227191925,
            "1": 0.311184287071228,
            "2": 0.1700567603111267,
            "3": 0.3520223796367645,
            "4": 0.3269430994987488,
            "5": 0.28072670102119446,
            "6": 0.2559283971786499,
            "7": 0.3575857877731323,
            "8": 0.4337058961391449,
            "9": 0.7688799500465393,
            "10": 0.44434136152267456,
            "11": 0.35080206394195557,
            "12": 0.8337154984474182,
            "13": 0.13482502102851868,
            "14": 0.13465626537799835,
            "15": 0.13245032727718353
        },
        "macro_recall": 0.3440280258655548,
        "micro_recall": 0.45466962456703186,
        "recall_per_class": {
            "0": 0.4678959250450134,
            "1": 0.3371345102787018,
            "2": 0.11467304825782776,
            "3": 0.32527366280555725,
            "4": 0.3062303066253662,
            "5": 0.2454758882522583,
            "6": 0.18583495914936066,
            "7": 0.31129103899002075,
            "8": 0.5494776368141174,
            "9": 0.8162610530853271,
            "10": 0.4522721767425537,
            "11": 0.25770866870880127,
            "12": 0.8667048215866089,
            "13": 0.08245614171028137,
            "14": 0.09803921729326248,
            "15": 0.08771929889917374
        },
        "macro_f1": 0.34708166122436523,
        "micro_f1": 0.45466962456703186,
        "f1_per_class": {
            "0": 0.4349707365036011,
            "1": 0.32364004850387573,
            "2": 0.13697847723960876,
            "3": 0.33811983466148376,
            "4": 0.3162479102611542,
            "5": 0.2619205415248871,
            "6": 0.2153209149837494,
            "7": 0.3328363299369812,
            "8": 0.484775573015213,
            "9": 0.7918623685836792,
            "10": 0.4482716917991638,
            "11": 0.2971343994140625,
            "12": 0.8498901128768921,
            "13": 0.10232963413000107,
            "14": 0.11346670985221863,
            "15": 0.10554089397192001
        },
        "Kappa": 0.40172868967056274,
        "MSE": 0.05449504405260086,
        "LogLoss": 6.051684379577637,
        "AUNU": 0.7214103937149048,
        "micro_ROC-AUC": 0.7675721049308777,
        "AUNP": 0.7481194734573364,
        "AU1U": 0.7179561269068292,
        "AU1P": 0.7317633207805788,
        "ROC-AUC_per_class_vs_rest": {
            "0": 0.727015397327652,
            "1": 0.6770125239784626,
            "2": 0.6646093850367373,
            "3": 0.6928165966535268,
            "4": 0.6843653842156474,
            "5": 0.6836906234779607,
            "6": 0.7029952622500585,
            "7": 0.7058478844966328,
            "8": 0.7654449518606611,
            "9": 0.9124848376911153,
            "10": 0.7305947373303575,
            "11": 0.6802496183428961,
            "12": 0.9327601196242389,
            "13": 0.6541951195021272,
            "14": 0.653153671052177,
            "15": 0.6753302607138949
        }
    }
}