{
    "classification type": "multiclass",
    "class balance": "balanced",
    "dataset name": "usps_balanced",
    "class names": [
        5,
        4,
        3,
        2,
        1,
        0
    ],
    "model name": "knn",
    "index": 1,
    "cv fold": 2,
    "fold info": {
        "train distribution": 4438,
        "test distribution": 1109,
        "train distribution pct": 251.58730158730157,
        "test distribution pct": 251.47392290249434
    },
    "metrics": {
        "macro_accuracy": 0.9758580327033997,
        "micro_accuracy": 0.9758580923080444,
        "accuracy_per_class": {
            "5": 0.9769964218139648,
            "4": 0.9911482930183411,
            "3": 0.9721607565879822,
            "2": 0.966423511505127,
            "1": 0.9793732762336731,
            "0": 0.9690462350845337
        },
        "macro_precision": 0.9278202056884766,
        "micro_precision": 0.9275742173194885,
        "precision_per_class": {
            "5": 0.9236553907394409,
            "4": 0.9729729890823364,
            "3": 0.9228534698486328,
            "2": 0.9013081789016724,
            "1": 0.9377380609512329,
            "0": 0.9083932638168335
        },
        "macro_recall": 0.9278912544250488,
        "micro_recall": 0.9275742173194885,
        "recall_per_class": {
            "5": 0.9377593398094177,
            "4": 0.9726464152336121,
            "3": 0.9135644435882568,
            "2": 0.8958196043968201,
            "1": 0.9372724294662476,
            "0": 0.9102851748466492
        },
        "macro_f1": 0.9278413653373718,
        "micro_f1": 0.9275742173194885,
        "f1_per_class": {
            "5": 0.9306539297103882,
            "4": 0.9728096723556519,
            "3": 0.9181854724884033,
            "2": 0.8985555171966553,
            "1": 0.9375051856040955,
            "0": 0.9093382358551025
        },
        "Kappa": 0.9130842089653015,
        "MSE": 0.023430930450558662,
        "LogLoss": 0.9777991771697998,
        "AUNU": 0.9618387818336487,
        "micro_ROC-AUC": 0.9622164964675903,
        "AUNP": 0.9616580009460449,
        "AU1U": 0.9619038306656916,
        "AU1P": 0.9617991482008706,
        "ROC-AUC_per_class_vs_rest": {
            "5": 0.9655039652352234,
            "4": 0.9880838226466767,
            "3": 0.9525963761669092,
            "2": 0.9430223092420824,
            "1": 0.9686453521075776,
            "0": 0.9531808765019957
        }
    }
}