{
  "dataset_name": "volkert_balanced",
  "classification_type": "multiclass",
  "class_balance": "balanced",
  "correlation_type": "spearman",
  "correlation_matrix": {
    "macro_accuracy": {
      "macro_accuracy": 1.0,
      "micro_accuracy": 0.999996999695469,
      "macro_precision": 0.9962076207620763,
      "micro_precision": 0.999996999695469,
      "macro_recall": 0.9996759675967597,
      "micro_recall": 0.999996999695469,
      "macro_f1": 0.9972997299729973,
      "micro_f1": 0.999996999695469,
      "MSE": -0.6037803780378038,
      "LogLoss": -0.5137353735373538,
      "AUNU": 0.6035643564356435,
      "micro_ROC-AUC": 0.60004800480048
    },
    "micro_accuracy": {
      "macro_accuracy": 0.999996999695469,
      "micro_accuracy": 1.0,
      "macro_precision": 0.9962046090792185,
      "micro_precision": 1.0,
      "macro_recall": 0.9996849675561572,
      "micro_recall": 1.0,
      "macro_f1": 0.9972967215668096,
      "micro_f1": 1.0,
      "MSE": -0.6038601976030707,
      "LogLoss": -0.5137669179948656,
      "AUNU": 0.6036261734985869,
      "micro_ROC-AUC": 0.600109811313266
    },
    "macro_precision": {
      "macro_accuracy": 0.9962076207620763,
      "micro_accuracy": 0.9962046090792185,
      "macro_precision": 1.0,
      "micro_precision": 0.9962046090792185,
      "macro_recall": 0.9948154815481548,
      "micro_recall": 0.9962046090792185,
      "macro_f1": 0.9997359735973598,
      "micro_f1": 0.9962046090792185,
      "MSE": -0.567008700870087,
      "LogLoss": -0.475043504350435,
      "AUNU": 0.5676567656765676,
      "micro_ROC-AUC": 0.563996399639964
    },
    "micro_precision": {
      "macro_accuracy": 0.999996999695469,
      "micro_accuracy": 1.0,
      "macro_precision": 0.9962046090792185,
      "micro_precision": 1.0,
      "macro_recall": 0.9996849675561572,
      "micro_recall": 1.0,
      "macro_f1": 0.9972967215668096,
      "micro_f1": 1.0,
      "MSE": -0.6038601976030707,
      "LogLoss": -0.5137669179948656,
      "AUNU": 0.6036261734985869,
      "micro_ROC-AUC": 0.600109811313266
    },
    "macro_recall": {
      "macro_accuracy": 0.9996759675967597,
      "micro_accuracy": 0.9996849675561572,
      "macro_precision": 0.9948154815481548,
      "micro_precision": 0.9996849675561572,
      "macro_recall": 1.0,
      "micro_recall": 0.9996849675561572,
      "macro_f1": 0.996039603960396,
      "micro_f1": 0.9996849675561572,
      "MSE": -0.6112091209120912,
      "LogLoss": -0.5217641764176417,
      "AUNU": 0.6111131113111311,
      "micro_ROC-AUC": 0.6076327632763276
    },
    "micro_recall": {
      "macro_accuracy": 0.999996999695469,
      "micro_accuracy": 1.0,
      "macro_precision": 0.9962046090792185,
      "micro_precision": 1.0,
      "macro_recall": 0.9996849675561572,
      "micro_recall": 1.0,
      "macro_f1": 0.9972967215668096,
      "micro_f1": 1.0,
      "MSE": -0.6038601976030707,
      "LogLoss": -0.5137669179948656,
      "AUNU": 0.6036261734985869,
      "micro_ROC-AUC": 0.600109811313266
    },
    "macro_f1": {
      "macro_accuracy": 0.9972997299729973,
      "micro_accuracy": 0.9972967215668096,
      "macro_precision": 0.9997359735973598,
      "micro_precision": 0.9972967215668096,
      "macro_recall": 0.996039603960396,
      "micro_recall": 0.9972967215668096,
      "macro_f1": 1.0,
      "micro_f1": 0.9972967215668096,
      "MSE": -0.5738973897389739,
      "LogLoss": -0.48296429642964295,
      "AUNU": 0.5744134413441344,
      "micro_ROC-AUC": 0.570945094509451
    },
    "micro_f1": {
      "macro_accuracy": 0.999996999695469,
      "micro_accuracy": 1.0,
      "macro_precision": 0.9962046090792185,
      "micro_precision": 1.0,
      "macro_recall": 0.9996849675561572,
      "micro_recall": 1.0,
      "macro_f1": 0.9972967215668096,
      "micro_f1": 1.0,
      "MSE": -0.6038601976030707,
      "LogLoss": -0.5137669179948656,
      "AUNU": 0.6036261734985869,
      "micro_ROC-AUC": 0.600109811313266
    },
    "MSE": {
      "macro_accuracy": -0.6037803780378038,
      "micro_accuracy": -0.6038601976030707,
      "macro_precision": -0.567008700870087,
      "micro_precision": -0.6038601976030707,
      "macro_recall": -0.6112091209120912,
      "micro_recall": -0.6038601976030707,
      "macro_f1": -0.5738973897389739,
      "micro_f1": -0.6038601976030707,
      "MSE": 1.0,
      "LogLoss": 0.9805460546054605,
      "AUNU": -0.9979357935793579,
      "micro_ROC-AUC": -0.9971917191719172
    },
    "LogLoss": {
      "macro_accuracy": -0.5137353735373538,
      "micro_accuracy": -0.5137669179948656,
      "macro_precision": -0.475043504350435,
      "micro_precision": -0.5137669179948656,
      "macro_recall": -0.5217641764176417,
      "micro_recall": -0.5137669179948656,
      "macro_f1": -0.48296429642964295,
      "micro_f1": -0.5137669179948656,
      "MSE": 0.9805460546054605,
      "LogLoss": 1.0,
      "AUNU": -0.9806060606060606,
      "micro_ROC-AUC": -0.9832223222322232
    },
    "AUNU": {
      "macro_accuracy": 0.6035643564356435,
      "micro_accuracy": 0.6036261734985869,
      "macro_precision": 0.5676567656765676,
      "micro_precision": 0.6036261734985869,
      "macro_recall": 0.6111131113111311,
      "micro_recall": 0.6036261734985869,
      "macro_f1": 0.5744134413441344,
      "micro_f1": 0.6036261734985869,
      "MSE": -0.9979357935793579,
      "LogLoss": -0.9806060606060606,
      "AUNU": 1.0,
      "micro_ROC-AUC": 0.9991719171917192
    },
    "micro_ROC-AUC": {
      "macro_accuracy": 0.60004800480048,
      "micro_accuracy": 0.600109811313266,
      "macro_precision": 0.563996399639964,
      "micro_precision": 0.600109811313266,
      "macro_recall": 0.6076327632763276,
      "micro_recall": 0.600109811313266,
      "macro_f1": 0.570945094509451,
      "micro_f1": 0.600109811313266,
      "MSE": -0.9971917191719172,
      "LogLoss": -0.9832223222322232,
      "AUNU": 0.9991719171917192,
      "micro_ROC-AUC": 1.0
    }
  }
}