{
    "classification type": "binary",
    "class balance": "imbalanced",
    "dataset name": "vehicle-sensit_imbalanced",
    "class names": [
        0,
        1
    ],
    "model name": "knn",
    "index": 1,
    "cv fold": 3,
    "fold info": {
        "train distribution": 212,
        "test distribution": 52,
        "train distribution pct": 1.9631447356236689,
        "test distribution pct": 1.9266394961096702
    },
    "metrics": {
        "macro_accuracy": 0.974330484867096,
        "micro_accuracy": 0.974330484867096,
        "accuracy_per_class": {
            "0": 0.974330484867096,
            "1": 0.974330484867096
        },
        "macro_precision": 0.5364304184913635,
        "micro_precision": 0.974330484867096,
        "precision_per_class": {
            "0": 0.9809880256652832,
            "1": 0.09187278896570206
        },
        "macro_recall": 0.514119565486908,
        "micro_recall": 0.974330484867096,
        "recall_per_class": {
            "0": 0.9930644035339355,
            "1": 0.03517474606633186
        },
        "macro_f1": 0.5189308524131775,
        "micro_f1": 0.974330484867096,
        "f1_per_class": {
            "0": 0.9869893193244934,
            "1": 0.050872329622507095
        },
        "MSE": 0.024894025176763535,
        "LogLoss": 1.369452714920044,
        "AUNU": 0.6983783841133118,
        "micro_ROC-AUC": 0.6983783841133118
    }
}