{
    "classification type": "multilabel",
    "class balance": "balanced",
    "dataset name": "stackexcs_trimmed",
    "class names": [
        "tag_algorithms",
        "tag_complexity-theory",
        "tag_formal-languages",
        "tag_graph-theory",
        "tag_terminology",
        "tag_graphs",
        "tag_computability",
        "tag_turing-machines",
        "tag_context-free",
        "tag_regular-languages",
        "tag_automata",
        "tag_formal-grammars",
        "tag_finite-automata"
    ],
    "model name": "knn",
    "index": 0,
    "cv fold": 3,
    "fold info": {
        "train distribution": [
            93,
            90,
            93,
            90,
            86,
            87,
            88,
            93,
            84,
            86,
            94,
            86,
            88
        ],
        "test distribution": [
            23,
            23,
            23,
            22,
            21,
            21,
            22,
            24,
            21,
            21,
            23,
            22,
            23
        ],
        "train distribution pct": [
            14.553990610328638,
            14.084507042253522,
            14.553990610328638,
            14.084507042253522,
            13.458528951486699,
            13.615023474178404,
            13.77151799687011,
            14.553990610328638,
            13.145539906103288,
            13.458528951486699,
            14.710485133020345,
            13.458528951486699,
            13.77151799687011
        ],
        "test distribution pct": [
            14.374999999999998,
            14.374999999999998,
            14.374999999999998,
            13.750000000000002,
            13.125,
            13.125,
            13.750000000000002,
            15.0,
            13.125,
            13.125,
            14.374999999999998,
            13.750000000000002,
            14.374999999999998
        ]
    },
    "metrics": {
        "macro_accuracy": 0.8776183260540154,
        "micro_accuracy": 0.8776183260540155,
        "accuracy_per_class": {
            "tag_algorithms": 0.8451911935110081,
            "tag_complexity-theory": 0.86882966396292,
            "tag_formal-languages": 0.8358053302433371,
            "tag_graph-theory": 0.8763615295480881,
            "tag_terminology": 0.8415990730011588,
            "tag_graphs": 0.8749710312862109,
            "tag_computability": 0.8761297798377752,
            "tag_turing-machines": 0.9004634994206258,
            "tag_context-free": 0.9068366164542294,
            "tag_regular-languages": 0.8929316338354577,
            "tag_automata": 0.870683661645423,
            "tag_formal-grammars": 0.920162224797219,
            "tag_finite-automata": 0.8990730011587486
        },
        "macro_precision": 0.57092906109185,
        "micro_precision": 0.5901063425750095,
        "precision_per_class": {
            "tag_algorithms": 0.43585780525502316,
            "tag_complexity-theory": 0.5657311669128509,
            "tag_formal-languages": 0.39014647137150466,
            "tag_graph-theory": 0.5744016649323621,
            "tag_terminology": 0.2797494780793319,
            "tag_graphs": 0.5516014234875445,
            "tag_computability": 0.5861070911722142,
            "tag_turing-machines": 0.7014925373134329,
            "tag_context-free": 0.6801310043668122,
            "tag_regular-languages": 0.6308040770101925,
            "tag_automata": 0.5854503464203233,
            "tag_formal-grammars": 0.7476635514018691,
            "tag_finite-automata": 0.6929411764705883
        },
        "macro_recall": 0.3987553390720268,
        "micro_recall": 0.3976836447402099,
        "recall_per_class": {
            "tag_algorithms": 0.22505985634477255,
            "tag_complexity-theory": 0.31367731367731366,
            "tag_formal-languages": 0.2340255591054313,
            "tag_graph-theory": 0.456198347107438,
            "tag_terminology": 0.11591695501730104,
            "tag_graphs": 0.39879931389365353,
            "tag_computability": 0.3409090909090909,
            "tag_turing-machines": 0.557753164556962,
            "tag_context-free": 0.5493827160493827,
            "tag_regular-languages": 0.48225108225108226,
            "tag_automata": 0.40110759493670883,
            "tag_formal-grammars": 0.6174957118353345,
            "tag_finite-automata": 0.49124270225187655
        },
        "macro_f1": 0.4663540121602414,
        "micro_f1": 0.47515290519877673,
        "f1_per_class": {
            "tag_algorithms": 0.2968421052631579,
            "tag_complexity-theory": 0.4035827186512118,
            "tag_formal-languages": 0.2925611582626061,
            "tag_graph-theory": 0.5085214187010594,
            "tag_terminology": 0.163914373088685,
            "tag_graphs": 0.46291687406669985,
            "tag_computability": 0.4310803618946248,
            "tag_turing-machines": 0.6214191273688849,
            "tag_context-free": 0.6078048780487805,
            "tag_regular-languages": 0.5466143277723258,
            "tag_automata": 0.476056338028169,
            "tag_formal-grammars": 0.6763738844527948,
            "tag_finite-automata": 0.5749145924841386
        },
        "MSE": 0.102086141705513,
        "LogLoss": 3.0610711574554443,
        "AUNU": 0.7802746295928955,
        "micro_ROC-AUC": 0.7831182479858398,
        "AUNP": 0.7797863483428955,
        "ROC-AUC_per_class_vs_rest": {
            "tag_algorithms": 0.6939198979247961,
            "tag_complexity-theory": 0.73429315277068,
            "tag_formal-languages": 0.7164755962160192,
            "tag_graph-theory": 0.8257007529348869,
            "tag_terminology": 0.6346053284604622,
            "tag_graphs": 0.7860225939857226,
            "tag_computability": 0.7883968231992958,
            "tag_turing-machines": 0.8297842335809072,
            "tag_context-free": 0.845668483508665,
            "tag_regular-languages": 0.8189989720424502,
            "tag_automata": 0.7851638085696513,
            "tag_formal-grammars": 0.8603056248035166,
            "tag_finite-automata": 0.8242349493011547
        }
    }
}