{
    "classification type": "multiclass",
    "class balance": "balanced",
    "dataset name": "ag-news_balanced",
    "class names": [
        1,
        3,
        0,
        2
    ],
    "model name": "decision_tree",
    "index": 4,
    "cv fold": 2,
    "fold info": {
        "train distribution": 5760,
        "test distribution": 1440,
        "train distribution pct": 150.0,
        "test distribution pct": 150.0
    },
    "metrics": {
        "macro_accuracy": 0.8794487714767456,
        "micro_accuracy": 0.8794487714767456,
        "accuracy_per_class": {
            "1": 0.8891059160232544,
            "3": 0.9183159470558167,
            "0": 0.8506510257720947,
            "2": 0.8597221970558167
        },
        "macro_precision": 0.7582228183746338,
        "micro_precision": 0.7588975429534912,
        "precision_per_class": {
            "1": 0.7789382338523865,
            "3": 0.8276998400688171,
            "0": 0.7015820741653442,
            "2": 0.7246711850166321
        },
        "macro_recall": 0.758897602558136,
        "micro_recall": 0.7588975429534912,
        "recall_per_class": {
            "1": 0.7769097089767456,
            "3": 0.8502604365348816,
            "0": 0.7006076574325562,
            "2": 0.707812488079071
        },
        "macro_f1": 0.7584970593452454,
        "micro_f1": 0.7588975429534912,
        "f1_per_class": {
            "1": 0.7779226303100586,
            "3": 0.838828444480896,
            "0": 0.7010945081710815,
            "2": 0.7161426544189453
        },
        "Kappa": 0.6785300374031067,
        "MSE": 0.10940389335155487,
        "LogLoss": 3.464475393295288,
        "AUNU": 0.83145672082901,
        "micro_ROC-AUC": 0.832085371017456,
        "AUNP": 0.83145672082901,
        "AU1U": 0.8314567493705591,
        "AU1P": 0.8314567493705591,
        "ROC-AUC_per_class_vs_rest": {
            "1": 0.8446618212790156,
            "3": 0.8825458881393874,
            "0": 0.7966427863478172,
            "2": 0.8019765017160172
        }
    }
}