{
    "classification type": "multilabel",
    "class balance": "balanced",
    "dataset name": "emotions_balanced",
    "class names": [
        "angry-aggresive",
        "amazed-suprised",
        "sad-lonely",
        "happy-pleased"
    ],
    "model name": "knn",
    "index": 2,
    "cv fold": 2,
    "fold info": {
        "train distribution": [
            151,
            138,
            134,
            133
        ],
        "test distribution": [
            38,
            35,
            34,
            33
        ],
        "train distribution pct": [
            36.473429951690825,
            33.33333333333333,
            32.367149758454104,
            32.125603864734295
        ],
        "test distribution pct": [
            37.254901960784316,
            34.31372549019608,
            33.33333333333333,
            32.35294117647059
        ]
    },
    "metrics": {
        "macro_accuracy": 0.7785660941000747,
        "micro_accuracy": 0.7785660941000747,
        "accuracy_per_class": {
            "angry-aggresive": 0.7632561613144138,
            "amazed-suprised": 0.7662434652725915,
            "sad-lonely": 0.8312173263629574,
            "happy-pleased": 0.7535474234503361
        },
        "macro_precision": 0.7464829887908007,
        "micro_precision": 0.739097169089518,
        "precision_per_class": {
            "angry-aggresive": 0.7108433734939759,
            "amazed-suprised": 0.6826666666666666,
            "sad-lonely": 0.8781362007168458,
            "happy-pleased": 0.7142857142857143
        },
        "macro_recall": 0.5306604089019533,
        "micro_recall": 0.5334069574820541,
        "recall_per_class": {
            "angry-aggresive": 0.5995934959349594,
            "amazed-suprised": 0.5688888888888889,
            "sad-lonely": 0.5606407322654462,
            "happy-pleased": 0.39351851851851855
        },
        "macro_f1": 0.6157306075493132,
        "micro_f1": 0.6196279666452854,
        "f1_per_class": {
            "angry-aggresive": 0.6504961411245865,
            "amazed-suprised": 0.6206060606060606,
            "sad-lonely": 0.6843575418994413,
            "happy-pleased": 0.5074626865671642
        },
        "MSE": 0.15356981754302979,
        "LogLoss": 1.5261625051498413,
        "AUNU": 0.8214343190193176,
        "micro_ROC-AUC": 0.8306605219841003,
        "AUNP": 0.8225998878479004,
        "ROC-AUC_per_class_vs_rest": {
            "angry-aggresive": 0.8541384705464528,
            "amazed-suprised": 0.8177552805899263,
            "sad-lonely": 0.8643949118917027,
            "happy-pleased": 0.7494487320837927
        }
    }
}