{
    "classification type": "multiclass",
    "class balance": "imbalanced",
    "dataset name": "dbpedia-ontology_imbalanced",
    "class names": [
        0,
        1,
        2,
        3,
        4,
        5,
        6
    ],
    "model name": "random_forest",
    "index": 4,
    "cv fold": 4,
    "fold info": {
        "train distribution": 66096,
        "test distribution": 16524,
        "train distribution pct": 246.039309112567,
        "test distribution pct": 246.039309112567
    },
    "metrics": {
        "macro_accuracy": 0.981751561164856,
        "micro_accuracy": 0.9817516207695007,
        "accuracy_per_class": {
            "0": 0.969144344329834,
            "1": 0.9868910312652588,
            "2": 0.9746277332305908,
            "3": 0.9879074692726135,
            "4": 0.9875938296318054,
            "5": 0.983780026435852,
            "6": 0.9823168516159058
        },
        "macro_precision": 0.9303213953971863,
        "micro_precision": 0.9361306428909302,
        "precision_per_class": {
            "0": 0.9119490385055542,
            "1": 0.9607260823249817,
            "2": 0.9216480255126953,
            "3": 0.9690436124801636,
            "4": 0.899249255657196,
            "5": 0.939317524433136,
            "6": 0.9103162288665771
        },
        "macro_recall": 0.9224807620048523,
        "micro_recall": 0.9361306428909302,
        "recall_per_class": {
            "0": 0.921593964099884,
            "1": 0.9684760570526123,
            "2": 0.9402623176574707,
            "3": 0.9652342200279236,
            "4": 0.8501960635185242,
            "5": 0.9367272853851318,
            "6": 0.8748754262924194
        },
        "macro_f1": 0.9262326955795288,
        "micro_f1": 0.9361306428909302,
        "f1_per_class": {
            "0": 0.9167461395263672,
            "1": 0.9645854830741882,
            "2": 0.9308621287345886,
            "3": 0.9671351909637451,
            "4": 0.8740349411964417,
            "5": 0.9380205869674683,
            "6": 0.8922440409660339
        },
        "Kappa": 0.9237490892410278,
        "MSE": 0.017678609117865562,
        "LogLoss": 0.8368890285491943,
        "AUNU": 0.9640882015228271,
        "micro_ROC-AUC": 0.9684435129165649,
        "AUNP": 0.9677565097808838,
        "AU1U": 0.9632121012174809,
        "AU1P": 0.9650302280869112,
        "ROC-AUC_per_class_vs_rest": {
            "0": 0.9565949573395163,
            "1": 0.9839262458820122,
            "2": 0.961625593390656,
            "3": 0.9822557765600021,
            "4": 0.9445543321360329,
            "5": 0.9681562238214911,
            "6": 0.951504364850349
        }
    }
}