{
    "classification type": "multilabel",
    "class balance": "balanced",
    "dataset name": "tmc2007500_balanced",
    "class names": [
        "class13",
        "class07",
        "class01",
        "class14",
        "class18",
        "class10"
    ],
    "model name": "knn",
    "index": 0,
    "cv fold": 4,
    "fold info": {
        "train distribution": [
            1252,
            1253,
            1253,
            1253,
            1189,
            1183
        ],
        "test distribution": [
            313,
            313,
            313,
            313,
            298,
            296
        ],
        "train distribution pct": [
            19.772583701831962,
            19.788376500315856,
            19.788376500315856,
            19.788376500315856,
            18.777637397346812,
            18.68288060644346
        ],
        "test distribution pct": [
            19.835234474017742,
            19.835234474017742,
            19.835234474017742,
            19.835234474017742,
            18.88466413181242,
            18.75792141951838
        ]
    },
    "metrics": {
        "macro_accuracy": 0.8883270122208176,
        "micro_accuracy": 0.8883270122208176,
        "accuracy_per_class": {
            "class13": 0.8353982300884956,
            "class07": 0.8972187104930468,
            "class01": 0.9505689001264223,
            "class14": 0.9142857142857143,
            "class18": 0.8790139064475347,
            "class10": 0.8534766118836915
        },
        "macro_precision": 0.783839804324019,
        "micro_precision": 0.7898775269293198,
        "precision_per_class": {
            "class13": 0.7624750499001997,
            "class07": 0.7152658662092625,
            "class01": 0.9010238907849829,
            "class14": 0.8518225039619651,
            "class18": 0.7357651245551602,
            "class10": 0.7366863905325444
        },
        "macro_recall": 0.5775302596938144,
        "micro_recall": 0.5800195037382165,
        "recall_per_class": {
            "class13": 0.2440894568690096,
            "class07": 0.7988505747126436,
            "class01": 0.842911877394636,
            "class14": 0.6864623243933589,
            "class18": 0.5561533288500337,
            "class10": 0.3367139959432049
        },
        "macro_f1": 0.6419094743534267,
        "micro_f1": 0.6688741721854304,
        "f1_per_class": {
            "class13": 0.3697967086156825,
            "class07": 0.7547511312217194,
            "class01": 0.8709996700758825,
            "class14": 0.7602545968882602,
            "class18": 0.6334737648410571,
            "class10": 0.46218097447795825
        },
        "MSE": 0.08553560823202133,
        "LogLoss": 2.3337056636810303,
        "AUNU": 0.8902254700660706,
        "micro_ROC-AUC": 0.8916323781013489,
        "AUNP": 0.890649139881134,
        "ROC-AUC_per_class_vs_rest": {
            "class13": 0.7721800013595268,
            "class07": 0.9364548757567412,
            "class01": 0.9713476616917828,
            "class14": 0.9239263192944651,
            "class18": 0.8965358709521651,
            "class10": 0.8409079415765148
        }
    }
}