{
    "classification type": "multilabel",
    "class balance": "balanced",
    "dataset name": "scene_trimmed",
    "class names": [
        "Mountain",
        "Urban",
        "Field",
        "Beach",
        "FallFoliage",
        "Sunset"
    ],
    "model name": "random_forest",
    "index": 0,
    "cv fold": 0,
    "fold info": {
        "train distribution": [
            367,
            344,
            337,
            336,
            318,
            291
        ],
        "test distribution": [
            92,
            86,
            84,
            84,
            79,
            73
        ],
        "train distribution pct": [
            19.646680942184155,
            18.41541755888651,
            18.0406852248394,
            17.987152034261243,
            17.02355460385439,
            15.578158458244113
        ],
        "test distribution pct": [
            19.78494623655914,
            18.494623655913976,
            18.064516129032256,
            18.064516129032256,
            16.989247311827956,
            15.698924731182796
        ]
    },
    "metrics": {
        "macro_accuracy": 0.8715457834935122,
        "micro_accuracy": 0.8715457834935122,
        "accuracy_per_class": {
            "Mountain": 0.7977598008711886,
            "Urban": 0.8307405102675793,
            "Field": 0.909769757311761,
            "Beach": 0.8593652769135034,
            "FallFoliage": 0.8913779990320128,
            "Sunset": 0.940261356565028
        },
        "macro_precision": 0.6604840934042617,
        "micro_precision": 0.6663311914531238,
        "precision_per_class": {
            "Mountain": 0.47987773815588386,
            "Urban": 0.5533268101761253,
            "Field": 0.7644912849614917,
            "Beach": 0.6310947562097516,
            "FallFoliage": 0.7097078228086711,
            "Sunset": 0.824406148113647
        },
        "macro_recall": 0.5668137032696424,
        "micro_recall": 0.5573038073038074,
        "recall_per_class": {
            "Mountain": 0.3309908643710471,
            "Urban": 0.4242310577644411,
            "Field": 0.7226053639846743,
            "Beach": 0.5268817204301075,
            "FallFoliage": 0.6119463632669646,
            "Sunset": 0.7842268498006203
        },
        "macro_f1": 0.6083839456948907,
        "micro_f1": 0.6069602623320758,
        "f1_per_class": {
            "Mountain": 0.3917654398003743,
            "Urban": 0.4802547770700637,
            "Field": 0.742958440023636,
            "Beach": 0.5742988698200083,
            "FallFoliage": 0.6572114335588043,
            "Sunset": 0.8038147138964578
        },
        "MSE": 0.10778052359819412,
        "LogLoss": 4.954899787902832,
        "AUNU": 0.8146067261695862,
        "micro_ROC-AUC": 0.8173452615737915,
        "AUNP": 0.8102906942367554,
        "ROC-AUC_per_class_vs_rest": {
            "Mountain": 0.707219518781421,
            "Urban": 0.7499687130394957,
            "Field": 0.8745045873249995,
            "Beach": 0.7960446083778301,
            "FallFoliage": 0.8554322620346155,
            "Sunset": 0.9044706689643472
        }
    }
}