{
    "classification type": "multiclass",
    "class balance": "balanced",
    "dataset name": "stocks_balanced",
    "class names": [
        0,
        1,
        2,
        3,
        4,
        5,
        6,
        7,
        8,
        9,
        10,
        11,
        12,
        13,
        14,
        15,
        16,
        17,
        18,
        19
    ],
    "model name": "random_forest",
    "index": 1,
    "cv fold": 3,
    "fold info": {
        "train distribution": 111720,
        "test distribution": 27930,
        "train distribution pct": 950.0,
        "test distribution pct": 950.0
    },
    "metrics": {
        "macro_accuracy": 0.9136683344841003,
        "micro_accuracy": 0.9136682748794556,
        "accuracy_per_class": {
            "0": 0.9503689408302307,
            "1": 0.950882077217102,
            "2": 0.950207531452179,
            "3": 0.42873862385749817,
            "4": 0.9583535194396973,
            "5": 0.9510031342506409,
            "6": 0.9605326652526855,
            "7": 0.9497924447059631,
            "8": 0.9501326084136963,
            "9": 0.9507091045379639,
            "10": 0.9499596357345581,
            "11": 0.9563876390457153,
            "12": 0.9682520627975464,
            "13": 0.9503920078277588,
            "14": 0.9531707763671875,
            "15": 0.9505476951599121,
            "16": 0.9554133415222168,
            "17": 0.9497924447059631,
            "18": 0.9778450131416321,
            "19": 0.6608843803405762
        },
        "macro_precision": 0.6808911561965942,
        "micro_precision": 0.13668280839920044,
        "precision_per_class": {
            "0": 0.6860465407371521,
            "1": 0.8097165822982788,
            "2": 0.800000011920929,
            "3": 0.05495068058371544,
            "4": 0.9813953638076782,
            "5": 0.939393937587738,
            "6": 0.9967373609542847,
            "7": 0.0,
            "8": 1.0,
            "9": 0.7971014380455017,
            "10": 0.0,
            "11": 0.9268105030059814,
            "12": 0.9879778027534485,
            "13": 0.8541666865348816,
            "14": 0.9692832827568054,
            "15": 0.7844311594963074,
            "16": 0.9785932898521423,
            "17": 0.0,
            "18": 0.9965049624443054,
            "19": 0.05471302568912506
        },
        "macro_recall": 0.13668280839920044,
        "micro_recall": 0.13668280839920044,
        "recall_per_class": {
            "0": 0.013605441898107529,
            "1": 0.02306007221341133,
            "2": 0.005534416995942593,
            "3": 0.6436066031455994,
            "4": 0.17029862105846405,
            "5": 0.0214458666741848,
            "6": 0.21134555339813232,
            "7": 0.0,
            "8": 0.00265190820209682,
            "9": 0.019024558365345,
            "10": 0.0,
            "11": 0.13870632648468018,
            "12": 0.3695376515388489,
            "13": 0.009454629383981228,
            "14": 0.06549060344696045,
            "15": 0.01510434690862894,
            "16": 0.11068834364414215,
            "17": 0.0,
            "18": 0.5588608384132385,
            "19": 0.3552404046058655
        },
        "macro_f1": 0.14335857331752777,
        "micro_f1": 0.13668280839920044,
        "f1_per_class": {
            "0": 0.026681741699576378,
            "1": 0.044843047857284546,
            "2": 0.010992785915732384,
            "3": 0.10125617682933807,
            "4": 0.290233850479126,
            "5": 0.04193439334630966,
            "6": 0.34874430298805237,
            "7": 0.0,
            "8": 0.005289788357913494,
            "9": 0.037162162363529205,
            "10": 0.0,
            "11": 0.24129976332187653,
            "12": 0.5378870368003845,
            "13": 0.018702246248722076,
            "14": 0.12269143760204315,
            "15": 0.029638009145855904,
            "16": 0.19888129830360413,
            "17": 0.0,
            "18": 0.716111421585083,
            "19": 0.09482188522815704
        },
        "Kappa": 0.09124506264925003,
        "MSE": 0.04349825531244278,
        "LogLoss": 2.75054669380188,
        "AUNU": 0.5803049802780151,
        "micro_ROC-AUC": 0.612415611743927,
        "AUNP": 0.5803049802780151,
        "AU1U": 0.580304951134432,
        "AU1P": 0.580304951134432,
        "ROC-AUC_per_class_vs_rest": {
            "0": 0.5470461674443375,
            "1": 0.5537557397650663,
            "2": 0.5487413031719292,
            "3": 0.5466285047791475,
            "4": 0.6113779545387736,
            "5": 0.5529849912270812,
            "6": 0.6310697242392824,
            "7": 0.5403574323394966,
            "8": 0.5446836100348447,
            "9": 0.550847305443829,
            "10": 0.5462699630479592,
            "11": 0.5993202576989122,
            "12": 0.7027247395049071,
            "13": 0.5487191365387991,
            "14": 0.5699568677082859,
            "15": 0.549839299309064,
            "16": 0.5866439676229218,
            "17": 0.5430891867593757,
            "18": 0.7861514383359423,
            "19": 0.5458914331786849
        }
    }
}