{
    "classification type": "multilabel",
    "class balance": "imbalanced",
    "dataset name": "mediamill_imbalanced",
    "class names": [
        "Class3",
        "Class12",
        "Class17",
        "Class44",
        "Class55",
        "Class57",
        "Class58",
        "Class76",
        "Class79",
        "Class94",
        "Class96",
        "Class97"
    ],
    "model name": "knn",
    "index": 3,
    "cv fold": 2,
    "fold info": {
        "train distribution": [
            80,
            2651,
            1109,
            2132,
            145,
            64,
            883,
            2235,
            3846,
            3829,
            1762,
            2136
        ],
        "test distribution": [
            20,
            663,
            277,
            534,
            36,
            16,
            220,
            558,
            962,
            958,
            440,
            534
        ],
        "train distribution pct": [
            0.7958615200955035,
            26.372861122164743,
            11.032630322323914,
            21.209709510545167,
            1.4424990051731,
            0.6366892160764027,
            8.78432152805412,
            22.234381217668126,
            38.26104257859132,
            38.091922005571035,
            17.528849980103463,
            21.24950258654994
        ],
        "test distribution pct": [
            0.8107012565869477,
            26.87474665585732,
            11.228212403729227,
            21.645723550871505,
            1.4592622618565059,
            0.6485610052695582,
            8.917713822456424,
            22.618565058775843,
            38.99473044183219,
            38.83259019051479,
            17.835427644912848,
            21.645723550871505
        ]
    },
    "metrics": {
        "macro_accuracy": 0.8395749850034288,
        "micro_accuracy": 0.8395749850034289,
        "accuracy_per_class": {
            "Class3": 0.992067207545387,
            "Class12": 0.7321318896538691,
            "Class17": 0.8814118394887279,
            "Class44": 0.8094970171497782,
            "Class55": 0.9810592232134037,
            "Class57": 0.9911953305187025,
            "Class58": 0.8981664812675288,
            "Class76": 0.7650957131997028,
            "Class79": 0.7473102808474816,
            "Class94": 0.6623989073619921,
            "Class96": 0.8178936653624302,
            "Class97": 0.7966722644321418
        },
        "macro_precision": 0.42608289256813076,
        "micro_precision": 0.5578764523395202,
        "precision_per_class": {
            "Class3": 0.5064935064935064,
            "Class12": 0.489873699438046,
            "Class17": 0.4192467142983152,
            "Class44": 0.5721136620455861,
            "Class55": 0.0824,
            "Class57": 0.01718213058419244,
            "Class58": 0.30552849488553335,
            "Class76": 0.4484805228954585,
            "Class79": 0.6933186740973828,
            "Class94": 0.5745474288816814,
            "Class96": 0.46440544271346873,
            "Class97": 0.5394044344843978
        },
        "macro_recall": 0.26380448483198526,
        "micro_recall": 0.367975617898342,
        "recall_per_class": {
            "Class3": 0.2725806451612903,
            "Class12": 0.2856748864373783,
            "Class17": 0.1843677269200931,
            "Class44": 0.4186093409695894,
            "Class55": 0.030600118835412953,
            "Class57": 0.006720430107526882,
            "Class58": 0.12229479430688243,
            "Class76": 0.22981713185755534,
            "Class79": 0.6134810855539031,
            "Class94": 0.4516223228023675,
            "Class96": 0.23000292997363023,
            "Class97": 0.3198824050581934
        },
        "macro_f1": 0.3211404650085436,
        "micro_f1": 0.44345082515791057,
        "f1_per_class": {
            "Class3": 0.35442153093324014,
            "Class12": 0.36089193121964214,
            "Class17": 0.2561090605382978,
            "Class44": 0.4834693901317092,
            "Class55": 0.04462738301559792,
            "Class57": 0.00966183574879227,
            "Class58": 0.17467279309384573,
            "Class76": 0.30390347583714095,
            "Class79": 0.6509610821072616,
            "Class94": 0.505722262746183,
            "Class96": 0.3076420640104507,
            "Class97": 0.401602770720362
        },
        "MSE": 0.13076245784759521,
        "LogLoss": 6.184185028076172,
        "AUNU": 0.6877718567848206,
        "micro_ROC-AUC": 0.7657741904258728,
        "AUNP": 0.6981343626976013,
        "ROC-AUC_per_class_vs_rest": {
            "Class3": 0.7940301016703537,
            "Class12": 0.6579578533991037,
            "Class17": 0.691832319590674,
            "Class44": 0.7524376489720822,
            "Class55": 0.6342795557451515,
            "Class57": 0.5528724739772193,
            "Class58": 0.6902184668682714,
            "Class76": 0.6646460197519296,
            "Class79": 0.7557048117247436,
            "Class94": 0.6622388036199015,
            "Class96": 0.6854844079910338,
            "Class97": 0.7115595070620002
        }
    }
}