{
  "dataset_name": "corel16k009_balanced",
  "classification_type": "multilabel",
  "class_balance": "balanced",
  "correlation_type": "pearson",
  "correlation_matrix": {
    "macro_accuracy": {
      "macro_accuracy": 1.0,
      "micro_accuracy": 0.9999999999999981,
      "macro_precision": 0.6162916681064391,
      "micro_precision": 0.6998867762033295,
      "macro_recall": 0.9548627771669448,
      "micro_recall": 0.9713759751613383,
      "macro_f1": 0.9032800234688426,
      "micro_f1": 0.9339947349894474,
      "MSE": -0.9315744998760465,
      "LogLoss": -0.9318153146993172,
      "AUNU": 0.9405958713663481,
      "micro_ROC-AUC": 0.9463559921631602
    },
    "micro_accuracy": {
      "macro_accuracy": 0.9999999999999981,
      "micro_accuracy": 1.0,
      "macro_precision": 0.6162916681064369,
      "micro_precision": 0.6998867762033273,
      "macro_recall": 0.9548627771669466,
      "micro_recall": 0.9713759751613403,
      "macro_f1": 0.9032800234688434,
      "micro_f1": 0.9339947349894483,
      "MSE": -0.9315744998760455,
      "LogLoss": -0.9318153146993149,
      "AUNU": 0.9405958713663447,
      "micro_ROC-AUC": 0.9463559921631571
    },
    "macro_precision": {
      "macro_accuracy": 0.6162916681064391,
      "micro_accuracy": 0.6162916681064369,
      "macro_precision": 1.0,
      "micro_precision": 0.9932765939593922,
      "macro_recall": 0.7464497226126164,
      "micro_recall": 0.7244372168041636,
      "macro_f1": 0.868077376415631,
      "micro_f1": 0.8391633584715479,
      "MSE": -0.35463875388658195,
      "LogLoss": -0.4044199854061904,
      "AUNU": 0.5259762493525288,
      "micro_ROC-AUC": 0.550891002127935
    },
    "micro_precision": {
      "macro_accuracy": 0.6998867762033295,
      "micro_accuracy": 0.6998867762033273,
      "macro_precision": 0.9932765939593922,
      "micro_precision": 1.0,
      "macro_recall": 0.8071182444397457,
      "micro_recall": 0.7898130062433196,
      "macro_f1": 0.9110402369898275,
      "micro_f1": 0.8897831156895752,
      "MSE": -0.4589273309631834,
      "LogLoss": -0.5069932734770826,
      "AUNU": 0.6177603083072746,
      "micro_ROC-AUC": 0.6405231656996792
    },
    "macro_recall": {
      "macro_accuracy": 0.9548627771669448,
      "micro_accuracy": 0.9548627771669466,
      "macro_precision": 0.7464497226126164,
      "micro_precision": 0.8071182444397457,
      "macro_recall": 1.0,
      "micro_recall": 0.9977424593176665,
      "macro_f1": 0.9783129272617299,
      "micro_f1": 0.9862917406763796,
      "MSE": -0.832714856070328,
      "LogLoss": -0.823848741137823,
      "AUNU": 0.8849066970944037,
      "micro_ROC-AUC": 0.8993829118175378
    },
    "micro_recall": {
      "macro_accuracy": 0.9713759751613383,
      "micro_accuracy": 0.9713759751613403,
      "macro_precision": 0.7244372168041636,
      "micro_precision": 0.7898130062433196,
      "macro_recall": 0.9977424593176665,
      "micro_recall": 1.0,
      "macro_f1": 0.9696181918046929,
      "micro_f1": 0.9826833454896173,
      "MSE": -0.8541511437733237,
      "LogLoss": -0.8462264771200048,
      "AUNU": 0.8952635178164062,
      "micro_ROC-AUC": 0.9083009671660418
    },
    "macro_f1": {
      "macro_accuracy": 0.9032800234688426,
      "micro_accuracy": 0.9032800234688434,
      "macro_precision": 0.868077376415631,
      "micro_precision": 0.9110402369898275,
      "macro_recall": 0.9783129272617299,
      "micro_recall": 0.9696181918046929,
      "macro_f1": 1.0,
      "micro_f1": 0.9967650528079294,
      "MSE": -0.7303793422566015,
      "LogLoss": -0.7389578737510054,
      "AUNU": 0.8227041706814439,
      "micro_ROC-AUC": 0.8413318331158489
    },
    "micro_f1": {
      "macro_accuracy": 0.9339947349894474,
      "micro_accuracy": 0.9339947349894483,
      "macro_precision": 0.8391633584715479,
      "micro_precision": 0.8897831156895752,
      "macro_recall": 0.9862917406763796,
      "micro_recall": 0.9826833454896173,
      "macro_f1": 0.9967650528079294,
      "micro_f1": 1.0,
      "MSE": -0.7739254857404863,
      "LogLoss": -0.7824643304682467,
      "AUNU": 0.8525582494119437,
      "micro_ROC-AUC": 0.8691573512478771
    },
    "MSE": {
      "macro_accuracy": -0.9315744998760465,
      "micro_accuracy": -0.9315744998760455,
      "macro_precision": -0.35463875388658195,
      "micro_precision": -0.4589273309631834,
      "macro_recall": -0.832714856070328,
      "micro_recall": -0.8541511437733237,
      "macro_f1": -0.7303793422566015,
      "micro_f1": -0.7739254857404863,
      "MSE": 1.0,
      "LogLoss": 0.9923075485443752,
      "AUNU": -0.9728635479730346,
      "micro_ROC-AUC": -0.9676581994419289
    },
    "LogLoss": {
      "macro_accuracy": -0.9318153146993172,
      "micro_accuracy": -0.9318153146993149,
      "macro_precision": -0.4044199854061904,
      "micro_precision": -0.5069932734770826,
      "macro_recall": -0.823848741137823,
      "micro_recall": -0.8462264771200048,
      "macro_f1": -0.7389578737510054,
      "micro_f1": -0.7824643304682467,
      "MSE": 0.9923075485443752,
      "LogLoss": 1.0,
      "AUNU": -0.9817555099740892,
      "micro_ROC-AUC": -0.9761615056294133
    },
    "AUNU": {
      "macro_accuracy": 0.9405958713663481,
      "micro_accuracy": 0.9405958713663447,
      "macro_precision": 0.5259762493525288,
      "micro_precision": 0.6177603083072746,
      "macro_recall": 0.8849066970944037,
      "micro_recall": 0.8952635178164062,
      "macro_f1": 0.8227041706814439,
      "micro_f1": 0.8525582494119437,
      "MSE": -0.9728635479730346,
      "LogLoss": -0.9817555099740892,
      "AUNU": 1.0,
      "micro_ROC-AUC": 0.999405771371256
    },
    "micro_ROC-AUC": {
      "macro_accuracy": 0.9463559921631602,
      "micro_accuracy": 0.9463559921631571,
      "macro_precision": 0.550891002127935,
      "micro_precision": 0.6405231656996792,
      "macro_recall": 0.8993829118175378,
      "micro_recall": 0.9083009671660418,
      "macro_f1": 0.8413318331158489,
      "micro_f1": 0.8691573512478771,
      "MSE": -0.9676581994419289,
      "LogLoss": -0.9761615056294133,
      "AUNU": 0.999405771371256,
      "micro_ROC-AUC": 1.0
    }
  }
}