{
    "classification type": "binary",
    "class balance": "imbalanced",
    "dataset name": "philippine_imbalanced",
    "class names": [
        0,
        1
    ],
    "model name": "logistic_regression",
    "index": 0,
    "cv fold": 1,
    "fold info": {
        "train distribution": 204,
        "test distribution": 52,
        "train distribution pct": 12.7420362273579,
        "test distribution pct": 12.967581047381547
    },
    "metrics": {
        "macro_accuracy": 0.8728179335594177,
        "micro_accuracy": 0.8728179335594177,
        "accuracy_per_class": {
            "0": 0.8728179335594177,
            "1": 0.8728179335594177
        },
        "macro_precision": 0.7059303522109985,
        "micro_precision": 0.8728179335594177,
        "precision_per_class": {
            "0": 0.9039242267608643,
            "1": 0.5079365372657776
        },
        "macro_recall": 0.6331652402877808,
        "micro_recall": 0.8728179335594177,
        "recall_per_class": {
            "0": 0.9556509256362915,
            "1": 0.3106796145439148
        },
        "macro_f1": 0.657305121421814,
        "micro_f1": 0.8728179335594177,
        "f1_per_class": {
            "0": 0.9290681481361389,
            "1": 0.3855421543121338
        },
        "MSE": 0.10070370137691498,
        "LogLoss": 0.3737172484397888,
        "AUNU": 0.7538092136383057,
        "micro_ROC-AUC": 0.7538092136383057
    }
}