{
    "classification type": "binary",
    "class balance": "imbalanced",
    "dataset name": "amazon-reviews-0.25_imbalanced",
    "class names": [
        1,
        0
    ],
    "model name": "logistic_regression",
    "index": 0,
    "cv fold": 4,
    "fold info": {
        "train distribution": 21841,
        "test distribution": 5460,
        "train distribution pct": 76.46338047892452,
        "test distribution pct": 76.47058823529412
    },
    "metrics": {
        "macro_accuracy": 0.89922696352005,
        "micro_accuracy": 0.89922696352005,
        "accuracy_per_class": {
            "1": 0.89922696352005,
            "0": 0.89922696352005
        },
        "macro_precision": 0.8721163272857666,
        "micro_precision": 0.89922696352005,
        "precision_per_class": {
            "1": 0.8259394764900208,
            "0": 0.9182931780815125
        },
        "macro_recall": 0.8387542963027954,
        "micro_recall": 0.89922696352005,
        "recall_per_class": {
            "1": 0.7245031595230103,
            "0": 0.9530053734779358
        },
        "macro_f1": 0.8536152243614197,
        "micro_f1": 0.89922696352005,
        "f1_per_class": {
            "1": 0.7719031572341919,
            "0": 0.9353272914886475
        },
        "MSE": 0.07303200662136078,
        "LogLoss": 0.24472658336162567,
        "AUNU": 0.9449610114097595,
        "micro_ROC-AUC": 0.9449610114097595
    }
}