{
    "classification type": "multilabel",
    "class balance": "balanced",
    "dataset name": "cal500_balanced",
    "class names": [
        "Instrument_-_Male_Lead_Vocals",
        "Song-Texture_Electric",
        "NOT-Emotion-Angry-Agressive",
        "NOT-Emotion-Bizarre-Weird",
        "Song-Quality",
        "Song-Texture_Acoustic",
        "Instrument_-_Drum_Set"
    ],
    "model name": "decision_tree",
    "index": 4,
    "cv fold": 0,
    "fold info": {
        "train distribution": [
            241,
            239,
            240,
            218,
            213,
            216,
            216
        ],
        "test distribution": [
            59,
            59,
            60,
            55,
            58,
            55,
            55
        ],
        "train distribution pct": [
            64.95956873315365,
            64.42048517520216,
            64.6900269541779,
            58.760107816711596,
            57.41239892183289,
            58.22102425876011,
            58.22102425876011
        ],
        "test distribution pct": [
            64.83516483516483,
            64.83516483516483,
            65.93406593406593,
            60.43956043956044,
            63.73626373626373,
            60.43956043956044,
            60.43956043956044
        ]
    },
    "metrics": {
        "macro_accuracy": 0.549472869716607,
        "micro_accuracy": 0.549472869716607,
        "accuracy_per_class": {
            "Instrument_-_Male_Lead_Vocals": 0.5734597156398105,
            "Song-Texture_Electric": 0.5680433310765064,
            "NOT-Emotion-Angry-Agressive": 0.5531482735274205,
            "NOT-Emotion-Bizarre-Weird": 0.5443466486120515,
            "Song-Quality": 0.5125253893026405,
            "Song-Texture_Acoustic": 0.5260663507109005,
            "Instrument_-_Drum_Set": 0.5687203791469194
        },
        "macro_precision": 0.632913652669993,
        "micro_precision": 0.6337383620009468,
        "precision_per_class": {
            "Instrument_-_Male_Lead_Vocals": 0.6763129689174705,
            "Song-Texture_Electric": 0.6670201484623541,
            "NOT-Emotion-Angry-Agressive": 0.6630434782608695,
            "NOT-Emotion-Bizarre-Weird": 0.6135593220338983,
            "Song-Quality": 0.5862857142857143,
            "Song-Texture_Acoustic": 0.5939597315436241,
            "Instrument_-_Drum_Set": 0.6302142051860203
        },
        "macro_recall": 0.6313478188071493,
        "micro_recall": 0.6321422949787502,
        "recall_per_class": {
            "Instrument_-_Male_Lead_Vocals": 0.6579770594369134,
            "Song-Texture_Electric": 0.6600209863588667,
            "NOT-Emotion-Angry-Agressive": 0.6354166666666666,
            "NOT-Emotion-Bizarre-Weird": 0.6212814645308925,
            "Song-Quality": 0.5889781859931114,
            "Song-Texture_Acoustic": 0.6117511520737328,
            "Instrument_-_Drum_Set": 0.6440092165898618
        },
        "macro_f1": 0.6320348050510837,
        "micro_f1": 0.6329393223010245,
        "f1_per_class": {
            "Instrument_-_Male_Lead_Vocals": 0.6670190274841438,
            "Song-Texture_Electric": 0.6635021097046413,
            "NOT-Emotion-Angry-Agressive": 0.648936170212766,
            "NOT-Emotion-Bizarre-Weird": 0.6173962478681069,
            "Song-Quality": 0.5876288659793815,
            "Song-Texture_Acoustic": 0.6027241770715096,
            "Instrument_-_Drum_Set": 0.6370370370370371
        },
        "MSE": 0.450527161359787,
        "LogLoss": 45.052711486816406,
        "AUNU": 0.5241715908050537,
        "micro_ROC-AUC": 0.5249271392822266,
        "AUNP": 0.5243440270423889,
        "ROC-AUC_per_class_vs_rest": {
            "Instrument_-_Male_Lead_Vocals": 0.5374827382126652,
            "Song-Texture_Electric": 0.5303921725687464,
            "NOT-Emotion-Angry-Agressive": 0.5179017569310123,
            "NOT-Emotion-Bizarre-Weird": 0.5270586427132075,
            "Song-Quality": 0.495809225009757,
            "Song-Texture_Acoustic": 0.5078460193866201,
            "Instrument_-_Drum_Set": 0.5527106838285926
        }
    }
}