{
    "classification type": "multiclass",
    "class balance": "balanced",
    "dataset name": "dbpedia-ontology_balanced",
    "class names": [
        0,
        1,
        2,
        3,
        4,
        5,
        6
    ],
    "model name": "decision_tree",
    "index": 2,
    "cv fold": 4,
    "fold info": {
        "train distribution": 87360,
        "test distribution": 21840,
        "train distribution pct": 300.0,
        "test distribution pct": 300.0
    },
    "metrics": {
        "macro_accuracy": 0.9810273051261902,
        "micro_accuracy": 0.9810273051261902,
        "accuracy_per_class": {
            "0": 0.9719746112823486,
            "1": 0.9880082607269287,
            "2": 0.9741071462631226,
            "3": 0.9895020723342896,
            "4": 0.980793297290802,
            "5": 0.983863353729248,
            "6": 0.978942334651947
        },
        "macro_precision": 0.9336113929748535,
        "micro_precision": 0.9335954785346985,
        "precision_per_class": {
            "0": 0.9022107720375061,
            "1": 0.95853590965271,
            "2": 0.9091586470603943,
            "3": 0.9649224281311035,
            "4": 0.9317904114723206,
            "5": 0.9423837661743164,
            "6": 0.9262775778770447
        },
        "macro_recall": 0.9335954785346985,
        "micro_recall": 0.9335954785346985,
        "recall_per_class": {
            "0": 0.9015384912490845,
            "1": 0.9574759602546692,
            "2": 0.9096394181251526,
            "3": 0.961466372013092,
            "4": 0.933918297290802,
            "5": 0.9448077082633972,
            "6": 0.9263221025466919
        },
        "macro_f1": 0.9336024522781372,
        "micro_f1": 0.9335954785346985,
        "f1_per_class": {
            "0": 0.9018744826316833,
            "1": 0.9580056071281433,
            "2": 0.9093989729881287,
            "3": 0.9631912708282471,
            "4": 0.932853102684021,
            "5": 0.9435941576957703,
            "6": 0.9262998700141907
        },
        "Kappa": 0.922528088092804,
        "MSE": 0.017468824982643127,
        "LogLoss": 0.9530173540115356,
        "AUNU": 0.9594063758850098,
        "micro_ROC-AUC": 0.9594686627388,
        "AUNP": 0.9594063758850098,
        "AU1U": 0.9594063602381941,
        "AU1P": 0.9594063602381944,
        "ROC-AUC_per_class_vs_rest": {
            "0": 0.9426861272747935,
            "1": 0.9780615822334967,
            "2": 0.9396503817165157,
            "3": 0.9754142798188642,
            "4": 0.9584771901869914,
            "5": 0.9634641725318202,
            "6": 0.9580907879048787
        }
    }
}