{
    "classification type": "multilabel",
    "class balance": "balanced",
    "dataset name": "imdb_balanced",
    "class names": [
        "Romance",
        "Thriller",
        "Action",
        "Crime",
        "Family",
        "Horror",
        "Adventure"
    ],
    "model name": "knn",
    "index": 1,
    "cv fold": 2,
    "fold info": {
        "train distribution": [
            6378,
            6376,
            6376,
            6378,
            6378,
            6378,
            6377
        ],
        "test distribution": [
            1595,
            1595,
            1595,
            1594,
            1595,
            1594,
            1594
        ],
        "train distribution pct": [
            21.968105259532255,
            21.96121654668825,
            21.96121654668825,
            21.968105259532255,
            21.968105259532255,
            21.968105259532255,
            21.964660903110254
        ],
        "test distribution pct": [
            21.95759911894273,
            21.95759911894273,
            21.95759911894273,
            21.94383259911894,
            21.95759911894273,
            21.94383259911894,
            21.94383259911894
        ]
    },
    "metrics": {
        "macro_accuracy": 0.7486818894310382,
        "micro_accuracy": 0.7486818894310381,
        "accuracy_per_class": {
            "Romance": 0.6336979327898737,
            "Thriller": 0.773277611529598,
            "Action": 0.7742751006088123,
            "Crime": 0.7751522030750181,
            "Family": 0.7624944106215389,
            "Horror": 0.7527602930554123,
            "Adventure": 0.7691156743370138
        },
        "macro_precision": 0.2571283362181345,
        "micro_precision": 0.23873403486223793,
        "precision_per_class": {
            "Romance": 0.22532313034531543,
            "Thriller": 0.26140155728587317,
            "Action": 0.24554183813443073,
            "Crime": 0.28891820580474936,
            "Family": 0.24687800192122958,
            "Horror": 0.2636946386946387,
            "Adventure": 0.2681409813407049
        },
        "macro_recall": 0.06657149602310149,
        "micro_recall": 0.06657556954369302,
        "recall_per_class": {
            "Romance": 0.27469426152398874,
            "Thriller": 0.018425591971146307,
            "Action": 0.014034812607809314,
            "Crime": 0.017171083581621453,
            "Family": 0.04029476324866729,
            "Horror": 0.0709581307824996,
            "Adventure": 0.030421828445977732
        },
        "macro_f1": 0.08238773900375602,
        "micro_f1": 0.10411630758451568,
        "f1_per_class": {
            "Romance": 0.24757127212350302,
            "Thriller": 0.034424668571010036,
            "Action": 0.02655195431283839,
            "Crime": 0.03241563055062167,
            "Family": 0.0692815743361639,
            "Horror": 0.1118250339799827,
            "Adventure": 0.054644039152172384
        },
        "MSE": 0.20472760498523712,
        "LogLoss": 9.16435718536377,
        "AUNU": 0.508703351020813,
        "micro_ROC-AUC": 0.5080304145812988,
        "AUNP": 0.5087032318115234,
        "ROC-AUC_per_class_vs_rest": {
            "Romance": 0.5087498474079666,
            "Thriller": 0.51004890114716,
            "Action": 0.5046080881811171,
            "Crime": 0.5101754847663956,
            "Family": 0.5041608799138866,
            "Horror": 0.5163388528118846,
            "Adventure": 0.506841198340728
        }
    }
}