{
    "classification type": "multilabel",
    "class balance": "balanced",
    "dataset name": "scene_trimmed",
    "class names": [
        "Mountain",
        "Urban",
        "Field",
        "Beach",
        "FallFoliage",
        "Sunset"
    ],
    "model name": "decision_tree",
    "index": 1,
    "cv fold": 1,
    "fold info": {
        "train distribution": [
            367,
            344,
            337,
            336,
            317,
            292
        ],
        "test distribution": [
            92,
            86,
            84,
            84,
            80,
            72
        ],
        "train distribution pct": [
            19.699409554482017,
            18.46484165324745,
            18.089103596349972,
            18.035426731078903,
            17.01556629092861,
            15.673644659151906
        ],
        "test distribution pct": [
            19.574468085106382,
            18.29787234042553,
            17.872340425531917,
            17.872340425531917,
            17.02127659574468,
            15.319148936170212
        ]
    },
    "metrics": {
        "macro_accuracy": 0.8719699375463111,
        "micro_accuracy": 0.871969937546311,
        "accuracy_per_class": {
            "Mountain": 0.8000952683391553,
            "Urban": 0.8328834550651001,
            "Field": 0.9110034931724357,
            "Beach": 0.8590028580501746,
            "FallFoliage": 0.8881390917751667,
            "Sunset": 0.9406954588758336
        },
        "macro_precision": 0.6627970828371382,
        "micro_precision": 0.6703048890492513,
        "precision_per_class": {
            "Mountain": 0.48805878750765463,
            "Urban": 0.5624640184225677,
            "Field": 0.7691588785046729,
            "Beach": 0.6314102564102564,
            "FallFoliage": 0.7017543859649122,
            "Sunset": 0.823936170212766
        },
        "macro_recall": 0.5621012428791857,
        "micro_recall": 0.5524085637823372,
        "recall_per_class": {
            "Mountain": 0.3215006050826946,
            "Urban": 0.4207579672695952,
            "Field": 0.7241531016278047,
            "Beach": 0.5211640211640212,
            "FallFoliage": 0.5967365967365967,
            "Sunset": 0.788295165394402
        },
        "macro_f1": 0.6061263360391832,
        "micro_f1": 0.6056728339717988,
        "f1_per_class": {
            "Mountain": 0.38764591439688717,
            "Urban": 0.48139935944813994,
            "Field": 0.7459777928846589,
            "Beach": 0.5710144927536231,
            "FallFoliage": 0.6449987402368355,
            "Sunset": 0.8057217165149545
        },
        "MSE": 0.10496171563863754,
        "LogLoss": 4.027551174163818,
        "AUNU": 0.8250528573989868,
        "micro_ROC-AUC": 0.8289254307746887,
        "AUNP": 0.8208293914794922,
        "ROC-AUC_per_class_vs_rest": {
            "Mountain": 0.7188307053540539,
            "Urban": 0.7640295439832315,
            "Field": 0.8856588163600355,
            "Beach": 0.8065188877140207,
            "FallFoliage": 0.8612656599930544,
            "Sunset": 0.91401367597714
        }
    }
}