{
    "classification type": "multilabel",
    "class balance": "balanced",
    "dataset name": "mediamill_balanced",
    "class names": [
        "Class3",
        "Class12",
        "Class17",
        "Class44",
        "Class55",
        "Class57",
        "Class58",
        "Class76",
        "Class79",
        "Class94",
        "Class96",
        "Class97"
    ],
    "model name": "logistic_regression",
    "index": 3,
    "cv fold": 4,
    "fold info": {
        "train distribution": [
            1753,
            1808,
            1697,
            1806,
            1661,
            1626,
            1707,
            1800,
            1780,
            1802,
            1798,
            1795
        ],
        "test distribution": [
            438,
            451,
            424,
            452,
            416,
            406,
            426,
            450,
            444,
            450,
            450,
            449
        ],
        "train distribution pct": [
            17.503744383424863,
            18.052920619071394,
            16.944583125312032,
            18.03295057413879,
            16.58512231652521,
            16.235646530204694,
            17.044433349975037,
            17.97304043934099,
            17.77333999001498,
            17.99301048427359,
            17.95307039440839,
            17.923115327009487
        ],
        "test distribution pct": [
            17.492012779552716,
            18.011182108626198,
            16.93290734824281,
            18.051118210862622,
            16.61341853035144,
            16.21405750798722,
            17.012779552715653,
            17.971246006389777,
            17.731629392971247,
            17.971246006389777,
            17.971246006389777,
            17.931309904153355
        ]
    },
    "metrics": {
        "macro_accuracy": 0.8519766621402135,
        "micro_accuracy": 0.8519766621402135,
        "accuracy_per_class": {
            "Class3": 0.930785206486141,
            "Class12": 0.8287403147216231,
            "Class17": 0.8525840722102405,
            "Class44": 0.8310368240274782,
            "Class55": 0.8605319913731129,
            "Class57": 0.8690989695662593,
            "Class58": 0.8562784567457464,
            "Class76": 0.8253055355859095,
            "Class79": 0.8590941768511862,
            "Class94": 0.816598769869798,
            "Class96": 0.8426591580797188,
            "Class97": 0.8510064701653487
        },
        "macro_precision": 0.6316175975429797,
        "micro_precision": 0.655111689604349,
        "precision_per_class": {
            "Class3": 0.8196187258687259,
            "Class12": 0.5723725613593456,
            "Class17": 0.6428941908713693,
            "Class44": 0.598754756139744,
            "Class55": 0.6557647058823529,
            "Class57": 0.6866840731070496,
            "Class58": 0.6440129449838188,
            "Class76": 0.5322911327524347,
            "Class79": 0.6747056589441701,
            "Class94": 0.46646341463414637,
            "Class96": 0.6329113924050633,
            "Class97": 0.6529376135675349
        },
        "macro_recall": 0.3268797779756697,
        "micro_recall": 0.32546882726615695,
        "recall_per_class": {
            "Class3": 0.7751026928343222,
            "Class12": 0.20130588756086765,
            "Class17": 0.2921970768505422,
            "Class44": 0.191651904340124,
            "Class55": 0.3354597977852672,
            "Class57": 0.3559301181102362,
            "Class58": 0.34985935302390997,
            "Class76": 0.23077777777777778,
            "Class79": 0.39939298561151076,
            "Class94": 0.13587921847246892,
            "Class96": 0.2947064056939502,
            "Class97": 0.3602941176470588
        },
        "macro_f1": 0.42112878270298326,
        "micro_f1": 0.43488205134721314,
        "f1_per_class": {
            "Class3": 0.7967393854093362,
            "Class12": 0.2978549205829376,
            "Class17": 0.40178282009724475,
            "Class44": 0.29036316363331377,
            "Class55": 0.4438604873387482,
            "Class57": 0.46884369175917673,
            "Class58": 0.4534062428799271,
            "Class76": 0.32196558673073944,
            "Class79": 0.5017652873887869,
            "Class94": 0.21045392022008252,
            "Class96": 0.40215494347067304,
            "Class97": 0.4643549429248331
        },
        "MSE": 0.10605426877737045,
        "LogLoss": 0.3412196934223175,
        "AUNU": 0.8357632160186768,
        "micro_ROC-AUC": 0.8424364924430847,
        "AUNP": 0.8351879715919495,
        "ROC-AUC_per_class_vs_rest": {
            "Class3": 0.9685819594148973,
            "Class12": 0.7876057498401456,
            "Class17": 0.8252053323119386,
            "Class44": 0.7902706626210035,
            "Class55": 0.8420071927681412,
            "Class57": 0.8573714707429295,
            "Class58": 0.848295634104892,
            "Class76": 0.8116255410025859,
            "Class79": 0.8531297224241005,
            "Class94": 0.7777967045428791,
            "Class96": 0.8229007654788332,
            "Class97": 0.8443677110304418
        }
    }
}