{
    "classification type": "multiclass",
    "class balance": "imbalanced",
    "dataset name": "mfeat-karhunen_imbalanced",
    "class names": [
        0,
        1,
        2,
        3
    ],
    "model name": "knn",
    "index": 0,
    "cv fold": 3,
    "fold info": {
        "train distribution": 448,
        "test distribution": 112,
        "train distribution pct": 116.66666666666667,
        "test distribution pct": 116.66666666666667
    },
    "metrics": {
        "macro_accuracy": 0.9839135408401489,
        "micro_accuracy": 0.9839134812355042,
        "accuracy_per_class": {
            "0": 0.9827268123626709,
            "1": 0.9828586578369141,
            "2": 0.9882647395133972,
            "3": 0.9818037748336792
        },
        "macro_precision": 0.9662616848945618,
        "micro_precision": 0.9678270220756531,
        "precision_per_class": {
            "0": 0.9742777943611145,
            "1": 0.9643449187278748,
            "2": 0.9715369939804077,
            "3": 0.9548872113227844
        },
        "macro_recall": 0.961526095867157,
        "micro_recall": 0.9678270220756531,
        "recall_per_class": {
            "0": 0.9738923907279968,
            "1": 0.9814345836639404,
            "2": 0.9721518754959106,
            "3": 0.9186256527900696
        },
        "macro_f1": 0.9637874364852905,
        "micro_f1": 0.9678270220756531,
        "f1_per_class": {
            "0": 0.9740850925445557,
            "1": 0.9728147387504578,
            "2": 0.9718443751335144,
            "3": 0.9364055395126343
        },
        "Kappa": 0.9556636214256287,
        "MSE": 0.01915636844933033,
        "LogLoss": 0.5236213207244873,
        "AUNU": 0.9734687805175781,
        "micro_ROC-AUC": 0.976646363735199,
        "AUNP": 0.9762822985649109,
        "AU1U": 0.9725998294687206,
        "AU1P": 0.9738635958448819,
        "ROC-AUC_per_class_vs_rest": {
            "0": 0.9799019181371175,
            "1": 0.9803088973374185,
            "2": 0.9809452453638503,
            "3": 0.9527190234076442
        }
    }
}