{
    "classification type": "multiclass",
    "class balance": "imbalanced",
    "dataset name": "ag-news_imbalanced",
    "class names": [
        0,
        1,
        2,
        3
    ],
    "model name": "knn",
    "index": 1,
    "cv fold": 0,
    "fold info": {
        "train distribution": 3674,
        "test distribution": 920,
        "train distribution pct": 93.50979893102571,
        "test distribution pct": 93.5910478128179
    },
    "metrics": {
        "macro_accuracy": 0.8875212669372559,
        "micro_accuracy": 0.8875212073326111,
        "accuracy_per_class": {
            "0": 0.8337920308113098,
            "1": 0.8999685645103455,
            "2": 0.8975683450698853,
            "3": 0.9187558889389038
        },
        "macro_precision": 0.7471762895584106,
        "micro_precision": 0.7750424146652222,
        "precision_per_class": {
            "0": 0.7794066071510315,
            "1": 0.8327435255050659,
            "2": 0.6764126420021057,
            "3": 0.7001423835754395
        },
        "macro_recall": 0.7011607885360718,
        "micro_recall": 0.7750424146652222,
        "recall_per_class": {
            "0": 0.8771604895591736,
            "1": 0.8183359503746033,
            "2": 0.543128490447998,
            "3": 0.5660179853439331
        },
        "macro_f1": 0.7198349833488464,
        "micro_f1": 0.7750424146652222,
        "f1_per_class": {
            "0": 0.8253993391990662,
            "1": 0.825476884841919,
            "2": 0.6024872064590454,
            "3": 0.6259762644767761
        },
        "Kappa": 0.6612367033958435,
        "MSE": 0.09344778209924698,
        "LogLoss": 2.3749821186065674,
        "AUNU": 0.8484188318252563,
        "micro_ROC-AUC": 0.8754071593284607,
        "AUNP": 0.8621657490730286,
        "AU1U": 0.839910588040277,
        "AU1P": 0.8498152361207335,
        "ROC-AUC_per_class_vs_rest": {
            "0": 0.8686485171505656,
            "1": 0.8967450698265432,
            "2": 0.8024058427168292,
            "3": 0.825875916548327
        }
    }
}