{
    "classification type": "multilabel",
    "class balance": "imbalanced",
    "dataset name": "imdb_imbalanced",
    "class names": [
        "Romance",
        "Thriller",
        "Action",
        "Crime",
        "Family",
        "Horror",
        "Adventure"
    ],
    "model name": "logistic_regression",
    "index": 1,
    "cv fold": 1,
    "fold info": {
        "train distribution": [
            9903,
            7753,
            7709,
            5811,
            3141,
            4869,
            5217
        ],
        "test distribution": [
            2476,
            1938,
            1927,
            1452,
            785,
            1218,
            1304
        ],
        "train distribution pct": [
            34.18245832038935,
            26.761244002623314,
            26.609367988678333,
            20.057989023506266,
            10.84187635911774,
            16.806461634047842,
            18.007662835249043
        ],
        "test distribution pct": [
            34.20834484664272,
            26.7753523072672,
            26.623376623376622,
            20.060790273556233,
            10.845537441282122,
            16.827852998065765,
            18.016026526664824
        ]
    },
    "metrics": {
        "macro_accuracy": 0.7799606851375176,
        "micro_accuracy": 0.7799606851375175,
        "accuracy_per_class": {
            "Romance": 0.6542601427275954,
            "Thriller": 0.7222134605527737,
            "Action": 0.7416709379805229,
            "Crime": 0.7967511729684974,
            "Family": 0.889543823680164,
            "Horror": 0.829712573433742,
            "Adventure": 0.8255726846193273
        },
        "macro_precision": 0.4597619113863033,
        "micro_precision": 0.4878297872340426,
        "precision_per_class": {
            "Romance": 0.48544640358242375,
            "Thriller": 0.40317812269031783,
            "Action": 0.5568615927123126,
            "Crime": 0.4092071611253197,
            "Family": 0.3312302839116719,
            "Horror": 0.45803183791606367,
            "Adventure": 0.5743779777660137
        },
        "macro_recall": 0.09496561032929132,
        "micro_recall": 0.11065209837458014,
        "recall_per_class": {
            "Romance": 0.2001731102135026,
            "Thriller": 0.08041571460160685,
            "Action": 0.1404640130457342,
            "Crime": 0.03147128245476003,
            "Family": 0.01910480349344978,
            "Horror": 0.07427833841821169,
            "Adventure": 0.11885201007777413
        },
        "macro_f1": 0.15160564128258103,
        "micro_f1": 0.1803877139979859,
        "f1_per_class": {
            "Romance": 0.2834613498937735,
            "Thriller": 0.13408713820438764,
            "Action": 0.22434000236770452,
            "Crime": 0.058447488584474884,
            "Family": 0.03612592465164287,
            "Horror": 0.12782714054927302,
            "Adventure": 0.19695044472681067
        },
        "MSE": 0.1618777960538864,
        "LogLoss": 0.5016458630561829,
        "AUNU": 0.6169692873954773,
        "micro_ROC-AUC": 0.6650611162185669,
        "AUNP": 0.6162516474723816,
        "ROC-AUC_per_class_vs_rest": {
            "Romance": 0.623247681548533,
            "Thriller": 0.6060688232371226,
            "Action": 0.6189810947477062,
            "Crime": 0.5692623722245409,
            "Family": 0.6157603817589606,
            "Horror": 0.6539921269187239,
            "Adventure": 0.6314723975963987
        }
    }
}