{
    "classification type": "multilabel",
    "class balance": "balanced",
    "dataset name": "yelp_balanced",
    "class names": [
        "IsFoodGood",
        "IsAmbianceGood",
        "IsServiceGood",
        "IsPriceGood"
    ],
    "model name": "logistic_regression",
    "index": 3,
    "cv fold": 4,
    "fold info": {
        "train distribution": [
            2075,
            2022,
            2007,
            1882
        ],
        "test distribution": [
            519,
            505,
            502,
            470
        ],
        "train distribution pct": [
            55.25965379494008,
            53.848202396804254,
            53.44873501997337,
            50.11984021304927
        ],
        "test distribution pct": [
            53.89408099688473,
            52.440290758047766,
            52.12876427829699,
            48.80581516095535
        ]
    },
    "metrics": {
        "macro_accuracy": 0.7745734421364985,
        "micro_accuracy": 0.7745734421364985,
        "accuracy_per_class": {
            "IsFoodGood": 0.8061148791860958,
            "IsAmbianceGood": 0.7465027554048326,
            "IsServiceGood": 0.7699766850360322,
            "IsPriceGood": 0.7756994489190335
        },
        "macro_precision": 0.7959340150850835,
        "micro_precision": 0.7961378383269136,
        "precision_per_class": {
            "IsFoodGood": 0.841415065568771,
            "IsAmbianceGood": 0.7688345788729549,
            "IsServiceGood": 0.7952306894764126,
            "IsPriceGood": 0.778255726422196
        },
        "macro_recall": 0.7710899261706559,
        "micro_recall": 0.7713133640552995,
        "recall_per_class": {
            "IsFoodGood": 0.7977062451811874,
            "IsAmbianceGood": 0.7531658092599921,
            "IsServiceGood": 0.7642487046632125,
            "IsPriceGood": 0.7692389455782312
        },
        "macro_f1": 0.783262608040838,
        "micro_f1": 0.7835290226558624,
        "f1_per_class": {
            "IsFoodGood": 0.8189778855192203,
            "IsAmbianceGood": 0.7609195402298851,
            "IsServiceGood": 0.7794319394339718,
            "IsPriceGood": 0.7737210669802748
        },
        "MSE": 0.1659088283777237,
        "LogLoss": 0.5458256006240845,
        "AUNU": 0.8347418308258057,
        "micro_ROC-AUC": 0.8360629677772522,
        "AUNP": 0.8349583745002747,
        "ROC-AUC_per_class_vs_rest": {
            "IsFoodGood": 0.8708231001626963,
            "IsAmbianceGood": 0.8039239653097529,
            "IsServiceGood": 0.8272479429418511,
            "IsPriceGood": 0.8369722235100718
        }
    }
}