{
    "classification type": "multilabel",
    "class balance": "imbalanced",
    "dataset name": "yeast_imbalanced",
    "class names": [
        "Class1",
        "Class2",
        "Class3",
        "Class4",
        "Class5"
    ],
    "model name": "knn",
    "index": 1,
    "cv fold": 2,
    "fold info": {
        "train distribution": [
            608,
            831,
            758,
            472,
            166
        ],
        "test distribution": [
            151,
            207,
            189,
            118,
            41
        ],
        "train distribution pct": [
            47.57433489827856,
            65.02347417840375,
            59.31142410015649,
            36.93270735524257,
            12.989045383411579
        ],
        "test distribution pct": [
            46.46153846153846,
            63.69230769230769,
            58.15384615384615,
            36.30769230769231,
            12.615384615384615
        ]
    },
    "metrics": {
        "macro_accuracy": 0.7456936720276568,
        "micro_accuracy": 0.7456936720276567,
        "accuracy_per_class": {
            "Class1": 0.7275665113482639,
            "Class2": 0.665752292199008,
            "Class3": 0.7758154216143094,
            "Class4": 0.7108071546670675,
            "Class5": 0.8485269803096348
        },
        "macro_precision": 0.6379296290901098,
        "micro_precision": 0.7158109674851615,
        "precision_per_class": {
            "Class1": 0.7344201945832237,
            "Class2": 0.7131315197381878,
            "Class3": 0.7904013338096939,
            "Class4": 0.6259908719673313,
            "Class5": 0.3257042253521127
        },
        "macro_recall": 0.6024901262214696,
        "micro_recall": 0.703730797366496,
        "recall_per_class": {
            "Class1": 0.6650527819668227,
            "Class2": 0.8093552318495735,
            "Class3": 0.8444020356234097,
            "Class4": 0.5321625484990811,
            "Class5": 0.16147803316846088
        },
        "macro_f1": 0.6127834008272964,
        "micro_f1": 0.7097194818563953,
        "f1_per_class": {
            "Class1": 0.6980173275574808,
            "Class2": 0.7582026259276374,
            "Class3": 0.8165098111582703,
            "Class4": 0.5752759381898455,
            "Class5": 0.2159113013032484
        },
        "MSE": 0.2063295841217041,
        "LogLoss": 10.158266067504883,
        "AUNU": 0.7012662291526794,
        "micro_ROC-AUC": 0.7625004649162292,
        "AUNP": 0.7116765379905701,
        "ROC-AUC_per_class_vs_rest": {
            "Class1": 0.7392901216017893,
            "Class2": 0.6464764259035863,
            "Class3": 0.7789712510477611,
            "Class4": 0.7114709252727729,
            "Class5": 0.6301225605356268
        }
    }
}