{
    "classification type": "multiclass",
    "class balance": "imbalanced",
    "dataset name": "irish-times_imbalanced",
    "class names": [
        0,
        10,
        1,
        8,
        5,
        9,
        2,
        13,
        6,
        7,
        4,
        14,
        3,
        16,
        15,
        18,
        11,
        12,
        19,
        17
    ],
    "model name": "decision_tree",
    "index": 3,
    "cv fold": 4,
    "fold info": {
        "train distribution": 120125,
        "test distribution": 30042,
        "train distribution pct": 944.37893081761,
        "test distribution pct": 944.7169811320755
    },
    "metrics": {
        "macro_accuracy": 0.9583507776260376,
        "micro_accuracy": 0.9583507776260376,
        "accuracy_per_class": {
            "0": 0.9590775966644287,
            "10": 0.964584231376648,
            "1": 0.9405869841575623,
            "8": 0.9245632290840149,
            "5": 0.9816352128982544,
            "9": 0.9778476357460022,
            "2": 0.9403563737869263,
            "13": 0.9807127714157104,
            "6": 0.9836687445640564,
            "7": 0.9431656002998352,
            "4": 0.8555066585540771,
            "14": 0.9858420491218567,
            "3": 0.9897833466529846,
            "16": 0.9482669234275818,
            "15": 0.9740321636199951,
            "18": 0.9787980318069458,
            "11": 0.9744164943695068,
            "12": 0.9839762449264526,
            "19": 0.9756813645362854,
            "17": 0.9045143127441406
        },
        "macro_precision": 0.4680926203727722,
        "micro_precision": 0.5835080146789551,
        "precision_per_class": {
            "0": 0.1318565458059311,
            "10": 0.2108202427625656,
            "1": 0.5415154099464417,
            "8": 0.42949995398521423,
            "5": 0.19685038924217224,
            "9": 0.5274314284324646,
            "2": 0.49475938081741333,
            "13": 0.6487641334533691,
            "6": 0.5966615080833435,
            "7": 0.5616534948348999,
            "4": 0.762751042842865,
            "14": 0.747563362121582,
            "3": 0.36726272106170654,
            "16": 0.5894380211830139,
            "15": 0.48508575558662415,
            "18": 0.5755231976509094,
            "11": 0.4434463083744049,
            "12": 0.20362474024295807,
            "19": 0.5952121615409851,
            "17": 0.25213250517845154
        },
        "macro_recall": 0.4009642004966736,
        "micro_recall": 0.5835080146789551,
        "recall_per_class": {
            "0": 0.09968101978302002,
            "10": 0.17707417905330658,
            "1": 0.5170024037361145,
            "8": 0.775685727596283,
            "5": 0.11627907305955887,
            "9": 0.2596684992313385,
            "2": 0.5200189352035522,
            "13": 0.5692101716995239,
            "6": 0.542151689529419,
            "7": 0.519498884677887,
            "4": 0.8541803359985352,
            "14": 0.504273533821106,
            "3": 0.21040189266204834,
            "16": 0.5322233438491821,
            "15": 0.3578107953071594,
            "18": 0.3758170008659363,
            "11": 0.32092198729515076,
            "12": 0.10995969921350479,
            "19": 0.40973782539367676,
            "17": 0.2476874589920044
        },
        "macro_f1": 0.4227706789970398,
        "micro_f1": 0.5835080146789551,
        "f1_per_class": {
            "0": 0.113533154129982,
            "10": 0.19247928261756897,
            "1": 0.5289750695228577,
            "8": 0.5528724789619446,
            "5": 0.1461988240480423,
            "9": 0.34800493717193604,
            "2": 0.507074773311615,
            "13": 0.606389045715332,
            "6": 0.5681020021438599,
            "7": 0.5397543907165527,
            "4": 0.8058807253837585,
            "14": 0.6022771596908569,
            "3": 0.2675350606441498,
            "16": 0.5593714714050293,
            "15": 0.41183918714523315,
            "18": 0.45470884442329407,
            "11": 0.3723641335964203,
            "12": 0.14280374348163605,
            "19": 0.4853593707084656,
            "17": 0.24989020824432373
        },
        "Kappa": 0.49937406182289124,
        "MSE": 0.03317534923553467,
        "LogLoss": 4.899171352386475,
        "AUNU": 0.7390486001968384,
        "micro_ROC-AUC": 0.8153674602508545,
        "AUNP": 0.7960695028305054,
        "AU1U": 0.7283956746467143,
        "AU1P": 0.7608998868643815,
        "ROC-AUC_per_class_vs_rest": {
            "0": 0.6349588811723673,
            "10": 0.6785669043893311,
            "1": 0.7775912956782488,
            "8": 0.899956279430258,
            "5": 0.657057146552072,
            "9": 0.683838262561144,
            "2": 0.7661887745110184,
            "13": 0.800674723193471,
            "6": 0.7882013077916072,
            "7": 0.771989051278948,
            "4": 0.8776478688509995,
            "14": 0.7728590960658555,
            "3": 0.6770919895068849,
            "16": 0.7939836907684055,
            "15": 0.7418886488689023,
            "18": 0.7165320776991775,
            "11": 0.6990102922057287,
            "12": 0.6441553305620491,
            "19": 0.7244066793642279,
            "17": 0.6743732692409841
        }
    }
}