{
    "classification type": "multiclass",
    "class balance": "imbalanced",
    "dataset name": "nyt-comments-april17_imbalanced",
    "class names": [
        3,
        4,
        5,
        0,
        1,
        2
    ],
    "model name": "knn",
    "index": 0,
    "cv fold": 2,
    "fold info": {
        "train distribution": 13837,
        "test distribution": 3457,
        "train distribution pct": 219.87923089146673,
        "test distribution pct": 219.77113795295617
    },
    "metrics": {
        "macro_accuracy": 0.8548501133918762,
        "micro_accuracy": 0.854850172996521,
        "accuracy_per_class": {
            "3": 0.872398316860199,
            "4": 0.8851519823074341,
            "5": 0.6775079369544983,
            "0": 0.8597995042800903,
            "1": 0.901091992855072,
            "2": 0.9331513047218323
        },
        "macro_precision": 0.526729166507721,
        "micro_precision": 0.5645505785942078,
        "precision_per_class": {
            "3": 0.49252942204475403,
            "4": 0.6687402725219727,
            "5": 0.5383978486061096,
            "0": 0.5119167566299438,
            "1": 0.7079747319221497,
            "2": 0.24081632494926453
        },
        "macro_recall": 0.4704722464084625,
        "micro_recall": 0.5645505785942078,
        "recall_per_class": {
            "3": 0.4221862852573395,
            "4": 0.5818965435028076,
            "5": 0.7353313565254211,
            "0": 0.348810613155365,
            "1": 0.6175451278686523,
            "2": 0.1170634925365448
        },
        "macro_f1": 0.4884542226791382,
        "micro_f1": 0.5645505785942078,
        "f1_per_class": {
            "3": 0.4546531140804291,
            "4": 0.6223032474517822,
            "5": 0.6216405034065247,
            "0": 0.4149095416069031,
            "1": 0.6596753001213074,
            "2": 0.1575433909893036
        },
        "Kappa": 0.4192974865436554,
        "MSE": 0.1163708046078682,
        "LogLoss": 4.351580619812012,
        "AUNU": 0.7417508959770203,
        "micro_ROC-AUC": 0.7744705677032471,
        "AUNP": 0.7431381940841675,
        "AU1U": 0.7405503805832776,
        "AU1P": 0.7393878474146951,
        "ROC-AUC_per_class_vs_rest": {
            "3": 0.7312128063398438,
            "4": 0.7992266627921571,
            "5": 0.7119401178797777,
            "0": 0.6980997221589077,
            "1": 0.8292926340639708,
            "2": 0.6807332652205584
        }
    }
}