{
    "classification type": "multilabel",
    "class balance": "imbalanced",
    "dataset name": "mediamill_imbalanced",
    "class names": [
        "Class3",
        "Class12",
        "Class17",
        "Class44",
        "Class55",
        "Class57",
        "Class58",
        "Class76",
        "Class79",
        "Class94",
        "Class96",
        "Class97"
    ],
    "model name": "decision_tree",
    "index": 3,
    "cv fold": 2,
    "fold info": {
        "train distribution": [
            80,
            2651,
            1109,
            2132,
            145,
            64,
            883,
            2235,
            3846,
            3829,
            1762,
            2136
        ],
        "test distribution": [
            20,
            663,
            277,
            534,
            36,
            16,
            220,
            558,
            962,
            958,
            440,
            534
        ],
        "train distribution pct": [
            0.7958615200955035,
            26.372861122164743,
            11.032630322323914,
            21.209709510545167,
            1.4424990051731,
            0.6366892160764027,
            8.78432152805412,
            22.234381217668126,
            38.26104257859132,
            38.091922005571035,
            17.528849980103463,
            21.24950258654994
        ],
        "test distribution pct": [
            0.8107012565869477,
            26.87474665585732,
            11.228212403729227,
            21.645723550871505,
            1.4592622618565059,
            0.6485610052695582,
            8.917713822456424,
            22.618565058775843,
            38.99473044183219,
            38.83259019051479,
            17.835427644912848,
            21.645723550871505
        ]
    },
    "metrics": {
        "macro_accuracy": 0.8298743044007395,
        "micro_accuracy": 0.8298743044007395,
        "accuracy_per_class": {
            "Class3": 0.991165076504306,
            "Class12": 0.7185273269479102,
            "Class17": 0.8712665248371902,
            "Class44": 0.8016369227339025,
            "Class55": 0.9789299616317203,
            "Class57": 0.989827296290447,
            "Class58": 0.8912310365009616,
            "Class76": 0.7490175676554472,
            "Class79": 0.7383431963656971,
            "Class94": 0.6447171616763129,
            "Class96": 0.8032534071589822,
            "Class97": 0.7805761745059968
        },
        "macro_precision": 0.38543181904741247,
        "micro_precision": 0.5144907552491382,
        "precision_per_class": {
            "Class3": 0.425531914893617,
            "Class12": 0.4499108535770002,
            "Class17": 0.3510229195508383,
            "Class44": 0.5433443344334433,
            "Class55": 0.07108433734939759,
            "Class57": 0.0166270783847981,
            "Class58": 0.27850877192982454,
            "Class76": 0.39116535890729437,
            "Class79": 0.6754871685656479,
            "Class94": 0.5446308724832215,
            "Class96": 0.40021363717286806,
            "Class97": 0.4776545813209986
        },
        "macro_recall": 0.2681653456455406,
        "micro_recall": 0.3658489842851667,
        "recall_per_class": {
            "Class3": 0.3023255813953488,
            "Class12": 0.2833333333333333,
            "Class17": 0.19144295302013423,
            "Class44": 0.4308269364968597,
            "Class55": 0.037917737789203085,
            "Class57": 0.010174418604651164,
            "Class58": 0.147269660552393,
            "Class76": 0.2241465445462115,
            "Class79": 0.6136545019226584,
            "Class94": 0.43365153392115424,
            "Class96": 0.2374313476975074,
            "Class97": 0.3058095984670325
        },
        "macro_f1": 0.31384543278432164,
        "micro_f1": 0.4276210916743939,
        "f1_per_class": {
            "Class3": 0.35350101971447995,
            "Class12": 0.34770065449534965,
            "Class17": 0.24776070788773683,
            "Class44": 0.4805877201517953,
            "Class55": 0.04945515507124895,
            "Class57": 0.012623985572587917,
            "Class58": 0.1926630809543511,
            "Class76": 0.28498835485919966,
            "Class79": 0.6430879576242191,
            "Class94": 0.48284628595383305,
            "Class96": 0.29804441498177,
            "Class97": 0.37288585614528846
        },
        "MSE": 0.1448175609111786,
        "LogLoss": 8.520523071289062,
        "AUNU": 0.6623511910438538,
        "micro_ROC-AUC": 0.725308358669281,
        "AUNP": 0.6668363809585571,
        "ROC-AUC_per_class_vs_rest": {
            "Class3": 0.7507941269928041,
            "Class12": 0.6301540559299337,
            "Class17": 0.6627139905481738,
            "Class44": 0.7173026787899397,
            "Class55": 0.6266885681111559,
            "Class57": 0.5851658324597699,
            "Class58": 0.6580750225381673,
            "Class76": 0.6322909048190459,
            "Class79": 0.726721180397981,
            "Class94": 0.6309755667778508,
            "Class96": 0.6562536924355417,
            "Class97": 0.6710785348719321
        }
    }
}