{
    "classification type": "multiclass",
    "class balance": "imbalanced",
    "dataset name": "volkert_imbalanced",
    "class names": [
        3,
        6,
        4,
        5,
        1,
        2,
        7,
        9,
        8,
        0
    ],
    "model name": "random_forest",
    "index": 0,
    "cv fold": 3,
    "fold info": {
        "train distribution": 35787,
        "test distribution": 8944,
        "train distribution pct": 448.23396793587176,
        "test distribution pct": 448.0961923847695
    },
    "metrics": {
        "macro_accuracy": 0.9068915247917175,
        "micro_accuracy": 0.9068915843963623,
        "accuracy_per_class": {
            "3": 0.9879109859466553,
            "6": 0.9597806930541992,
            "4": 0.8482984304428101,
            "5": 0.8195465207099915,
            "1": 0.8582813739776611,
            "2": 0.7836042642593384,
            "7": 0.934489369392395,
            "9": 0.9510873556137085,
            "8": 0.9952775835990906,
            "0": 0.9306390285491943
        },
        "macro_precision": 0.41731899976730347,
        "micro_precision": 0.534457802772522,
        "precision_per_class": {
            "3": 0.02277432754635811,
            "6": 0.3584682047367096,
            "4": 0.4692935645580292,
            "5": 0.529983639717102,
            "1": 0.508699893951416,
            "2": 0.4700401723384857,
            "7": 0.47851529717445374,
            "9": 0.8171902894973755,
            "8": 0.06499999761581421,
            "0": 0.453224778175354
        },
        "macro_recall": 0.4018244743347168,
        "micro_recall": 0.534457802772522,
        "recall_per_class": {
            "3": 0.013064133003354073,
            "6": 0.2509673833847046,
            "4": 0.4545454680919647,
            "5": 0.5910573601722717,
            "1": 0.5022519826889038,
            "2": 0.4845905303955078,
            "7": 0.420634925365448,
            "9": 0.8502804636955261,
            "8": 0.038805969059467316,
            "0": 0.4120464324951172
        },
        "macro_f1": 0.40765318274497986,
        "micro_f1": 0.534457802772522,
        "f1_per_class": {
            "3": 0.016603773459792137,
            "6": 0.2952365577220917,
            "4": 0.46180179715156555,
            "5": 0.5588569045066833,
            "1": 0.5054553747177124,
            "2": 0.47720447182655334,
            "7": 0.44771215319633484,
            "9": 0.8334070444107056,
            "8": 0.04859812930226326,
            "0": 0.43165576457977295
        },
        "Kappa": 0.44938358664512634,
        "MSE": 0.07801149040460587,
        "LogLoss": 5.59160041809082,
        "AUNU": 0.7191766500473022,
        "micro_ROC-AUC": 0.7762442827224731,
        "AUNP": 0.7499194741249084,
        "AU1U": 0.7135969026488671,
        "AU1P": 0.7277421519396157,
        "ROC-AUC_per_class_vs_rest": {
            "3": 0.5701553555946659,
            "6": 0.715131377504166,
            "4": 0.718807298226858,
            "5": 0.7468579063364966,
            "1": 0.7411067402273919,
            "2": 0.6888036957622586,
            "7": 0.7467220540583527,
            "9": 0.9090733053175668,
            "8": 0.6200451363041655,
            "0": 0.7350633932066771
        }
    }
}