{
    "classification type": "multiclass",
    "class balance": "imbalanced",
    "dataset name": "mfeat-karhunen_imbalanced",
    "class names": [
        0,
        1,
        2,
        3
    ],
    "model name": "knn",
    "index": 3,
    "cv fold": 0,
    "fold info": {
        "train distribution": 448,
        "test distribution": 112,
        "train distribution pct": 116.66666666666667,
        "test distribution pct": 116.66666666666667
    },
    "metrics": {
        "macro_accuracy": 0.9848901629447937,
        "micro_accuracy": 0.9848901033401489,
        "accuracy_per_class": {
            "0": 0.9836309552192688,
            "1": 0.9840888381004333,
            "2": 0.9887820482254028,
            "3": 0.9830586314201355
        },
        "macro_precision": 0.9685822129249573,
        "micro_precision": 0.9697802066802979,
        "precision_per_class": {
            "0": 0.9749571084976196,
            "1": 0.9668468236923218,
            "2": 0.9725576043128967,
            "3": 0.959967315196991
        },
        "macro_recall": 0.9636659622192383,
        "micro_recall": 0.9697802066802979,
        "recall_per_class": {
            "0": 0.9759615659713745,
            "1": 0.982783854007721,
            "2": 0.9736263751983643,
            "3": 0.9222919940948486
        },
        "macro_f1": 0.9660134315490723,
        "micro_f1": 0.9697802066802979,
        "f1_per_class": {
            "0": 0.975459098815918,
            "1": 0.9747502207756042,
            "2": 0.973091721534729,
            "3": 0.9407526254653931
        },
        "Kappa": 0.9583534598350525,
        "MSE": 0.01763071119785309,
        "LogLoss": 0.49014756083488464,
        "AUNU": 0.9764111042022705,
        "micro_ROC-AUC": 0.9794719815254211,
        "AUNP": 0.9791536331176758,
        "AU1U": 0.9756991590971059,
        "AU1P": 0.9768813500656645,
        "ROC-AUC_per_class_vs_rest": {
            "0": 0.9828674957640231,
            "1": 0.9826737060253543,
            "2": 0.9842218871354209,
            "3": 0.9558812793822558
        }
    }
}