{
    "classification type": "multiclass",
    "class balance": "balanced",
    "dataset name": "nyt-comments-april17_balanced",
    "class names": [
        0,
        1,
        2,
        3,
        4,
        5
    ],
    "model name": "logistic_regression",
    "index": 3,
    "cv fold": 1,
    "fold info": {
        "train distribution": 15704,
        "test distribution": 3928,
        "train distribution pct": 250.62240663900414,
        "test distribution pct": 250.67007019783026
    },
    "metrics": {
        "macro_accuracy": 0.8625890612602234,
        "micro_accuracy": 0.8625890016555786,
        "accuracy_per_class": {
            "0": 0.8564187288284302,
            "1": 0.9030901789665222,
            "2": 0.842038094997406,
            "3": 0.8525137901306152,
            "4": 0.9024518728256226,
            "5": 0.8190215229988098
        },
        "macro_precision": 0.5803279280662537,
        "micro_precision": 0.5877670645713806,
        "precision_per_class": {
            "0": 0.5777470469474792,
            "1": 0.6757103800773621,
            "2": 0.49142691493034363,
            "3": 0.5600762963294983,
            "4": 0.7146739363670349,
            "5": 0.4623327851295471
        },
        "macro_recall": 0.585455060005188,
        "micro_recall": 0.5877670645713806,
        "recall_per_class": {
            "0": 0.5574572086334229,
            "1": 0.8194752931594849,
            "2": 0.4076663553714752,
            "3": 0.5879866480827332,
            "4": 0.7022696733474731,
            "5": 0.43787509202957153
        },
        "macro_f1": 0.5809380412101746,
        "micro_f1": 0.5877670645713806,
        "f1_per_class": {
            "0": 0.5674208402633667,
            "1": 0.7406812310218811,
            "2": 0.4456450045108795,
            "3": 0.5736922025680542,
            "4": 0.708417534828186,
            "5": 0.4497717022895813
        },
        "Kappa": 0.5050289034843445,
        "MSE": 0.08620595932006836,
        "LogLoss": 1.0705084800720215,
        "AUNU": 0.8753982186317444,
        "micro_ROC-AUC": 0.8837382793426514,
        "AUNP": 0.8760482668876648,
        "AU1U": 0.8748799441153654,
        "AU1P": 0.8753954776952846,
        "ROC-AUC_per_class_vs_rest": {
            "0": 0.8535682949373025,
            "1": 0.9605377507338803,
            "2": 0.8251541797177976,
            "3": 0.8770668335773449,
            "4": 0.9218210717159795,
            "5": 0.8142412368657249
        }
    }
}