{
    "classification type": "multilabel",
    "class balance": "balanced",
    "dataset name": "scene_balanced",
    "class names": [
        "Mountain",
        "Field",
        "Urban",
        "Beach",
        "FallFoliage",
        "Sunset"
    ],
    "model name": "logistic_regression",
    "index": 3,
    "cv fold": 2,
    "fold info": {
        "train distribution": [
            324,
            324,
            325,
            325,
            318,
            291
        ],
        "test distribution": [
            81,
            81,
            81,
            81,
            79,
            73
        ],
        "train distribution pct": [
            18.356940509915017,
            18.356940509915017,
            18.413597733711047,
            18.413597733711047,
            18.01699716713881,
            16.48725212464589
        ],
        "test distribution pct": [
            18.409090909090907,
            18.409090909090907,
            18.409090909090907,
            18.409090909090907,
            17.954545454545453,
            16.590909090909093
        ]
    },
    "metrics": {
        "macro_accuracy": 0.8811893662592919,
        "micro_accuracy": 0.8811893662592919,
        "accuracy_per_class": {
            "Mountain": 0.8107597328965604,
            "Field": 0.9210028978203352,
            "Urban": 0.8519591785309311,
            "Beach": 0.8684641552223762,
            "FallFoliage": 0.8877409600604762,
            "Sunset": 0.9472092730250724
        },
        "macro_precision": 0.6761558024960944,
        "micro_precision": 0.6773174583890171,
        "precision_per_class": {
            "Mountain": 0.48231511254019294,
            "Field": 0.7782987273945077,
            "Urban": 0.6004213483146067,
            "Beach": 0.6475583864118896,
            "FallFoliage": 0.6905099150141643,
            "Sunset": 0.8578313253012049
        },
        "macro_recall": 0.6529277102304076,
        "micro_recall": 0.6499941704558704,
        "recall_per_class": {
            "Mountain": 0.411522633744856,
            "Field": 0.7969821673525377,
            "Urban": 0.5852156057494866,
            "Beach": 0.6262833675564682,
            "FallFoliage": 0.6822953114065781,
            "Sunset": 0.815267175572519
        },
        "macro_f1": 0.6639158617080095,
        "micro_f1": 0.6633745835316516,
        "f1_per_class": {
            "Mountain": 0.44411547002220575,
            "Field": 0.7875296509657743,
            "Urban": 0.5927209705372617,
            "Beach": 0.6367432150313153,
            "FallFoliage": 0.6863780359028511,
            "Sunset": 0.8360078277886497
        },
        "MSE": 0.09261214733123779,
        "LogLoss": 0.38630959391593933,
        "AUNU": 0.896442711353302,
        "micro_ROC-AUC": 0.9068999886512756,
        "AUNP": 0.8952096700668335,
        "ROC-AUC_per_class_vs_rest": {
            "Mountain": 0.7915537927642562,
            "Field": 0.9482469055348385,
            "Urban": 0.8619060045430735,
            "Beach": 0.8966557507760977,
            "FallFoliage": 0.9171436952442232,
            "Sunset": 0.9631501134037602
        }
    }
}