{
    "classification type": "multiclass",
    "class balance": "imbalanced",
    "dataset name": "dbpedia-ontology_imbalanced",
    "class names": [
        0,
        1,
        2,
        3,
        4,
        5,
        6
    ],
    "model name": "decision_tree",
    "index": 4,
    "cv fold": 3,
    "fold info": {
        "train distribution": 66096,
        "test distribution": 16524,
        "train distribution pct": 246.039309112567,
        "test distribution pct": 246.039309112567
    },
    "metrics": {
        "macro_accuracy": 0.9801344275474548,
        "micro_accuracy": 0.9801344871520996,
        "accuracy_per_class": {
            "0": 0.9666954278945923,
            "1": 0.9860855937004089,
            "2": 0.9721864461898804,
            "3": 0.9863348007202148,
            "4": 0.9864806532859802,
            "5": 0.9819924235343933,
            "6": 0.981165885925293
        },
        "macro_precision": 0.9217005372047424,
        "micro_precision": 0.9304706454277039,
        "precision_per_class": {
            "0": 0.9070064425468445,
            "1": 0.9615352749824524,
            "2": 0.9210985898971558,
            "3": 0.9631706476211548,
            "4": 0.8739511370658875,
            "5": 0.9317052960395813,
            "6": 0.8934365510940552
        },
        "macro_recall": 0.9188616871833801,
        "micro_recall": 0.9304706454277039,
        "recall_per_class": {
            "0": 0.9129273891448975,
            "1": 0.9630411267280579,
            "2": 0.9262295365333557,
            "3": 0.9626784324645996,
            "4": 0.8564825654029846,
            "5": 0.9307977557182312,
            "6": 0.8798750638961792
        },
        "macro_f1": 0.9202585816383362,
        "micro_f1": 0.9304706454277039,
        "f1_per_class": {
            "0": 0.9099572896957397,
            "1": 0.9622876048088074,
            "2": 0.9236569404602051,
            "3": 0.9629244804382324,
            "4": 0.8651286959648132,
            "5": 0.9312512874603271,
            "6": 0.8866039514541626
        },
        "Kappa": 0.9170354604721069,
        "MSE": 0.018652943894267082,
        "LogLoss": 1.1099116802215576,
        "AUNU": 0.9489688873291016,
        "micro_ROC-AUC": 0.955161452293396,
        "AUNP": 0.9545456767082214,
        "AU1U": 0.9480067081908435,
        "AU1P": 0.9506567074940372,
        "ROC-AUC_per_class_vs_rest": {
            "0": 0.9407365991538962,
            "1": 0.9772257764787305,
            "2": 0.9465545382505264,
            "3": 0.9742756488502692,
            "4": 0.9182444912259324,
            "5": 0.9539300639471621,
            "6": 0.931814906973138
        }
    }
}