{
    "classification type": "multiclass",
    "class balance": "balanced",
    "dataset name": "dbpedia-ontology_balanced",
    "class names": [
        0,
        1,
        2,
        3,
        4,
        5,
        6
    ],
    "model name": "logistic_regression",
    "index": 2,
    "cv fold": 1,
    "fold info": {
        "train distribution": 87360,
        "test distribution": 21840,
        "train distribution pct": 300.0,
        "test distribution pct": 300.0
    },
    "metrics": {
        "macro_accuracy": 0.9888572692871094,
        "micro_accuracy": 0.9888572692871094,
        "accuracy_per_class": {
            "0": 0.9819940328598022,
            "1": 0.9910141825675964,
            "2": 0.9868704080581665,
            "3": 0.9948260188102722,
            "4": 0.9898351430892944,
            "5": 0.9918269515037537,
            "6": 0.9856341481208801
        },
        "macro_precision": 0.9610307812690735,
        "micro_precision": 0.9610004425048828,
        "precision_per_class": {
            "0": 0.9380673170089722,
            "1": 0.9691135287284851,
            "2": 0.9501867294311523,
            "3": 0.9842190146446228,
            "4": 0.9668922424316406,
            "5": 0.9704894423484802,
            "6": 0.948246955871582
        },
        "macro_recall": 0.9610004425048828,
        "micro_recall": 0.9610004425048828,
        "recall_per_class": {
            "0": 0.9357371926307678,
            "1": 0.9679487347602844,
            "2": 0.9583333134651184,
            "3": 0.9794871807098389,
            "4": 0.9617788195610046,
            "5": 0.9723557829856873,
            "6": 0.9513621926307678
        },
        "macro_f1": 0.9610105752944946,
        "micro_f1": 0.9610004425048828,
        "f1_per_class": {
            "0": 0.936900794506073,
            "1": 0.9685307741165161,
            "2": 0.9542426466941833,
            "3": 0.9818474054336548,
            "4": 0.9643287658691406,
            "5": 0.9714217185974121,
            "6": 0.9498019814491272
        },
        "Kappa": 0.9545004963874817,
        "MSE": 0.008740155957639217,
        "LogLoss": 0.13433188199996948,
        "AUNU": 0.9976599812507629,
        "micro_ROC-AUC": 0.9978182315826416,
        "AUNP": 0.9976599812507629,
        "AU1U": 0.9976599573970366,
        "AU1P": 0.997659957397037,
        "ROC-AUC_per_class_vs_rest": {
            "0": 0.9951170382226946,
            "1": 0.9981943235244766,
            "2": 0.9976484276551886,
            "3": 0.9992494224733932,
            "4": 0.9975669982227975,
            "5": 0.9989711866978617,
            "6": 0.9968723049828445
        }
    }
}