{
    "classification type": "multilabel",
    "class balance": "balanced",
    "dataset name": "emotions_trimmed",
    "class names": [
        "angry-aggresive",
        "relaxing-calm",
        "amazed-suprised",
        "happy-pleased",
        "quiet-still",
        "sad-lonely"
    ],
    "model name": "decision_tree",
    "index": 0,
    "cv fold": 3,
    "fold info": {
        "train distribution": [
            143,
            141,
            133,
            118,
            118,
            117
        ],
        "test distribution": [
            36,
            36,
            33,
            30,
            30,
            29
        ],
        "train distribution pct": [
            35.57213930348259,
            35.07462686567165,
            33.08457711442786,
            29.35323383084577,
            29.35323383084577,
            29.1044776119403
        ],
        "test distribution pct": [
            36.734693877551024,
            36.734693877551024,
            33.6734693877551,
            30.612244897959183,
            30.612244897959183,
            29.591836734693878
        ]
    },
    "metrics": {
        "macro_accuracy": 0.771640961511741,
        "micro_accuracy": 0.771640961511741,
        "accuracy_per_class": {
            "angry-aggresive": 0.7744893705710713,
            "relaxing-calm": 0.7344726969570654,
            "amazed-suprised": 0.7190496040016674,
            "happy-pleased": 0.7027928303459775,
            "quiet-still": 0.8957899124635265,
            "sad-lonely": 0.803251354731138
        },
        "macro_precision": 0.6643005393174716,
        "micro_precision": 0.6773255813953488,
        "precision_per_class": {
            "angry-aggresive": 0.69875,
            "relaxing-calm": 0.646896551724138,
            "amazed-suprised": 0.5993537964458805,
            "happy-pleased": 0.4975,
            "quiet-still": 0.8384728340675477,
            "sad-lonely": 0.7048300536672629
        },
        "macro_recall": 0.5521754887352309,
        "micro_recall": 0.5536833009289264,
        "recall_per_class": {
            "angry-aggresive": 0.6507566938300349,
            "relaxing-calm": 0.5517647058823529,
            "amazed-suprised": 0.465495608531995,
            "happy-pleased": 0.279887482419128,
            "quiet-still": 0.8030942334739803,
            "sad-lonely": 0.5620542082738944
        },
        "macro_f1": 0.5995836237571778,
        "micro_f1": 0.6092951384761678,
        "f1_per_class": {
            "angry-aggresive": 0.6738999397227246,
            "relaxing-calm": 0.5955555555555555,
            "amazed-suprised": 0.5240112994350282,
            "happy-pleased": 0.3582358235823582,
            "quiet-still": 0.8204022988505747,
            "sad-lonely": 0.6253968253968254
        },
        "MSE": 0.17007873952388763,
        "LogLoss": 4.587498664855957,
        "AUNU": 0.7815667390823364,
        "micro_ROC-AUC": 0.7931339144706726,
        "AUNP": 0.7811407446861267,
        "ROC-AUC_per_class_vs_rest": {
            "angry-aggresive": 0.7999005941671832,
            "relaxing-calm": 0.7773455360194432,
            "amazed-suprised": 0.7352286273275094,
            "happy-pleased": 0.6712472753814466,
            "quiet-still": 0.9127547143399923,
            "sad-lonely": 0.7929237048201376
        }
    }
}