{
    "classification type": "multiclass",
    "class balance": "balanced",
    "dataset name": "dbpedia-ontology_balanced",
    "class names": [
        0,
        1,
        2,
        3,
        4,
        5,
        6
    ],
    "model name": "knn",
    "index": 2,
    "cv fold": 1,
    "fold info": {
        "train distribution": 87360,
        "test distribution": 21840,
        "train distribution pct": 300.0,
        "test distribution pct": 300.0
    },
    "metrics": {
        "macro_accuracy": 0.978335976600647,
        "micro_accuracy": 0.978335976600647,
        "accuracy_per_class": {
            "0": 0.9685123562812805,
            "1": 0.9861374497413635,
            "2": 0.9706296324729919,
            "3": 0.9881126284599304,
            "4": 0.9780377745628357,
            "5": 0.9815428853034973,
            "6": 0.9753789305686951
        },
        "macro_precision": 0.9243219494819641,
        "micro_precision": 0.9241757988929749,
        "precision_per_class": {
            "0": 0.8909643292427063,
            "1": 0.948723554611206,
            "2": 0.8890933990478516,
            "3": 0.9635843634605408,
            "4": 0.9228704571723938,
            "5": 0.9393625259399414,
            "6": 0.9156545996665955
        },
        "macro_recall": 0.9241757988929749,
        "micro_recall": 0.9241757988929749,
        "recall_per_class": {
            "0": 0.8882957696914673,
            "1": 0.954553484916687,
            "2": 0.9076259732246399,
            "3": 0.952796220779419,
            "4": 0.9234416484832764,
            "5": 0.9308907985687256,
            "6": 0.9116268754005432
        },
        "macro_f1": 0.924225926399231,
        "micro_f1": 0.9241757988929749,
        "f1_per_class": {
            "0": 0.8896280527114868,
            "1": 0.9516295790672302,
            "2": 0.8982641100883484,
            "3": 0.9581599235534668,
            "4": 0.9231559634208679,
            "5": 0.9351074695587158,
            "6": 0.913636326789856
        },
        "Kappa": 0.9115384221076965,
        "MSE": 0.020189087837934494,
        "LogLoss": 0.9082120656967163,
        "AUNU": 0.967190146446228,
        "micro_ROC-AUC": 0.9674462676048279,
        "AUNP": 0.967190146446228,
        "AU1U": 0.967190132846703,
        "AU1P": 0.9671901328467033,
        "ROC-AUC_per_class_vs_rest": {
            "0": 0.9513963312365976,
            "1": 0.9825690489418781,
            "2": 0.9534772416255652,
            "3": 0.9802968993099612,
            "4": 0.967396701160875,
            "5": 0.9698805088456581,
            "6": 0.9653141988063856
        }
    }
}