{
    "classification type": "multiclass",
    "class balance": "balanced",
    "dataset name": "stocks_balanced",
    "class names": [
        0,
        1,
        2,
        3,
        4,
        5,
        6,
        7,
        8,
        9,
        10,
        11,
        12,
        13,
        14,
        15,
        16,
        17,
        18,
        19
    ],
    "model name": "logistic_regression",
    "index": 4,
    "cv fold": 2,
    "fold info": {
        "train distribution": 111720,
        "test distribution": 27930,
        "train distribution pct": 950.0,
        "test distribution pct": 950.0
    },
    "metrics": {
        "macro_accuracy": 0.9136217832565308,
        "micro_accuracy": 0.913621723651886,
        "accuracy_per_class": {
            "0": 0.9503549337387085,
            "1": 0.9508429169654846,
            "2": 0.9501774907112122,
            "3": 0.28102633357048035,
            "4": 0.9582815766334534,
            "5": 0.9510647654533386,
            "6": 0.9603667259216309,
            "7": 0.9497633576393127,
            "8": 0.9501330852508545,
            "9": 0.9506802558898926,
            "10": 0.9499556422233582,
            "11": 0.9563443064689636,
            "12": 0.9682342410087585,
            "13": 0.9503401517868042,
            "14": 0.953253448009491,
            "15": 0.9505767822265625,
            "16": 0.955264687538147,
            "17": 0.9497633576393127,
            "18": 0.9778615832328796,
            "19": 0.8081485033035278
        },
        "macro_precision": 0.6760094165802002,
        "micro_precision": 0.13621710240840912,
        "precision_per_class": {
            "0": 0.6818181872367859,
            "1": 0.800000011920929,
            "2": 0.7727272510528564,
            "3": 0.054903965443372726,
            "4": 0.9810996651649475,
            "5": 0.949999988079071,
            "6": 0.9971631169319153,
            "7": 0.0,
            "8": 1.0,
            "9": 0.7875000238418579,
            "10": 0.0,
            "11": 0.9298596978187561,
            "12": 0.9896743297576904,
            "13": 0.7804877758026123,
            "14": 0.9741379022598267,
            "15": 0.7910447716712952,
            "16": 0.9784946441650391,
            "17": 0.0,
            "18": 0.996835470199585,
            "19": 0.054440729320049286
        },
        "macro_recall": 0.13621708750724792,
        "micro_recall": 0.13621710240840912,
        "recall_per_class": {
            "0": 0.01330967154353857,
            "1": 0.022478556260466576,
            "2": 0.005028098355978727,
            "3": 0.8251996636390686,
            "4": 0.16888494789600372,
            "5": 0.022478556260466576,
            "6": 0.2079266458749771,
            "7": 0.0,
            "8": 0.002661934355273843,
            "9": 0.018633540719747543,
            "10": 0.0,
            "11": 0.13723750412464142,
            "12": 0.3685300350189209,
            "13": 0.009464655071496964,
            "14": 0.06684412807226181,
            "15": 0.01567583531141281,
            "16": 0.1076604574918747,
            "17": 0.0,
            "18": 0.5590062141418457,
            "19": 0.17332150042057037
        },
        "macro_f1": 0.1422315537929535,
        "micro_f1": 0.13621710240840912,
        "f1_per_class": {
            "0": 0.026109660044312477,
            "1": 0.04372842237353325,
            "2": 0.009991183876991272,
            "3": 0.10295772552490234,
            "4": 0.28816553950309753,
            "5": 0.0439179427921772,
            "6": 0.34410181641578674,
            "7": 0.0,
            "8": 0.005309734493494034,
            "9": 0.036405663937330246,
            "10": 0.0,
            "11": 0.23917526006698608,
            "12": 0.5370689630508423,
            "13": 0.018702512606978416,
            "14": 0.12510378658771515,
            "15": 0.030742458999156952,
            "16": 0.19397814571857452,
            "17": 0.0,
            "18": 0.7163161039352417,
            "19": 0.08285613358020782
        },
        "Kappa": 0.09075485169887543,
        "MSE": 0.043565087020397186,
        "LogLoss": 2.7389228343963623,
        "AUNU": 0.5795617699623108,
        "micro_ROC-AUC": 0.6120025515556335,
        "AUNP": 0.5795617699623108,
        "AU1U": 0.5795617679557981,
        "AU1P": 0.5795617679557981,
        "ROC-AUC_per_class_vs_rest": {
            "0": 0.5469953208556303,
            "1": 0.5527711006229744,
            "2": 0.5472546351245743,
            "3": 0.5455886326856914,
            "4": 0.6096011617993824,
            "5": 0.5531117208111187,
            "6": 0.6293903912941863,
            "7": 0.5405123559328657,
            "8": 0.5448054410681746,
            "9": 0.5502053185102869,
            "10": 0.5454666438794615,
            "11": 0.5984815862904085,
            "12": 0.6997052986177548,
            "13": 0.5477960315298636,
            "14": 0.5706029381120237,
            "15": 0.5494809619167522,
            "16": 0.5863084179334568,
            "17": 0.5426961328268453,
            "18": 0.7854150252334962,
            "19": 0.5450462440710138
        }
    }
}