{
    "classification type": "binary",
    "class balance": "balanced",
    "dataset name": "colon-0.5_balanced",
    "class names": [
        0,
        1
    ],
    "model name": "random_forest",
    "index": 0,
    "cv fold": 0,
    "fold info": {
        "train distribution": 709,
        "test distribution": 177,
        "train distribution pct": 50.03528581510233,
        "test distribution pct": 49.859154929577464
    },
    "metrics": {
        "macro_accuracy": 0.9327800869941711,
        "micro_accuracy": 0.9327800869941711,
        "accuracy_per_class": {
            "0": 0.9327800869941711,
            "1": 0.9327800869941711
        },
        "macro_precision": 0.9327816963195801,
        "micro_precision": 0.9327800869941711,
        "precision_per_class": {
            "0": 0.9319713115692139,
            "1": 0.9335920214653015
        },
        "macro_recall": 0.9327800273895264,
        "micro_recall": 0.9327800869941711,
        "recall_per_class": {
            "0": 0.9337242841720581,
            "1": 0.9318357706069946
        },
        "macro_f1": 0.9327800273895264,
        "micro_f1": 0.9327800869941711,
        "f1_per_class": {
            "0": 0.9328469634056091,
            "1": 0.9327130913734436
        },
        "MSE": 0.062137454748153687,
        "LogLoss": 4.923348903656006,
        "AUNU": 0.9282875657081604,
        "micro_ROC-AUC": 0.9282875657081604
    }
}