{
    "classification type": "multiclass",
    "class balance": "imbalanced",
    "dataset name": "mfeat-karhunen_imbalanced",
    "class names": [
        0,
        1,
        2,
        3
    ],
    "model name": "random_forest",
    "index": 4,
    "cv fold": 3,
    "fold info": {
        "train distribution": 448,
        "test distribution": 112,
        "train distribution pct": 116.66666666666667,
        "test distribution pct": 116.66666666666667
    },
    "metrics": {
        "macro_accuracy": 0.9836007356643677,
        "micro_accuracy": 0.9836007952690125,
        "accuracy_per_class": {
            "0": 0.982545018196106,
            "1": 0.982545018196106,
            "2": 0.9878941178321838,
            "3": 0.9814189076423645
        },
        "macro_precision": 0.9654492735862732,
        "micro_precision": 0.9672015905380249,
        "precision_per_class": {
            "0": 0.9738175868988037,
            "1": 0.9641275405883789,
            "2": 0.9709459543228149,
            "3": 0.9529058337211609
        },
        "macro_recall": 0.9608369469642639,
        "micro_recall": 0.9672015905380249,
        "recall_per_class": {
            "0": 0.9738175868988037,
            "1": 0.98063063621521,
            "2": 0.9709459543228149,
            "3": 0.9179536700248718
        },
        "macro_f1": 0.9630439877510071,
        "micro_f1": 0.9672015905380249,
        "f1_per_class": {
            "0": 0.9738175868988037,
            "1": 0.9723090529441833,
            "2": 0.9709459543228149,
            "3": 0.9351032376289368
        },
        "Kappa": 0.9548026323318481,
        "MSE": 0.0196689460426569,
        "LogLoss": 0.5398445129394531,
        "AUNU": 0.9720050096511841,
        "micro_ROC-AUC": 0.9752675294876099,
        "AUNP": 0.9748827815055847,
        "AU1U": 0.9710589237207162,
        "AU1P": 0.9723717258372031,
        "ROC-AUC_per_class_vs_rest": {
            "0": 0.9785494640676361,
            "1": 0.9791569825353609,
            "2": 0.9793436550882318,
            "3": 0.9509699276920767
        }
    }
}