{
    "classification type": "multilabel",
    "class balance": "balanced",
    "dataset name": "stackexcs_trimmed",
    "class names": [
        "tag_algorithms",
        "tag_complexity-theory",
        "tag_formal-languages",
        "tag_graph-theory",
        "tag_terminology",
        "tag_graphs",
        "tag_computability",
        "tag_turing-machines",
        "tag_context-free",
        "tag_regular-languages",
        "tag_automata",
        "tag_formal-grammars",
        "tag_finite-automata"
    ],
    "model name": "random_forest",
    "index": 1,
    "cv fold": 4,
    "fold info": {
        "train distribution": [
            92,
            90,
            92,
            89,
            86,
            86,
            88,
            94,
            84,
            86,
            94,
            87,
            89
        ],
        "test distribution": [
            24,
            23,
            24,
            23,
            21,
            22,
            22,
            23,
            21,
            21,
            23,
            21,
            22
        ],
        "train distribution pct": [
            14.397496087636933,
            14.084507042253522,
            14.397496087636933,
            13.928012519561817,
            13.458528951486699,
            13.458528951486699,
            13.77151799687011,
            14.710485133020345,
            13.145539906103288,
            13.458528951486699,
            14.710485133020345,
            13.615023474178404,
            13.928012519561817
        ],
        "test distribution pct": [
            15.0,
            14.374999999999998,
            15.0,
            14.374999999999998,
            13.125,
            13.750000000000002,
            13.750000000000002,
            14.374999999999998,
            13.125,
            13.125,
            14.374999999999998,
            13.125,
            13.750000000000002
        ]
    },
    "metrics": {
        "macro_accuracy": 0.8744343891402715,
        "micro_accuracy": 0.8744343891402715,
        "accuracy_per_class": {
            "tag_algorithms": 0.8412077596996246,
            "tag_complexity-theory": 0.8648310387984981,
            "tag_formal-languages": 0.8297872340425532,
            "tag_graph-theory": 0.8751564455569462,
            "tag_terminology": 0.8379224030037546,
            "tag_graphs": 0.8706195244055068,
            "tag_computability": 0.8739048811013768,
            "tag_turing-machines": 0.8979974968710889,
            "tag_context-free": 0.9080100125156445,
            "tag_regular-languages": 0.8854818523153942,
            "tag_automata": 0.8667083854818524,
            "tag_formal-grammars": 0.9200563204005007,
            "tag_finite-automata": 0.8959637046307884
        },
        "macro_precision": 0.5555932947880172,
        "micro_precision": 0.5714643304130163,
        "precision_per_class": {
            "tag_algorithms": 0.4158607350096712,
            "tag_complexity-theory": 0.5381679389312977,
            "tag_formal-languages": 0.3615916955017301,
            "tag_graph-theory": 0.5702005730659025,
            "tag_terminology": 0.284688995215311,
            "tag_graphs": 0.5296950240770465,
            "tag_computability": 0.5682656826568265,
            "tag_turing-machines": 0.6820512820512821,
            "tag_context-free": 0.6920731707317073,
            "tag_regular-languages": 0.5984126984126984,
            "tag_automata": 0.5636363636363636,
            "tag_formal-grammars": 0.7441217150760719,
            "tag_finite-automata": 0.6739469578783152
        },
        "macro_recall": 0.39537564674547343,
        "micro_recall": 0.39443676572218384,
        "recall_per_class": {
            "tag_algorithms": 0.23168103448275862,
            "tag_complexity-theory": 0.31194690265486724,
            "tag_formal-languages": 0.2252155172413793,
            "tag_graph-theory": 0.44419642857142855,
            "tag_terminology": 0.13901869158878505,
            "tag_graphs": 0.3819444444444444,
            "tag_computability": 0.35,
            "tag_turing-machines": 0.5683760683760684,
            "tag_context-free": 0.5404761904761904,
            "tag_regular-languages": 0.44042056074766356,
            "tag_automata": 0.3974358974358974,
            "tag_formal-grammars": 0.6226851851851852,
            "tag_finite-automata": 0.4864864864864865
        },
        "macro_f1": 0.4597667563537272,
        "micro_f1": 0.4667279975467648,
        "f1_per_class": {
            "tag_algorithms": 0.2975778546712803,
            "tag_complexity-theory": 0.3949579831932773,
            "tag_formal-languages": 0.2775564409030544,
            "tag_graph-theory": 0.4993726474278545,
            "tag_terminology": 0.18681318681318682,
            "tag_graphs": 0.4438466711499664,
            "tag_computability": 0.43319268635724334,
            "tag_turing-machines": 0.62004662004662,
            "tag_context-free": 0.606951871657754,
            "tag_regular-languages": 0.5074024226110363,
            "tag_automata": 0.46616541353383456,
            "tag_formal-grammars": 0.6780088216761184,
            "tag_finite-automata": 0.5650752125572269
        },
        "MSE": 0.1066507026553154,
        "LogLoss": 3.6846110820770264,
        "AUNU": 0.77122962474823,
        "micro_ROC-AUC": 0.773503839969635,
        "AUNP": 0.7707724571228027,
        "ROC-AUC_per_class_vs_rest": {
            "tag_algorithms": 0.6859016659198769,
            "tag_complexity-theory": 0.7284596400190924,
            "tag_formal-languages": 0.697836860074721,
            "tag_graph-theory": 0.8163330433497088,
            "tag_terminology": 0.6229986562044191,
            "tag_graphs": 0.7753853907045613,
            "tag_computability": 0.7794594850903813,
            "tag_turing-machines": 0.8291577374238664,
            "tag_context-free": 0.8355333127487308,
            "tag_regular-languages": 0.8053253175476743,
            "tag_automata": 0.7753125430796801,
            "tag_formal-grammars": 0.8544268111499704,
            "tag_finite-automata": 0.8198548066598574
        }
    }
}