{
    "classification type": "binary",
    "class balance": "balanced",
    "dataset name": "fake-news_balanced",
    "class names": [
        0,
        1
    ],
    "model name": "decision_tree",
    "index": 4,
    "cv fold": 2,
    "fold info": {
        "train distribution": 10057,
        "test distribution": 2515,
        "train distribution pct": 49.997514292816305,
        "test distribution pct": 50.009942334460135
    },
    "metrics": {
        "macro_accuracy": 0.9969509243965149,
        "micro_accuracy": 0.9969509243965149,
        "accuracy_per_class": {
            "0": 0.9969509243965149,
            "1": 0.9969509243965149
        },
        "macro_precision": 0.9969512224197388,
        "micro_precision": 0.9969509243965149,
        "precision_per_class": {
            "0": 0.9965723752975464,
            "1": 0.9973300099372864
        },
        "macro_recall": 0.9969508647918701,
        "micro_recall": 0.9969509243965149,
        "recall_per_class": {
            "0": 0.9973320364952087,
            "1": 0.9965697526931763
        },
        "macro_f1": 0.9969508647918701,
        "micro_f1": 0.9969509243965149,
        "f1_per_class": {
            "0": 0.9969520568847656,
            "1": 0.9969497323036194
        },
        "MSE": 0.002916693687438965,
        "LogLoss": 0.2147151380777359,
        "AUNU": 0.9967629909515381,
        "micro_ROC-AUC": 0.9967629909515381
    }
}