{
    "classification type": "multiclass",
    "class balance": "imbalanced",
    "dataset name": "stocks_imbalanced",
    "class names": [
        0,
        1,
        2,
        3,
        4,
        5,
        6,
        7,
        8,
        9,
        10,
        11,
        12,
        13,
        14,
        15,
        16,
        17,
        18,
        19
    ],
    "model name": "knn",
    "index": 2,
    "cv fold": 4,
    "fold info": {
        "train distribution": 118365,
        "test distribution": 29591,
        "train distribution pct": 1009.079283887468,
        "test distribution pct": 1009.2428376534789
    },
    "metrics": {
        "macro_accuracy": 0.9206653833389282,
        "micro_accuracy": 0.9206652641296387,
        "accuracy_per_class": {
            "0": 0.8184611797332764,
            "1": 0.9508934617042542,
            "2": 0.9495294094085693,
            "3": 0.9492565989494324,
            "4": 0.9584906101226807,
            "5": 0.9509919881820679,
            "6": 0.9604836106300354,
            "7": 0.996529221534729,
            "8": 0.949726402759552,
            "9": 0.9500371217727661,
            "10": 0.94990074634552,
            "11": 0.9556108713150024,
            "12": 0.9683421850204468,
            "13": 0.9503933191299438,
            "14": 0.9646137356758118,
            "15": 0.9498552680015564,
            "16": 0.9818275570869446,
            "17": 0.3304649889469147,
            "18": 0.9780005812644958,
            "19": 0.9498969316482544
        },
        "macro_precision": 0.7024280428886414,
        "micro_precision": 0.20665287971496582,
        "precision_per_class": {
            "0": 0.05002853646874428,
            "1": 0.8947368264198303,
            "2": 0.800000011920929,
            "3": NaN,
            "4": 0.9819144010543823,
            "5": 0.9113923907279968,
            "6": 0.9953421950340271,
            "7": 0.0,
            "8": 1.0,
            "9": 0.9057971239089966,
            "10": 0.0,
            "11": 0.9339478015899658,
            "12": 0.9880542755126953,
            "13": 0.9322034120559692,
            "14": 0.9829351305961609,
            "15": 0.8365384340286255,
            "16": 0.9853963851928711,
            "17": 0.14919643104076385,
            "18": 0.9986501336097717,
            "19": 0.0
        },
        "macro_recall": 0.14282284677028656,
        "micro_recall": 0.20665287971496582,
        "recall_per_class": {
            "0": 0.17310664057731628,
            "1": 0.02312925085425377,
            "2": 0.00538357999175787,
            "3": 0.0,
            "4": 0.16940639913082123,
            "5": 0.021828103810548782,
            "6": 0.2105502486228943,
            "7": 0.0,
            "8": 0.0012044564355164766,
            "9": 0.01864280365407467,
            "10": 0.0,
            "11": 0.13601790368556976,
            "12": 0.37037035822868347,
            "13": 0.008337123319506645,
            "14": 0.08480565249919891,
            "15": 0.013010318391025066,
            "16": 0.22884367406368256,
            "17": 0.8311111330986023,
            "18": 0.5607094168663025,
            "19": 0.0
        },
        "macro_f1": 0.15843172371387482,
        "micro_f1": 0.20665287971496582,
        "f1_per_class": {
            "0": 0.07762354612350464,
            "1": 0.04509283974766731,
            "2": 0.010695187374949455,
            "3": 0.0,
            "4": 0.2889595627784729,
            "5": 0.04263508692383766,
            "6": 0.347575843334198,
            "7": 0.0,
            "8": 0.002406015060842037,
            "9": 0.03653368353843689,
            "10": 0.0,
            "11": 0.2374536246061325,
            "12": 0.5387800335884094,
            "13": 0.016526442021131516,
            "14": 0.15613988041877747,
            "15": 0.02562214620411396,
            "16": 0.37142857909202576,
            "17": 0.2529793977737427,
            "18": 0.7181826829910278,
            "19": 0.0
        },
        "Kappa": 0.1039876639842987,
        "MSE": 0.050076842308044434,
        "LogLoss": 5.196422576904297,
        "AUNU": 0.5757843852043152,
        "micro_ROC-AUC": 0.642177939414978,
        "AUNP": 0.5735683441162109,
        "AU1U": 0.5787629561260775,
        "AU1P": 0.5760973772482182,
        "ROC-AUC_per_class_vs_rest": {
            "0": 0.5446954120947247,
            "1": 0.54484333024949,
            "2": 0.5386205908819827,
            "3": 0.5365528870901167,
            "4": 0.6062860134805188,
            "5": 0.5445062142720697,
            "6": 0.6244985373555405,
            "7": 0.5246975786010484,
            "8": 0.5350198550818724,
            "9": 0.5439360802341578,
            "10": 0.5360151014561343,
            "11": 0.5940363345900351,
            "12": 0.6986546246909997,
            "13": 0.5399021176939527,
            "14": 0.5693174189393149,
            "15": 0.539356887965112,
            "16": 0.6330790705605103,
            "17": 0.5387204864462736,
            "18": 0.7862964580785765,
            "19": 0.5366525280794749
        }
    }
}