{
    "classification type": "binary",
    "class balance": "balanced",
    "dataset name": "vehicle-sensit_balanced",
    "class names": [
        0,
        1
    ],
    "model name": "random_forest",
    "index": 3,
    "cv fold": 0,
    "fold info": {
        "train distribution": 5011,
        "test distribution": 1253,
        "train distribution pct": 50.0,
        "test distribution pct": 50.0
    },
    "metrics": {
        "macro_accuracy": 0.8278164267539978,
        "micro_accuracy": 0.8278164267539978,
        "accuracy_per_class": {
            "0": 0.8278164267539978,
            "1": 0.8278164267539978
        },
        "macro_precision": 0.8290098905563354,
        "micro_precision": 0.8278164267539978,
        "precision_per_class": {
            "0": 0.8488256931304932,
            "1": 0.8091940879821777
        },
        "macro_recall": 0.8278164267539978,
        "micro_recall": 0.8278164267539978,
        "recall_per_class": {
            "0": 0.7977021336555481,
            "1": 0.8579307198524475
        },
        "macro_f1": 0.8276601433753967,
        "micro_f1": 0.8278164267539978,
        "f1_per_class": {
            "0": 0.8224702477455139,
            "1": 0.8328500390052795
        },
        "MSE": 0.15134598314762115,
        "LogLoss": 8.652162551879883,
        "AUNU": 0.8305126428604126,
        "micro_ROC-AUC": 0.8305126428604126
    }
}