{
    "classification type": "multiclass",
    "class balance": "balanced",
    "dataset name": "gas-drift_balanced",
    "class names": [
        2,
        0,
        4,
        3,
        1
    ],
    "model name": "logistic_regression",
    "index": 3,
    "cv fold": 3,
    "fold info": {
        "train distribution": 2600,
        "test distribution": 650,
        "train distribution pct": 200.0,
        "test distribution pct": 200.0
    },
    "metrics": {
        "macro_accuracy": 0.9954655766487122,
        "micro_accuracy": 0.9954655766487122,
        "accuracy_per_class": {
            "2": 0.9988663792610168,
            "0": 0.999352216720581,
            "4": 0.991093099117279,
            "3": 0.9894737005233765,
            "1": 0.9985424876213074
        },
        "macro_precision": 0.9886785745620728,
        "micro_precision": 0.9886639714241028,
        "precision_per_class": {
            "2": 0.9967637658119202,
            "0": 0.9967715740203857,
            "4": 0.9844006299972534,
            "3": 0.9695023894309998,
            "1": 0.995954692363739
        },
        "macro_recall": 0.9886639714241028,
        "micro_recall": 0.9886639714241028,
        "recall_per_class": {
            "2": 0.9975708723068237,
            "0": 1.0,
            "4": 0.9708502292633057,
            "3": 0.9781376719474792,
            "1": 0.99676114320755
        },
        "macro_f1": 0.9886574745178223,
        "micro_f1": 0.9886639714241028,
        "f1_per_class": {
            "2": 0.9971671104431152,
            "0": 0.9983831644058228,
            "4": 0.9775784611701965,
            "3": 0.9738008975982666,
            "1": 0.9963577389717102
        },
        "Kappa": 0.9858299493789673,
        "MSE": 0.0038988315500319004,
        "LogLoss": 0.06293974816799164,
        "AUNU": 0.99800705909729,
        "micro_ROC-AUC": 0.9983288645744324,
        "AUNP": 0.99800705909729,
        "AU1U": 0.9980070481404383,
        "AU1P": 0.9980070481404383,
        "ROC-AUC_per_class_vs_rest": {
            "2": 0.9991897916700815,
            "0": 0.9997631496992248,
            "4": 0.9990385025160222,
            "3": 0.9946189906407251,
            "1": 0.9974248061761378
        }
    }
}