{
    "classification type": "multiclass",
    "class balance": "balanced",
    "dataset name": "gas-drift_balanced",
    "class names": [
        2,
        0,
        4,
        3,
        1
    ],
    "model name": "logistic_regression",
    "index": 3,
    "cv fold": 1,
    "fold info": {
        "train distribution": 2600,
        "test distribution": 650,
        "train distribution pct": 200.0,
        "test distribution pct": 200.0
    },
    "metrics": {
        "macro_accuracy": 0.9958732724189758,
        "micro_accuracy": 0.9958733320236206,
        "accuracy_per_class": {
            "2": 0.9989140033721924,
            "0": 0.9994570016860962,
            "4": 0.9918552041053772,
            "3": 0.9902262687683105,
            "1": 0.9989140033721924
        },
        "macro_precision": 0.9897006154060364,
        "micro_precision": 0.9896832704544067,
        "precision_per_class": {
            "2": 0.9963866472244263,
            "0": 0.9972923994064331,
            "4": 0.9862385392189026,
            "3": 0.9713004231452942,
            "1": 0.9972850680351257
        },
        "macro_recall": 0.9896832704544067,
        "micro_recall": 0.9896832704544067,
        "recall_per_class": {
            "2": 0.9981900453567505,
            "0": 1.0,
            "4": 0.9728506803512573,
            "3": 0.9800904989242554,
            "1": 0.9972850680351257
        },
        "macro_f1": 0.9896782636642456,
        "micro_f1": 0.9896832704544067,
        "f1_per_class": {
            "2": 0.9972875118255615,
            "0": 0.9986443519592285,
            "4": 0.9794988632202148,
            "3": 0.9756757020950317,
            "1": 0.9972850680351257
        },
        "Kappa": 0.9871041178703308,
        "MSE": 0.003624528646469116,
        "LogLoss": 0.06053451821208,
        "AUNU": 0.9980630874633789,
        "micro_ROC-AUC": 0.9983679056167603,
        "AUNP": 0.9980630874633789,
        "AU1U": 0.9980631027210745,
        "AU1P": 0.9980631027210747,
        "ROC-AUC_per_class_vs_rest": {
            "2": 0.9990944083863966,
            "0": 0.9997987346696423,
            "4": 0.9990835568477304,
            "3": 0.9944898753096783,
            "1": 0.9978489383919248
        }
    }
}