{
    "classification type": "multilabel",
    "class balance": "imbalanced",
    "dataset name": "emotions_imbalanced",
    "class names": [
        "angry-aggresive",
        "amazed-suprised",
        "sad-lonely",
        "happy-pleased"
    ],
    "model name": "decision_tree",
    "index": 3,
    "cv fold": 2,
    "fold info": {
        "train distribution": [
            151,
            118,
            134,
            69
        ],
        "test distribution": [
            38,
            29,
            33,
            17
        ],
        "train distribution pct": [
            43.39080459770115,
            33.90804597701149,
            38.50574712643678,
            19.82758620689655
        ],
        "test distribution pct": [
            43.18181818181818,
            32.95454545454545,
            37.5,
            19.318181818181817
        ]
    },
    "metrics": {
        "macro_accuracy": 0.7564034151547493,
        "micro_accuracy": 0.7564034151547492,
        "accuracy_per_class": {
            "angry-aggresive": 0.7865528281750267,
            "amazed-suprised": 0.714247598719317,
            "sad-lonely": 0.7772145144076841,
            "happy-pleased": 0.7475987193169691
        },
        "macro_precision": 0.594922726537752,
        "micro_precision": 0.6454134101192924,
        "precision_per_class": {
            "angry-aggresive": 0.7562034739454094,
            "amazed-suprised": 0.5798180314309347,
            "sad-lonely": 0.7108771929824561,
            "happy-pleased": 0.3327922077922078
        },
        "macro_recall": 0.5716849716053962,
        "micro_recall": 0.6194236083695223,
        "recall_per_class": {
            "angry-aggresive": 0.7496924969249692,
            "amazed-suprised": 0.5545886075949367,
            "sad-lonely": 0.7054317548746518,
            "happy-pleased": 0.27702702702702703
        },
        "macro_f1": 0.5825901408226595,
        "micro_f1": 0.6321514907332796,
        "f1_per_class": {
            "angry-aggresive": 0.752933909820877,
            "amazed-suprised": 0.5669227658714112,
            "sad-lonely": 0.7081440055924502,
            "happy-pleased": 0.3023598820058997
        },
        "MSE": 0.20905719697475433,
        "LogLoss": 11.699097633361816,
        "AUNU": 0.7168503403663635,
        "micro_ROC-AUC": 0.7391427159309387,
        "AUNP": 0.7346642017364502,
        "ROC-AUC_per_class_vs_rest": {
            "angry-aggresive": 0.7842993451140922,
            "amazed-suprised": 0.7019940275994212,
            "sad-lonely": 0.7718357835105205,
            "happy-pleased": 0.6092721211903392
        }
    }
}