{
    "classification type": "binary",
    "class balance": "imbalanced",
    "dataset name": "news-sarcasm_imbalanced",
    "class names": [
        0,
        1
    ],
    "model name": "decision_tree",
    "index": 3,
    "cv fold": 0,
    "fold info": {
        "train distribution": 819,
        "test distribution": 205,
        "train distribution pct": 21.40057486281683,
        "test distribution pct": 21.42110762800418
    },
    "metrics": {
        "macro_accuracy": 0.8234724402427673,
        "micro_accuracy": 0.8234724402427673,
        "accuracy_per_class": {
            "0": 0.8234724402427673,
            "1": 0.8234724402427673
        },
        "macro_precision": 0.7418349981307983,
        "micro_precision": 0.8234724402427673,
        "precision_per_class": {
            "0": 0.8583720326423645,
            "1": 0.6252979040145874
        },
        "macro_recall": 0.6830156445503235,
        "micro_recall": 0.8234724402427673,
        "recall_per_class": {
            "0": 0.9286131262779236,
            "1": 0.437418133020401
        },
        "macro_f1": 0.7034311294555664,
        "micro_f1": 0.8234724402427673,
        "f1_per_class": {
            "0": 0.892112135887146,
            "1": 0.5147501826286316
        },
        "MSE": 0.14282681047916412,
        "LogLoss": 6.417569160461426,
        "AUNU": 0.7750017642974854,
        "micro_ROC-AUC": 0.7750017642974854
    }
}