{
    "classification type": "multilabel",
    "class balance": "imbalanced",
    "dataset name": "emotions_imbalanced",
    "class names": [
        "angry-aggresive",
        "amazed-suprised",
        "sad-lonely",
        "happy-pleased"
    ],
    "model name": "logistic_regression",
    "index": 3,
    "cv fold": 0,
    "fold info": {
        "train distribution": [
            151,
            118,
            133,
            69
        ],
        "test distribution": [
            38,
            29,
            34,
            17
        ],
        "train distribution pct": [
            43.142857142857146,
            33.714285714285715,
            38.0,
            19.714285714285715
        ],
        "test distribution pct": [
            44.18604651162791,
            33.72093023255814,
            39.53488372093023,
            19.767441860465116
        ]
    },
    "metrics": {
        "macro_accuracy": 0.7758249641319943,
        "micro_accuracy": 0.7758249641319943,
        "accuracy_per_class": {
            "angry-aggresive": 0.8134863701578192,
            "amazed-suprised": 0.7281205164992827,
            "sad-lonely": 0.7977044476327116,
            "happy-pleased": 0.7639885222381636
        },
        "macro_precision": 0.6261005572943965,
        "micro_precision": 0.682576193214491,
        "precision_per_class": {
            "angry-aggresive": 0.7870216306156406,
            "amazed-suprised": 0.6036446469248291,
            "sad-lonely": 0.7514910536779325,
            "happy-pleased": 0.3622448979591837
        },
        "macro_recall": 0.5775929608272022,
        "micro_recall": 0.629708222811671,
        "recall_per_class": {
            "angry-aggresive": 0.7818181818181819,
            "amazed-suprised": 0.5638297872340425,
            "sad-lonely": 0.7065420560747664,
            "happy-pleased": 0.2581818181818182
        },
        "macro_f1": 0.5993198704441275,
        "micro_f1": 0.6550772626931567,
        "f1_per_class": {
            "angry-aggresive": 0.7844112769485904,
            "amazed-suprised": 0.583058305830583,
            "sad-lonely": 0.7283236994219653,
            "happy-pleased": 0.30148619957537154
        },
        "MSE": 0.16331391036510468,
        "LogLoss": 0.5556470155715942,
        "AUNU": 0.7970865368843079,
        "micro_ROC-AUC": 0.822645366191864,
        "AUNP": 0.8169367909431458,
        "ROC-AUC_per_class_vs_rest": {
            "angry-aggresive": 0.8740009846128062,
            "amazed-suprised": 0.7881919498940777,
            "sad-lonely": 0.8500495033346751,
            "happy-pleased": 0.6761036639857014
        }
    }
}