{
    "classification type": "binary",
    "class balance": "balanced",
    "dataset name": "amazon-reviews-0.25_balanced",
    "class names": [
        0,
        1
    ],
    "model name": "random_forest",
    "index": 2,
    "cv fold": 1,
    "fold info": {
        "train distribution": 14462,
        "test distribution": 3615,
        "train distribution pct": 50.001728728001936,
        "test distribution pct": 49.99308532706403
    },
    "metrics": {
        "macro_accuracy": 0.8152082562446594,
        "micro_accuracy": 0.8152082562446594,
        "accuracy_per_class": {
            "0": 0.8152082562446594,
            "1": 0.8152082562446594
        },
        "macro_precision": 0.81525057554245,
        "micro_precision": 0.8152082562446594,
        "precision_per_class": {
            "0": 0.818905234336853,
            "1": 0.8115959167480469
        },
        "macro_recall": 0.8152082562446594,
        "micro_recall": 0.8152082562446594,
        "recall_per_class": {
            "0": 0.8094139695167542,
            "1": 0.8210025429725647
        },
        "macro_f1": 0.815201997756958,
        "micro_f1": 0.8152082562446594,
        "f1_per_class": {
            "0": 0.8141319155693054,
            "1": 0.8162721395492554
        },
        "MSE": 0.16533252596855164,
        "LogLoss": 10.619295120239258,
        "AUNU": 0.8101324439048767,
        "micro_ROC-AUC": 0.8101324439048767
    }
}