{
    "classification type": "multilabel",
    "class balance": "balanced",
    "dataset name": "tmc2007500_balanced",
    "class names": [
        "class13",
        "class07",
        "class01",
        "class14",
        "class18",
        "class10"
    ],
    "model name": "logistic_regression",
    "index": 3,
    "cv fold": 1,
    "fold info": {
        "train distribution": [
            1252,
            1252,
            1252,
            1252,
            1190,
            1184
        ],
        "test distribution": [
            313,
            314,
            314,
            314,
            297,
            295
        ],
        "train distribution pct": [
            19.713430955754998,
            19.713430955754998,
            19.713430955754998,
            19.713430955754998,
            18.737206739096205,
            18.642733427806647
        ],
        "test distribution pct": [
            20.07697241821681,
            20.141116100064142,
            20.141116100064142,
            20.141116100064142,
            19.050673508659397,
            18.92238614496472
        ]
    },
    "metrics": {
        "macro_accuracy": 0.9179912891337528,
        "micro_accuracy": 0.9179912891337527,
        "accuracy_per_class": {
            "class13": 0.8870937721028924,
            "class07": 0.9157949596098723,
            "class01": 0.973979079030637,
            "class14": 0.9413691694896326,
            "class18": 0.9087964858727617,
            "class10": 0.8809142686967204
        },
        "macro_precision": 0.8248111297743237,
        "micro_precision": 0.8307473776223776,
        "precision_per_class": {
            "class13": 0.783308568598316,
            "class07": 0.8020114375862749,
            "class01": 0.9460084843810258,
            "class14": 0.8916040100250626,
            "class18": 0.7929406474820144,
            "class10": 0.7329936305732484
        },
        "macro_recall": 0.7251634047717886,
        "micro_recall": 0.7268642447418738,
        "recall_per_class": {
            "class13": 0.5944371358767149,
            "class07": 0.763755868544601,
            "class01": 0.9213145539906104,
            "class14": 0.8016901408450704,
            "class18": 0.6975870253164557,
            "class10": 0.5721957040572793
        },
        "macro_f1": 0.7701674564469174,
        "micro_f1": 0.7753416275749541,
        "f1_per_class": {
            "class13": 0.6759269152687253,
            "class07": 0.7824163139669104,
            "class01": 0.9334982399391114,
            "class14": 0.8442598635419757,
            "class18": 0.7422138047138047,
            "class10": 0.6426896012509773
        },
        "MSE": 0.061348751187324524,
        "LogLoss": 0.21175414323806763,
        "AUNU": 0.945918083190918,
        "micro_ROC-AUC": 0.9525933265686035,
        "AUNP": 0.9462589621543884,
        "ROC-AUC_per_class_vs_rest": {
            "class13": 0.9055830386084597,
            "class07": 0.9529455570828632,
            "class01": 0.9910621079371887,
            "class14": 0.969868353651173,
            "class18": 0.9425433947510178,
            "class10": 0.9135061698910193
        }
    }
}