{
    "classification type": "multilabel",
    "class balance": "balanced",
    "dataset name": "scene2",
    "class names": [
        "Beach",
        "Sunset",
        "FallFoliage",
        "Field",
        "Mountain",
        "Urban"
    ],
    "model name": "logistic_regression",
    "index": 0,
    "cv fold": 4,
    "fold info": {
        "train distribution": [
            334,
            291,
            314,
            336,
            328,
            345
        ],
        "test distribution": [
            83,
            73,
            79,
            83,
            81,
            86
        ],
        "train distribution pct": [
            18.311403508771928,
            15.953947368421053,
            17.214912280701753,
            18.421052631578945,
            17.982456140350877,
            18.914473684210524
        ],
        "test distribution pct": [
            18.082788671023962,
            15.904139433551197,
            17.21132897603486,
            18.082788671023962,
            17.647058823529413,
            18.736383442265794
        ]
    },
    "metrics": {
        "macro_accuracy": 0.9024675135056212,
        "micro_accuracy": 0.9024675135056213,
        "accuracy_per_class": {
            "Beach": 0.8939991239597022,
            "Sunset": 0.9579500657030223,
            "FallFoliage": 0.9115199299167762,
            "Field": 0.9391151992991678,
            "Mountain": 0.8458169075777485,
            "Urban": 0.8664038545773105
        },
        "macro_precision": 0.7701281667140926,
        "micro_precision": 0.7774405665149215,
        "precision_per_class": {
            "Beach": 0.7521613832853026,
            "Sunset": 0.9240506329113924,
            "FallFoliage": 0.7800586510263929,
            "Field": 0.8626943005181347,
            "Mountain": 0.6108949416342413,
            "Urban": 0.6909090909090909
        },
        "macro_recall": 0.6354261117833091,
        "micro_recall": 0.6317303740238389,
        "recall_per_class": {
            "Beach": 0.6258992805755396,
            "Sunset": 0.8021978021978022,
            "FallFoliage": 0.6768447837150128,
            "Field": 0.7947494033412887,
            "Mountain": 0.38386308068459657,
            "Urban": 0.5290023201856149
        },
        "macro_f1": 0.6941462451311926,
        "micro_f1": 0.6970521541950113,
        "f1_per_class": {
            "Beach": 0.6832460732984293,
            "Sunset": 0.8588235294117647,
            "FallFoliage": 0.7247956403269755,
            "Field": 0.8273291925465839,
            "Mountain": 0.47147147147147145,
            "Urban": 0.5992115637319316
        },
        "MSE": 0.07057250291109085,
        "LogLoss": 0.23487338423728943,
        "AUNU": 0.9256851673126221,
        "micro_ROC-AUC": 0.9340394735336304,
        "AUNP": 0.9244008660316467,
        "ROC-AUC_per_class_vs_rest": {
            "Beach": 0.9265783514667366,
            "Sunset": 0.9804829094823884,
            "FallFoliage": 0.9469808958358577,
            "Field": 0.9663707273602589,
            "Mountain": 0.8412936777365206,
            "Urban": 0.892404524111389
        }
    }
}