{
    "classification type": "binary",
    "class balance": "balanced",
    "dataset name": "spambase_balanced",
    "class names": [
        1,
        0
    ],
    "model name": "random_forest",
    "index": 2,
    "cv fold": 4,
    "fold info": {
        "train distribution": 188,
        "test distribution": 46,
        "train distribution pct": 50.13333333333333,
        "test distribution pct": 49.46236559139785
    },
    "metrics": {
        "macro_accuracy": 0.9035174250602722,
        "micro_accuracy": 0.9035174250602722,
        "accuracy_per_class": {
            "1": 0.9035174250602722,
            "0": 0.9035174250602722
        },
        "macro_precision": 0.9035227298736572,
        "micro_precision": 0.9035174250602722,
        "precision_per_class": {
            "1": 0.9020635485649109,
            "0": 0.9049818515777588
        },
        "macro_recall": 0.9035174250602722,
        "micro_recall": 0.9035174250602722,
        "recall_per_class": {
            "1": 0.9053254723548889,
            "0": 0.9017093777656555
        },
        "macro_f1": 0.9035171270370483,
        "micro_f1": 0.9035174250602722,
        "f1_per_class": {
            "1": 0.9036915302276611,
            "0": 0.9033426642417908
        },
        "MSE": 0.09047766774892807,
        "LogLoss": 4.972903251647949,
        "AUNU": 0.9082332849502563,
        "micro_ROC-AUC": 0.9082332849502563
    }
}