{
    "classification type": "multilabel",
    "class balance": "imbalanced",
    "dataset name": "scene_imbalanced",
    "class names": [
        "Mountain",
        "Field",
        "Urban",
        "Beach",
        "FallFoliage",
        "Sunset"
    ],
    "model name": "logistic_regression",
    "index": 0,
    "cv fold": 1,
    "fold info": {
        "train distribution": [
            426,
            337,
            344,
            341,
            210,
            60
        ],
        "test distribution": [
            107,
            85,
            87,
            86,
            53,
            15
        ],
        "train distribution pct": [
            26.86002522068096,
            21.2484237074401,
            21.689785624211854,
            21.50063051702396,
            13.240857503152585,
            3.783102143757881
        ],
        "test distribution pct": [
            26.884422110552762,
            21.35678391959799,
            21.85929648241206,
            21.608040201005025,
            13.316582914572864,
            3.7688442211055273
        ]
    },
    "metrics": {
        "macro_accuracy": 0.8741624790619765,
        "micro_accuracy": 0.8741624790619765,
        "accuracy_per_class": {
            "Mountain": 0.7600502512562815,
            "Field": 0.9082914572864321,
            "Urban": 0.8366834170854272,
            "Beach": 0.8442211055276382,
            "FallFoliage": 0.9158291457286433,
            "Sunset": 0.9798994974874372
        },
        "macro_precision": 0.6926320115766146,
        "micro_precision": 0.664572864321608,
        "precision_per_class": {
            "Mountain": 0.5528846153846154,
            "Field": 0.7926829268292683,
            "Urban": 0.6524822695035462,
            "Beach": 0.6538461538461539,
            "FallFoliage": 0.6857142857142857,
            "Sunset": 0.8181818181818182
        },
        "macro_recall": 0.6188662198107377,
        "micro_recall": 0.6129779837775203,
        "recall_per_class": {
            "Mountain": 0.539906103286385,
            "Field": 0.7692307692307693,
            "Urban": 0.5317919075144508,
            "Beach": 0.5930232558139535,
            "FallFoliage": 0.6792452830188679,
            "Sunset": 0.6
        },
        "macro_f1": 0.6516349497516153,
        "micro_f1": 0.6377335744424352,
        "f1_per_class": {
            "Mountain": 0.5463182897862233,
            "Field": 0.7807807807807807,
            "Urban": 0.5859872611464968,
            "Beach": 0.6219512195121951,
            "FallFoliage": 0.6824644549763034,
            "Sunset": 0.6923076923076923
        },
        "MSE": 0.09798818826675415,
        "LogLoss": 0.4144745171070099,
        "AUNU": 0.8894582986831665,
        "micro_ROC-AUC": 0.9010654091835022,
        "AUNP": 0.8671576976776123,
        "ROC-AUC_per_class_vs_rest": {
            "Mountain": 0.7824994564298311,
            "Field": 0.9455753423364759,
            "Urban": 0.838187401998534,
            "Beach": 0.8668194692903994,
            "FallFoliage": 0.9299083948591742,
            "Sunset": 0.9737597911227154
        }
    }
}