{
    "classification type": "binary",
    "class balance": "imbalanced",
    "dataset name": "philippine_imbalanced",
    "class names": [
        0,
        1
    ],
    "model name": "decision_tree",
    "index": 1,
    "cv fold": 4,
    "fold info": {
        "train distribution": 205,
        "test distribution": 51,
        "train distribution pct": 12.796504369538079,
        "test distribution pct": 12.75
    },
    "metrics": {
        "macro_accuracy": 0.8510061502456665,
        "micro_accuracy": 0.8510061502456665,
        "accuracy_per_class": {
            "0": 0.8510061502456665,
            "1": 0.8510061502456665
        },
        "macro_precision": 0.6536085605621338,
        "micro_precision": 0.8510061502456665,
        "precision_per_class": {
            "0": 0.9052303433418274,
            "1": 0.4019867479801178
        },
        "macro_recall": 0.6324222683906555,
        "micro_recall": 0.8510061502456665,
        "recall_per_class": {
            "0": 0.9261168241500854,
            "1": 0.3387276828289032
        },
        "macro_f1": 0.6416051983833313,
        "micro_f1": 0.8510061502456665,
        "f1_per_class": {
            "0": 0.9155544638633728,
            "1": 0.3676559627056122
        },
        "MSE": 0.12868063151836395,
        "LogLoss": 5.135982513427734,
        "AUNU": 0.6850642561912537,
        "micro_ROC-AUC": 0.6850642561912537
    }
}