{
    "classification type": "multiclass",
    "class balance": "imbalanced",
    "dataset name": "nyt-comments-april17_imbalanced",
    "class names": [
        3,
        4,
        5,
        0,
        1,
        2
    ],
    "model name": "knn",
    "index": 4,
    "cv fold": 4,
    "fold info": {
        "train distribution": 13836,
        "test distribution": 3458,
        "train distribution pct": 219.86334021929127,
        "test distribution pct": 219.83471074380162
    },
    "metrics": {
        "macro_accuracy": 0.84064120054245,
        "micro_accuracy": 0.8406411409378052,
        "accuracy_per_class": {
            "3": 0.8560195565223694,
            "4": 0.8703661561012268,
            "5": 0.6450546383857727,
            "0": 0.8546020984649658,
            "1": 0.8836765885353088,
            "2": 0.9341278672218323
        },
        "macro_precision": 0.48721420764923096,
        "micro_precision": 0.5219234824180603,
        "precision_per_class": {
            "3": 0.4247274696826935,
            "4": 0.6242096424102783,
            "5": 0.5051842927932739,
            "0": 0.48316022753715515,
            "1": 0.6567623019218445,
            "2": 0.22924138605594635
        },
        "macro_recall": 0.4248128831386566,
        "micro_recall": 0.5219234824180603,
        "recall_per_class": {
            "3": 0.40297678112983704,
            "4": 0.5094214081764221,
            "5": 0.7220712900161743,
            "0": 0.29049956798553467,
            "1": 0.5249795317649841,
            "2": 0.09892857074737549
        },
        "macro_f1": 0.4422682523727417,
        "micro_f1": 0.5219234824180603,
        "f1_per_class": {
            "3": 0.41356635093688965,
            "4": 0.5610039830207825,
            "5": 0.5944631099700928,
            "0": 0.3628412187099457,
            "1": 0.5835229754447937,
            "2": 0.13821205496788025
        },
        "Kappa": 0.35839778184890747,
        "MSE": 0.12089216709136963,
        "LogLoss": 4.72895622253418,
        "AUNU": 0.7154944539070129,
        "micro_ROC-AUC": 0.7592936754226685,
        "AUNP": 0.7189033627510071,
        "AU1U": 0.7142683565095879,
        "AU1P": 0.7141497245675896,
        "ROC-AUC_per_class_vs_rest": {
            "3": 0.713303057517659,
            "4": 0.7723579644223055,
            "5": 0.6923028933632094,
            "0": 0.6684947116144446,
            "1": 0.8005773650728504,
            "2": 0.6459305819359707
        }
    }
}