{
    "classification type": "multilabel",
    "class balance": "balanced",
    "dataset name": "tmc2007500_balanced",
    "class names": [
        "class13",
        "class07",
        "class01",
        "class14",
        "class18",
        "class10"
    ],
    "model name": "knn",
    "index": 1,
    "cv fold": 0,
    "fold info": {
        "train distribution": [
            1252,
            1253,
            1253,
            1253,
            1190,
            1183
        ],
        "test distribution": [
            313,
            313,
            313,
            313,
            297,
            296
        ],
        "train distribution pct": [
            19.77570683936187,
            19.791502132364556,
            19.791502132364556,
            19.791502132364556,
            18.796398673195387,
            18.68583162217659
        ],
        "test distribution pct": [
            19.822672577580747,
            19.822672577580747,
            19.822672577580747,
            19.822672577580747,
            18.809373020899304,
            18.746041798606715
        ]
    },
    "metrics": {
        "macro_accuracy": 0.8876945234833314,
        "micro_accuracy": 0.8876945234833316,
        "accuracy_per_class": {
            "class13": 0.8351775740330909,
            "class07": 0.896511750447887,
            "class01": 0.9490989566866899,
            "class14": 0.9131626093371272,
            "class18": 0.8778585730846243,
            "class10": 0.8543576773105701
        },
        "macro_precision": 0.782064825434673,
        "micro_precision": 0.7880354505169868,
        "precision_per_class": {
            "class13": 0.7599337748344371,
            "class07": 0.7144906743185079,
            "class01": 0.8997709049255441,
            "class14": 0.8454485920104781,
            "class18": 0.7351392024078255,
            "class10": 0.7376058041112454
        },
        "macro_recall": 0.5756618413435861,
        "micro_recall": 0.5781108903738487,
        "recall_per_class": {
            "class13": 0.24440894568690097,
            "class07": 0.7951037786056413,
            "class01": 0.8360830228845131,
            "class14": 0.6870675891431612,
            "class18": 0.547645739910314,
            "class10": 0.3436619718309859
        },
        "macro_f1": 0.6406501480892708,
        "micro_f1": 0.6669444733826441,
        "f1_per_class": {
            "class13": 0.3698630136986301,
            "class07": 0.7526448362720403,
            "class01": 0.8667586206896551,
            "class14": 0.7580739870816207,
            "class18": 0.6276903308705429,
            "class10": 0.46887009992313605
        },
        "MSE": 0.08577721565961838,
        "LogLoss": 2.2931935787200928,
        "AUNU": 0.8907288312911987,
        "micro_ROC-AUC": 0.8920159339904785,
        "AUNP": 0.8911409974098206,
        "ROC-AUC_per_class_vs_rest": {
            "class13": 0.7768103771669528,
            "class07": 0.9345142976630145,
            "class01": 0.9714121219453689,
            "class14": 0.9225351925528649,
            "class18": 0.8957751212741131,
            "class10": 0.8433257987124196
        }
    }
}