{
    "classification type": "binary",
    "class balance": "imbalanced",
    "dataset name": "santander-customer-satisfaction_imbalanced",
    "class names": [
        0,
        1
    ],
    "model name": "random_forest",
    "index": 3,
    "cv fold": 3,
    "fold info": {
        "train distribution": 318,
        "test distribution": 80,
        "train distribution pct": 0.8585313174946004,
        "test distribution pct": 0.8639308855291578
    },
    "metrics": {
        "macro_accuracy": 0.9874995946884155,
        "micro_accuracy": 0.9874995946884155,
        "accuracy_per_class": {
            "0": 0.9874995946884155,
            "1": 0.9874995946884155
        },
        "macro_precision": 0.5127522945404053,
        "micro_precision": 0.9874995946884155,
        "precision_per_class": {
            "0": 0.991511344909668,
            "1": 0.033993277698755264
        },
        "macro_recall": 0.5062435865402222,
        "micro_recall": 0.9874995946884155,
        "recall_per_class": {
            "0": 0.995917558670044,
            "1": 0.016569554805755615
        },
        "macro_f1": 0.5079944729804993,
        "micro_f1": 0.9874995946884155,
        "f1_per_class": {
            "0": 0.9937095642089844,
            "1": 0.022279348224401474
        },
        "MSE": 0.012385726906359196,
        "LogLoss": 0.7866376042366028,
        "AUNU": 0.6115901470184326,
        "micro_ROC-AUC": 0.6115901470184326
    }
}