{
    "classification type": "multiclass",
    "class balance": "imbalanced",
    "dataset name": "ag-news_imbalanced",
    "class names": [
        0,
        1,
        2,
        3
    ],
    "model name": "random_forest",
    "index": 4,
    "cv fold": 1,
    "fold info": {
        "train distribution": 3674,
        "test distribution": 920,
        "train distribution pct": 93.50979893102571,
        "test distribution pct": 93.5910478128179
    },
    "metrics": {
        "macro_accuracy": 0.8953261375427246,
        "micro_accuracy": 0.8953261375427246,
        "accuracy_per_class": {
            "0": 0.8520230650901794,
            "1": 0.9078378081321716,
            "2": 0.8993553519248962,
            "3": 0.9220883846282959
        },
        "macro_precision": 0.7563279271125793,
        "micro_precision": 0.7906522750854492,
        "precision_per_class": {
            "0": 0.8123509287834167,
            "1": 0.8324502110481262,
            "2": 0.6735925674438477,
            "3": 0.7069180607795715
        },
        "macro_recall": 0.7244340181350708,
        "micro_recall": 0.7906522750854492,
        "recall_per_class": {
            "0": 0.8707386255264282,
            "1": 0.8528462648391724,
            "2": 0.5739861726760864,
            "3": 0.6001647710800171
        },
        "macro_f1": 0.738012969493866,
        "micro_f1": 0.7906522750854492,
        "f1_per_class": {
            "0": 0.8405320048332214,
            "1": 0.8425248265266418,
            "2": 0.619813084602356,
            "3": 0.6491820216178894
        },
        "Kappa": 0.6874089241027832,
        "MSE": 0.09001163393259048,
        "LogLoss": 2.377467155456543,
        "AUNU": 0.8504945635795593,
        "micro_ROC-AUC": 0.8759130239486694,
        "AUNP": 0.8635798692703247,
        "AU1U": 0.8420783312951796,
        "AU1P": 0.8517505733888194,
        "ROC-AUC_per_class_vs_rest": {
            "0": 0.8683766387565934,
            "1": 0.8990063568586434,
            "2": 0.807858461580832,
            "3": 0.8267368333477666
        }
    }
}