{
    "classification type": "binary",
    "class balance": "imbalanced",
    "dataset name": "fake-news_imbalanced",
    "class names": [
        0,
        1
    ],
    "model name": "random_forest",
    "index": 2,
    "cv fold": 0,
    "fold info": {
        "train distribution": 288,
        "test distribution": 71,
        "train distribution pct": 1.5100671140939599,
        "test distribution pct": 1.4890939597315436
    },
    "metrics": {
        "macro_accuracy": 0.9973903894424438,
        "micro_accuracy": 0.9973903894424438,
        "accuracy_per_class": {
            "0": 0.9973903894424438,
            "1": 0.9973903894424438
        },
        "macro_precision": 0.984304666519165,
        "micro_precision": 0.9973903894424438,
        "precision_per_class": {
            "0": 0.99774569272995,
            "1": 0.9708636999130249
        },
        "macro_recall": 0.9259291887283325,
        "micro_recall": 0.9973903894424438,
        "recall_per_class": {
            "0": 0.9996090531349182,
            "1": 0.8522493839263916
        },
        "macro_f1": 0.9531872272491455,
        "micro_f1": 0.9973903894424438,
        "f1_per_class": {
            "0": 0.9986764788627625,
            "1": 0.9076979160308838
        },
        "MSE": 0.0019045029766857624,
        "LogLoss": 0.0787593275308609,
        "AUNU": 0.979634165763855,
        "micro_ROC-AUC": 0.979634165763855
    }
}