{
    "classification type": "multilabel",
    "class balance": "balanced",
    "dataset name": "scene_balanced",
    "class names": [
        "Mountain",
        "Field",
        "Urban",
        "Beach",
        "FallFoliage",
        "Sunset"
    ],
    "model name": "knn",
    "index": 4,
    "cv fold": 4,
    "fold info": {
        "train distribution": [
            324,
            324,
            325,
            325,
            318,
            291
        ],
        "test distribution": [
            81,
            81,
            81,
            81,
            79,
            73
        ],
        "train distribution pct": [
            18.39863713798978,
            18.39863713798978,
            18.45542305508234,
            18.45542305508234,
            18.05792163543441,
            16.524701873935264
        ],
        "test distribution pct": [
            18.243243243243242,
            18.243243243243242,
            18.243243243243242,
            18.243243243243242,
            17.792792792792792,
            16.441441441441444
        ]
    },
    "metrics": {
        "macro_accuracy": 0.9056689342403628,
        "micro_accuracy": 0.9056689342403628,
        "accuracy_per_class": {
            "Mountain": 0.8456235827664399,
            "Field": 0.9439455782312925,
            "Urban": 0.8636734693877551,
            "Beach": 0.9072108843537415,
            "FallFoliage": 0.9336961451247165,
            "Sunset": 0.9398639455782313
        },
        "macro_precision": 0.80000980761334,
        "micro_precision": 0.7819175360158966,
        "precision_per_class": {
            "Mountain": 0.6466848319709355,
            "Field": 0.8825448613376835,
            "Urban": 0.6032119075597336,
            "Beach": 0.8870099923136049,
            "FallFoliage": 0.8052580331061344,
            "Sunset": 0.9753492193919474
        },
        "macro_recall": 0.6609378647145133,
        "micro_recall": 0.6605119597146454,
        "recall_per_class": {
            "Mountain": 0.35160493827160494,
            "Field": 0.8014814814814815,
            "Urban": 0.7586206896551724,
            "Beach": 0.5684729064039409,
            "FallFoliage": 0.8332493702770781,
            "Sunset": 0.6521978021978022
        },
        "macro_f1": 0.7102062173139655,
        "micro_f1": 0.716105550500455,
        "f1_per_class": {
            "Mountain": 0.45553422904670504,
            "Field": 0.8400621118012422,
            "Urban": 0.6720488762819115,
            "Beach": 0.6928850195136596,
            "FallFoliage": 0.8190146075761328,
            "Sunset": 0.7816924596641422
        },
        "MSE": 0.07143159955739975,
        "LogLoss": 2.0014488697052,
        "AUNU": 0.9120703935623169,
        "micro_ROC-AUC": 0.9148856997489929,
        "AUNP": 0.9113537669181824,
        "ROC-AUC_per_class_vs_rest": {
            "Mountain": 0.8013257613168725,
            "Field": 0.9553658710562414,
            "Urban": 0.8937040556192959,
            "Beach": 0.9154016051610501,
            "FallFoliage": 0.9632589554401373,
            "Sunset": 0.9433661531298684
        }
    }
}