{
    "classification type": "multiclass",
    "class balance": "balanced",
    "dataset name": "gtsrb-huelist_balanced",
    "class names": [
        0,
        1,
        2,
        3,
        4,
        5,
        6,
        7,
        8,
        9,
        10,
        11,
        12,
        13,
        14,
        15
    ],
    "model name": "logistic_regression",
    "index": 4,
    "cv fold": 1,
    "fold info": {
        "train distribution": 178912,
        "test distribution": 44728,
        "train distribution pct": 738.8173108688471,
        "test distribution pct": 738.8173108688471
    },
    "metrics": {
        "macro_accuracy": 0.9186629056930542,
        "micro_accuracy": 0.9186629056930542,
        "accuracy_per_class": {
            "0": 0.9081599116325378,
            "1": 0.9005466103553772,
            "2": 0.9102922081947327,
            "3": 0.9074015617370605,
            "4": 0.9046160578727722,
            "5": 0.9106601476669312,
            "6": 0.9119740724563599,
            "7": 0.9040454030036926,
            "8": 0.9031669497489929,
            "9": 0.922417938709259,
            "10": 0.9609424471855164,
            "11": 0.9067558646202087,
            "12": 0.9271255731582642,
            "13": 0.9059149622917175,
            "14": 0.9586524367332458,
            "15": 0.955934464931488
        },
        "macro_precision": 0.3410104811191559,
        "micro_precision": 0.3493032455444336,
        "precision_per_class": {
            "0": 0.3200727105140686,
            "1": 0.20007862150669098,
            "2": 0.2501991093158722,
            "3": 0.288955420255661,
            "4": 0.2617569863796234,
            "5": 0.26993706822395325,
            "6": 0.2765151560306549,
            "7": 0.2772119641304016,
            "8": 0.3163023293018341,
            "9": 0.3061549663543701,
            "10": 0.6768083572387695,
            "11": 0.2881956398487091,
            "12": 0.2688502073287964,
            "13": 0.20178040862083435,
            "14": 0.6025906205177307,
            "15": 0.6507583260536194
        },
        "macro_recall": 0.3494716286659241,
        "micro_recall": 0.3493032455444336,
        "recall_per_class": {
            "0": 0.365712970495224,
            "1": 0.17616520822048187,
            "2": 0.23032747209072113,
            "3": 0.28945547342300415,
            "4": 0.2517217695713043,
            "5": 0.2527657449245453,
            "6": 0.2675953209400177,
            "7": 0.30454546213150024,
            "8": 0.4135674834251404,
            "9": 0.2761233150959015,
            "10": 0.7711203098297119,
            "11": 0.28948575258255005,
            "12": 0.2252715826034546,
            "13": 0.14830119907855988,
            "14": 0.6250714659690857,
            "15": 0.7043159008026123
        },
        "macro_f1": 0.3439045548439026,
        "micro_f1": 0.3493032455444336,
        "f1_per_class": {
            "0": 0.34137409925460815,
            "1": 0.1873619705438614,
            "2": 0.2398523986339569,
            "3": 0.2892052233219147,
            "4": 0.25664129853248596,
            "5": 0.2610693573951721,
            "6": 0.2719821035861969,
            "7": 0.29023659229278564,
            "8": 0.3584539592266083,
            "9": 0.29036468267440796,
            "10": 0.7208927869796753,
            "11": 0.2888392508029938,
            "12": 0.2451392114162445,
            "13": 0.17095600068569183,
            "14": 0.6136252284049988,
            "15": 0.6764786839485168
        },
        "Kappa": 0.30558112263679504,
        "MSE": 0.048229776322841644,
        "LogLoss": 1.9972798824310303,
        "AUNU": 0.8297925591468811,
        "micro_ROC-AUC": 0.8467049598693848,
        "AUNP": 0.8290121555328369,
        "AU1U": 0.830554940049025,
        "AU1P": 0.8298054543826591,
        "ROC-AUC_per_class_vs_rest": {
            "0": 0.8400030922619185,
            "1": 0.7768889730844246,
            "2": 0.7954963417710222,
            "3": 0.8020205132702656,
            "4": 0.7867963789789904,
            "5": 0.8048959363825787,
            "6": 0.8006682877057024,
            "7": 0.8154127366732096,
            "8": 0.862116055241866,
            "9": 0.799935560981824,
            "10": 0.957712365682303,
            "11": 0.7709075853692177,
            "12": 0.7950029949507273,
            "13": 0.7287775003872247,
            "14": 0.971699381275344,
            "15": 0.9683476448238877
        }
    }
}