{
    "classification type": "multiclass",
    "class balance": "balanced",
    "dataset name": "mfeat-karhunen_balanced",
    "class names": [
        0,
        1,
        2,
        3
    ],
    "model name": "random_forest",
    "index": 1,
    "cv fold": 2,
    "fold info": {
        "train distribution": 576,
        "test distribution": 144,
        "train distribution pct": 150.0,
        "test distribution pct": 150.0
    },
    "metrics": {
        "macro_accuracy": 0.9815912246704102,
        "micro_accuracy": 0.9815912246704102,
        "accuracy_per_class": {
            "0": 0.9850934147834778,
            "1": 0.9791666865348816,
            "2": 0.9831178188323975,
            "3": 0.9789870977401733
        },
        "macro_precision": 0.9633065462112427,
        "micro_precision": 0.9631824493408203,
        "precision_per_class": {
            "0": 0.9746192693710327,
            "1": 0.9492957592010498,
            "2": 0.9615931510925293,
            "3": 0.967718243598938
        },
        "macro_recall": 0.9631824493408203,
        "micro_recall": 0.9631824493408203,
        "recall_per_class": {
            "0": 0.9655172228813171,
            "1": 0.9683908224105835,
            "2": 0.9712643623352051,
            "3": 0.9475574493408203
        },
        "macro_f1": 0.9631828665733337,
        "micro_f1": 0.9631824493408203,
        "f1_per_class": {
            "0": 0.9700469374656677,
            "1": 0.9587482213973999,
            "2": 0.9664045572280884,
            "3": 0.957531750202179
        },
        "Kappa": 0.9509099125862122,
        "MSE": 0.019767776131629944,
        "LogLoss": 0.6392720341682434,
        "AUNU": 0.9702650308609009,
        "micro_ROC-AUC": 0.9702990651130676,
        "AUNP": 0.9702650308609009,
        "AU1U": 0.970265054553662,
        "AU1P": 0.970265054553662,
        "ROC-AUC_per_class_vs_rest": {
            "0": 0.9752110445016955,
            "1": 0.9668477094067908,
            "2": 0.9735645602127097,
            "3": 0.9654369040934514
        }
    }
}