{
    "classification type": "multilabel",
    "class balance": "balanced",
    "dataset name": "tmc2007500_balanced",
    "class names": [
        "class13",
        "class07",
        "class01",
        "class14",
        "class18",
        "class10"
    ],
    "model name": "logistic_regression",
    "index": 2,
    "cv fold": 4,
    "fold info": {
        "train distribution": [
            1252,
            1253,
            1253,
            1253,
            1190,
            1183
        ],
        "test distribution": [
            313,
            313,
            313,
            313,
            297,
            296
        ],
        "train distribution pct": [
            19.83209250752416,
            19.84793283700301,
            19.84793283700301,
            19.84793283700301,
            18.84999207983526,
            18.73910977348329
        ],
        "test distribution pct": [
            19.599248591108328,
            19.599248591108328,
            19.599248591108328,
            19.599248591108328,
            18.597370068879147,
            18.534752661239825
        ]
    },
    "metrics": {
        "macro_accuracy": 0.918141592920354,
        "micro_accuracy": 0.918141592920354,
        "accuracy_per_class": {
            "class13": 0.8868099452170248,
            "class07": 0.9162241887905604,
            "class01": 0.974125579435314,
            "class14": 0.940960809102402,
            "class18": 0.909102402022756,
            "class10": 0.8816266329540666
        },
        "macro_precision": 0.8248653808589986,
        "micro_precision": 0.8307476481267536,
        "precision_per_class": {
            "class13": 0.7830374753451677,
            "class07": 0.8029964221824687,
            "class01": 0.9474145486415425,
            "class14": 0.889072456927071,
            "class18": 0.7920892494929006,
            "class10": 0.7345821325648415
        },
        "macro_recall": 0.7255458337076925,
        "micro_recall": 0.7272004912052588,
        "recall_per_class": {
            "class13": 0.5919062832800852,
            "class07": 0.764367816091954,
            "class01": 0.9203916560238399,
            "class14": 0.8018305661983823,
            "class18": 0.700291414481058,
            "class10": 0.5744872661708361
        },
        "macro_f1": 0.770402353072411,
        "micro_f1": 0.7755330007896308,
        "f1_per_class": {
            "class13": 0.6741872877244056,
            "class07": 0.783206106870229,
            "class01": 0.9337076225437271,
            "class14": 0.8432008953553441,
            "class18": 0.7433670434265318,
            "class10": 0.6447451625142279
        },
        "MSE": 0.06127002462744713,
        "LogLoss": 0.2114868313074112,
        "AUNU": 0.9459863901138306,
        "micro_ROC-AUC": 0.9527140259742737,
        "AUNP": 0.946316659450531,
        "ROC-AUC_per_class_vs_rest": {
            "class13": 0.9046386497827974,
            "class07": 0.9534606332173226,
            "class01": 0.9909951519441345,
            "class14": 0.9696596507667578,
            "class18": 0.9432430694960664,
            "class10": 0.913921311510417
        }
    }
}