{
    "classification type": "multiclass",
    "class balance": "balanced",
    "dataset name": "gas-drift_balanced",
    "class names": [
        2,
        0,
        4,
        3,
        1
    ],
    "model name": "random_forest",
    "index": 4,
    "cv fold": 0,
    "fold info": {
        "train distribution": 2600,
        "test distribution": 650,
        "train distribution pct": 200.0,
        "test distribution pct": 200.0
    },
    "metrics": {
        "macro_accuracy": 0.9940195083618164,
        "micro_accuracy": 0.9940195083618164,
        "accuracy_per_class": {
            "2": 0.9971397519111633,
            "0": 0.9968797564506531,
            "4": 0.9918959736824036,
            "3": 0.9895557761192322,
            "1": 0.9946262240409851
        },
        "macro_precision": 0.9850695729255676,
        "micro_precision": 0.985048770904541,
        "precision_per_class": {
            "2": 0.993490993976593,
            "0": 0.99134761095047,
            "4": 0.985952615737915,
            "3": 0.9711331129074097,
            "1": 0.9834230542182922
        },
        "macro_recall": 0.985048770904541,
        "micro_recall": 0.985048770904541,
        "recall_per_class": {
            "2": 0.9921993613243103,
            "0": 0.9930660724639893,
            "4": 0.9733477830886841,
            "3": 0.9768147468566895,
            "1": 0.9898158311843872
        },
        "macro_f1": 0.9850470423698425,
        "micro_f1": 0.985048770904541,
        "f1_per_class": {
            "2": 0.9928447604179382,
            "0": 0.9922060966491699,
            "4": 0.9796096682548523,
            "3": 0.9739656448364258,
            "1": 0.9866090416908264
        },
        "Kappa": 0.9813109636306763,
        "MSE": 0.005648068152368069,
        "LogLoss": 0.2120632827281952,
        "AUNU": 0.9919372797012329,
        "micro_ROC-AUC": 0.9920258522033691,
        "AUNP": 0.9919372797012329,
        "AU1U": 0.9919372999393141,
        "AU1P": 0.9919372999393143,
        "ROC-AUC_per_class_vs_rest": {
            "2": 0.9949812308302686,
            "0": 0.9939948634217172,
            "4": 0.9895437706663348,
            "3": 0.9886332018278519,
            "1": 0.9925334329503984
        }
    }
}