{
  "dataset_name": "mediamill_balanced",
  "classification_type": "multilabel",
  "class_balance": "balanced",
  "correlation_type": "pearson",
  "correlation_matrix": {
    "macro_accuracy": {
      "macro_accuracy": 1.0,
      "micro_accuracy": 1.0000000000000002,
      "macro_precision": 0.9407196905545016,
      "micro_precision": 0.9554452525757903,
      "macro_recall": -0.9461940511403909,
      "micro_recall": -0.9481098857492156,
      "macro_f1": -0.3814912746169255,
      "micro_f1": 0.13438724216465348,
      "MSE": -0.9879627636821973,
      "LogLoss": -0.9792915734344082,
      "AUNU": 0.9932561337637933,
      "micro_ROC-AUC": 0.9921764712154033
    },
    "micro_accuracy": {
      "macro_accuracy": 1.0000000000000002,
      "micro_accuracy": 1.0,
      "macro_precision": 0.9407196905545006,
      "micro_precision": 0.9554452525757899,
      "macro_recall": -0.9461940511403907,
      "micro_recall": -0.9481098857492153,
      "macro_f1": -0.38149127461692445,
      "micro_f1": 0.13438724216465484,
      "MSE": -0.9879627636821974,
      "LogLoss": -0.9792915734344084,
      "AUNU": 0.9932561337637931,
      "micro_ROC-AUC": 0.9921764712154034
    },
    "macro_precision": {
      "macro_accuracy": 0.9407196905545016,
      "micro_accuracy": 0.9407196905545006,
      "macro_precision": 1.0,
      "micro_precision": 0.9987454413961453,
      "macro_recall": -0.9361701219203656,
      "micro_recall": -0.9359461156175899,
      "macro_f1": -0.4443299060505688,
      "micro_f1": 0.0034038412682596566,
      "MSE": -0.8787466013871611,
      "LogLoss": -0.8644105362078024,
      "AUNU": 0.9369338040981386,
      "micro_ROC-AUC": 0.9361087629164015
    },
    "micro_precision": {
      "macro_accuracy": 0.9554452525757903,
      "micro_accuracy": 0.9554452525757899,
      "macro_precision": 0.9987454413961453,
      "micro_precision": 1.0,
      "macro_recall": -0.9490283823304259,
      "micro_recall": -0.9490432024937739,
      "macro_f1": -0.4537145905115171,
      "micro_f1": 0.006043617389185486,
      "MSE": -0.9006082782617425,
      "LogLoss": -0.8882179165147959,
      "AUNU": 0.9531559230288301,
      "micro_ROC-AUC": 0.9524453327188726
    },
    "macro_recall": {
      "macro_accuracy": -0.9461940511403909,
      "micro_accuracy": -0.9461940511403907,
      "macro_precision": -0.9361701219203656,
      "micro_precision": -0.9490283823304259,
      "macro_recall": 1.0,
      "micro_recall": 0.9999734823055405,
      "macro_f1": 0.6561502990081131,
      "micro_f1": 0.19266596829268579,
      "MSE": 0.9259655913786593,
      "LogLoss": 0.9369676111850536,
      "AUNU": -0.9746394735680325,
      "micro_ROC-AUC": -0.9763217786291449
    },
    "micro_recall": {
      "macro_accuracy": -0.9481098857492156,
      "micro_accuracy": -0.9481098857492153,
      "macro_precision": -0.9359461156175899,
      "micro_precision": -0.9490432024937739,
      "macro_recall": 0.9999734823055405,
      "micro_recall": 1.0,
      "macro_f1": 0.6522396248803638,
      "micro_f1": 0.18698272305955171,
      "MSE": 0.9286164593910566,
      "LogLoss": 0.9394567438654798,
      "AUNU": -0.9760919603102991,
      "micro_ROC-AUC": -0.9777379044012557
    },
    "macro_f1": {
      "macro_accuracy": -0.3814912746169255,
      "micro_accuracy": -0.38149127461692445,
      "macro_precision": -0.4443299060505688,
      "micro_precision": -0.4537145905115171,
      "macro_recall": 0.6561502990081131,
      "micro_recall": 0.6522396248803638,
      "macro_f1": 1.0,
      "micro_f1": 0.8599686442507717,
      "MSE": 0.3737477862231668,
      "LogLoss": 0.4311233999278944,
      "AUNU": -0.48307826527341846,
      "micro_ROC-AUC": -0.49071223503236777
    },
    "micro_f1": {
      "macro_accuracy": 0.13438724216465348,
      "micro_accuracy": 0.13438724216465484,
      "macro_precision": 0.0034038412682596566,
      "micro_precision": 0.006043617389185486,
      "macro_recall": 0.19266596829268579,
      "micro_recall": 0.18698272305955171,
      "macro_f1": 0.8599686442507717,
      "micro_f1": 1.0,
      "MSE": -0.15131050653008482,
      "LogLoss": -0.08893643345366252,
      "AUNU": 0.02466197642257878,
      "micro_ROC-AUC": 0.01609062975486836
    },
    "MSE": {
      "macro_accuracy": -0.9879627636821973,
      "micro_accuracy": -0.9879627636821974,
      "macro_precision": -0.8787466013871611,
      "micro_precision": -0.9006082782617425,
      "macro_recall": 0.9259655913786593,
      "micro_recall": 0.9286164593910566,
      "macro_f1": 0.3737477862231668,
      "micro_f1": -0.15131050653008482,
      "MSE": 1.0,
      "LogLoss": 0.9970166297552518,
      "AUNU": -0.984705573333187,
      "micro_ROC-AUC": -0.9838978886666044
    },
    "LogLoss": {
      "macro_accuracy": -0.9792915734344082,
      "micro_accuracy": -0.9792915734344084,
      "macro_precision": -0.8644105362078024,
      "micro_precision": -0.8882179165147959,
      "macro_recall": 0.9369676111850536,
      "micro_recall": 0.9394567438654798,
      "macro_f1": 0.4311233999278944,
      "micro_f1": -0.08893643345366252,
      "MSE": 0.9970166297552518,
      "LogLoss": 1.0,
      "AUNU": -0.9844638003053259,
      "micro_ROC-AUC": -0.9843344179139722
    },
    "AUNU": {
      "macro_accuracy": 0.9932561337637933,
      "micro_accuracy": 0.9932561337637931,
      "macro_precision": 0.9369338040981386,
      "micro_precision": 0.9531559230288301,
      "macro_recall": -0.9746394735680325,
      "micro_recall": -0.9760919603102991,
      "macro_f1": -0.48307826527341846,
      "micro_f1": 0.02466197642257878,
      "MSE": -0.984705573333187,
      "LogLoss": -0.9844638003053259,
      "AUNU": 1.0,
      "micro_ROC-AUC": 0.999956645251673
    },
    "micro_ROC-AUC": {
      "macro_accuracy": 0.9921764712154033,
      "micro_accuracy": 0.9921764712154034,
      "macro_precision": 0.9361087629164015,
      "micro_precision": 0.9524453327188726,
      "macro_recall": -0.9763217786291449,
      "micro_recall": -0.9777379044012557,
      "macro_f1": -0.49071223503236777,
      "micro_f1": 0.01609062975486836,
      "MSE": -0.9838978886666044,
      "LogLoss": -0.9843344179139722,
      "AUNU": 0.999956645251673,
      "micro_ROC-AUC": 1.0
    }
  }
}