{
    "classification type": "multilabel",
    "class balance": "balanced",
    "dataset name": "yeast_balanced",
    "class names": [
        "Class1",
        "Class2",
        "Class3",
        "Class4",
        "Class5"
    ],
    "model name": "logistic_regression",
    "index": 2,
    "cv fold": 4,
    "fold info": {
        "train distribution": [
            520,
            556,
            520,
            556,
            522
        ],
        "test distribution": [
            130,
            139,
            130,
            139,
            131
        ],
        "train distribution pct": [
            39.78576893649579,
            42.54016832440704,
            39.78576893649579,
            42.54016832440704,
            39.938791124713084
        ],
        "test distribution pct": [
            40.88050314465409,
            43.710691823899374,
            40.88050314465409,
            43.710691823899374,
            41.19496855345912
        ]
    },
    "metrics": {
        "macro_accuracy": 0.712574358974359,
        "micro_accuracy": 0.712574358974359,
        "accuracy_per_class": {
            "Class1": 0.7444102564102564,
            "Class2": 0.6428717948717949,
            "Class3": 0.7234871794871794,
            "Class4": 0.7454358974358974,
            "Class5": 0.7066666666666667
        },
        "macro_precision": 0.6662976134896381,
        "micro_precision": 0.6661171557313991,
        "precision_per_class": {
            "Class1": 0.7080378250591016,
            "Class2": 0.5905263157894737,
            "Class3": 0.6677814938684504,
            "Class4": 0.7089108910891089,
            "Class5": 0.6562315416420555
        },
        "macro_recall": 0.6041568162833381,
        "micro_recall": 0.6043473925615714,
        "recall_per_class": {
            "Class1": 0.6143589743589744,
            "Class2": 0.5381294964028777,
            "Class3": 0.6143589743589744,
            "Class4": 0.686810551558753,
            "Class5": 0.5671260847371108
        },
        "macro_f1": 0.6334137406597463,
        "micro_f1": 0.6337306566290255,
        "f1_per_class": {
            "Class1": 0.6578802855573861,
            "Class2": 0.5631116687578419,
            "Class3": 0.6399572649572649,
            "Class4": 0.69768574908648,
            "Class5": 0.608433734939759
        },
        "MSE": 0.19327855110168457,
        "LogLoss": 0.5769988894462585,
        "AUNU": 0.7649522423744202,
        "micro_ROC-AUC": 0.7695232629776001,
        "AUNP": 0.7645812034606934,
        "ROC-AUC_per_class_vs_rest": {
            "Class1": 0.7890687705456936,
            "Class2": 0.6876798776032937,
            "Class3": 0.7924220030681568,
            "Class4": 0.8163790687879804,
            "Class5": 0.7392114478496419
        }
    }
}