{
    "classification type": "multilabel",
    "class balance": "balanced",
    "dataset name": "yeast_trimmed",
    "class names": [
        "Class13",
        "Class12",
        "Class2",
        "Class3",
        "Class7",
        "Class6",
        "Class1",
        "Class5",
        "Class8",
        "Class4"
    ],
    "model name": "decision_tree",
    "index": 0,
    "cv fold": 3,
    "fold info": {
        "train distribution": [
            164,
            164,
            164,
            162,
            155,
            149,
            146,
            144,
            139,
            143
        ],
        "test distribution": [
            41,
            41,
            40,
            41,
            42,
            38,
            36,
            36,
            40,
            35
        ],
        "train distribution pct": [
            36.93693693693694,
            36.93693693693694,
            36.93693693693694,
            36.486486486486484,
            34.909909909909906,
            33.55855855855856,
            32.88288288288289,
            32.432432432432435,
            31.306306306306308,
            32.207207207207205
        ],
        "test distribution pct": [
            36.607142857142854,
            36.607142857142854,
            35.714285714285715,
            36.607142857142854,
            37.5,
            33.92857142857143,
            32.142857142857146,
            32.142857142857146,
            35.714285714285715,
            31.25
        ]
    },
    "metrics": {
        "macro_accuracy": 0.6521200750469042,
        "micro_accuracy": 0.6521200750469043,
        "accuracy_per_class": {
            "Class13": 0.6258911819887429,
            "Class12": 0.6273921200750469,
            "Class2": 0.6060037523452158,
            "Class3": 0.6776735459662289,
            "Class7": 0.6285178236397748,
            "Class6": 0.6562851782363978,
            "Class1": 0.723452157598499,
            "Class5": 0.6690431519699812,
            "Class8": 0.6457786116322701,
            "Class4": 0.6611632270168856
        },
        "macro_precision": 0.4893062392070931,
        "micro_precision": 0.4955341193283315,
        "precision_per_class": {
            "Class13": 0.4890016920473773,
            "Class12": 0.49238578680203043,
            "Class2": 0.42857142857142855,
            "Class3": 0.5843023255813954,
            "Class7": 0.4595103578154426,
            "Class6": 0.4835164835164835,
            "Class1": 0.6055469953775039,
            "Class5": 0.48148148148148145,
            "Class8": 0.41386554621848737,
            "Class4": 0.4548802946593002
        },
        "macro_recall": 0.3009205459753955,
        "micro_recall": 0.30083505042837,
        "recall_per_class": {
            "Class13": 0.2936991869918699,
            "Class12": 0.29573170731707316,
            "Class2": 0.21756894790602654,
            "Class3": 0.4123076923076923,
            "Class7": 0.2576557550158395,
            "Class6": 0.29398663697104677,
            "Class1": 0.4496567505720824,
            "Class5": 0.2708333333333333,
            "Class8": 0.228538283062645,
            "Class4": 0.2892271662763466
        },
        "macro_f1": 0.37152539095845316,
        "micro_f1": 0.37438423645320196,
        "f1_per_class": {
            "Class13": 0.36698412698412697,
            "Class12": 0.36952380952380953,
            "Class2": 0.2886178861788618,
            "Class3": 0.4834636199639206,
            "Class7": 0.3301759133964817,
            "Class6": 0.3656509695290859,
            "Class1": 0.5160866710439921,
            "Class5": 0.3466666666666667,
            "Class8": 0.2944693572496263,
            "Class4": 0.3536148890479599
        },
        "MSE": 0.2555139660835266,
        "LogLoss": 7.0696563720703125,
        "AUNU": 0.6154095530509949,
        "micro_ROC-AUC": 0.6192259788513184,
        "AUNP": 0.6146676540374756,
        "ROC-AUC_per_class_vs_rest": {
            "Class13": 0.5962847559766495,
            "Class12": 0.5996243283372751,
            "Class2": 0.5509340879707547,
            "Class3": 0.6771215293582158,
            "Class7": 0.5837888903503865,
            "Class6": 0.6137196662897995,
            "Class1": 0.6984397579047027,
            "Class5": 0.6145502370082464,
            "Class8": 0.571995887236148,
            "Class4": 0.6476363544666538
        }
    }
}