{
    "classification type": "multilabel",
    "class balance": "imbalanced",
    "dataset name": "emotions_imbalanced",
    "class names": [
        "angry-aggresive",
        "amazed-suprised",
        "sad-lonely",
        "happy-pleased"
    ],
    "model name": "random_forest",
    "index": 1,
    "cv fold": 3,
    "fold info": {
        "train distribution": [
            151,
            118,
            133,
            68
        ],
        "test distribution": [
            38,
            29,
            34,
            18
        ],
        "train distribution pct": [
            43.142857142857146,
            33.714285714285715,
            38.0,
            19.428571428571427
        ],
        "test distribution pct": [
            44.18604651162791,
            33.72093023255814,
            39.53488372093023,
            20.930232558139537
        ]
    },
    "metrics": {
        "macro_accuracy": 0.7592808551992225,
        "micro_accuracy": 0.7592808551992225,
        "accuracy_per_class": {
            "angry-aggresive": 0.7873663751214771,
            "amazed-suprised": 0.7208940719144801,
            "sad-lonely": 0.7774538386783285,
            "happy-pleased": 0.7514091350826044
        },
        "macro_precision": 0.5989527013494855,
        "micro_precision": 0.651349711859266,
        "precision_per_class": {
            "angry-aggresive": 0.7522202486678508,
            "amazed-suprised": 0.5903030303030303,
            "sad-lonely": 0.7182875264270613,
            "happy-pleased": 0.335
        },
        "macro_recall": 0.5687213542807079,
        "micro_recall": 0.6179856115107913,
        "recall_per_class": {
            "angry-aggresive": 0.7596412556053812,
            "amazed-suprised": 0.5617070357554786,
            "sad-lonely": 0.6894977168949772,
            "happy-pleased": 0.26403940886699506
        },
        "macro_f1": 0.5826194253415405,
        "micro_f1": 0.6342291789722386,
        "f1_per_class": {
            "angry-aggresive": 0.7559125390450692,
            "amazed-suprised": 0.5756501182033097,
            "sad-lonely": 0.7035982397100699,
            "happy-pleased": 0.2953168044077135
        },
        "MSE": 0.20819619297981262,
        "LogLoss": 12.096309661865234,
        "AUNU": 0.7136847376823425,
        "micro_ROC-AUC": 0.7360697388648987,
        "AUNP": 0.7315424680709839,
        "ROC-AUC_per_class_vs_rest": {
            "angry-aggresive": 0.7816796529471036,
            "amazed-suprised": 0.6996443929115957,
            "sad-lonely": 0.7676514245469197,
            "happy-pleased": 0.6057635467980296
        }
    }
}