{
    "classification type": "multilabel",
    "class balance": "balanced",
    "dataset name": "scene",
    "class names": [
        "Beach",
        "Sunset",
        "FallFoliage",
        "Field",
        "Mountain",
        "Urban"
    ],
    "model name": "logistic_regression",
    "index": 1,
    "cv fold": 2,
    "fold info": {
        "train distribution": [
            334,
            291,
            314,
            336,
            328,
            345
        ],
        "test distribution": [
            83,
            73,
            79,
            83,
            81,
            86
        ],
        "train distribution pct": [
            18.271334792122538,
            15.919037199124727,
            17.177242888402624,
            18.38074398249453,
            17.943107221006567,
            18.87308533916849
        ],
        "test distribution pct": [
            18.24175824175824,
            16.043956043956044,
            17.36263736263736,
            18.24175824175824,
            17.802197802197803,
            18.9010989010989
        ]
    },
    "metrics": {
        "macro_accuracy": 0.9046184738955821,
        "micro_accuracy": 0.9046184738955824,
        "accuracy_per_class": {
            "Beach": 0.8934830230010953,
            "Sunset": 0.9619386637458927,
            "FallFoliage": 0.913198247535597,
            "Field": 0.9403066812705367,
            "Mountain": 0.8474808324205915,
            "Urban": 0.871303395399781
        },
        "macro_precision": 0.7765771383162825,
        "micro_precision": 0.783800819413804,
        "precision_per_class": {
            "Beach": 0.7527272727272727,
            "Sunset": 0.9300970873786408,
            "FallFoliage": 0.7899628252788105,
            "Field": 0.8656957928802589,
            "Mountain": 0.6163069544364509,
            "Urban": 0.7046728971962617
        },
        "macro_recall": 0.6430055034490831,
        "micro_recall": 0.6391673091750193,
        "recall_per_class": {
            "Beach": 0.6206896551724138,
            "Sunset": 0.8230240549828178,
            "FallFoliage": 0.6756756756756757,
            "Field": 0.7985074626865671,
            "Mountain": 0.3929663608562691,
            "Urban": 0.5471698113207547
        },
        "macro_f1": 0.7014498965972776,
        "micro_f1": 0.7041336353340883,
        "f1_per_class": {
            "Beach": 0.6803615447822514,
            "Sunset": 0.8732907930720146,
            "FallFoliage": 0.7283633247643531,
            "Field": 0.8307453416149069,
            "Mountain": 0.47992530345471524,
            "Urban": 0.6160130718954249
        },
        "MSE": 0.07023953646421432,
        "LogLoss": 0.23473764955997467,
        "AUNU": 0.926181435585022,
        "micro_ROC-AUC": 0.934684157371521,
        "AUNP": 0.9248828887939453,
        "ROC-AUC_per_class_vs_rest": {
            "Beach": 0.9267170434883061,
            "Sunset": 0.9833954576491264,
            "FallFoliage": 0.9458949327019611,
            "Field": 0.9643074867113126,
            "Mountain": 0.8408011049160194,
            "Urban": 0.8959724360484682
        }
    }
}