{
    "classification type": "multiclass",
    "class balance": "imbalanced",
    "dataset name": "ag-news_imbalanced",
    "class names": [
        0,
        1,
        2,
        3
    ],
    "model name": "logistic_regression",
    "index": 2,
    "cv fold": 2,
    "fold info": {
        "train distribution": 3676,
        "test distribution": 918,
        "train distribution pct": 93.53689567430025,
        "test distribution pct": 93.48268839103869
    },
    "metrics": {
        "macro_accuracy": 0.9261274337768555,
        "micro_accuracy": 0.9261274933815002,
        "accuracy_per_class": {
            "0": 0.8926557898521423,
            "1": 0.9426871538162231,
            "2": 0.9233479499816895,
            "3": 0.9458189606666565
        },
        "macro_precision": 0.8315023183822632,
        "micro_precision": 0.8522549271583557,
        "precision_per_class": {
            "0": 0.8604342937469482,
            "1": 0.8959336280822754,
            "2": 0.7540491819381714,
            "3": 0.8155922293663025
        },
        "macro_recall": 0.8030651807785034,
        "micro_recall": 0.8522549271583557,
        "recall_per_class": {
            "0": 0.9075174927711487,
            "1": 0.9070964455604553,
            "2": 0.6883898973464966,
            "3": 0.7092568278312683
        },
        "macro_f1": 0.8158178329467773,
        "micro_f1": 0.8522549271583557,
        "f1_per_class": {
            "0": 0.8833489418029785,
            "1": 0.901480495929718,
            "2": 0.7197251915931702,
            "3": 0.758716881275177
        },
        "Kappa": 0.780351459980011,
        "MSE": 0.05344235897064209,
        "LogLoss": 0.41645586490631104,
        "AUNU": 0.9638523459434509,
        "micro_ROC-AUC": 0.9697768688201904,
        "AUNP": 0.965614914894104,
        "AU1U": 0.9572165922980737,
        "AU1P": 0.9622944207514655,
        "ROC-AUC_per_class_vs_rest": {
            "0": 0.960038564668457,
            "1": 0.9837239465256467,
            "2": 0.9487597583997436,
            "3": 0.962887140459602
        }
    }
}