{
    "classification type": "multilabel",
    "class balance": "balanced",
    "dataset name": "yelp_balanced",
    "class names": [
        "IsFoodGood",
        "IsAmbianceGood",
        "IsServiceGood",
        "IsPriceGood"
    ],
    "model name": "logistic_regression",
    "index": 0,
    "cv fold": 2,
    "fold info": {
        "train distribution": [
            2075,
            2021,
            2007,
            1881
        ],
        "test distribution": [
            519,
            506,
            502,
            471
        ],
        "train distribution pct": [
            54.89417989417989,
            53.46560846560846,
            53.095238095238095,
            49.76190476190476
        ],
        "test distribution pct": [
            55.330490405117274,
            53.94456289978679,
            53.5181236673774,
            50.2132196162047
        ]
    },
    "metrics": {
        "macro_accuracy": 0.7740197809961145,
        "micro_accuracy": 0.7740197809961145,
        "accuracy_per_class": {
            "IsFoodGood": 0.8011303426351113,
            "IsAmbianceGood": 0.746026139173437,
            "IsServiceGood": 0.7767573295655246,
            "IsPriceGood": 0.772165312610385
        },
        "macro_precision": 0.7989267238198089,
        "micro_precision": 0.7991974877878576,
        "precision_per_class": {
            "IsFoodGood": 0.8426501035196687,
            "IsAmbianceGood": 0.7757785467128028,
            "IsServiceGood": 0.796736913664174,
            "IsPriceGood": 0.7805413313825896
        },
        "macro_recall": 0.7646383860945071,
        "micro_recall": 0.7649023209216897,
        "recall_per_class": {
            "IsFoodGood": 0.7847043701799485,
            "IsAmbianceGood": 0.7394459102902374,
            "IsServiceGood": 0.7787375415282392,
            "IsPriceGood": 0.7556657223796034
        },
        "macro_f1": 0.7813396879668133,
        "micro_f1": 0.7816739186076274,
        "f1_per_class": {
            "IsFoodGood": 0.8126455906821963,
            "IsAmbianceGood": 0.757176629517055,
            "IsServiceGood": 0.7876344086021505,
            "IsPriceGood": 0.767902123065851
        },
        "MSE": 0.1651625633239746,
        "LogLoss": 0.5401465892791748,
        "AUNU": 0.8360152840614319,
        "micro_ROC-AUC": 0.8373132348060608,
        "AUNP": 0.8363052606582642,
        "ROC-AUC_per_class_vs_rest": {
            "IsFoodGood": 0.872320681485962,
            "IsAmbianceGood": 0.8042677849453735,
            "IsServiceGood": 0.8339742337006358,
            "IsPriceGood": 0.8334985336599409
        }
    }
}