{
    "classification type": "multiclass",
    "class balance": "balanced",
    "dataset name": "irish-times_balanced",
    "class names": [
        0,
        1,
        8,
        5,
        4,
        12,
        7,
        14,
        15,
        9,
        16,
        13,
        18,
        2,
        6,
        11,
        17,
        3,
        10,
        19
    ],
    "model name": "decision_tree",
    "index": 1,
    "cv fold": 4,
    "fold info": {
        "train distribution": 120840,
        "test distribution": 30210,
        "train distribution pct": 950.0,
        "test distribution pct": 950.0
    },
    "metrics": {
        "macro_accuracy": 0.9490754008293152,
        "micro_accuracy": 0.94907546043396,
        "accuracy_per_class": {
            "0": 0.910763680934906,
            "1": 0.9269900918006897,
            "8": 0.9552471041679382,
            "5": 0.9275561571121216,
            "4": 0.9405301213264465,
            "12": 0.9527044296264648,
            "7": 0.9453189373016357,
            "14": 0.972407877445221,
            "15": 0.9638184905052185,
            "9": 0.9575741291046143,
            "16": 0.9594339728355408,
            "13": 0.9717969298362732,
            "18": 0.9559029936790466,
            "2": 0.9596226215362549,
            "6": 0.9498652219772339,
            "11": 0.9614375829696655,
            "17": 0.9463073015213013,
            "3": 0.9407457113265991,
            "10": 0.9596675634384155,
            "19": 0.9238185286521912
        },
        "macro_precision": 0.5008838176727295,
        "micro_precision": 0.49075472354888916,
        "precision_per_class": {
            "0": 0.1695171743631363,
            "1": 0.2881019413471222,
            "8": 0.5606816411018372,
            "5": 0.3873556852340698,
            "4": 0.39564356207847595,
            "12": 0.5373913049697876,
            "7": 0.4579906463623047,
            "14": 0.7425126433372498,
            "15": 0.63060462474823,
            "9": 0.5831524729728699,
            "16": 0.5953851938247681,
            "13": 0.7249628901481628,
            "18": 0.5678578615188599,
            "2": 0.6058928370475769,
            "6": 0.49868813157081604,
            "11": 0.6228527426719666,
            "17": 0.45815515518188477,
            "3": 0.3995709717273712,
            "10": 0.6070007681846619,
            "19": 0.18435874581336975
        },
        "macro_recall": 0.4907546937465668,
        "micro_recall": 0.49075472354888916,
        "recall_per_class": {
            "0": 0.2012578547000885,
            "1": 0.31284815073013306,
            "8": 0.4848158061504364,
            "5": 0.7717879414558411,
            "4": 0.3590296506881714,
            "12": 0.38867923617362976,
            "7": 0.5103324055671692,
            "14": 0.6860736608505249,
            "15": 0.6672057509422302,
            "9": 0.5311769843101501,
            "16": 0.588858962059021,
            "13": 0.7024258971214294,
            "18": 0.4939802289009094,
            "2": 0.5505840182304382,
            "6": 0.5123090744018555,
            "11": 0.5798742175102234,
            "17": 0.4043126702308655,
            "3": 0.3681940734386444,
            "10": 0.5484277009963989,
            "19": 0.15292003750801086
        },
        "macro_f1": 0.491035521030426,
        "micro_f1": 0.49075472354888916,
        "f1_per_class": {
            "0": 0.18402892351150513,
            "1": 0.2999655306339264,
            "8": 0.519996166229248,
            "5": 0.5158229470252991,
            "4": 0.3764484226703644,
            "12": 0.4510948956012726,
            "7": 0.4827468991279602,
            "14": 0.713178277015686,
            "15": 0.6483890414237976,
            "9": 0.5559526085853577,
            "16": 0.5921040773391724,
            "13": 0.7135164737701416,
            "18": 0.5283490419387817,
            "2": 0.5769158601760864,
            "6": 0.5054068565368652,
            "11": 0.6005955934524536,
            "17": 0.4295532703399658,
            "3": 0.3832413852214813,
            "10": 0.5762295722961426,
            "19": 0.16717414557933807
        },
        "Kappa": 0.46395233273506165,
        "MSE": 0.03785542771220207,
        "LogLoss": 4.582031726837158,
        "AUNU": 0.7989282011985779,
        "micro_ROC-AUC": 0.803857684135437,
        "AUNP": 0.7989282011985779,
        "AU1U": 0.7989281866875396,
        "AU1P": 0.79892818668754,
        "ROC-AUC_per_class_vs_rest": {
            "0": 0.6838284611153237,
            "1": 0.7484714634575046,
            "8": 0.7888235710740173,
            "5": 0.9084985574176334,
            "4": 0.7550857801915493,
            "12": 0.7717836718293896,
            "7": 0.7956826018835081,
            "14": 0.8695007348339148,
            "15": 0.8627912625143868,
            "9": 0.802412880087112,
            "16": 0.8238224729974931,
            "13": 0.8671321338488366,
            "18": 0.8244661417057878,
            "2": 0.8345958523935327,
            "6": 0.8218276174084707,
            "11": 0.820719061040691,
            "17": 0.755293027530599,
            "3": 0.7469740677619221,
            "10": 0.8140039557946555,
            "19": 0.682850418864466
        }
    }
}