{
    "classification type": "multiclass",
    "class balance": "balanced",
    "dataset name": "news-category_balanced",
    "class names": [
        0,
        3,
        31,
        26,
        36,
        37,
        11,
        9,
        29,
        18,
        34,
        32,
        39,
        25,
        40,
        33,
        21,
        30,
        38,
        35,
        12,
        8,
        6,
        22,
        27,
        13,
        5,
        4,
        10,
        19,
        7,
        1,
        15,
        17,
        41,
        24,
        28,
        20,
        2,
        23,
        14,
        16
    ],
    "model name": "logistic_regression",
    "index": 0,
    "cv fold": 0,
    "fold info": {
        "train distribution": 430111,
        "test distribution": 107561,
        "train distribution pct": 2050.7843417727554,
        "test distribution pct": 2051.125095347063
    },
    "metrics": {
        "macro_accuracy": 0.9750464558601379,
        "micro_accuracy": 0.9750463366508484,
        "accuracy_per_class": {
            "0": 0.9683447480201721,
            "3": 0.9822654724121094,
            "31": 0.9689168334007263,
            "26": 0.9755911231040955,
            "36": 0.9784515500068665,
            "37": 0.9773073792457581,
            "11": 0.9860793352127075,
            "9": 0.9744470119476318,
            "29": 0.9704424142837524,
            "18": 0.9643402099609375,
            "34": 0.9759725332260132,
            "32": 0.9776887893676758,
            "39": 0.9757818579673767,
            "25": 0.9824561476707458,
            "40": 0.9658657312393188,
            "33": 0.9765446186065674,
            "21": 0.9824561476707458,
            "30": 0.9776887893676758,
            "38": 0.9706330895423889,
            "35": 0.9845537543296814,
            "12": 0.986270010471344,
            "8": 0.9670099020004272,
            "6": 0.9752097725868225,
            "22": 0.9788329601287842,
            "27": 0.9778794646263123,
            "13": 0.9746376872062683,
            "5": 0.9809305667877197,
            "4": 0.9731121063232422,
            "10": 0.9870327711105347,
            "19": 0.9763539433479309,
            "7": 0.9643402099609375,
            "1": 0.972158670425415,
            "15": 0.9755911231040955,
            "17": 0.9696796536445618,
            "41": 0.9717772603034973,
            "24": 0.9637681245803833,
            "28": 0.9794050455093384,
            "20": 0.9672006368637085,
            "2": 0.9727307558059692,
            "23": 0.9698703289031982,
            "14": 0.9654843807220459,
            "16": 0.9868420958518982
        },
        "macro_precision": 0.48063093423843384,
        "micro_precision": 0.4759725332260132,
        "precision_per_class": {
            "0": 0.3624161183834076,
            "3": 0.6212121248245239,
            "31": 0.3467741906642914,
            "26": 0.48543688654899597,
            "36": 0.5454545617103577,
            "37": 0.5220588445663452,
            "11": 0.699999988079071,
            "9": 0.46086955070495605,
            "29": 0.342342346906662,
            "18": 0.34183672070503235,
            "34": 0.4958677589893341,
            "32": 0.5363636612892151,
            "39": 0.4958677589893341,
            "25": 0.6307692527770996,
            "40": 0.3125,
            "33": 0.5137614607810974,
            "21": 0.6393442749977112,
            "30": 0.5277777910232544,
            "38": 0.40909090638160706,
            "35": 0.6964285969734192,
            "12": 0.7054263353347778,
            "8": 0.26229506731033325,
            "6": 0.47787609696388245,
            "22": 0.5546875,
            "27": 0.5398229956626892,
            "13": 0.46226415038108826,
            "5": 0.6354166865348816,
            "4": 0.4175824224948883,
            "10": 0.7377049326896667,
            "19": 0.5048543810844421,
            "7": 0.2785714268684387,
            "1": 0.40909090638160706,
            "15": 0.49056604504585266,
            "17": 0.3629032373428345,
            "41": 0.40799999237060547,
            "24": 0.25563910603523254,
            "28": 0.5680000185966492,
            "20": 0.3333333432674408,
            "2": 0.4357142746448517,
            "23": 0.3658536672592163,
            "14": 0.22549019753932953,
            "16": 0.7692307829856873
        },
        "macro_recall": 0.47539401054382324,
        "micro_recall": 0.4759725332260132,
        "recall_per_class": {
            "0": 0.4320000112056732,
            "3": 0.656000018119812,
            "31": 0.3440000116825104,
            "26": 0.4000000059604645,
            "36": 0.5759999752044678,
            "37": 0.5680000185966492,
            "11": 0.7279999852180481,
            "9": 0.42399999499320984,
            "29": 0.3166666626930237,
            "18": 0.5360000133514404,
            "34": 0.47999998927116394,
            "32": 0.47200000286102295,
            "39": 0.4761904776096344,
            "25": 0.6507936716079712,
            "40": 0.36000001430511475,
            "33": 0.4444444477558136,
            "21": 0.6190476417541504,
            "30": 0.6079999804496765,
            "38": 0.5,
            "35": 0.6240000128746033,
            "12": 0.7279999852180481,
            "8": 0.27826085686683655,
            "6": 0.4320000112056732,
            "22": 0.5680000185966492,
            "27": 0.4880000054836273,
            "13": 0.3919999897480011,
            "5": 0.4841269850730896,
            "4": 0.30158731341362,
            "10": 0.7142857313156128,
            "19": 0.41600000858306885,
            "7": 0.31200000643730164,
            "1": 0.3571428656578064,
            "15": 0.6240000128746033,
            "17": 0.36000001430511475,
            "41": 0.40799999237060547,
            "24": 0.2720000147819519,
            "28": 0.5680000185966492,
            "20": 0.37599998712539673,
            "2": 0.4880000054836273,
            "23": 0.36000001430511475,
            "14": 0.18400000035762787,
            "16": 0.6399999856948853
        },
        "macro_f1": 0.4756322205066681,
        "micro_f1": 0.4759725332260132,
        "f1_per_class": {
            "0": 0.39416059851646423,
            "3": 0.6381322741508484,
            "31": 0.3453815281391144,
            "26": 0.4385964870452881,
            "36": 0.5603112578392029,
            "37": 0.5440613031387329,
            "11": 0.7137255072593689,
            "9": 0.4416666626930237,
            "29": 0.32900431752204895,
            "18": 0.41744548082351685,
            "34": 0.4878048896789551,
            "32": 0.5021276473999023,
            "39": 0.4858299493789673,
            "25": 0.640625,
            "40": 0.3345724940299988,
            "33": 0.47659575939178467,
            "21": 0.6290322542190552,
            "30": 0.565055787563324,
            "38": 0.44999998807907104,
            "35": 0.6582278609275818,
            "12": 0.7165354490280151,
            "8": 0.27004218101501465,
            "6": 0.45378151535987854,
            "22": 0.5612648129463196,
            "27": 0.5126050710678101,
            "13": 0.42424243688583374,
            "5": 0.5495495200157166,
            "4": 0.3502304255962372,
            "10": 0.725806474685669,
            "19": 0.45614033937454224,
            "7": 0.2943396270275116,
            "1": 0.3813559412956238,
            "15": 0.5492957830429077,
            "17": 0.3614457845687866,
            "41": 0.40799999237060547,
            "24": 0.26356589794158936,
            "28": 0.5680000185966492,
            "20": 0.35338345170021057,
            "2": 0.46037736535072327,
            "23": 0.3629032373428345,
            "14": 0.20264317095279694,
            "16": 0.6986899375915527
        },
        "Kappa": 0.4631907641887665,
        "MSE": 0.01611964963376522,
        "LogLoss": 1.985049843788147,
        "AUNU": 0.9233735203742981,
        "micro_ROC-AUC": 0.926368236541748,