{
    "classification type": "binary",
    "class balance": "imbalanced",
    "dataset name": "news-sarcasm_imbalanced",
    "class names": [
        0,
        1
    ],
    "model name": "logistic_regression",
    "index": 0,
    "cv fold": 2,
    "fold info": {
        "train distribution": 819,
        "test distribution": 205,
        "train distribution pct": 21.40057486281683,
        "test distribution pct": 21.42110762800418
    },
    "metrics": {
        "macro_accuracy": 0.845698356628418,
        "micro_accuracy": 0.845698356628418,
        "accuracy_per_class": {
            "0": 0.845698356628418,
            "1": 0.845698356628418
        },
        "macro_precision": 0.8043628931045532,
        "micro_precision": 0.845698356628418,
        "precision_per_class": {
            "0": 0.8587257862091064,
            "1": 0.75
        },
        "macro_recall": 0.6906958222389221,
        "micro_recall": 0.845698356628418,
        "recall_per_class": {
            "0": 0.9618794322013855,
            "1": 0.41951218247413635
        },
        "macro_f1": 0.7227203845977783,
        "micro_f1": 0.845698356628418,
        "f1_per_class": {
            "0": 0.9073802828788757,
            "1": 0.5380604863166809
        },
        "MSE": 0.11179038137197495,
        "LogLoss": 0.361787885427475,
        "AUNU": 0.8508789539337158,
        "micro_ROC-AUC": 0.8508789539337158
    }
}