{
    "classification type": "multiclass",
    "class balance": "imbalanced",
    "dataset name": "gtsrb-huelist_imbalanced",
    "class names": [
        0,
        1,
        2,
        3,
        4,
        5,
        6,
        7,
        8,
        9,
        10,
        11,
        12,
        13,
        14,
        15
    ],
    "model name": "random_forest",
    "index": 1,
    "cv fold": 4,
    "fold info": {
        "train distribution": 143856,
        "test distribution": 35964,
        "train distribution pct": 632.0562390158173,
        "test distribution pct": 632.0562390158173
    },
    "metrics": {
        "macro_accuracy": 0.9330353140830994,
        "micro_accuracy": 0.9330353140830994,
        "accuracy_per_class": {
            "0": 0.8755916953086853,
            "1": 0.8527474999427795,
            "2": 0.9725453853607178,
            "3": 0.8967457413673401,
            "4": 0.8928617238998413,
            "5": 0.9391329884529114,
            "6": 0.9747979044914246,
            "7": 0.9162917137145996,
            "8": 0.8926332592964172,
            "9": 0.9591681361198425,
            "10": 0.8902694582939148,
            "11": 0.917114794254303,
            "12": 0.9711686968803406,
            "13": 0.9875131845474243,
            "14": 0.9910105466842651,
            "15": 0.9989718794822693
        },
        "macro_precision": 0.3640873432159424,
        "micro_precision": 0.464282363653183,
        "precision_per_class": {
            "0": 0.4125683605670929,
            "1": 0.3196704685688019,
            "2": 0.1741480678319931,
            "3": 0.36200591921806335,
            "4": 0.33799809217453003,
            "5": 0.2898968458175659,
            "6": 0.26649075746536255,
            "7": 0.3718824088573456,
            "8": 0.4431944191455841,
            "9": 0.7745924592018127,
            "10": 0.4586303234100342,
            "11": 0.36843937635421753,
            "12": 0.8377884030342102,
            "13": 0.13976040482521057,
            "14": 0.13588111102581024,
            "15": 0.13245032727718353
        },
        "macro_recall": 0.35018107295036316,
        "micro_recall": 0.464282363653183,
        "recall_per_class": {
            "0": 0.4810374081134796,
            "1": 0.3513889014720917,
            "2": 0.1122727245092392,
            "3": 0.33497151732444763,
            "4": 0.3156695067882538,
            "5": 0.2507874071598053,
            "6": 0.18703703582286835,
            "7": 0.321153849363327,
            "8": 0.5618913769721985,
            "9": 0.8231779932975769,
            "10": 0.4654513895511627,
            "11": 0.2673821449279785,
            "12": 0.8715579509735107,
            "13": 0.08166666328907013,
            "14": 0.0941176488995552,
            "15": 0.0833333358168602
        },
        "macro_f1": 0.353738397359848,
        "micro_f1": 0.464282363653183,
        "f1_per_class": {
            "0": 0.44417980313301086,
            "1": 0.3347800672054291,
            "2": 0.1365269422531128,
            "3": 0.34796440601348877,
            "4": 0.32645243406295776,
            "5": 0.268927663564682,
            "6": 0.21980413794517517,
            "7": 0.34466153383255005,
            "8": 0.4955340623855591,
            "9": 0.7981465458869934,
            "10": 0.46201568841934204,
            "11": 0.30987975001335144,
            "12": 0.854339599609375,
            "13": 0.10309278219938278,
            "14": 0.11120764911174774,
            "15": 0.10230179131031036
        },
        "Kappa": 0.41214609146118164,
        "MSE": 0.053520314395427704,
        "LogLoss": 5.815303325653076,
        "AUNU": 0.7303999066352844,
        "micro_ROC-AUC": 0.7754409909248352,
        "AUNP": 0.7552316784858704,
        "AU1U": 0.7268034636415613,
        "AU1P": 0.7397968837243153,
        "ROC-AUC_per_class_vs_rest": {
            "0": 0.7344367384568706,
            "1": 0.6849433389725678,
            "2": 0.6757140730784548,
            "3": 0.7007159854706493,
            "4": 0.6925159963162644,
            "5": 0.6934348847634157,
            "6": 0.7139737829413473,
            "7": 0.7139431632666774,
            "8": 0.7726252236908415,
            "9": 0.9158812245216915,
            "10": 0.7375773415980611,
            "11": 0.6885896371100926,
            "12": 0.9356563437980496,
            "13": 0.6663286002758079,
            "14": 0.666804797929898,
            "15": 0.6932578128053308
        }
    }
}