{
    "classification type": "multiclass",
    "class balance": "imbalanced",
    "dataset name": "irish-times_imbalanced",
    "class names": [
        0,
        10,
        1,
        8,
        5,
        9,
        2,
        13,
        6,
        7,
        4,
        14,
        3,
        16,
        15,
        18,
        11,
        12,
        19,
        17
    ],
    "model name": "logistic_regression",
    "index": 0,
    "cv fold": 1,
    "fold info": {
        "train distribution": 120150,
        "test distribution": 30017,
        "train distribution pct": 944.5754716981131,
        "test distribution pct": 943.930817610063
    },
    "metrics": {
        "macro_accuracy": 0.9668552279472351,
        "micro_accuracy": 0.9668553471565247,
        "accuracy_per_class": {
            "0": 0.9707547426223755,
            "10": 0.974685549736023,
            "1": 0.9514151215553284,
            "8": 0.9501572251319885,
            "5": 0.9858490824699402,
            "9": 0.9809748530387878,
            "2": 0.9490566253662109,
            "13": 0.9875786304473877,
            "6": 0.9875786304473877,
            "7": 0.9569182395935059,
            "4": 0.8742138147354126,
            "14": 0.9902516007423401,
            "3": 0.9916666746139526,
            "16": 0.9595912098884583,
            "15": 0.9812893271446228,
            "18": 0.9844339489936829,
            "11": 0.979716956615448,
            "12": 0.9880503416061401,
            "19": 0.9820754528045654,
            "17": 0.9108490347862244
        },
        "macro_precision": 0.613955557346344,
        "micro_precision": 0.6685534715652466,
        "precision_per_class": {
            "0": 0.3392857015132904,
            "10": 0.4404761791229248,
            "1": 0.6272040009498596,
            "8": 0.5622641444206238,
            "5": 0.40909090638160706,
            "9": 0.7272727489471436,
            "2": 0.5656565427780151,
            "13": 0.800000011920929,
            "6": 0.6880000233650208,
            "7": 0.6650246381759644,
            "4": 0.757826566696167,
            "14": 0.8461538553237915,
            "3": 0.5833333134651184,
            "16": 0.6839237213134766,
            "15": 0.6779661178588867,
            "18": 0.7575757503509521,
            "11": 0.5945945978164673,
            "12": 0.5,
            "19": 0.7539682388305664,
            "17": 0.29949238896369934
        },
        "macro_recall": 0.48252949118614197,
        "micro_recall": 0.6685534715652466,
        "recall_per_class": {
            "0": 0.1130952388048172,
            "10": 0.2450331151485443,
            "1": 0.6073170900344849,
            "8": 0.7780678868293762,
            "5": 0.10465116053819656,
            "9": 0.27397260069847107,
            "2": 0.5957446694374084,
            "13": 0.6987951993942261,
            "6": 0.682539701461792,
            "7": 0.6617646813392639,
            "4": 0.94312584400177,
            "14": 0.6567164063453674,
            "3": 0.24561403691768646,
            "16": 0.6403061151504517,
            "15": 0.4968944191932678,
            "18": 0.5,
            "11": 0.4399999976158142,
            "12": 0.14473684132099152,
            "19": 0.533707857131958,
            "17": 0.2885085642337799
        },
        "macro_f1": 0.520301103591919,
        "micro_f1": 0.6685534715652466,
        "f1_per_class": {
            "0": 0.1696428507566452,
            "10": 0.31489360332489014,
            "1": 0.6171003580093384,
            "8": 0.6527929902076721,
            "5": 0.1666666716337204,
            "9": 0.3980099558830261,
            "2": 0.5803108811378479,
            "13": 0.7459806799888611,
            "6": 0.6852589845657349,
            "7": 0.6633906364440918,
            "4": 0.8403830528259277,
            "14": 0.7394958138465881,
            "3": 0.34567901492118835,
            "16": 0.6613965630531311,
            "15": 0.5734767317771912,
            "18": 0.6024096608161926,
            "11": 0.5057471394538879,
            "12": 0.22448979318141937,
            "19": 0.625,
            "17": 0.2938978970050812
        },
        "Kappa": 0.5949221253395081,
        "MSE": 0.02248775213956833,
        "LogLoss": 1.1885818243026733,
        "AUNU": 0.9216122031211853,
        "micro_ROC-AUC": 0.9529512524604797,
        "AUNP": 0.9381619095802307,
        "AU1U": 0.8989992394591668,
        "AU1P": 0.9209894125347966,
        "ROC-AUC_per_class_vs_rest": {
            "0": 0.8108215669988926,
            "10": 0.8778418211547221,
            "1": 0.9303601147776184,
            "8": 0.9672528417244345,
            "5": 0.888471988494414,
            "9": 0.863463963388019,
            "2": 0.9341288649163727,
            "13": 0.9717920762805825,
            "6": 0.969136226835938,
            "7": 0.9433258140285684,
            "4": 0.9695885483633117,
            "14": 0.9654026686356206,
            "3": 0.8996092086475113,
            "16": 0.9448579071373858,
            "15": 0.9392929534817778,
            "18": 0.9376081588835211,
            "11": 0.9307004830917874,
            "12": 0.9175914603504305,
            "19": 0.9421839955797731,
            "17": 0.8288130572454178
        }
    }
}