{
    "classification type": "multiclass",
    "class balance": "balanced",
    "dataset name": "ag-news_balanced",
    "class names": [
        1,
        3,
        0,
        2
    ],
    "model name": "decision_tree",
    "index": 3,
    "cv fold": 4,
    "fold info": {
        "train distribution": 5760,
        "test distribution": 1440,
        "train distribution pct": 150.0,
        "test distribution pct": 150.0
    },
    "metrics": {
        "macro_accuracy": 0.8824883699417114,
        "micro_accuracy": 0.8824884295463562,
        "accuracy_per_class": {
            "1": 0.8922222256660461,
            "3": 0.9214120507240295,
            "0": 0.8534953594207764,
            "2": 0.8628240823745728
        },
        "macro_precision": 0.7642801403999329,
        "micro_precision": 0.7649768590927124,
        "precision_per_class": {
            "1": 0.7847608327865601,
            "3": 0.8339496850967407,
            "0": 0.7078954577445984,
            "2": 0.7305145859718323
        },
        "macro_recall": 0.7649768590927124,
        "micro_recall": 0.7649768590927124,
        "recall_per_class": {
            "1": 0.7838888764381409,
            "3": 0.8561111092567444,
            "0": 0.7048147916793823,
            "2": 0.7150925993919373
        },
        "macro_f1": 0.7645707130432129,
        "micro_f1": 0.7649768590927124,
        "f1_per_class": {
            "1": 0.7843246459960938,
            "3": 0.8448851108551025,
            "0": 0.7063517570495605,
            "2": 0.7227213382720947
        },
        "Kappa": 0.6866357922554016,
        "MSE": 0.1056239902973175,
        "LogLoss": 3.236346483230591,
        "AUNU": 0.8385642170906067,
        "micro_ROC-AUC": 0.8392825722694397,
        "AUNP": 0.8385642170906067,
        "AU1U": 0.838564208604824,
        "AU1P": 0.838564208604824,
        "ROC-AUC_per_class_vs_rest": {
            "1": 0.8522184899405579,
            "3": 0.8887900148605395,
            "0": 0.8031723493941471,
            "2": 0.8100759802240511
        }
    }
}