{
    "classification type": "multilabel",
    "class balance": "balanced",
    "dataset name": "scene_trimmed",
    "class names": [
        "Mountain",
        "Urban",
        "Field",
        "Beach",
        "FallFoliage",
        "Sunset"
    ],
    "model name": "linear_svm",
    "index": 1,
    "cv fold": 0,
    "fold info": {
        "train distribution": [
            368,
            344,
            337,
            336,
            318,
            291
        ],
        "test distribution": [
            91,
            86,
            84,
            84,
            79,
            73
        ],
        "train distribution pct": [
            19.763694951664874,
            18.474758324382385,
            18.098818474758325,
            18.045112781954884,
            17.078410311493016,
            15.628356605800214
        ],
        "test distribution pct": [
            19.32059447983015,
            18.259023354564754,
            17.8343949044586,
            17.8343949044586,
            16.772823779193207,
            15.498938428874734
        ]
    },
    "metrics": {
        "macro_accuracy": 0.8794511378848728,
        "micro_accuracy": 0.8794511378848728,
        "accuracy_per_class": {
            "Mountain": 0.8092369477911646,
            "Urban": 0.8463186077643909,
            "Field": 0.9183400267737617,
            "Beach": 0.8694779116465864,
            "FallFoliage": 0.8866131191432396,
            "Sunset": 0.9467202141900937
        },
        "macro_precision": 0.6916606815381788,
        "micro_precision": 0.6997043721798661,
        "precision_per_class": {
            "Mountain": 0.52319309600863,
            "Urban": 0.6153846153846154,
            "Field": 0.7945643485211831,
            "Beach": 0.6697332106715731,
            "FallFoliage": 0.6949308755760368,
            "Sunset": 0.852157943067034
        },
        "macro_recall": 0.57368534476609,
        "micro_recall": 0.5642409033877039,
        "recall_per_class": {
            "Mountain": 0.3303814713896458,
            "Urban": 0.4418604651162791,
            "Field": 0.7379361544172235,
            "Beach": 0.5416666666666666,
            "FallFoliage": 0.5937007874015748,
            "Sunset": 0.7965665236051502
        },
        "macro_f1": 0.624548675071037,
        "micro_f1": 0.6247134819754115,
        "f1_per_class": {
            "Mountain": 0.40501043841336115,
            "Urban": 0.5143824027072758,
            "Field": 0.7652040030792918,
            "Beach": 0.5989304812834224,
            "FallFoliage": 0.6403397027600849,
            "Sunset": 0.8234250221827861
        },
        "MSE": 0.09077504277229309,
        "LogLoss": 0.348751962184906,
        "AUNU": 0.8826169967651367,
        "micro_ROC-AUC": 0.8924519419670105,
        "AUNP": 0.8791760206222534,
        "ROC-AUC_per_class_vs_rest": {
            "Mountain": 0.7869272345185574,
            "Urban": 0.8409681224765495,
            "Field": 0.9383166007511689,
            "Beach": 0.8727438085910173,
            "FallFoliage": 0.9015415925831851,
            "Sunset": 0.9552046369629663
        }
    }
}