{
    "classification type": "multiclass",
    "class balance": "balanced",
    "dataset name": "gas-drift_balanced",
    "class names": [
        2,
        0,
        4,
        3,
        1
    ],
    "model name": "logistic_regression",
    "index": 2,
    "cv fold": 0,
    "fold info": {
        "train distribution": 2600,
        "test distribution": 650,
        "train distribution pct": 200.0,
        "test distribution pct": 200.0
    },
    "metrics": {
        "macro_accuracy": 0.9958600997924805,
        "micro_accuracy": 0.9958601593971252,
        "accuracy_per_class": {
            "2": 0.9986013770103455,
            "0": 0.9994405508041382,
            "4": 0.9921678304672241,
            "3": 0.9902098178863525,
            "1": 0.9988811016082764
        },
        "macro_precision": 0.9896742701530457,
        "micro_precision": 0.9896503686904907,
        "precision_per_class": {
            "2": 0.9958100318908691,
            "0": 0.9972106218338013,
            "4": 0.9872340559959412,
            "3": 0.9709141254425049,
            "1": 0.9972028136253357
        },
        "macro_recall": 0.9896503686904907,
        "micro_recall": 0.9896503686904907,
        "recall_per_class": {
            "2": 0.9972028136253357,
            "0": 1.0,
            "4": 0.9734265804290771,
            "3": 0.9804195761680603,
            "1": 0.9972028136253357
        },
        "macro_f1": 0.9896475076675415,
        "micro_f1": 0.9896503686904907,
        "f1_per_class": {
            "2": 0.9965059161186218,
            "0": 0.998603343963623,
            "4": 0.9802817106246948,
            "3": 0.9756436944007874,
            "1": 0.9972028136253357
        },
        "Kappa": 0.9870629906654358,
        "MSE": 0.0037710871547460556,
        "LogLoss": 0.06394118070602417,
        "AUNU": 0.99782794713974,
        "micro_ROC-AUC": 0.998204231262207,
        "AUNP": 0.99782794713974,
        "AU1U": 0.9978279622475427,
        "AU1P": 0.9978279622475428,
        "ROC-AUC_per_class_vs_rest": {
            "2": 0.9989495818866448,
            "0": 0.9997999902195707,
            "4": 0.9988468873783558,
            "3": 0.9937106948995061,
            "1": 0.9978326568536359
        }
    }
}