{
    "classification type": "multilabel",
    "class balance": "balanced",
    "dataset name": "emotions_trimmed",
    "class names": [
        "angry-aggresive",
        "relaxing-calm",
        "amazed-suprised",
        "happy-pleased",
        "quiet-still",
        "sad-lonely"
    ],
    "model name": "gradient_boosting",
    "index": 0,
    "cv fold": 1,
    "fold info": {
        "train distribution": [
            143,
            142,
            133,
            119,
            119,
            117
        ],
        "test distribution": [
            36,
            35,
            33,
            29,
            29,
            29
        ],
        "train distribution pct": [
            35.92964824120603,
            35.678391959798994,
            33.41708542713568,
            29.899497487437188,
            29.899497487437188,
            29.396984924623116
        ],
        "test distribution pct": [
            35.294117647058826,
            34.31372549019608,
            32.35294117647059,
            28.431372549019606,
            28.431372549019606,
            28.431372549019606
        ]
    },
    "metrics": {
        "macro_accuracy": 0.776720583571202,
        "micro_accuracy": 0.776720583571202,
        "accuracy_per_class": {
            "angry-aggresive": 0.7756898192197906,
            "relaxing-calm": 0.7373929590865842,
            "amazed-suprised": 0.7276403425309229,
            "happy-pleased": 0.7147954329210275,
            "quiet-still": 0.8960513796384396,
            "sad-lonely": 0.8087535680304472
        },
        "macro_precision": 0.670037782813977,
        "micro_precision": 0.6784938450398262,
        "precision_per_class": {
            "angry-aggresive": 0.6935817805383023,
            "relaxing-calm": 0.6421677802524127,
            "amazed-suprised": 0.6074201898188093,
            "happy-pleased": 0.5293333333333333,
            "quiet-still": 0.8392255892255892,
            "sad-lonely": 0.708498023715415
        },
        "macro_recall": 0.5768761239961329,
        "micro_recall": 0.5786093614919106,
        "recall_per_class": {
            "angry-aggresive": 0.668218085106383,
            "relaxing-calm": 0.5817081371889711,
            "amazed-suprised": 0.5050215208034433,
            "happy-pleased": 0.31938857602574416,
            "quiet-still": 0.8020917135961384,
            "sad-lonely": 0.5848287112561175
        },
        "macro_f1": 0.6169999997257123,
        "micro_f1": 0.6245833888814825,
        "f1_per_class": {
            "angry-aggresive": 0.6806637317981713,
            "relaxing-calm": 0.6104446012702893,
            "amazed-suprised": 0.5515080297688993,
            "happy-pleased": 0.39839438033115904,
            "quiet-still": 0.8202385849444673,
            "sad-lonely": 0.6407506702412868
        },
        "MSE": 0.17392688989639282,
        "LogLoss": 6.613461971282959,
        "AUNU": 0.775033175945282,
        "micro_ROC-AUC": 0.7843006253242493,
        "AUNP": 0.7744054794311523,
        "ROC-AUC_per_class_vs_rest": {
            "angry-aggresive": 0.7892236751379039,
            "relaxing-calm": 0.7649715520030176,
            "amazed-suprised": 0.7343887377014863,
            "happy-pleased": 0.6744171955996472,
            "quiet-still": 0.9007583976516382,
            "sad-lonely": 0.7864396000249793
        }
    }
}