{
    "classification type": "binary",
    "class balance": "balanced",
    "dataset name": "ceas_balanced",
    "class names": [
        1,
        0
    ],
    "model name": "knn",
    "index": 0,
    "cv fold": 3,
    "fold info": {
        "train distribution": 3195,
        "test distribution": 798,
        "train distribution pct": 50.007825950853025,
        "test distribution pct": 49.96869129618034
    },
    "metrics": {
        "macro_accuracy": 0.9677759408950806,
        "micro_accuracy": 0.9677759408950806,
        "accuracy_per_class": {
            "1": 0.9677759408950806,
            "0": 0.9677759408950806
        },
        "macro_precision": 0.9681639671325684,
        "micro_precision": 0.9677759408950806,
        "precision_per_class": {
            "1": 0.981639564037323,
            "0": 0.954688310623169
        },
        "macro_recall": 0.967775821685791,
        "micro_recall": 0.9677759408950806,
        "recall_per_class": {
            "1": 0.9533833265304565,
            "0": 0.9821683168411255
        },
        "macro_f1": 0.9677692651748657,
        "micro_f1": 0.9677759408950806,
        "f1_per_class": {
            "1": 0.9673051238059998,
            "0": 0.9682334065437317
        },
        "MSE": 0.02877087891101837,
        "LogLoss": 1.644261360168457,
        "AUNU": 0.9751753211021423,
        "micro_ROC-AUC": 0.9751753211021423
    }
}