{
    "classification type": "multilabel",
    "class balance": "balanced",
    "dataset name": "mediamill_balanced",
    "class names": [
        "Class3",
        "Class12",
        "Class17",
        "Class44",
        "Class55",
        "Class57",
        "Class58",
        "Class76",
        "Class79",
        "Class94",
        "Class96",
        "Class97"
    ],
    "model name": "logistic_regression",
    "index": 0,
    "cv fold": 3,
    "fold info": {
        "train distribution": [
            1753,
            1807,
            1696,
            1806,
            1661,
            1625,
            1706,
            1800,
            1779,
            1802,
            1794,
            1795
        ],
        "test distribution": [
            438,
            452,
            425,
            452,
            416,
            407,
            427,
            450,
            445,
            450,
            454,
            449
        ],
        "train distribution pct": [
            17.460159362549803,
            17.998007968127492,
            16.89243027888446,
            17.98804780876494,
            16.54382470119522,
            16.185258964143426,
            16.992031872509962,
            17.928286852589643,
            17.719123505976096,
            17.948207171314742,
            17.86852589641434,
            17.878486055776893
        ],
        "test distribution pct": [
            17.668414683340057,
            18.233158531665993,
            17.144009681323112,
            18.233158531665993,
            16.780960064542157,
            16.417910447761194,
            17.224687373941105,
            18.152480839048003,
            17.950786607503026,
            18.152480839048003,
            18.313836224283985,
            18.11214199273901
        ]
    },
    "metrics": {
        "macro_accuracy": 0.8515890465720569,
        "micro_accuracy": 0.8515890465720568,
        "accuracy_per_class": {
            "Class3": 0.9306416150309814,
            "Class12": 0.827703377973216,
            "Class17": 0.8523885668598841,
            "Class44": 0.8295022986208275,
            "Class55": 0.8595842494503299,
            "Class57": 0.8701778932640416,
            "Class58": 0.8558864681191285,
            "Class76": 0.8253048171097341,
            "Class79": 0.8566859884069559,
            "Class94": 0.8179092544473316,
            "Class96": 0.8441934839096542,
            "Class97": 0.8490905456725965
        },
        "macro_precision": 0.6314562488749628,
        "micro_precision": 0.6551990722844995,
        "precision_per_class": {
            "Class3": 0.8191681735985533,
            "Class12": 0.567043618739903,
            "Class17": 0.643603133159269,
            "Class44": 0.5893805309734513,
            "Class55": 0.6557575757575758,
            "Class57": 0.6944114149821641,
            "Class58": 0.6404255319148936,
            "Class76": 0.5343007915567283,
            "Class79": 0.6635071090047393,
            "Class94": 0.4793713163064833,
            "Class96": 0.6481481481481481,
            "Class97": 0.6423576423576424
        },
        "macro_recall": 0.3238196777272355,
        "micro_recall": 0.32236591860022823,
        "recall_per_class": {
            "Class3": 0.7752424415288077,
            "Class12": 0.19424460431654678,
            "Class17": 0.2905126694166176,
            "Class44": 0.18428334255672385,
            "Class55": 0.32551143200962696,
            "Class57": 0.3591635916359164,
            "Class58": 0.3528722157092614,
            "Class76": 0.225,
            "Class79": 0.3934794828555368,
            "Class94": 0.13548028872848417,
            "Class96": 0.2918287937743191,
            "Class97": 0.35821727019498606
        },
        "macro_f1": 0.417909213530581,
        "micro_f1": 0.4321223709369025,
        "f1_per_class": {
            "Class3": 0.7966002344665886,
            "Class12": 0.2893652102225886,
            "Class17": 0.4003248071457572,
            "Class44": 0.28077571669477236,
            "Class55": 0.43506232408524326,
            "Class57": 0.47344953384677746,
            "Class58": 0.455026455026455,
            "Class76": 0.3166536356528538,
            "Class79": 0.4940014114326041,
            "Class94": 0.21125541125541125,
            "Class96": 0.4024530471444998,
            "Class97": 0.45994277539341916
        },
        "MSE": 0.10589954257011414,
        "LogLoss": 0.34065210819244385,
        "AUNU": 0.8370262384414673,
        "micro_ROC-AUC": 0.843480110168457,
        "AUNP": 0.8364622592926025,
        "ROC-AUC_per_class_vs_rest": {
            "Class3": 0.9678518948908206,
            "Class12": 0.7894373178312877,
            "Class17": 0.8288804842254882,
            "Class44": 0.7942551472627521,
            "Class55": 0.8393230671960108,
            "Class57": 0.8618385014399071,
            "Class58": 0.8463755490896765,
            "Class76": 0.8166818317220463,
            "Class79": 0.8526423470396253,
            "Class94": 0.7775057597157243,
            "Class96": 0.8267970786201639,
            "Class97": 0.8427256187687622
        }
    }
}