{
    "classification type": "binary",
    "class balance": "imbalanced",
    "dataset name": "philippine_imbalanced",
    "class names": [
        0,
        1
    ],
    "model name": "knn",
    "index": 3,
    "cv fold": 3,
    "fold info": {
        "train distribution": 205,
        "test distribution": 51,
        "train distribution pct": 12.796504369538079,
        "test distribution pct": 12.75
    },
    "metrics": {
        "macro_accuracy": 0.8655879497528076,
        "micro_accuracy": 0.8655879497528076,
        "accuracy_per_class": {
            "0": 0.8655879497528076,
            "1": 0.8655879497528076
        },
        "macro_precision": 0.6809468269348145,
        "micro_precision": 0.8655879497528076,
        "precision_per_class": {
            "0": 0.901776909828186,
            "1": 0.46011674404144287
        },
        "macro_recall": 0.622051477432251,
        "micro_recall": 0.8655879497528076,
        "recall_per_class": {
            "0": 0.9492764472961426,
            "1": 0.2948265075683594
        },
        "macro_f1": 0.6421471238136292,
        "micro_f1": 0.8655879497528076,
        "f1_per_class": {
            "0": 0.9249172806739807,
            "1": 0.3593769669532776
        },
        "MSE": 0.11850031465291977,
        "LogLoss": 5.660626411437988,
        "AUNU": 0.6844991445541382,
        "micro_ROC-AUC": 0.6844991445541382
    }
}