{
    "classification type": "multilabel",
    "class balance": "balanced",
    "dataset name": "emotions_balanced",
    "class names": [
        "angry-aggresive",
        "amazed-suprised",
        "sad-lonely",
        "happy-pleased"
    ],
    "model name": "knn",
    "index": 0,
    "cv fold": 3,
    "fold info": {
        "train distribution": [
            151,
            139,
            134,
            133
        ],
        "test distribution": [
            38,
            34,
            34,
            33
        ],
        "train distribution pct": [
            36.473429951690825,
            33.57487922705314,
            32.367149758454104,
            32.125603864734295
        ],
        "test distribution pct": [
            37.254901960784316,
            33.33333333333333,
            33.33333333333333,
            32.35294117647059
        ]
    },
    "metrics": {
        "macro_accuracy": 0.7832512315270936,
        "micro_accuracy": 0.7832512315270936,
        "accuracy_per_class": {
            "angry-aggresive": 0.7857142857142857,
            "amazed-suprised": 0.7660098522167488,
            "sad-lonely": 0.8201970443349754,
            "happy-pleased": 0.7610837438423645
        },
        "macro_precision": 0.7723582498505508,
        "micro_precision": 0.7696335078534031,
        "precision_per_class": {
            "angry-aggresive": 0.782608695652174,
            "amazed-suprised": 0.7009345794392523,
            "sad-lonely": 0.8690476190476191,
            "happy-pleased": 0.7368421052631579
        },
        "macro_recall": 0.524344224086787,
        "micro_recall": 0.5268817204301075,
        "recall_per_class": {
            "angry-aggresive": 0.5921052631578947,
            "amazed-suprised": 0.5434782608695652,
            "sad-lonely": 0.5407407407407407,
            "happy-pleased": 0.42105263157894735
        },
        "macro_f1": 0.622238508865188,
        "micro_f1": 0.625531914893617,
        "f1_per_class": {
            "angry-aggresive": 0.6741573033707865,
            "amazed-suprised": 0.6122448979591837,
            "sad-lonely": 0.6666666666666666,
            "happy-pleased": 0.5358851674641149
        },
        "MSE": 0.14923030138015747,
        "LogLoss": 1.5212280750274658,
        "AUNU": 0.834272563457489,
        "micro_ROC-AUC": 0.841697096824646,
        "AUNP": 0.8360123038291931,
        "ROC-AUC_per_class_vs_rest": {
            "angry-aggresive": 0.8850626813095732,
            "amazed-suprised": 0.8247755786285962,
            "sad-lonely": 0.8608992756594233,
            "happy-pleased": 0.7663526949241234
        }
    }
}