{
    "classification type": "multilabel",
    "class balance": "balanced",
    "dataset name": "cal500_balanced",
    "class names": [
        "Instrument_-_Male_Lead_Vocals",
        "Song-Texture_Electric",
        "NOT-Emotion-Angry-Agressive",
        "NOT-Emotion-Bizarre-Weird",
        "Song-Quality",
        "Song-Texture_Acoustic",
        "Instrument_-_Drum_Set"
    ],
    "model name": "knn",
    "index": 4,
    "cv fold": 4,
    "fold info": {
        "train distribution": [
            240,
            241,
            240,
            218,
            217,
            217,
            216
        ],
        "test distribution": [
            60,
            57,
            60,
            55,
            54,
            54,
            55
        ],
        "train distribution pct": [
            64.51612903225806,
            64.78494623655914,
            64.51612903225806,
            58.602150537634415,
            58.333333333333336,
            58.333333333333336,
            58.06451612903226
        ],
        "test distribution pct": [
            66.66666666666666,
            63.33333333333333,
            66.66666666666666,
            61.111111111111114,
            60.0,
            60.0,
            61.111111111111114
        ]
    },
    "metrics": {
        "macro_accuracy": 0.5635126777983921,
        "micro_accuracy": 0.5635126777983921,
        "accuracy_per_class": {
            "Instrument_-_Male_Lead_Vocals": 0.6307359307359307,
            "Song-Texture_Electric": 0.6246753246753247,
            "NOT-Emotion-Angry-Agressive": 0.5839826839826839,
            "NOT-Emotion-Bizarre-Weird": 0.5242424242424243,
            "Song-Quality": 0.5043290043290043,
            "Song-Texture_Acoustic": 0.5017316017316017,
            "Instrument_-_Drum_Set": 0.5748917748917749
        },
        "macro_precision": 0.6250890059397994,
        "micro_precision": 0.630114566284779,
        "precision_per_class": {
            "Instrument_-_Male_Lead_Vocals": 0.6613466334164588,
            "Song-Texture_Electric": 0.6619864794591783,
            "NOT-Emotion-Angry-Agressive": 0.6755700325732898,
            "NOT-Emotion-Bizarre-Weird": 0.5910958904109589,
            "Song-Quality": 0.5954545454545455,
            "Song-Texture_Acoustic": 0.5855704697986577,
            "Instrument_-_Drum_Set": 0.6045989904655076
        },
        "macro_recall": 0.6937180175192225,
        "micro_recall": 0.6985887096774194,
        "recall_per_class": {
            "Instrument_-_Male_Lead_Vocals": 0.884,
            "Song-Texture_Electric": 0.8543624161073825,
            "NOT-Emotion-Angry-Agressive": 0.6913333333333334,
            "NOT-Emotion-Bizarre-Weird": 0.6322344322344322,
            "Song-Quality": 0.4833948339483395,
            "Song-Texture_Acoustic": 0.5151291512915129,
            "Instrument_-_Drum_Set": 0.7955719557195572
        },
        "macro_f1": 0.6522430598606553,
        "micro_f1": 0.6625872454345539,
        "f1_per_class": {
            "Instrument_-_Male_Lead_Vocals": 0.7566333808844508,
            "Song-Texture_Electric": 0.7459712862584237,
            "NOT-Emotion-Angry-Agressive": 0.6833607907742998,
            "NOT-Emotion-Bizarre-Weird": 0.6109734513274336,
            "Song-Quality": 0.5336048879837068,
            "Song-Texture_Acoustic": 0.5480957989791913,
            "Instrument_-_Drum_Set": 0.687061822817081
        },
        "MSE": 0.2561100721359253,
        "LogLoss": 1.3736305236816406,
        "AUNU": 0.5329887270927429,
        "micro_ROC-AUC": 0.5401151776313782,
        "AUNP": 0.5336868762969971,
        "ROC-AUC_per_class_vs_rest": {
            "Instrument_-_Male_Lead_Vocals": 0.5643592592592592,
            "Song-Texture_Electric": 0.5164814208544771,
            "NOT-Emotion-Angry-Agressive": 0.5660666666666666,
            "NOT-Emotion-Bizarre-Weird": 0.5139027462836987,
            "Song-Quality": 0.5039628291570873,
            "Song-Texture_Acoustic": 0.5054581634821583,
            "Instrument_-_Drum_Set": 0.5606900948590636
        }
    }
}