{
    "classification type": "multiclass",
    "class balance": "imbalanced",
    "dataset name": "mfeat-karhunen_imbalanced",
    "class names": [
        0,
        1,
        2,
        3
    ],
    "model name": "logistic_regression",
    "index": 2,
    "cv fold": 1,
    "fold info": {
        "train distribution": 448,
        "test distribution": 112,
        "train distribution pct": 116.66666666666667,
        "test distribution pct": 116.66666666666667
    },
    "metrics": {
        "macro_accuracy": 0.9908854365348816,
        "micro_accuracy": 0.9908854365348816,
        "accuracy_per_class": {
            "0": 0.9887152910232544,
            "1": 0.9895833134651184,
            "2": 0.9939236044883728,
            "3": 0.9913194179534912
        },
        "macro_precision": 0.9835782051086426,
        "micro_precision": 0.9817708134651184,
        "precision_per_class": {
            "0": 0.9843342304229736,
            "1": 0.9728260636329651,
            "2": 0.9834024906158447,
            "3": 0.9937499761581421
        },
        "macro_recall": 0.9775359630584717,
        "micro_recall": 0.9817708134651184,
        "recall_per_class": {
            "0": 0.9817708134651184,
            "1": 0.9944444298744202,
            "2": 0.987500011920929,
            "3": 0.9464285969734192
        },
        "macro_f1": 0.9803816080093384,
        "micro_f1": 0.9817708134651184,
        "f1_per_class": {
            "0": 0.9830508232116699,
            "1": 0.9835164546966553,
            "2": 0.9854469895362854,
            "3": 0.9695122241973877
        },
        "Kappa": 0.9748741984367371,
        "MSE": 0.008258549496531487,
        "LogLoss": 0.10146462917327881,
        "AUNU": 0.995206892490387,
        "micro_ROC-AUC": 0.9962896704673767,
        "AUNP": 0.9958717823028564,
        "AU1U": 0.9952969645612875,
        "AU1P": 0.995481478754455,
        "ROC-AUC_per_class_vs_rest": {
            "0": 0.9960225423177084,
            "1": 0.9965909090909091,
            "2": 0.9997076023391813,
            "3": 0.9885065814943863
        }
    }
}