{
    "classification type": "multiclass",
    "class balance": "balanced",
    "dataset name": "mfeat-karhunen_balanced",
    "class names": [
        0,
        1,
        2,
        3
    ],
    "model name": "logistic_regression",
    "index": 1,
    "cv fold": 0,
    "fold info": {
        "train distribution": 576,
        "test distribution": 144,
        "train distribution pct": 150.0,
        "test distribution pct": 150.0
    },
    "metrics": {
        "macro_accuracy": 0.9904513359069824,
        "micro_accuracy": 0.9904513955116272,
        "accuracy_per_class": {
            "0": 0.9930555820465088,
            "1": 0.9895833134651184,
            "2": 0.9913194179534912,
            "3": 0.9878472089767456
        },
        "macro_precision": 0.9812684655189514,
        "micro_precision": 0.9809027910232544,
        "precision_per_class": {
            "0": 0.9929577708244324,
            "1": 0.9599999785423279,
            "2": 0.9793103337287903,
            "3": 0.9928057789802551
        },
        "macro_recall": 0.9809027910232544,
        "micro_recall": 0.9809027910232544,
        "recall_per_class": {
            "0": 0.9791666865348816,
            "1": 1.0,
            "2": 0.9861111044883728,
            "3": 0.9583333134651184
        },
        "macro_f1": 0.9808924794197083,
        "micro_f1": 0.9809027910232544,
        "f1_per_class": {
            "0": 0.9860140085220337,
            "1": 0.9795918464660645,
            "2": 0.9826989769935608,
            "3": 0.9752650260925293
        },
        "Kappa": 0.9745370745658875,
        "MSE": 0.006581321358680725,
        "LogLoss": 0.06737594306468964,
        "AUNU": 0.9986215829849243,
        "micro_ROC-AUC": 0.9987170100212097,
        "AUNP": 0.9986215829849243,
        "AU1U": 0.9986215599279835,
        "AU1P": 0.9986215599279835,
        "ROC-AUC_per_class_vs_rest": {
            "0": 0.9990837191358025,
            "1": 0.9997910236625515,
            "2": 0.9995338220164609,
            "3": 0.9960776748971193
        }
    }
}