{
    "classification type": "multiclass",
    "class balance": "imbalanced",
    "dataset name": "irish-times_imbalanced",
    "class names": [
        0,
        10,
        1,
        8,
        5,
        9,
        2,
        13,
        6,
        7,
        4,
        14,
        3,
        16,
        15,
        18,
        11,
        12,
        19,
        17
    ],
    "model name": "random_forest",
    "index": 0,
    "cv fold": 2,
    "fold info": {
        "train distribution": 120138,
        "test distribution": 30029,
        "train distribution pct": 944.4811320754717,
        "test distribution pct": 944.3081761006289
    },
    "metrics": {
        "macro_accuracy": 0.9573192596435547,
        "micro_accuracy": 0.9573193192481995,
        "accuracy_per_class": {
            "0": 0.957974374294281,
            "10": 0.9634152054786682,
            "1": 0.9389402866363525,
            "8": 0.9220422506332397,
            "5": 0.9810668230056763,
            "9": 0.9775958061218262,
            "2": 0.9391776323318481,
            "13": 0.9799335598945618,
            "6": 0.9834460616111755,
            "7": 0.9409279823303223,
            "4": 0.8520766496658325,
            "14": 0.9854456186294556,
            "3": 0.9894505739212036,
            "16": 0.9473893642425537,
            "15": 0.9733772277832031,
            "18": 0.9782959818840027,
            "11": 0.9739349484443665,
            "12": 0.9835706949234009,
            "19": 0.9747300148010254,
            "17": 0.9035955667495728
        },
        "macro_precision": 0.4544161856174469,
        "micro_precision": 0.5731933116912842,
        "precision_per_class": {
            "0": 0.125035360455513,
            "10": 0.19308768212795258,
            "1": 0.5284063220024109,
            "8": 0.42008402943611145,
            "5": 0.17796610295772552,
            "9": 0.5166308879852295,
            "2": 0.4852292239665985,
            "13": 0.6306190490722656,
            "6": 0.5923309922218323,
            "7": 0.5429546236991882,
            "4": 0.7603935599327087,
            "14": 0.7382861971855164,
            "3": 0.34011298418045044,
            "16": 0.5819856524467468,
            "15": 0.46720001101493835,
            "18": 0.561053454875946,
            "11": 0.4291187822818756,
            "12": 0.18077601492404938,
            "19": 0.5712951421737671,
            "17": 0.24575874209403992
        },
        "macro_recall": 0.3898620903491974,
        "micro_recall": 0.5731933116912842,
        "recall_per_class": {
            "0": 0.09972923994064331,
            "10": 0.16828478872776031,
            "1": 0.5002758502960205,
            "8": 0.7793565988540649,
            "5": 0.11057481169700623,
            "9": 0.2509119212627411,
            "2": 0.5088001489639282,
            "13": 0.5580813884735107,
            "6": 0.5274034142494202,
            "7": 0.5003699660301208,
            "4": 0.8449788093566895,
            "14": 0.4882746934890747,
            "3": 0.2013377994298935,
            "16": 0.5226004719734192,
            "15": 0.34096217155456543,
            "18": 0.3546922206878662,
            "11": 0.3090817928314209,
            "12": 0.10024449974298477,
            "19": 0.3890184462070465,
            "17": 0.2422618567943573
        },
        "macro_f1": 0.41041985154151917,
        "micro_f1": 0.5731933116912842,
        "f1_per_class": {
            "0": 0.11095769703388214,
            "10": 0.17983506619930267,
            "1": 0.5139564275741577,
            "8": 0.5459132790565491,
            "5": 0.13640053570270538,
            "9": 0.33777621388435364,
            "2": 0.49673524498939514,
            "13": 0.5921369791030884,
            "6": 0.5579847693443298,
            "7": 0.5207931995391846,
            "4": 0.8004578351974487,
            "14": 0.5878003835678101,
            "3": 0.25294119119644165,
            "16": 0.5506967306137085,
            "15": 0.394221693277359,
            "18": 0.43462133407592773,
            "11": 0.3593408167362213,
            "12": 0.12897136807441711,
            "19": 0.4628578722476959,
            "17": 0.24399776756763458
        },
        "Kappa": 0.4875480532646179,
        "MSE": 0.03416871652007103,
        "LogLoss": 5.197364330291748,
        "AUNU": 0.7312481999397278,
        "micro_ROC-AUC": 0.81007319688797,
        "AUNP": 0.7895383834838867,
        "AU1U": 0.7209186445272929,
        "AU1P": 0.7537294698865288,
        "ROC-AUC_per_class_vs_rest": {
            "0": 0.6240350491155379,
            "10": 0.6691301518639083,
            "1": 0.7699081956882176,
            "8": 0.8970300302250612,
            "5": 0.643886957141528,
            "9": 0.6774462125032752,
            "2": 0.759918689185723,
            "13": 0.7951900552668708,
            "6": 0.783968754017076,
            "7": 0.763334777619012,
            "4": 0.872450624495017,
            "14": 0.7695749351666518,
            "3": 0.6627722107605035,
            "16": 0.7865717918393512,
            "15": 0.7339090059668437,
            "18": 0.7081653648329325,
            "11": 0.6918031621620406,
            "12": 0.6309413008357042,
            "19": 0.7180936918439321,
            "17": 0.6668329818246467
        }
    }
}