{
    "classification type": "multilabel",
    "class balance": "balanced",
    "dataset name": "mediamill_balanced",
    "class names": [
        "Class3",
        "Class12",
        "Class17",
        "Class44",
        "Class55",
        "Class57",
        "Class58",
        "Class76",
        "Class79",
        "Class94",
        "Class96",
        "Class97"
    ],
    "model name": "decision_tree",
    "index": 1,
    "cv fold": 2,
    "fold info": {
        "train distribution": [
            1752,
            1807,
            1696,
            1806,
            1661,
            1626,
            1706,
            1800,
            1779,
            1802,
            1801,
            1795
        ],
        "test distribution": [
            439,
            452,
            425,
            452,
            416,
            406,
            427,
            450,
            445,
            450,
            447,
            449
        ],
        "train distribution pct": [
            17.420701998607935,
            17.967584766829077,
            16.86387590732823,
            17.95764144377051,
            16.51585960027841,
            16.167843293228596,
            16.96330913791389,
            17.89798150541911,
            17.68917172118922,
            17.917868151536243,
            17.90792482847768,
            17.84826489012628
        ],
        "test distribution pct": [
            17.831031681559708,
            18.359057676685623,
            17.262388302193337,
            18.359057676685623,
            16.896831844029244,
            16.490658001624695,
            17.343623070674248,
            18.277822908204712,
            18.074735987002438,
            18.277822908204712,
            18.15597075548335,
            18.237205523964256
        ]
    },
    "metrics": {
        "macro_accuracy": 0.8008957474169659,
        "micro_accuracy": 0.800895747416966,
        "accuracy_per_class": {
            "Class3": 0.9161899694026873,
            "Class12": 0.767327391246508,
            "Class17": 0.8007183716908342,
            "Class44": 0.7695889317546893,
            "Class55": 0.8129572967939338,
            "Class57": 0.8124251696155381,
            "Class58": 0.8025808168152189,
            "Class76": 0.7779699348144207,
            "Class79": 0.7943328455500864,
            "Class94": 0.7669282958627112,
            "Class96": 0.7940667819608886,
            "Class97": 0.7956631634960756
        },
        "macro_precision": 0.4340208393360098,
        "micro_precision": 0.43298467526149353,
        "precision_per_class": {
            "Class3": 0.7546468401486989,
            "Class12": 0.3641379310344828,
            "Class17": 0.4145785876993166,
            "Class44": 0.36633663366336633,
            "Class55": 0.4410029498525074,
            "Class57": 0.4277016742770167,
            "Class58": 0.42084942084942084,
            "Class76": 0.38885017421602786,
            "Class79": 0.42492917847025496,
            "Class94": 0.35311355311355314,
            "Class96": 0.4205469327420547,
            "Class97": 0.4315561959654179
        },
        "macro_recall": 0.45262293010150173,
        "micro_recall": 0.4518913429804519,
        "recall_per_class": {
            "Class3": 0.7718631178707225,
            "Class12": 0.3896678966789668,
            "Class17": 0.4289080911233307,
            "Class44": 0.3825701624815362,
            "Class55": 0.4799357945425361,
            "Class57": 0.460655737704918,
            "Class58": 0.4261141516810008,
            "Class76": 0.41333333333333333,
            "Class79": 0.4497751124437781,
            "Class94": 0.35677276091783866,
            "Class96": 0.42685671417854465,
            "Class97": 0.4450222882615156
        },
        "macro_f1": 0.44306018031636224,
        "micro_f1": 0.4422360248447205,
        "f1_per_class": {
            "Class3": 0.7631578947368421,
            "Class12": 0.3764705882352941,
            "Class17": 0.42162162162162165,
            "Class44": 0.37427745664739887,
            "Class55": 0.45964642582628745,
            "Class57": 0.4435674822415154,
            "Class58": 0.4234654234654235,
            "Class76": 0.4007181328545781,
            "Class79": 0.43699927166788055,
            "Class94": 0.3549337260677467,
            "Class96": 0.4236783320923306,
            "Class97": 0.4381858083394294
        },
        "MSE": 0.19910424947738647,
        "LogLoss": 19.910425186157227,
        "AUNU": 0.6636614799499512,
        "micro_ROC-AUC": 0.663324773311615,
        "AUNP": 0.6631580591201782,
        "ROC-AUC_per_class_vs_rest": {
            "Class3": 0.8593272377486473,
            "Class12": 0.6200205760577567,
            "Class17": 0.6527147758627544,
            "Class44": 0.6185932103986457,
            "Class55": 0.6795309653624815,
            "Class57": 0.6706168953730244,
            "Class58": 0.6529416542310101,
            "Class76": 0.6355624020323225,
            "Class79": 0.6592236390295876,
            "Class94": 0.6067840450713098,
            "Class96": 0.650038965109971,
            "Class97": 0.6585830935716912
        }
    }
}