{
    "classification type": "multiclass",
    "class balance": "imbalanced",
    "dataset name": "volkert_imbalanced",
    "class names": [
        3,
        6,
        4,
        5,
        1,
        2,
        7,
        9,
        8,
        0
    ],
    "model name": "logistic_regression",
    "index": 3,
    "cv fold": 3,
    "fold info": {
        "train distribution": 35787,
        "test distribution": 8944,
        "train distribution pct": 448.23396793587176,
        "test distribution pct": 448.0961923847695
    },
    "metrics": {
        "macro_accuracy": 0.9132474660873413,
        "micro_accuracy": 0.9132475256919861,
        "accuracy_per_class": {
            "3": 0.990981936454773,
            "6": 0.9650880694389343,
            "4": 0.8594821095466614,
            "5": 0.8243064880371094,
            "1": 0.8632264733314514,
            "2": 0.7927961349487305,
            "7": 0.9403807520866394,
            "9": 0.9618183970451355,
            "8": 0.9960974454879761,
            "0": 0.9382976293563843
        },
        "macro_precision": 0.4598921835422516,
        "micro_precision": 0.56623774766922,
        "precision_per_class": {
            "3": 0.03999999910593033,
            "6": 0.452157586812973,
            "4": 0.5099822282791138,
            "5": 0.5378113389015198,
            "1": 0.526384711265564,
            "2": 0.4921618700027466,
            "7": 0.5356186628341675,
            "9": 0.8415402770042419,
            "8": 0.1428571492433548,
            "0": 0.5204081535339355
        },
        "macro_recall": 0.417570024728775,
        "micro_recall": 0.56623774766922,
        "recall_per_class": {
            "3": 0.006756756920367479,
            "6": 0.18931657075881958,
            "4": 0.4751381278038025,
            "5": 0.6506681442260742,
            "1": 0.5143536329269409,
            "2": 0.5240005254745483,
            "7": 0.41771093010902405,
            "9": 0.9050760269165039,
            "8": 0.050847455859184265,
            "0": 0.44183167815208435
        },
        "macro_f1": 0.4281593859195709,
        "micro_f1": 0.56623774766922,
        "f1_per_class": {
            "3": 0.011560693383216858,
            "6": 0.2668881416320801,
            "4": 0.49194395542144775,
            "5": 0.5888813734054565,
            "1": 0.5202996134757996,
            "2": 0.507582426071167,
            "7": 0.4693733751773834,
            "9": 0.87215256690979,
            "8": 0.07500000298023224,
            "0": 0.47791165113449097
        },
        "Kappa": 0.4847082197666168,
        "MSE": 0.0573454275727272,
        "LogLoss": 1.2247453927993774,
        "AUNU": 0.857457160949707,
        "micro_ROC-AUC": 0.9181841611862183,
        "AUNP": 0.8710706830024719,
        "AU1U": 0.850406961539263,
        "AU1P": 0.8554649161340308,
        "ROC-AUC_per_class_vs_rest": {
            "3": 0.7163727988645603,
            "6": 0.8738391678301111,
            "4": 0.8559602532089506,
            "5": 0.864322206852187,
            "1": 0.8575724087241321,
            "2": 0.8063028727040571,
            "7": 0.8879879241212141,
            "9": 0.9897274981609863,
            "8": 0.8242990306444049,
            "0": 0.8981873925068564
        }
    }
}