{
    "classification type": "multilabel",
    "class balance": "balanced",
    "dataset name": "scene_balanced",
    "class names": [
        "Mountain",
        "Field",
        "Urban",
        "Beach",
        "FallFoliage",
        "Sunset"
    ],
    "model name": "decision_tree",
    "index": 4,
    "cv fold": 1,
    "fold info": {
        "train distribution": [
            324,
            324,
            325,
            325,
            318,
            291
        ],
        "test distribution": [
            81,
            81,
            81,
            81,
            79,
            73
        ],
        "train distribution pct": [
            18.39863713798978,
            18.39863713798978,
            18.45542305508234,
            18.45542305508234,
            18.05792163543441,
            16.524701873935264
        ],
        "test distribution pct": [
            18.243243243243242,
            18.243243243243242,
            18.243243243243242,
            18.243243243243242,
            17.792792792792792,
            16.441441441441444
        ]
    },
    "metrics": {
        "macro_accuracy": 0.8552681301315744,
        "micro_accuracy": 0.8552681301315744,
        "accuracy_per_class": {
            "Mountain": 0.7722353911161497,
            "Field": 0.8938472637328662,
            "Urban": 0.806554673812223,
            "Beach": 0.8406678346903019,
            "FallFoliage": 0.8921982891889106,
            "Sunset": 0.9261053282489952
        },
        "macro_precision": 0.6003511970638545,
        "micro_precision": 0.5940413087186986,
        "precision_per_class": {
            "Mountain": 0.389917695473251,
            "Field": 0.7015005359056806,
            "Urban": 0.4757591901971231,
            "Beach": 0.5647249190938511,
            "FallFoliage": 0.6955307262569832,
            "Sunset": 0.7746741154562383
        },
        "macro_recall": 0.6230405833687503,
        "micro_recall": 0.6199923693246853,
        "recall_per_class": {
            "Mountain": 0.42536475869809204,
            "Field": 0.7345679012345679,
            "Urban": 0.5,
            "Beach": 0.5862262038073908,
            "FallFoliage": 0.7130584192439863,
            "Sunset": 0.7790262172284644
        },
        "macro_f1": 0.6114011586172581,
        "micro_f1": 0.6067394754037151,
        "f1_per_class": {
            "Mountain": 0.4068706387546967,
            "Field": 0.7176535087719298,
            "Urban": 0.4875784875784876,
            "Beach": 0.5752747252747252,
            "FallFoliage": 0.704185520361991,
            "Sunset": 0.776844070961718
        },
        "MSE": 0.14474475383758545,
        "LogLoss": 14.46988296508789,
        "AUNU": 0.7649343609809875,
        "micro_ROC-AUC": 0.763518214225769,
        "AUNP": 0.7629451155662537,
        "ROC-AUC_per_class_vs_rest": {
            "Mountain": 0.6379115751774929,
            "Field": 0.8323013268937604,
            "Urban": 0.6878552482000758,
            "Beach": 0.7421468267994893,
            "FallFoliage": 0.8222826342795274,
            "Sunset": 0.8671084672119362
        }
    }
}