{
    "classification type": "multilabel",
    "class balance": "imbalanced",
    "dataset name": "yeast_imbalanced",
    "class names": [
        "Class1",
        "Class2",
        "Class3",
        "Class4",
        "Class5"
    ],
    "model name": "knn",
    "index": 0,
    "cv fold": 4,
    "fold info": {
        "train distribution": [
            608,
            830,
            757,
            472,
            165
        ],
        "test distribution": [
            151,
            208,
            190,
            118,
            42
        ],
        "train distribution pct": [
            47.72370486656201,
            65.149136577708,
            59.41915227629513,
            37.04866562009419,
            12.951334379905807
        ],
        "test distribution pct": [
            45.8966565349544,
            63.22188449848024,
            57.75075987841946,
            35.86626139817629,
            12.76595744680851
        ]
    },
    "metrics": {
        "macro_accuracy": 0.7452199001871491,
        "micro_accuracy": 0.7452199001871491,
        "accuracy_per_class": {
            "Class1": 0.727386150966937,
            "Class2": 0.6649251403618216,
            "Class3": 0.7749142233312539,
            "Class4": 0.7108156581409857,
            "Class5": 0.8480583281347474
        },
        "macro_precision": 0.6365582141654973,
        "micro_precision": 0.7152524726704841,
        "precision_per_class": {
            "Class1": 0.733969118982743,
            "Class2": 0.7127083554517465,
            "Class3": 0.7895646804569312,
            "Class4": 0.6258867454884879,
            "Class5": 0.32066217044757817
        },
        "macro_recall": 0.6016791500113196,
        "micro_recall": 0.7032970912171703,
        "recall_per_class": {
            "Class1": 0.6654314888010541,
            "Class2": 0.8084055876685935,
            "Class3": 0.843914994720169,
            "Class4": 0.5327330508474576,
            "Class5": 0.15791062801932368
        },
        "macro_f1": 0.6117163502167552,
        "micro_f1": 0.7092244026164731,
        "f1_per_class": {
            "Class1": 0.6980219400535544,
            "Class2": 0.7575466907408452,
            "Class3": 0.8158356461543369,
            "Class4": 0.5755650929899857,
            "Class5": 0.21161238114505362
        },
        "MSE": 0.20750947296619415,
        "LogLoss": 10.357405662536621,
        "AUNU": 0.6992084980010986,
        "micro_ROC-AUC": 0.760047197341919,
        "AUNP": 0.7095604538917542,
        "ROC-AUC_per_class_vs_rest": {
            "Class1": 0.7369365427859369,
            "Class2": 0.6451073697556993,
            "Class3": 0.7759992599634677,
            "Class4": 0.7095562507320093,
            "Class5": 0.6284430847214436
        }
    }
}