{
    "classification type": "multiclass",
    "class balance": "imbalanced",
    "dataset name": "dbpedia-ontology_imbalanced",
    "class names": [
        0,
        1,
        2,
        3,
        4,
        5,
        6
    ],
    "model name": "logistic_regression",
    "index": 0,
    "cv fold": 2,
    "fold info": {
        "train distribution": 66096,
        "test distribution": 16524,
        "train distribution pct": 246.039309112567,
        "test distribution pct": 246.039309112567
    },
    "metrics": {
        "macro_accuracy": 0.9895344972610474,
        "micro_accuracy": 0.9895346164703369,
        "accuracy_per_class": {
            "0": 0.9806928634643555,
            "1": 0.9913142919540405,
            "2": 0.987641453742981,
            "3": 0.9938951730728149,
            "4": 0.9939448237419128,
            "5": 0.9903712272644043,
            "6": 0.9888822436332703
        },
        "macro_precision": 0.9601882696151733,
        "micro_precision": 0.9633710384368896,
        "precision_per_class": {
            "0": 0.9448755979537964,
            "1": 0.9752887487411499,
            "2": 0.9635770320892334,
            "3": 0.985401451587677,
            "4": 0.9517102837562561,
            "5": 0.9611613750457764,
            "6": 0.9393028616905212
        },
        "macro_recall": 0.9569153785705566,
        "micro_recall": 0.9633710384368896,
        "recall_per_class": {
            "0": 0.9507269859313965,
            "1": 0.9776521325111389,
            "2": 0.9685792326927185,
            "3": 0.9814216494560242,
            "4": 0.927450954914093,
            "5": 0.965530276298523,
            "6": 0.9270462393760681
        },
        "macro_f1": 0.9585199356079102,
        "micro_f1": 0.9633710384368896,
        "f1_per_class": {
            "0": 0.9477922320365906,
            "1": 0.9764689803123474,
            "2": 0.9660716652870178,
            "3": 0.9834075570106506,
            "4": 0.9394240379333496,
            "5": 0.9633408784866333,
            "6": 0.9331343173980713
        },
        "Kappa": 0.9562941789627075,
        "MSE": 0.008199440315365791,
        "LogLoss": 0.12444180250167847,
        "AUNU": 0.9977652430534363,
        "micro_ROC-AUC": 0.998127281665802,
        "AUNP": 0.9979186058044434,
        "AU1U": 0.997598804657789,
        "AU1P": 0.9977081840854466,
        "ROC-AUC_per_class_vs_rest": {
            "0": 0.9959792827418419,
            "1": 0.9985601419073595,
            "2": 0.9982817359470573,
            "3": 0.9991064271773539,
            "4": 0.9973198104001115,
            "5": 0.9988805117660499,
            "6": 0.9962286838934207
        }
    }
}