{
    "classification type": "multilabel",
    "class balance": "imbalanced",
    "dataset name": "emotions_imbalanced",
    "class names": [
        "angry-aggresive",
        "amazed-suprised",
        "sad-lonely",
        "happy-pleased"
    ],
    "model name": "logistic_regression",
    "index": 4,
    "cv fold": 1,
    "fold info": {
        "train distribution": [
            152,
            125,
            134,
            95
        ],
        "test distribution": [
            37,
            32,
            33,
            23
        ],
        "train distribution pct": [
            40.75067024128686,
            33.51206434316354,
            35.924932975871315,
            25.46916890080429
        ],
        "test distribution pct": [
            38.94736842105263,
            33.68421052631579,
            34.73684210526316,
            24.210526315789473
        ]
    },
    "metrics": {
        "macro_accuracy": 0.778343023255814,
        "micro_accuracy": 0.778343023255814,
        "accuracy_per_class": {
            "angry-aggresive": 0.7960271317829457,
            "amazed-suprised": 0.7446705426356589,
            "sad-lonely": 0.8299418604651163,
            "happy-pleased": 0.7427325581395349
        },
        "macro_precision": 0.660064172934345,
        "micro_precision": 0.684931506849315,
        "precision_per_class": {
            "angry-aggresive": 0.7518427518427518,
            "amazed-suprised": 0.6277258566978193,
            "sad-lonely": 0.7755395683453238,
            "happy-pleased": 0.48514851485148514
        },
        "macro_recall": 0.6079141449308914,
        "micro_recall": 0.6306306306306306,
        "recall_per_class": {
            "angry-aggresive": 0.7364620938628159,
            "amazed-suprised": 0.5832127351664255,
            "sad-lonely": 0.7343324250681199,
            "happy-pleased": 0.37764932562620424
        },
        "macro_f1": 0.6319499643793681,
        "micro_f1": 0.6566604127579737,
        "f1_per_class": {
            "angry-aggresive": 0.7440729483282674,
            "amazed-suprised": 0.6046511627906976,
            "sad-lonely": 0.7543736878936319,
            "happy-pleased": 0.4247020585048754
        },
        "MSE": 0.1626087725162506,
        "LogLoss": 0.543677031993866,
        "AUNU": 0.8072121143341064,
        "micro_ROC-AUC": 0.82151859998703,
        "AUNP": 0.8168543577194214,
        "ROC-AUC_per_class_vs_rest": {
            "angry-aggresive": 0.867054516636851,
            "amazed-suprised": 0.7704752498832665,
            "sad-lonely": 0.8742127799061686,
            "happy-pleased": 0.7171059605539656
        }
    }
}