{
    "classification type": "multiclass",
    "class balance": "imbalanced",
    "dataset name": "gas-drift_imbalanced",
    "class names": [
        3,
        2,
        0,
        4,
        1
    ],
    "model name": "random_forest",
    "index": 1,
    "cv fold": 1,
    "fold info": {
        "train distribution": 3146,
        "test distribution": 787,
        "train distribution pct": 242.7469135802469,
        "test distribution pct": 242.9012345679012
    },
    "metrics": {
        "macro_accuracy": 0.9932640194892883,
        "micro_accuracy": 0.9932640194892883,
        "accuracy_per_class": {
            "3": 0.9987004399299622,
            "2": 0.9941520690917969,
            "0": 0.9880333542823792,
            "4": 0.9889538884162903,
            "1": 0.996480405330658
        },
        "macro_precision": 0.9845232963562012,
        "micro_precision": 0.9831600785255432,
        "precision_per_class": {
            "3": 0.9929189682006836,
            "2": 0.9818073511123657,
            "0": 0.9762483239173889,
            "4": 0.982426106929779,
            "1": 0.9892154335975647
        },
        "macro_recall": 0.9835484623908997,
        "micro_recall": 0.9831600785255432,
        "recall_per_class": {
            "3": 0.9882537126541138,
            "2": 0.9859239459037781,
            "0": 0.9645333290100098,
            "4": 0.9857990145683289,
            "1": 0.993232250213623
        },
        "macro_f1": 0.9840253591537476,
        "micro_f1": 0.9831600785255432,
        "f1_per_class": {
            "3": 0.9905808568000793,
            "2": 0.9838613271713257,
            "0": 0.9703554511070251,
            "4": 0.9841096997261047,
            "1": 0.9912197589874268
        },
        "Kappa": 0.9778626561164856,
        "MSE": 0.006631958298385143,
        "LogLoss": 0.27556630969047546,
        "AUNU": 0.988739550113678,
        "micro_ROC-AUC": 0.9889098405838013,
        "AUNP": 0.9882258772850037,
        "AU1U": 0.9888861795734021,
        "AU1P": 0.9886480474092433,
        "ROC-AUC_per_class_vs_rest": {
            "3": 0.992823046168783,
            "2": 0.9872302748622996,
            "0": 0.980641980341532,
            "4": 0.9888501986530105,
            "1": 0.9941523483689171
        }
    }
}