{
    "classification type": "multiclass",
    "class balance": "balanced",
    "dataset name": "gtsrb-huelist_balanced",
    "class names": [
        0,
        1,
        2,
        3,
        4,
        5,
        6,
        7,
        8,
        9,
        10,
        11,
        12,
        13,
        14,
        15
    ],
    "model name": "logistic_regression",
    "index": 2,
    "cv fold": 2,
    "fold info": {
        "train distribution": 178912,
        "test distribution": 44728,
        "train distribution pct": 738.8173108688471,
        "test distribution pct": 738.8173108688471
    },
    "metrics": {
        "macro_accuracy": 0.9185661673545837,
        "micro_accuracy": 0.9185662269592285,
        "accuracy_per_class": {
            "0": 0.9080455303192139,
            "1": 0.9010952711105347,
            "2": 0.9097862839698792,
            "3": 0.9073339700698853,
            "4": 0.9040812253952026,
            "5": 0.9102563858032227,
            "6": 0.9122893810272217,
            "7": 0.9042717814445496,
            "8": 0.9032553434371948,
            "9": 0.9228100776672363,
            "10": 0.9609158635139465,
            "11": 0.9068892598152161,
            "12": 0.926202654838562,
            "13": 0.9057711362838745,
            "14": 0.9582475423812866,
            "15": 0.9558079838752747
        },
        "macro_precision": 0.339968740940094,
        "micro_precision": 0.3485299050807953,
        "precision_per_class": {
            "0": 0.3182052671909332,
            "1": 0.20089887082576752,
            "2": 0.2502206563949585,
            "3": 0.2864450216293335,
            "4": 0.2600439786911011,
            "5": 0.2668691575527191,
            "6": 0.27883586287498474,
            "7": 0.2775370180606842,
            "8": 0.31662699580192566,
            "9": 0.3091311752796173,
            "10": 0.6760108470916748,
            "11": 0.2890866994857788,
            "12": 0.2604464888572693,
            "13": 0.20063358545303345,
            "14": 0.5980573296546936,
            "15": 0.6504504680633545
        },
        "macro_recall": 0.3486975431442261,
        "micro_recall": 0.3485299050807953,
        "recall_per_class": {
            "0": 0.36138227581977844,
            "1": 0.1745411902666092,
            "2": 0.23449131846427917,
            "3": 0.2842639684677124,
            "4": 0.2527194917201996,
            "5": 0.25030526518821716,
            "6": 0.2694375514984131,
            "7": 0.3031558096408844,
            "8": 0.4135586619377136,
            "9": 0.27763041853904724,
            "10": 0.7729215025901794,
            "11": 0.2902098000049591,
            "12": 0.22012577950954437,
            "13": 0.14763014018535614,
            "14": 0.6255442500114441,
            "15": 0.7012432217597961
        },
        "macro_f1": 0.3430188298225403,
        "micro_f1": 0.3485299050807953,
        "f1_per_class": {
            "0": 0.33842214941978455,
            "1": 0.18679481744766235,
            "2": 0.2421007752418518,
            "3": 0.28535032272338867,
            "4": 0.25632941722869873,
            "5": 0.25832197070121765,
            "6": 0.27405616641044617,
            "7": 0.2897813022136688,
            "8": 0.358659029006958,
            "9": 0.2925352156162262,
            "10": 0.7212253212928772,
            "11": 0.2896471619606018,
            "12": 0.238594651222229,
            "13": 0.17009848356246948,
            "14": 0.6114920973777771,
            "15": 0.6748924851417542
        },
        "Kappa": 0.3047647178173065,
        "MSE": 0.04823687672615051,
        "LogLoss": 1.9978314638137817,
        "AUNU": 0.8295145034790039,
        "micro_ROC-AUC": 0.846541702747345,
        "AUNP": 0.828757643699646,
        "AU1U": 0.8302820473712939,
        "AU1P": 0.8295408079146372,
        "ROC-AUC_per_class_vs_rest": {
            "0": 0.8398160820529237,
            "1": 0.7775195305223914,
            "2": 0.7949302525036002,
            "3": 0.8021160591064304,
            "4": 0.7862558213524851,
            "5": 0.8038008709967566,
            "6": 0.800723733587996,
            "7": 0.8158054645866174,
            "8": 0.8624462253326761,
            "9": 0.7986985340469179,
            "10": 0.9570154682776023,
            "11": 0.7728425092504544,
            "12": 0.793088004678274,
            "13": 0.7262312318036683,
            "14": 0.971906682734447,
            "15": 0.9690354087939534
        }
    }
}