{
    "classification type": "multiclass",
    "class balance": "balanced",
    "dataset name": "gtsrb-huelist_balanced",
    "class names": [
        0,
        1,
        2,
        3,
        4,
        5,
        6,
        7,
        8,
        9,
        10,
        11,
        12,
        13,
        14,
        15
    ],
    "model name": "logistic_regression",
    "index": 1,
    "cv fold": 4,
    "fold info": {
        "train distribution": 178912,
        "test distribution": 44728,
        "train distribution pct": 738.8173108688471,
        "test distribution pct": 738.8173108688471
    },
    "metrics": {
        "macro_accuracy": 0.9185806512832642,
        "micro_accuracy": 0.9185807108879089,
        "accuracy_per_class": {
            "0": 0.9081599116325378,
            "1": 0.9012883901596069,
            "2": 0.9100264310836792,
            "3": 0.9074496030807495,
            "4": 0.9039312601089478,
            "5": 0.9105384945869446,
            "6": 0.9122398495674133,
            "7": 0.9040964841842651,
            "8": 0.9031549096107483,
            "9": 0.9229930639266968,
            "10": 0.9607366919517517,
            "11": 0.9069210290908813,
            "12": 0.9268087148666382,
            "13": 0.9056491851806641,
            "14": 0.9580442905426025,
            "15": 0.9552527070045471
        },
        "macro_precision": 0.3402153253555298,
        "micro_precision": 0.34864553809165955,
        "precision_per_class": {
            "0": 0.3191964328289032,
            "1": 0.20441347360610962,
            "2": 0.24963757395744324,
            "3": 0.28922685980796814,
            "4": 0.2580813467502594,
            "5": 0.2674815356731415,
            "6": 0.2785654664039612,
            "7": 0.277336448431015,
            "8": 0.3159930408000946,
            "9": 0.3109405040740967,
            "10": 0.6750718951225281,
            "11": 0.2888832986354828,
            "12": 0.2658180594444275,
            "13": 0.20061516761779785,
            "14": 0.5966183543205261,
            "15": 0.6455667018890381
        },
        "macro_recall": 0.34879717230796814,
        "micro_recall": 0.34864553809165955,
        "recall_per_class": {
            "0": 0.3629441559314728,
            "1": 0.1786801964044571,
            "2": 0.231451615691185,
            "3": 0.289593905210495,
            "4": 0.25,
            "5": 0.2489417940378189,
            "6": 0.26935485005378723,
            "7": 0.30435898900032043,
            "8": 0.4126262664794922,
            "9": 0.27931034564971924,
            "10": 0.7707070708274841,
            "11": 0.28939393162727356,
            "12": 0.223270446062088,
            "13": 0.1482323259115219,
            "14": 0.6213836669921875,
            "15": 0.7005050778388977
        },
        "macro_f1": 0.3431757390499115,
        "micro_f1": 0.34864553809165955,
        "f1_per_class": {
            "0": 0.3396674692630768,
            "1": 0.1906825602054596,
            "2": 0.24020086228847504,
            "3": 0.289410263299942,
            "4": 0.25397640466690063,
            "5": 0.2578788697719574,
            "6": 0.27388274669647217,
            "7": 0.2902200520038605,
            "8": 0.3579016625881195,
            "9": 0.29427793622016907,
            "10": 0.7197264432907104,
            "11": 0.2891383767127991,
            "12": 0.24269355833530426,
            "13": 0.17049084603786469,
            "14": 0.6087492108345032,
            "15": 0.6719147562980652
        },
        "Kappa": 0.30488112568855286,
        "MSE": 0.04822704941034317,
        "LogLoss": 1.9967877864837646,
        "AUNU": 0.8298689126968384,
        "micro_ROC-AUC": 0.8468217849731445,
        "AUNP": 0.8291158676147461,
        "AU1U": 0.8306267162520263,
        "AU1P": 0.8298921691850205,
        "ROC-AUC_per_class_vs_rest": {
            "0": 0.8406745349859196,
            "1": 0.7782941696113074,
            "2": 0.7958456505735902,
            "3": 0.8029379002170366,
            "4": 0.7859327433936394,
            "5": 0.8045039146541084,
            "6": 0.801536591689281,
            "7": 0.8167108616724612,
            "8": 0.8617123381214049,
            "9": 0.7997390551788599,
            "10": 0.9572341990959435,
            "11": 0.7726459406721866,
            "12": 0.7930051210275169,
            "13": 0.7269162328480993,
            "14": 0.9715129261949245,
            "15": 0.9687008740640766
        }
    }
}