{
    "classification type": "multilabel",
    "class balance": "balanced",
    "dataset name": "mediamill_balanced",
    "class names": [
        "Class3",
        "Class12",
        "Class17",
        "Class44",
        "Class55",
        "Class57",
        "Class58",
        "Class76",
        "Class79",
        "Class94",
        "Class96",
        "Class97"
    ],
    "model name": "knn",
    "index": 4,
    "cv fold": 1,
    "fold info": {
        "train distribution": [
            1752,
            1807,
            1696,
            1806,
            1661,
            1625,
            1706,
            1800,
            1779,
            1801,
            1801,
            1795
        ],
        "test distribution": [
            439,
            452,
            425,
            452,
            416,
            407,
            427,
            450,
            445,
            451,
            447,
            449
        ],
        "train distribution pct": [
            17.44672376020713,
            17.994423421629158,
            16.889065923122885,
            17.984465245966938,
            16.54052977494523,
            16.18203545110536,
            16.98864767974507,
            17.924716191993625,
            17.715594503087033,
            17.934674367655845,
            17.934674367655845,
            17.87492531368253
        ],
        "test distribution pct": [
            17.723052079127978,
            18.24788050060557,
            17.157852240613646,
            18.24788050060557,
            16.794509487283005,
            16.431166733952363,
            17.238595074687122,
            18.167137666532096,
            17.965280581348406,
            18.207509083568834,
            18.04602341542188,
            18.126766249495358
        ]
    },
    "metrics": {
        "macro_accuracy": 0.8469500493392177,
        "micro_accuracy": 0.8469500493392177,
        "accuracy_per_class": {
            "Class3": 0.9407384537149707,
            "Class12": 0.8200904451426599,
            "Class17": 0.8469878861626197,
            "Class44": 0.8272824685348976,
            "Class55": 0.8740487822596756,
            "Class57": 0.8561958555057119,
            "Class58": 0.8423203356277583,
            "Class76": 0.8236138101378471,
            "Class79": 0.8400319645484099,
            "Class94": 0.8177657507128457,
            "Class96": 0.8361816893990301,
            "Class97": 0.8381431503241858
        },
        "macro_precision": 0.5797461294694691,
        "micro_precision": 0.5979324548061004,
        "precision_per_class": {
            "Class3": 0.7885450597176982,
            "Class12": 0.5037627268702966,
            "Class17": 0.603041307308216,
            "Class44": 0.5335433070866141,
            "Class55": 0.6422764227642277,
            "Class57": 0.5785834997695498,
            "Class58": 0.5561224489795918,
            "Class76": 0.5186064924782264,
            "Class79": 0.5828532700779396,
            "Class94": 0.48749495764421136,
            "Class96": 0.590653035677029,
            "Class97": 0.5714710252600297
        },
        "macro_recall": 0.385983237440497,
        "micro_recall": 0.3840122410871745,
        "recall_per_class": {
            "Class3": 0.9039518722124261,
            "Class12": 0.2289738430583501,
            "Class17": 0.2846887388835316,
            "Class44": 0.34098228663446056,
            "Class55": 0.5445295404814005,
            "Class57": 0.421205681691086,
            "Class58": 0.3716173023652248,
            "Class76": 0.26464646464646463,
            "Class79": 0.35152258328223995,
            "Class94": 0.24389505549949547,
            "Class96": 0.28627768227323286,
            "Class97": 0.38950779825805143
        },
        "macro_f1": 0.45378743189759213,
        "micro_f1": 0.46767070070064803,
        "f1_per_class": {
            "Class3": 0.8423138259314744,
            "Class12": 0.31484299349840916,
            "Class17": 0.38678215299512336,
            "Class44": 0.4160628760898932,
            "Class55": 0.5893777014624904,
            "Class57": 0.48750809061488676,
            "Class58": 0.4455230553071912,
            "Class76": 0.35045478865703583,
            "Class79": 0.4385517593064763,
            "Class94": 0.32512779122948615,
            "Class96": 0.38564228306770193,
            "Class97": 0.4632618646109371
        },
        "MSE": 0.11446116119623184,
        "LogLoss": 3.551774501800537,
        "AUNU": 0.7947971820831299,
        "micro_ROC-AUC": 0.7980942130088806,
        "AUNP": 0.7939404249191284,
        "ROC-AUC_per_class_vs_rest": {
            "Class3": 0.974500066477242,
            "Class12": 0.7290881913006818,
            "Class17": 0.7694708414527501,
            "Class44": 0.7592085881497541,
            "Class55": 0.8496942899319482,
            "Class57": 0.8134814835580615,
            "Class58": 0.8008077910351289,
            "Class76": 0.7484281378028195,
            "Class79": 0.7929141440182692,
            "Class94": 0.7311192506830035,
            "Class96": 0.7681758039340729,
            "Class97": 0.8006775819479737
        }
    }
}