{
    "classification type": "multilabel",
    "class balance": "balanced",
    "dataset name": "yeast_balanced",
    "class names": [
        "Class1",
        "Class2",
        "Class3",
        "Class4",
        "Class5"
    ],
    "model name": "decision_tree",
    "index": 3,
    "cv fold": 1,
    "fold info": {
        "train distribution": [
            520,
            556,
            520,
            556,
            522
        ],
        "test distribution": [
            130,
            139,
            130,
            139,
            131
        ],
        "train distribution pct": [
            39.90790483499616,
            42.67075978511129,
            39.90790483499616,
            42.67075978511129,
            40.06139677666922
        ],
        "test distribution pct": [
            40.37267080745342,
            43.16770186335403,
            40.37267080745342,
            43.16770186335403,
            40.683229813664596
        ]
    },
    "metrics": {
        "macro_accuracy": 0.6419272168118914,
        "micro_accuracy": 0.6419272168118914,
        "accuracy_per_class": {
            "Class1": 0.6696565863659661,
            "Class2": 0.6050743208610969,
            "Class3": 0.6442849820604818,
            "Class4": 0.6640184520758585,
            "Class5": 0.6266017426960533
        },
        "macro_precision": 0.5643428727251643,
        "micro_precision": 0.5641850111303488,
        "precision_per_class": {
            "Class1": 0.5880441845354126,
            "Class2": 0.5369831100757134,
            "Class3": 0.555198973042362,
            "Class4": 0.6068222621184919,
            "Class5": 0.5346658338538414
        },
        "macro_recall": 0.568241042958412,
        "micro_recall": 0.5685443668993021,
        "recall_per_class": {
            "Class1": 0.5801282051282052,
            "Class2": 0.552757793764988,
            "Class3": 0.5544871794871795,
            "Class4": 0.6079136690647482,
            "Class5": 0.5459183673469388
        },
        "macro_f1": 0.5662518974215495,
        "micro_f1": 0.5663563004345127,
        "f1_per_class": {
            "Class1": 0.5840593739916102,
            "Class2": 0.5447562776957164,
            "Class3": 0.554842847979474,
            "Class4": 0.6073674752920036,
            "Class5": 0.5402335121489429
        },
        "MSE": 0.35807281732559204,
        "LogLoss": 35.80727767944336,
        "AUNU": 0.6305445432662964,
        "micro_ROC-AUC": 0.6308680176734924,
        "AUNP": 0.6304503083229065,
        "ROC-AUC_per_class_vs_rest": {
            "Class1": 0.654709704613633,
            "Class2": 0.5984469362737206,
            "Class3": 0.629293120059559,
            "Class4": 0.6569111765198405,
            "Class5": 0.6133619257471626
        }
    }
}