{
    "classification type": "binary",
    "class balance": "balanced",
    "dataset name": "philippine_balanced",
    "class names": [
        0,
        1
    ],
    "model name": "decision_tree",
    "index": 0,
    "cv fold": 2,
    "fold info": {
        "train distribution": 883,
        "test distribution": 220,
        "train distribution pct": 50.02832861189802,
        "test distribution pct": 49.88662131519274
    },
    "metrics": {
        "macro_accuracy": 0.6919216513633728,
        "micro_accuracy": 0.6919216513633728,
        "accuracy_per_class": {
            "0": 0.6919216513633728,
            "1": 0.6919216513633728
        },
        "macro_precision": 0.6919585466384888,
        "micro_precision": 0.6919216513633728,
        "precision_per_class": {
            "0": 0.6893358826637268,
            "1": 0.6945812702178955
        },
        "macro_recall": 0.6919205188751221,
        "micro_recall": 0.6919216513633728,
        "recall_per_class": {
            "0": 0.6989316940307617,
            "1": 0.6849093437194824
        },
        "macro_f1": 0.6919059753417969,
        "micro_f1": 0.6919216513633728,
        "f1_per_class": {
            "0": 0.6941006183624268,
            "1": 0.6897113919258118
        },
        "MSE": 0.22095058858394623,
        "LogLoss": 4.630388259887695,
        "AUNU": 0.7433393001556396,
        "micro_ROC-AUC": 0.7433393001556396
    }
}