{
    "classification type": "multiclass",
    "class balance": "balanced",
    "dataset name": "irish-times_balanced",
    "class names": [
        0,
        1,
        8,
        5,
        4,
        12,
        7,
        14,
        15,
        9,
        16,
        13,
        18,
        2,
        6,
        11,
        17,
        3,
        10,
        19
    ],
    "model name": "knn",
    "index": 3,
    "cv fold": 2,
    "fold info": {
        "train distribution": 120840,
        "test distribution": 30210,
        "train distribution pct": 950.0,
        "test distribution pct": 950.0
    },
    "metrics": {
        "macro_accuracy": 0.9402343034744263,
        "micro_accuracy": 0.9402343034744263,
        "accuracy_per_class": {
            "0": 0.8791100382804871,
            "1": 0.912855863571167,
            "8": 0.9458476901054382,
            "5": 0.8935450315475464,
            "4": 0.9353553652763367,
            "12": 0.9489281177520752,
            "7": 0.9400452971458435,
            "14": 0.9674680233001709,
            "15": 0.9599107503890991,
            "9": 0.95032799243927,
            "16": 0.9517988562583923,
            "13": 0.9655575752258301,
            "18": 0.9481605291366577,
            "2": 0.9541218876838684,
            "6": 0.9433150887489319,
            "11": 0.9552140235900879,
            "17": 0.9448806643486023,
            "3": 0.9355244636535645,
            "10": 0.9517684578895569,
            "19": 0.9209508299827576
        },
        "macro_precision": 0.4387803077697754,
        "micro_precision": 0.4023432731628418,
        "precision_per_class": {
            "0": 0.11105339229106903,
            "1": 0.21323029696941376,
            "8": 0.45289966464042664,
            "5": 0.28723621368408203,
            "4": 0.32787537574768066,
            "12": 0.48199886083602905,
            "7": 0.40857142210006714,
            "14": 0.7107539176940918,
            "15": 0.6013275384902954,
            "9": 0.5042712688446045,
            "16": 0.5214308500289917,
            "13": 0.6971800923347473,
            "18": 0.47989949584007263,
            "2": 0.5488969087600708,
            "6": 0.42854043841362,
            "11": 0.5690241456031799,
            "17": 0.42562389373779297,
            "3": 0.32193660736083984,
            "10": 0.5221104025840759,
            "19": 0.16174502670764923
        },
        "macro_recall": 0.4023432731628418,
        "micro_recall": 0.4023432731628418,
        "recall_per_class": {
            "0": 0.20240752398967743,
            "1": 0.27618855237960815,
            "8": 0.39926964044570923,
            "5": 0.7621559500694275,
            "4": 0.2789612412452698,
            "12": 0.2870088517665863,
            "7": 0.44485020637512207,
            "14": 0.5890985131263733,
            "15": 0.588151752948761,
            "9": 0.3872320353984833,
            "16": 0.43768173456192017,
            "13": 0.5500777959823608,
            "18": 0.4391695261001587,
            "2": 0.46270373463630676,
            "6": 0.4008926749229431,
            "11": 0.42983701825141907,
            "17": 0.2929600179195404,
            "3": 0.261716365814209,
            "10": 0.4175965487957001,
            "19": 0.13890579342842102
        },
        "macro_f1": 0.4097355902194977,
        "micro_f1": 0.4023432731628418,
        "f1_per_class": {
            "0": 0.14341846108436584,
            "1": 0.24065998196601868,
            "8": 0.4243970811367035,
            "5": 0.41722971200942993,
            "4": 0.30144694447517395,
            "12": 0.35978296399116516,
            "7": 0.4259397089481354,
            "14": 0.6442332863807678,
            "15": 0.5946666598320007,
            "9": 0.43806901574134827,
            "16": 0.4758998453617096,
            "13": 0.6149542331695557,
            "18": 0.4586320221424103,
            "2": 0.5021283030509949,
            "6": 0.4142557680606842,
            "11": 0.4897330105304718,
            "17": 0.3470458686351776,
            "3": 0.2887197732925415,
            "10": 0.46404147148132324,
            "19": 0.1494579017162323
        },
        "Kappa": 0.3708876371383667,
        "MSE": 0.042682673782110214,
        "LogLoss": 6.669277191162109,
        "AUNU": 0.7488318681716919,
        "micro_ROC-AUC": 0.752326488494873,
        "AUNP": 0.7488318681716919,
        "AU1U": 0.748831870891239,
        "AU1P": 0.748831870891239,
        "ROC-AUC_per_class_vs_rest": {
            "0": 0.6190242038398165,
            "1": 0.6993927678805,
            "8": 0.7436381867740871,
            "5": 0.8859268283169007,
            "4": 0.6979810498044529,
            "12": 0.7111064951954743,
            "7": 0.7646055969811033,
            "14": 0.8294729557293713,
            "15": 0.8337132637058159,
            "9": 0.7468807026255959,
            "16": 0.7659811434996017,
            "13": 0.8099634631933168,
            "18": 0.7704521867204208,
            "2": 0.7828116740520944,
            "6": 0.7707500962874884,
            "11": 0.7565442295826293,
            "17": 0.7027848420849168,
            "3": 0.6878885872151671,
            "10": 0.7586733037605426,
            "19": 0.6390458405754829
        }
    }
}