{
    "classification type": "multiclass",
    "class balance": "balanced",
    "dataset name": "volkert_balanced",
    "class names": [
        8,
        6,
        1,
        3,
        4,
        9,
        0,
        5,
        2,
        7
    ],
    "model name": "logistic_regression",
    "index": 0,
    "cv fold": 2,
    "fold info": {
        "train distribution": 35574,
        "test distribution": 8897,
        "train distribution pct": 450.07591093117406,
        "test distribution pct": 450.2530364372469
    },
    "metrics": {
        "macro_accuracy": 0.9002024531364441,
        "micro_accuracy": 0.9002024531364441,
        "accuracy_per_class": {
            "8": 0.876518189907074,
            "6": 0.8898447751998901,
            "1": 0.8790485858917236,
            "3": 0.8943994641304016,
            "4": 0.8905195593833923,
            "9": 0.8662280440330505,
            "0": 0.9149797558784485,
            "5": 0.954959511756897,
            "2": 0.9230769276618958,
            "7": 0.9124494194984436
        },
        "macro_precision": 0.4915657937526703,
        "micro_precision": 0.5010121464729309,
        "precision_per_class": {
            "8": 0.35169491171836853,
            "6": 0.46883851289749146,
            "1": 0.393782377243042,
            "3": 0.4453376233577728,
            "4": 0.44964027404785156,
            "9": 0.3108384311199188,
            "0": 0.5752508640289307,
            "5": 0.75,
            "2": 0.6108452677726746,
            "7": 0.5594294667243958
        },
        "macro_recall": 0.5015191435813904,
        "micro_recall": 0.5010121464729309,
        "recall_per_class": {
            "8": 0.2804054021835327,
            "6": 0.5435139536857605,
            "1": 0.38383838534355164,
            "3": 0.49641576409339905,
            "4": 0.42158517241477966,
            "9": 0.25,
            "0": 0.5791245698928833,
            "5": 0.8223350048065186,
            "2": 0.6436975002288818,
            "7": 0.5942760705947876
        },
        "macro_f1": 0.4950823187828064,
        "micro_f1": 0.5010121464729309,
        "f1_per_class": {
            "8": 0.3120300769805908,
            "6": 0.5034220814704895,
            "1": 0.38874679803848267,
            "3": 0.46949151158332825,
            "4": 0.4351610243320465,
            "9": 0.2771194279193878,
            "0": 0.5771812200546265,
            "5": 0.7845036387443542,
            "2": 0.6268412470817566,
            "7": 0.5763265490531921
        },
        "Kappa": 0.4455806016921997,
        "MSE": 0.06352540105581284,
        "LogLoss": 1.42333984375,
        "AUNU": 0.8733012676239014,
        "micro_ROC-AUC": 0.8846752643585205,
        "AUNP": 0.8731755614280701,
        "AU1U": 0.8733188269597341,
        "AU1P": 0.8732540851269256,
        "ROC-AUC_per_class_vs_rest": {
            "8": 0.7638807285546416,
            "6": 0.8876345943269335,
            "1": 0.8384330746535471,
            "3": 0.8638249801432356,
            "4": 0.8632758628864399,
            "9": 0.7829160689552829,
            "0": 0.9110512069829656,
            "5": 0.9819102793225596,
            "2": 0.9341269753729355,
            "7": 0.9059590404734761
        }
    }
}