{
    "classification type": "binary",
    "class balance": "imbalanced",
    "dataset name": "ceas_imbalanced",
    "class names": [
        1,
        0
    ],
    "model name": "knn",
    "index": 3,
    "cv fold": 3,
    "fold info": {
        "train distribution": 5562,
        "test distribution": 1390,
        "train distribution pct": 87.09677419354838,
        "test distribution pct": 87.09273182957394
    },
    "metrics": {
        "macro_accuracy": 0.9758699536323547,
        "micro_accuracy": 0.9758699536323547,
        "accuracy_per_class": {
            "1": 0.9758699536323547,
            "0": 0.9758699536323547
        },
        "macro_precision": 0.9745972156524658,
        "micro_precision": 0.9758699536323547,
        "precision_per_class": {
            "1": 0.9729616045951843,
            "0": 0.9762327671051025
        },
        "macro_recall": 0.9163997173309326,
        "micro_recall": 0.9758699536323547,
        "recall_per_class": {
            "1": 0.8362424969673157,
            "0": 0.9965569376945496
        },
        "macro_f1": 0.9428632259368896,
        "micro_f1": 0.9758699536323547,
        "f1_per_class": {
            "1": 0.8994362354278564,
            "0": 0.9862901568412781
        },
        "MSE": 0.020128674805164337,
        "LogLoss": 1.1142669916152954,
        "AUNU": 0.9516944885253906,
        "micro_ROC-AUC": 0.9516944885253906
    }
}