{
    "classification type": "binary",
    "class balance": "balanced",
    "dataset name": "vehicle-sensit_balanced",
    "class names": [
        0,
        1
    ],
    "model name": "logistic_regression",
    "index": 1,
    "cv fold": 4,
    "fold info": {
        "train distribution": 5011,
        "test distribution": 1253,
        "train distribution pct": 49.995011473610695,
        "test distribution pct": 50.01996007984032
    },
    "metrics": {
        "macro_accuracy": 0.8573195934295654,
        "micro_accuracy": 0.8573195934295654,
        "accuracy_per_class": {
            "0": 0.8573195934295654,
            "1": 0.8573195934295654
        },
        "macro_precision": 0.8619633316993713,
        "micro_precision": 0.8573195934295654,
        "precision_per_class": {
            "0": 0.9029615521430969,
            "1": 0.8209651112556458
        },
        "macro_recall": 0.8573195934295654,
        "micro_recall": 0.8573195934295654,
        "recall_per_class": {
            "0": 0.8006864786148071,
            "1": 0.9139527678489685
        },
        "macro_f1": 0.8568605184555054,
        "micro_f1": 0.8573195934295654,
        "f1_per_class": {
            "0": 0.8487540483474731,
            "1": 0.8649669289588928
        },
        "MSE": 0.10801450908184052,
        "LogLoss": 0.3559551537036896,
        "AUNU": 0.9134625196456909,
        "micro_ROC-AUC": 0.9134625196456909
    }
}