{
    "classification type": "binary",
    "class balance": "imbalanced",
    "dataset name": "all-in-one_sentiment_imbalanced",
    "class names": [
        0,
        1
    ],
    "model name": "knn",
    "index": 1,
    "cv fold": 0,
    "fold info": {
        "train distribution": 284,
        "test distribution": 71,
        "train distribution pct": 2.433173406442769,
        "test distribution pct": 2.433173406442769
    },
    "metrics": {
        "macro_accuracy": 0.9668722748756409,
        "micro_accuracy": 0.9668722748756409,
        "accuracy_per_class": {
            "0": 0.9668722748756409,
            "1": 0.9668722748756409
        },
        "macro_precision": 0.539359986782074,
        "micro_precision": 0.9668722748756409,
        "precision_per_class": {
            "0": 0.9765385389328003,
            "1": 0.10218139737844467
        },
        "macro_recall": 0.5181267857551575,
        "micro_recall": 0.9668722748756409,
        "recall_per_class": {
            "0": 0.9898268580436707,
            "1": 0.04642670974135399
        },
        "macro_f1": 0.5234914422035217,
        "micro_f1": 0.9668722748756409,
        "f1_per_class": {
            "0": 0.9831377863883972,
            "1": 0.06384505331516266
        },
        "MSE": 0.031712621450424194,
        "LogLoss": 1.749893307685852,
        "AUNU": 0.6250569820404053,
        "micro_ROC-AUC": 0.6250569820404053
    }
}