{
    "classification type": "multilabel",
    "class balance": "balanced",
    "dataset name": "tmc2007500_balanced",
    "class names": [
        "class13",
        "class07",
        "class01",
        "class14",
        "class18",
        "class10"
    ],
    "model name": "random_forest",
    "index": 2,
    "cv fold": 1,
    "fold info": {
        "train distribution": [
            1252,
            1253,
            1253,
            1253,
            1189,
            1184
        ],
        "test distribution": [
            313,
            313,
            313,
            313,
            298,
            295
        ],
        "train distribution pct": [
            19.74763406940063,
            19.763406940063092,
            19.763406940063092,
            19.763406940063092,
            18.753943217665615,
            18.67507886435331
        ],
        "test distribution pct": [
            19.936305732484076,
            19.936305732484076,
            19.936305732484076,
            19.936305732484076,
            18.980891719745223,
            18.789808917197455
        ]
    },
    "metrics": {
        "macro_accuracy": 0.9414293248945147,
        "micro_accuracy": 0.9414293248945148,
        "accuracy_per_class": {
            "class13": 0.9121835443037974,
            "class07": 0.9411919831223629,
            "class01": 0.9793248945147679,
            "class14": 0.9597573839662448,
            "class18": 0.9385021097046413,
            "class10": 0.9176160337552742
        },
        "macro_precision": 0.9117721034782393,
        "micro_precision": 0.9146099898281492,
        "precision_per_class": {
            "class13": 0.8920134983127109,
            "class07": 0.8883666274970623,
            "class01": 0.9675090252707581,
            "class14": 0.9503908598917619,
            "class18": 0.88950097213221,
            "class10": 0.8828516377649326
        },
        "macro_recall": 0.7700091256244431,
        "micro_recall": 0.7712170458649332,
        "recall_per_class": {
            "class13": 0.6333865814696485,
            "class07": 0.8044692737430168,
            "class01": 0.9268422452779995,
            "class14": 0.8409151370045225,
            "class18": 0.7689075630252101,
            "class10": 0.645533953226261
        },
        "macro_f1": 0.8324581776992653,
        "micro_f1": 0.8368151649482011,
        "f1_per_class": {
            "class13": 0.7407753386268099,
            "class07": 0.8443389641211783,
            "class01": 0.9467391304347826,
            "class14": 0.8923076923076924,
            "class18": 0.8248197115384616,
            "class10": 0.7457682291666666
        },
        "MSE": 0.04897091165184975,
        "LogLoss": 0.19136273860931396,
        "AUNU": 0.9712730646133423,
        "micro_ROC-AUC": 0.9741535186767578,
        "AUNP": 0.9713977575302124,
        "ROC-AUC_per_class_vs_rest": {
            "class13": 0.9423793192840066,
            "class07": 0.9797256183650564,
            "class01": 0.9947055558206911,
            "class14": 0.9808911214886784,
            "class18": 0.9725933752318341,
            "class10": 0.9573432753304275
        }
    }
}