{
    "classification type": "multiclass",
    "class balance": "balanced",
    "dataset name": "gtsrb-huelist_balanced",
    "class names": [
        0,
        1,
        2,
        3,
        4,
        5,
        6,
        7,
        8,
        9,
        10,
        11,
        12,
        13,
        14,
        15
    ],
    "model name": "knn",
    "index": 3,
    "cv fold": 2,
    "fold info": {
        "train distribution": 178912,
        "test distribution": 44728,
        "train distribution pct": 738.8173108688471,
        "test distribution pct": 738.8173108688471
    },
    "metrics": {
        "macro_accuracy": 0.93509840965271,
        "micro_accuracy": 0.9350984692573547,
        "accuracy_per_class": {
            "0": 0.9228271842002869,
            "1": 0.9103338718414307,
            "2": 0.9233688712120056,
            "3": 0.9236104488372803,
            "4": 0.9213547706604004,
            "5": 0.9212233424186707,
            "6": 0.9298481941223145,
            "7": 0.9289459586143494,
            "8": 0.9334182143211365,
            "9": 0.9329937100410461,
            "10": 0.9737683534622192,
            "11": 0.9365105032920837,
            "12": 0.9411621689796448,
            "13": 0.9243617653846741,
            "14": 0.9704611897468567,
            "15": 0.9673867225646973
        },
        "macro_precision": 0.4804026186466217,
        "micro_precision": 0.48078760504722595,
        "precision_per_class": {
            "0": 0.4190410375595093,
            "1": 0.3207087814807892,
            "2": 0.364897757768631,
            "3": 0.41037696599960327,
            "4": 0.39284995198249817,
            "5": 0.35870733857154846,
            "6": 0.42722225189208984,
            "7": 0.4498966932296753,
            "8": 0.49193766713142395,
            "9": 0.42233937978744507,
            "10": 0.7853612899780273,
            "11": 0.5161357522010803,
            "12": 0.44007018208503723,
            "13": 0.4144377112388611,
            "14": 0.725574254989624,
            "15": 0.7468848824501038
        },
        "macro_recall": 0.4815014600753784,
        "micro_recall": 0.48078760504722595,
        "recall_per_class": {
            "0": 0.48084166646003723,
            "1": 0.33786365389823914,
            "2": 0.33370909094810486,
            "3": 0.39782217144966125,
            "4": 0.37088629603385925,
            "5": 0.33216702938079834,
            "6": 0.4157995283603668,
            "7": 0.46233803033828735,
            "8": 0.5459161400794983,
            "9": 0.4505005478858948,
            "10": 0.8242369890213013,
            "11": 0.46988704800605774,
            "12": 0.4410969018936157,
            "13": 0.3786521255970001,
            "14": 0.7038614749908447,
            "15": 0.7584446668624878
        },
        "macro_f1": 0.4804172217845917,
        "micro_f1": 0.48078760504722595,
        "f1_per_class": {
            "0": 0.44781923294067383,
            "1": 0.3290627896785736,
            "2": 0.34860724210739136,
            "3": 0.40400204062461853,
            "4": 0.3815523087978363,
            "5": 0.3449274003505707,
            "6": 0.4214334785938263,
            "7": 0.45603251457214355,
            "8": 0.5175231695175171,
            "9": 0.4359656870365143,
            "10": 0.8043296933174133,
            "11": 0.49192675948143005,
            "12": 0.44058293104171753,
            "13": 0.39573755860328674,
            "14": 0.7145529985427856,
            "15": 0.7526203989982605
        },
        "Kappa": 0.44598153233528137,
        "MSE": 0.05053259804844856,
        "LogLoss": 5.194736480712891,
        "AUNU": 0.7966768741607666,
        "micro_ROC-AUC": 0.8015061020851135,
        "AUNP": 0.7959914803504944,
        "AU1U": 0.796993358177549,
        "AU1P": 0.7965120831849275,
        "ROC-AUC_per_class_vs_rest": {
            "0": 0.7776552761682008,
            "1": 0.7286501049505549,
            "2": 0.7397127645802973,
            "3": 0.7590018661124358,
            "4": 0.7508496474094314,
            "5": 0.7335455381548446,
            "6": 0.7732328240923992,
            "7": 0.7877981220121478,
            "8": 0.82075998447054,
            "9": 0.7811004298931031,
            "10": 0.9329885892774907,
            "11": 0.7888702878057885,
            "12": 0.7869519425115545,
            "13": 0.755025001213922,
            "14": 0.9123722086224377,
            "15": 0.9183152060226205
        }
    }
}