{
    "classification type": "multilabel",
    "class balance": "balanced",
    "dataset name": "emotions_trimmed",
    "class names": [
        "angry-aggresive",
        "relaxing-calm",
        "amazed-suprised",
        "happy-pleased",
        "quiet-still",
        "sad-lonely"
    ],
    "model name": "logistic_regression",
    "index": 1,
    "cv fold": 3,
    "fold info": {
        "train distribution": [
            143,
            142,
            133,
            118,
            119,
            117
        ],
        "test distribution": [
            36,
            35,
            33,
            30,
            29,
            29
        ],
        "train distribution pct": [
            35.57213930348259,
            35.32338308457712,
            33.08457711442786,
            29.35323383084577,
            29.601990049751244,
            29.1044776119403
        ],
        "test distribution pct": [
            36.734693877551024,
            35.714285714285715,
            33.6734693877551,
            30.612244897959183,
            29.591836734693878,
            29.591836734693878
        ]
    },
    "metrics": {
        "macro_accuracy": 0.7835738068812429,
        "micro_accuracy": 0.7835738068812431,
        "accuracy_per_class": {
            "angry-aggresive": 0.7802441731409545,
            "relaxing-calm": 0.7469478357380688,
            "amazed-suprised": 0.7413984461709212,
            "happy-pleased": 0.7192008879023307,
            "quiet-still": 0.9067702552719201,
            "sad-lonely": 0.806881243063263
        },
        "macro_precision": 0.6711657776698895,
        "micro_precision": 0.6734317343173432,
        "precision_per_class": {
            "angry-aggresive": 0.691358024691358,
            "relaxing-calm": 0.6461038961038961,
            "amazed-suprised": 0.6170212765957447,
            "happy-pleased": 0.5291479820627802,
            "quiet-still": 0.8473282442748091,
            "sad-lonely": 0.6960352422907489
        },
        "macro_recall": 0.6303890136269548,
        "micro_recall": 0.6314878892733564,
        "recall_per_class": {
            "angry-aggresive": 0.6956521739130435,
            "relaxing-calm": 0.6257861635220126,
            "amazed-suprised": 0.5819397993311036,
            "happy-pleased": 0.44360902255639095,
            "quiet-still": 0.8345864661654135,
            "sad-lonely": 0.6007604562737643
        },
        "macro_f1": 0.6494455223972543,
        "micro_f1": 0.6517857142857143,
        "f1_per_class": {
            "angry-aggresive": 0.6934984520123839,
            "relaxing-calm": 0.6357827476038339,
            "amazed-suprised": 0.5989672977624785,
            "happy-pleased": 0.48261758691206547,
            "quiet-still": 0.8409090909090909,
            "sad-lonely": 0.6448979591836734
        },
        "MSE": 0.1543469876050949,
        "LogLoss": 0.5074202418327332,
        "AUNU": 0.827100932598114,
        "micro_ROC-AUC": 0.8415623903274536,
        "AUNP": 0.8268595337867737,
        "ROC-AUC_per_class_vs_rest": {
            "angry-aggresive": 0.8538709919651574,
            "relaxing-calm": 0.8163370982879705,
            "amazed-suprised": 0.7871420793564373,
            "happy-pleased": 0.7049789828902966,
            "quiet-still": 0.960061571250962,
            "sad-lonely": 0.8402147871795178
        }
    }
}