{
    "classification type": "binary",
    "class balance": "balanced",
    "dataset name": "fake-news_balanced",
    "class names": [
        0,
        1
    ],
    "model name": "logistic_regression",
    "index": 0,
    "cv fold": 0,
    "fold info": {
        "train distribution": 10058,
        "test distribution": 2514,
        "train distribution pct": 50.002485707183695,
        "test distribution pct": 49.990057665539865
    },
    "metrics": {
        "macro_accuracy": 0.9982103705406189,
        "micro_accuracy": 0.9982103705406189,
        "accuracy_per_class": {
            "0": 0.9982103705406189,
            "1": 0.9982103705406189
        },
        "macro_precision": 0.9982104897499084,
        "micro_precision": 0.9982103705406189,
        "precision_per_class": {
            "0": 0.9980127215385437,
            "1": 0.9984082579612732
        },
        "macro_recall": 0.9982103109359741,
        "micro_recall": 0.9982103705406189,
        "recall_per_class": {
            "0": 0.9984095692634583,
            "1": 0.9980111122131348
        },
        "macro_f1": 0.9982103705406189,
        "micro_f1": 0.9982103705406189,
        "f1_per_class": {
            "0": 0.9982110857963562,
            "1": 0.9982096552848816
        },
        "MSE": 0.0015301413368433714,
        "LogLoss": 0.006596663501113653,
        "AUNU": 0.9999759793281555,
        "micro_ROC-AUC": 0.9999759793281555
    }
}