{
    "classification type": "multilabel",
    "class balance": "balanced",
    "dataset name": "yeast_trimmed",
    "class names": [
        "Class13",
        "Class12",
        "Class2",
        "Class3",
        "Class7",
        "Class6",
        "Class1",
        "Class5",
        "Class8",
        "Class4"
    ],
    "model name": "decision_tree",
    "index": 0,
    "cv fold": 4,
    "fold info": {
        "train distribution": [
            164,
            164,
            163,
            163,
            159,
            150,
            146,
            144,
            146,
            142
        ],
        "test distribution": [
            41,
            41,
            41,
            40,
            38,
            37,
            36,
            36,
            33,
            36
        ],
        "train distribution pct": [
            37.188208616780045,
            37.188208616780045,
            36.961451247165535,
            36.961451247165535,
            36.054421768707485,
            34.01360544217687,
            33.10657596371882,
            32.6530612244898,
            33.10657596371882,
            32.19954648526077
        ],
        "test distribution pct": [
            35.65217391304348,
            35.65217391304348,
            35.65217391304348,
            34.78260869565217,
            33.04347826086956,
            32.17391304347826,
            31.30434782608696,
            31.30434782608696,
            28.695652173913043,
            31.30434782608696
        ]
    },
    "metrics": {
        "macro_accuracy": 0.6515107913669065,
        "micro_accuracy": 0.6515107913669065,
        "accuracy_per_class": {
            "Class13": 0.6266187050359712,
            "Class12": 0.6284172661870504,
            "Class2": 0.6061151079136691,
            "Class3": 0.6766187050359712,
            "Class7": 0.6280575539568345,
            "Class6": 0.6525179856115108,
            "Class1": 0.7230215827338129,
            "Class5": 0.6676258992805756,
            "Class8": 0.64568345323741,
            "Class4": 0.660431654676259
        },
        "macro_precision": 0.486796965067802,
        "micro_precision": 0.4926396788223486,
        "precision_per_class": {
            "Class13": 0.4896988906497623,
            "Class12": 0.4935897435897436,
            "Class2": 0.43042671614100186,
            "Class3": 0.5805555555555556,
            "Class7": 0.4567901234567901,
            "Class6": 0.47386172006745364,
            "Class1": 0.6011560693641619,
            "Class5": 0.47718631178707227,
            "Class8": 0.41141732283464566,
            "Class4": 0.4532871972318339
        },
        "macro_recall": 0.30686371033739934,
        "micro_recall": 0.3067708333333333,
        "recall_per_class": {
            "Class13": 0.30146341463414633,
            "Class12": 0.30048780487804877,
            "Class2": 0.22745098039215686,
            "Class3": 0.41182266009852214,
            "Class7": 0.2629441624365482,
            "Class6": 0.30053475935828877,
            "Class1": 0.45714285714285713,
            "Class5": 0.2788888888888889,
            "Class8": 0.2335195530726257,
            "Class4": 0.2943820224719101
        },
        "macro_f1": 0.37540488385324794,
        "micro_f1": 0.37809731672872,
        "f1_per_class": {
            "Class13": 0.37318840579710144,
            "Class12": 0.37355973317161917,
            "Class2": 0.29762668377164847,
            "Class3": 0.48184438040345823,
            "Class7": 0.3337628865979381,
            "Class6": 0.36780104712041883,
            "Class1": 0.519350811485643,
            "Class5": 0.3520336605890603,
            "Class8": 0.29793300071275836,
            "Class4": 0.3569482288828338
        },
        "MSE": 0.2599441409111023,
        "LogLoss": 8.277206420898438,
        "AUNU": 0.61358243227005,
        "micro_ROC-AUC": 0.617064893245697,
        "AUNP": 0.6129003167152405,
        "ROC-AUC_per_class_vs_rest": {
            "Class13": 0.5972874713362518,
            "Class12": 0.5998301716350496,
            "Class2": 0.5526620989304813,
            "Class3": 0.6709133535215395,
            "Class7": 0.5826480777116355,
            "Class6": 0.6077011144442995,
            "Class1": 0.6976347182229534,
            "Class5": 0.6127074468085106,
            "Class8": 0.5721600995806352,
            "Class4": 0.6422795909874561
        }
    }
}