{
    "classification type": "multiclass",
    "class balance": "imbalanced",
    "dataset name": "usps_imbalanced",
    "class names": [
        4,
        3,
        0,
        2,
        1,
        5
    ],
    "model name": "decision_tree",
    "index": 4,
    "cv fold": 3,
    "fold info": {
        "train distribution": 3191,
        "test distribution": 798,
        "train distribution pct": 187.48531139835487,
        "test distribution pct": 187.76470588235296
    },
    "metrics": {
        "macro_accuracy": 0.9727032780647278,
        "micro_accuracy": 0.9727032780647278,
        "accuracy_per_class": {
            "4": 0.9689134359359741,
            "3": 0.9896857738494873,
            "0": 0.9650275707244873,
            "2": 0.9625809788703918,
            "1": 0.97255939245224,
            "5": 0.9774526357650757
        },
        "macro_precision": 0.8916924595832825,
        "micro_precision": 0.9181098341941833,
        "precision_per_class": {
            "4": 0.9449071288108826,
            "3": 0.9653931260108948,
            "0": 0.8840628266334534,
            "2": 0.8933107256889343,
            "1": 0.9172433018684387,
            "5": 0.7452380657196045
        },
        "macro_recall": 0.8867709636688232,
        "micro_recall": 0.9181098341941833,
        "recall_per_class": {
            "4": 0.95099937915802,
            "3": 0.9748392701148987,
            "0": 0.8738441467285156,
            "2": 0.8873002529144287,
            "1": 0.9238918423652649,
            "5": 0.7097505927085876
        },
        "macro_f1": 0.88914555311203,
        "micro_f1": 0.9181098341941833,
        "f1_per_class": {
            "4": 0.9479434490203857,
            "3": 0.9700931906700134,
            "0": 0.878923773765564,
            "2": 0.8902953863143921,
            "1": 0.9205555319786072,
            "5": 0.7270615696907043
        },
        "Kappa": 0.897591233253479,
        "MSE": 0.02570783905684948,
        "LogLoss": 1.2989532947540283,
        "AUNU": 0.930419385433197,
        "micro_ROC-AUC": 0.9470107555389404,
        "AUNP": 0.9460210800170898,
        "AU1U": 0.9271143761506752,
        "AU1P": 0.9349467955168362,
        "ROC-AUC_per_class_vs_rest": {
            "4": 0.9607227739981579,
            "3": 0.9843933641883267,
            "0": 0.9214679566640709,
            "2": 0.9256394539948369,
            "1": 0.949098381398971,
            "5": 0.8411942479073815
        }
    }
}