{
    "classification type": "binary",
    "class balance": "balanced",
    "dataset name": "philippine_balanced",
    "class names": [
        0,
        1
    ],
    "model name": "logistic_regression",
    "index": 0,
    "cv fold": 1,
    "fold info": {
        "train distribution": 883,
        "test distribution": 220,
        "train distribution pct": 50.02832861189802,
        "test distribution pct": 49.88662131519274
    },
    "metrics": {
        "macro_accuracy": 0.6681766510009766,
        "micro_accuracy": 0.6681766510009766,
        "accuracy_per_class": {
            "0": 0.6681766510009766,
            "1": 0.6681766510009766
        },
        "macro_precision": 0.6681827306747437,
        "micro_precision": 0.6681766510009766,
        "precision_per_class": {
            "0": 0.6674157381057739,
            "1": 0.6689497828483582
        },
        "macro_recall": 0.6681723594665527,
        "micro_recall": 0.6681766510009766,
        "recall_per_class": {
            "0": 0.6719456911087036,
            "1": 0.6643990874290466
        },
        "macro_f1": 0.6681698560714722,
        "micro_f1": 0.6681766510009766,
        "f1_per_class": {
            "0": 0.6696730256080627,
            "1": 0.6666666865348816
        },
        "MSE": 0.21451421082019806,
        "LogLoss": 0.6496979594230652,
        "AUNU": 0.7517879009246826,
        "micro_ROC-AUC": 0.7517879009246826
    }
}