{
    "classification type": "multiclass",
    "class balance": "imbalanced",
    "dataset name": "usps_imbalanced",
    "class names": [
        4,
        3,
        0,
        2,
        1,
        5
    ],
    "model name": "knn",
    "index": 2,
    "cv fold": 0,
    "fold info": {
        "train distribution": 3190,
        "test distribution": 799,
        "train distribution pct": 187.53674309229865,
        "test distribution pct": 187.5586854460094
    },
    "metrics": {
        "macro_accuracy": 0.9780237674713135,
        "micro_accuracy": 0.9780237674713135,
        "accuracy_per_class": {
            "4": 0.9736230969429016,
            "3": 0.9916085600852966,
            "0": 0.9735683798789978,
            "2": 0.969140350818634,
            "1": 0.9784337878227234,
            "5": 0.9817684888839722
        },
        "macro_precision": 0.9159377217292786,
        "micro_precision": 0.9340713620185852,
        "precision_per_class": {
            "4": 0.9467002749443054,
            "3": 0.9741146564483643,
            "0": 0.9115865230560303,
            "2": 0.9150623083114624,
            "1": 0.9368554949760437,
            "5": 0.811307430267334
        },
        "macro_recall": 0.9052908420562744,
        "micro_recall": 0.9340713620185852,
        "recall_per_class": {
            "4": 0.9657421112060547,
            "3": 0.9770627617835999,
            "0": 0.9059266448020935,
            "2": 0.9035143852233887,
            "1": 0.9378970861434937,
            "5": 0.7416020631790161
        },
        "macro_f1": 0.9103297591209412,
        "micro_f1": 0.9340713620185852,
        "f1_per_class": {
            "4": 0.9561263918876648,
            "3": 0.975586473941803,
            "0": 0.9087477326393127,
            "2": 0.9092516899108887,
            "1": 0.9373759627342224,
            "5": 0.7748903036117554
        },
        "Kappa": 0.9174802303314209,
        "MSE": 0.02100256085395813,
        "LogLoss": 0.8749397993087769,
        "AUNU": 0.9564200043678284,
        "micro_ROC-AUC": 0.9672536253929138,
        "AUNP": 0.9661928415298462,
        "AU1U": 0.953450666814483,
        "AU1P": 0.9588355394649024,
        "ROC-AUC_per_class_vs_rest": {
            "4": 0.9753159574544435,
            "3": 0.9907248456600639,
            "0": 0.9516590819316839,
            "2": 0.9522192225333119,
            "1": 0.9683233773228109,
            "5": 0.9002773756558129
        }
    }
}