{
    "classification type": "multilabel",
    "class balance": "imbalanced",
    "dataset name": "imdb_imbalanced",
    "class names": [
        "Romance",
        "Thriller",
        "Action",
        "Crime",
        "Family",
        "Horror",
        "Adventure"
    ],
    "model name": "knn",
    "index": 3,
    "cv fold": 2,
    "fold info": {
        "train distribution": [
            9903,
            7752,
            7709,
            5811,
            3141,
            4869,
            5216
        ],
        "test distribution": [
            2476,
            1939,
            1927,
            1452,
            785,
            1218,
            1305
        ],
        "train distribution pct": [
            34.204890853827024,
            26.7753523072672,
            26.626830616192322,
            20.071152252003316,
            10.848991434097817,
            16.81749101961868,
            18.016026526664824
        ],
        "test distribution pct": [
            34.11878186578476,
            26.719029902163427,
            26.55367231638418,
            20.00826787928896,
            10.817142069725783,
            16.783794956593635,
            17.982637453493176
        ]
    },
    "metrics": {
        "macro_accuracy": 0.7499038071170431,
        "micro_accuracy": 0.7499038071170431,
        "accuracy_per_class": {
            "Romance": 0.6037731366685573,
            "Thriller": 0.6958105295041708,
            "Action": 0.7116368571250398,
            "Crime": 0.7681418504583533,
            "Family": 0.8702683601139127,
            "Horror": 0.8014678588503603,
            "Adventure": 0.7982280570989075
        },
        "macro_precision": 0.2981631246995942,
        "micro_precision": 0.33949958210992914,
        "precision_per_class": {
            "Romance": 0.39260988946516157,
            "Thriller": 0.3255774408388834,
            "Action": 0.3936269915651359,
            "Crime": 0.2432597142996441,
            "Family": 0.15321411309811503,
            "Horror": 0.24708728278041076,
            "Adventure": 0.3317664408498088
        },
        "macro_recall": 0.12816519331729617,
        "micro_recall": 0.1503072090232177,
        "recall_per_class": {
            "Romance": 0.29063192182410424,
            "Thriller": 0.1274652849051056,
            "Action": 0.15466160798973386,
            "Crime": 0.07386817872264827,
            "Family": 0.043410385626643296,
            "Horror": 0.08841272224626609,
            "Adventure": 0.1187062519065718
        },
        "macro_f1": 0.1750485322040936,
        "micro_f1": 0.20836474942880334,
        "f1_per_class": {
            "Romance": 0.33401049179673264,
            "Thriller": 0.18320488950375363,
            "Action": 0.22206912021533975,
            "Crime": 0.11332432401739782,
            "Family": 0.06765264528245513,
            "Horror": 0.13022747526523604,
            "Adventure": 0.1748507793477403
        },
        "MSE": 0.21019616723060608,
        "LogLoss": 10.37194538116455,
        "AUNU": 0.5496760606765747,
        "micro_ROC-AUC": 0.5867335200309753,
        "AUNP": 0.5505373477935791,
        "ROC-AUC_per_class_vs_rest": {
            "Romance": 0.5531756526337631,
            "Thriller": 0.5505640514991741,
            "Action": 0.5561201939798888,
            "Crime": 0.5259057268501234,
            "Family": 0.5388399589038908,
            "Horror": 0.5636595329664986,
            "Adventure": 0.5594673249929539
        }
    }
}