{
    "classification type": "binary",
    "class balance": "imbalanced",
    "dataset name": "amazon-reviews-0.25_imbalanced",
    "class names": [
        1,
        0
    ],
    "model name": "decision_tree",
    "index": 0,
    "cv fold": 4,
    "fold info": {
        "train distribution": 21841,
        "test distribution": 5460,
        "train distribution pct": 76.46338047892452,
        "test distribution pct": 76.47058823529412
    },
    "metrics": {
        "macro_accuracy": 0.8826742172241211,
        "micro_accuracy": 0.8826742172241211,
        "accuracy_per_class": {
            "1": 0.8826742172241211,
            "0": 0.8826742172241211
        },
        "macro_precision": 0.8453006744384766,
        "micro_precision": 0.8826742172241211,
        "precision_per_class": {
            "1": 0.7808334827423096,
            "0": 0.9097678661346436
        },
        "macro_recall": 0.8184709548950195,
        "micro_recall": 0.8826742172241211,
        "recall_per_class": {
            "1": 0.6971716284751892,
            "0": 0.9397702217102051
        },
        "macro_f1": 0.8305802345275879,
        "micro_f1": 0.8826742172241211,
        "f1_per_class": {
            "1": 0.7366347312927246,
            "0": 0.9245256781578064
        },
        "MSE": 0.09411165863275528,
        "LogLoss": 3.5324246883392334,
        "AUNU": 0.8755128979682922,
        "micro_ROC-AUC": 0.8755128979682922
    }
}