{
    "classification type": "multilabel",
    "class balance": "balanced",
    "dataset name": "mediamill_balanced",
    "class names": [
        "Class3",
        "Class12",
        "Class17",
        "Class44",
        "Class55",
        "Class57",
        "Class58",
        "Class76",
        "Class79",
        "Class94",
        "Class96",
        "Class97"
    ],
    "model name": "random_forest",
    "index": 4,
    "cv fold": 3,
    "fold info": {
        "train distribution": [
            1753,
            1808,
            1697,
            1807,
            1662,
            1626,
            1706,
            1800,
            1779,
            1802,
            1802,
            1795
        ],
        "test distribution": [
            438,
            451,
            424,
            451,
            415,
            406,
            427,
            450,
            445,
            450,
            446,
            449
        ],
        "train distribution pct": [
            17.53350670134027,
            18.08361672334467,
            16.973394678935787,
            18.07361472294459,
            16.623324664932987,
            16.263252650530106,
            17.06341268253651,
            18.00360072014403,
            17.79355871174235,
            18.02360472094419,
            18.02360472094419,
            17.953590718143627
        ],
        "test distribution pct": [
            17.37405791352638,
            17.889726299087663,
            16.818722729075763,
            17.889726299087663,
            16.461721539071796,
            16.10472034906783,
            16.93772312574375,
            17.850059500198334,
            17.651725505751685,
            17.850059500198334,
            17.691392304641017,
            17.810392701309006
        ]
    },
    "metrics": {
        "macro_accuracy": 0.8656455227192049,
        "micro_accuracy": 0.8656455227192048,
        "accuracy_per_class": {
            "Class3": 0.9544229233226837,
            "Class12": 0.8381090255591054,
            "Class17": 0.8699580670926518,
            "Class44": 0.8407215122470714,
            "Class55": 0.8845846645367412,
            "Class57": 0.8757155218317358,
            "Class58": 0.8625865282215123,
            "Class76": 0.8452143237486688,
            "Class79": 0.8609724440894568,
            "Class94": 0.836528221512247,
            "Class96": 0.8614716453674122,
            "Class97": 0.8574613951011715
        },
        "macro_precision": 0.7746793856074645,
        "micro_precision": 0.7924618701589076,
        "precision_per_class": {
            "Class3": 0.9281153676794364,
            "Class12": 0.674827369742624,
            "Class17": 0.830078125,
            "Class44": 0.7830948121645797,
            "Class55": 0.8452435138825671,
            "Class57": 0.8097045269720792,
            "Class58": 0.746209296544867,
            "Class76": 0.7275212636695019,
            "Class79": 0.7204484986697073,
            "Class94": 0.6807184750733137,
            "Class96": 0.8163631700436009,
            "Class97": 0.7338282078472959
        },
        "macro_recall": 0.3158751583327963,
        "micro_recall": 0.31457326254061335,
        "recall_per_class": {
            "Class3": 0.8016544642008178,
            "Class12": 0.19828460758092778,
            "Class17": 0.2922109812395639,
            "Class44": 0.1615611736482746,
            "Class55": 0.3725175526579739,
            "Class57": 0.30623334016813614,
            "Class58": 0.2931926945990819,
            "Class76": 0.22175925925925927,
            "Class79": 0.3551288056206089,
            "Class94": 0.17178538390379278,
            "Class96": 0.29494069681245366,
            "Class97": 0.3212329403026646
        },
        "macro_f1": 0.43496363969610563,
        "micro_f1": 0.4503692946528857,
        "f1_per_class": {
            "Class3": 0.8602622315188001,
            "Class12": 0.30650794782236795,
            "Class17": 0.43225572103160187,
            "Class44": 0.26785987456019583,
            "Class55": 0.5171261487050961,
            "Class57": 0.44439485233950754,
            "Class58": 0.42097882484924976,
            "Class76": 0.33990916832245244,
            "Class79": 0.47574825876890253,
            "Class94": 0.27433889791697447,
            "Class96": 0.4333265264447621,
            "Class97": 0.4468552240733566
        },
        "MSE": 0.0984664261341095,
        "LogLoss": 0.3580966591835022,
        "AUNU": 0.8611108660697937,
        "micro_ROC-AUC": 0.8673582673072815,
        "AUNP": 0.8605581521987915,
        "ROC-AUC_per_class_vs_rest": {
            "Class3": 0.9840614281080011,
            "Class12": 0.8084729743208316,
            "Class17": 0.8622399282984983,
            "Class44": 0.8241179712206875,
            "Class55": 0.8825443823390533,
            "Class57": 0.868458530813476,
            "Class58": 0.8688083008722459,
            "Class76": 0.8383237399248079,
            "Class79": 0.8619100594722956,
            "Class94": 0.8078049420845304,
            "Class96": 0.8595543986374845,
            "Class97": 0.8670336620789534
        }
    }
}