{
    "classification type": "multilabel",
    "class balance": "balanced",
    "dataset name": "tmc2007500_balanced",
    "class names": [
        "class13",
        "class07",
        "class01",
        "class14",
        "class18",
        "class10"
    ],
    "model name": "random_forest",
    "index": 2,
    "cv fold": 2,
    "fold info": {
        "train distribution": [
            1252,
            1253,
            1253,
            1253,
            1190,
            1183
        ],
        "test distribution": [
            313,
            313,
            313,
            313,
            297,
            296
        ],
        "train distribution pct": [
            19.79133733797028,
            19.807145115396775,
            19.807145115396775,
            19.807145115396775,
            18.811255137527663,
            18.700600695542207
        ],
        "test distribution pct": [
            19.76010101010101,
            19.76010101010101,
            19.76010101010101,
            19.76010101010101,
            18.75,
            18.68686868686869
        ]
    },
    "metrics": {
        "macro_accuracy": 0.9416942497403946,
        "micro_accuracy": 0.9416942497403946,
        "accuracy_per_class": {
            "class13": 0.9130646417445483,
            "class07": 0.9413940809968847,
            "class01": 0.9794100467289719,
            "class14": 0.959696261682243,
            "class18": 0.9390089563862928,
            "class10": 0.9175915109034268
        },
        "macro_precision": 0.9120967760400287,
        "micro_precision": 0.9148568608094768,
        "precision_per_class": {
            "class13": 0.8937564677474992,
            "class07": 0.887987012987013,
            "class01": 0.9679404975634778,
            "class14": 0.9495565410199557,
            "class18": 0.8901492537313432,
            "class10": 0.8831908831908832
        },
        "macro_recall": 0.771177456094798,
        "micro_recall": 0.7723882151935658,
        "recall_per_class": {
            "class13": 0.6367657901204227,
            "class07": 0.805992141453831,
            "class01": 0.9268172888015717,
            "class14": 0.8413555992141454,
            "class18": 0.7711404189294027,
            "class10": 0.6449934980494149
        },
        "macro_f1": 0.8332868642513057,
        "micro_f1": 0.837607610095578,
        "f1_per_class": {
            "class13": 0.7436854190585533,
            "class07": 0.845005149330587,
            "class01": 0.9469326307866014,
            "class14": 0.8921875,
            "class18": 0.8263821532492726,
            "class10": 0.7455283330828197
        },
        "MSE": 0.0488436259329319,
        "LogLoss": 0.19087395071983337,
        "AUNU": 0.9713740944862366,
        "micro_ROC-AUC": 0.9742391705513,
        "AUNP": 0.9715023636817932,
        "ROC-AUC_per_class_vs_rest": {
            "class13": 0.9432665055859266,
            "class07": 0.9797597306878326,
            "class01": 0.9946700348081307,
            "class14": 0.9808507796405831,
            "class18": 0.9727992926774851,
            "class10": 0.9568983013006783
        }
    }
}