{
    "classification type": "multilabel",
    "class balance": "balanced",
    "dataset name": "yeast_balanced",
    "class names": [
        "Class1",
        "Class2",
        "Class3",
        "Class4",
        "Class5"
    ],
    "model name": "logistic_regression",
    "index": 3,
    "cv fold": 0,
    "fold info": {
        "train distribution": [
            520,
            556,
            520,
            556,
            522
        ],
        "test distribution": [
            130,
            139,
            130,
            139,
            131
        ],
        "train distribution pct": [
            39.87730061349693,
            42.63803680981595,
            39.87730061349693,
            42.63803680981595,
            40.03067484662577
        ],
        "test distribution pct": [
            40.49844236760124,
            43.30218068535825,
            40.49844236760124,
            43.30218068535825,
            40.809968847352025
        ]
    },
    "metrics": {
        "macro_accuracy": 0.7121632024634333,
        "micro_accuracy": 0.7121632024634335,
        "accuracy_per_class": {
            "Class1": 0.7407621247113164,
            "Class2": 0.6462663587374904,
            "Class3": 0.7267128560431101,
            "Class4": 0.7448036951501155,
            "Class5": 0.7022709776751347
        },
        "macro_precision": 0.6645765882813692,
        "micro_precision": 0.6649252202417537,
        "precision_per_class": {
            "Class1": 0.6977873718294657,
            "Class2": 0.5959244532803181,
            "Class3": 0.6731374606505771,
            "Class4": 0.7071033210332104,
            "Class5": 0.6489303346132749
        },
        "macro_recall": 0.606581502556512,
        "micro_recall": 0.6067489250327164,
        "recall_per_class": {
            "Class1": 0.6216346153846154,
            "Class2": 0.5391187050359713,
            "Class3": 0.6168269230769231,
            "Class4": 0.6892985611510791,
            "Class5": 0.5660287081339713
        },
        "macro_f1": 0.6340210346956345,
        "micro_f1": 0.6345063538611926,
        "f1_per_class": {
            "Class1": 0.6575133485888635,
            "Class2": 0.5661000944287063,
            "Class3": 0.6437531359759157,
            "Class4": 0.6980874316939891,
            "Class5": 0.6046511627906976
        },
        "MSE": 0.1939333975315094,
        "LogLoss": 0.5800067186355591,
        "AUNU": 0.7632237076759338,
        "micro_ROC-AUC": 0.7676700353622437,
        "AUNP": 0.7628907561302185,
        "ROC-AUC_per_class_vs_rest": {
            "Class1": 0.7875740594450479,
            "Class2": 0.6878591675784541,
            "Class3": 0.7898699022415325,
            "Class4": 0.8158163240605363,
            "Class5": 0.7349989370781047
        }
    }
}