{
    "classification type": "multilabel",
    "class balance": "balanced",
    "dataset name": "yeast_balanced",
    "class names": [
        "Class1",
        "Class2",
        "Class3",
        "Class4",
        "Class5"
    ],
    "model name": "logistic_regression",
    "index": 3,
    "cv fold": 0,
    "fold info": {
        "train distribution": [
            520,
            556,
            520,
            556,
            522
        ],
        "test distribution": [
            130,
            139,
            130,
            139,
            131
        ],
        "train distribution pct": [
            40.4040404040404,
            43.2012432012432,
            40.4040404040404,
            43.2012432012432,
            40.55944055944056
        ],
        "test distribution pct": [
            38.46153846153847,
            41.124260355029584,
            38.46153846153847,
            41.124260355029584,
            38.75739644970414
        ]
    },
    "metrics": {
        "macro_accuracy": 0.7130251294839824,
        "micro_accuracy": 0.7130251294839823,
        "accuracy_per_class": {
            "Class1": 0.7462113945904469,
            "Class2": 0.6441588336850183,
            "Class3": 0.7237675043161328,
            "Class4": 0.7471705352004604,
            "Class5": 0.7038173796278534
        },
        "macro_precision": 0.6651591789188769,
        "micro_precision": 0.665093371639647,
        "precision_per_class": {
            "Class1": 0.7080813633864761,
            "Class2": 0.5906633906633907,
            "Class3": 0.6666666666666666,
            "Class4": 0.7097222222222223,
            "Class5": 0.6506622516556292
        },
        "macro_recall": 0.6056992808403259,
        "micro_recall": 0.6059076462890259,
        "recall_per_class": {
            "Class1": 0.6192307692307693,
            "Class2": 0.5404676258992805,
            "Class3": 0.6153846153846154,
            "Class4": 0.6892985611510791,
            "Class5": 0.5641148325358851
        },
        "macro_f1": 0.6337601547368727,
        "micro_f1": 0.6341224809234983,
        "f1_per_class": {
            "Class1": 0.6606822262118492,
            "Class2": 0.5644517492369101,
            "Class3": 0.64,
            "Class4": 0.6993613138686131,
            "Class5": 0.6043054843669913
        },
        "MSE": 0.1929285228252411,
        "LogLoss": 0.5760259032249451,
        "AUNU": 0.765580415725708,
        "micro_ROC-AUC": 0.7702367305755615,
        "AUNP": 0.7652174830436707,
        "ROC-AUC_per_class_vs_rest": {
            "Class1": 0.792075670897886,
            "Class2": 0.6885448984405651,
            "Class3": 0.7925659542340839,
            "Class4": 0.8176291937343401,
            "Class5": 0.7370864721843032
        }
    }
}