{
    "classification type": "multiclass",
    "class balance": "imbalanced",
    "dataset name": "gas-drift_imbalanced",
    "class names": [
        3,
        2,
        0,
        4,
        1
    ],
    "model name": "decision_tree",
    "index": 1,
    "cv fold": 3,
    "fold info": {
        "train distribution": 3146,
        "test distribution": 787,
        "train distribution pct": 242.7469135802469,
        "test distribution pct": 242.9012345679012
    },
    "metrics": {
        "macro_accuracy": 0.9939360618591309,
        "micro_accuracy": 0.9939361214637756,
        "accuracy_per_class": {
            "3": 0.9987291097640991,
            "2": 0.9966412782669067,
            "0": 0.9888344407081604,
            "4": 0.98819899559021,
            "1": 0.9972766637802124
        },
        "macro_precision": 0.9869556427001953,
        "micro_precision": 0.9848402142524719,
        "precision_per_class": {
            "3": 0.9934036731719971,
            "2": 0.9889944791793823,
            "0": 0.9804545640945435,
            "4": 0.9787344336509705,
            "1": 0.993191123008728
        },
        "macro_recall": 0.9851058125495911,
        "micro_recall": 0.9848402142524719,
        "recall_per_class": {
            "3": 0.9881889820098877,
            "2": 0.9924699068069458,
            "0": 0.9642378091812134,
            "4": 0.9874411225318909,
            "1": 0.993191123008728
        },
        "macro_f1": 0.9860113859176636,
        "micro_f1": 0.9848402142524719,
        "f1_per_class": {
            "3": 0.9907894730567932,
            "2": 0.9907291531562805,
            "0": 0.9722785949707031,
            "4": 0.9830685257911682,
            "1": 0.993191123008728
        },
        "Kappa": 0.980064332485199,
        "MSE": 0.005794649012386799,
        "LogLoss": 0.20481465756893158,
        "AUNU": 0.9903712272644043,
        "micro_ROC-AUC": 0.9908261895179749,
        "AUNP": 0.9899221658706665,
        "AU1U": 0.9905472519994772,
        "AU1P": 0.9903202772437987,
        "ROC-AUC_per_class_vs_rest": {
            "3": 0.9927587313727388,
            "2": 0.9918535511727763,
            "0": 0.9834240414921149,
            "4": 0.9897799157301121,
            "1": 0.9940398265488934
        }
    }
}