{
    "classification type": "binary",
    "class balance": "imbalanced",
    "dataset name": "colon-0.5_imbalanced",
    "class names": [
        0,
        1
    ],
    "model name": "decision_tree",
    "index": 0,
    "cv fold": 3,
    "fold info": {
        "train distribution": 229,
        "test distribution": 58,
        "train distribution pct": 16.739766081871345,
        "test distribution pct": 16.95906432748538
    },
    "metrics": {
        "macro_accuracy": 0.9623916149139404,
        "micro_accuracy": 0.9623916149139404,
        "accuracy_per_class": {
            "0": 0.9623916149139404,
            "1": 0.9623916149139404
        },
        "macro_precision": 0.9435702562332153,
        "micro_precision": 0.9623916149139404,
        "precision_per_class": {
            "0": 0.970957338809967,
            "1": 0.9161831140518188
        },
        "macro_recall": 0.9191082119941711,
        "micro_recall": 0.9623916149139404,
        "recall_per_class": {
            "0": 0.9842500686645508,
            "1": 0.8539663553237915
        },
        "macro_f1": 0.9307699203491211,
        "micro_f1": 0.9623916149139404,
        "f1_per_class": {
            "0": 0.9775584936141968,
            "1": 0.8839813470840454
        },
        "MSE": 0.031050927937030792,
        "LogLoss": 1.1758595705032349,
        "AUNU": 0.9587270617485046,
        "micro_ROC-AUC": 0.9587270617485046
    }
}