{
    "classification type": "multilabel",
    "class balance": "balanced",
    "dataset name": "tmc2007500_balanced",
    "class names": [
        "class13",
        "class07",
        "class01",
        "class14",
        "class18",
        "class10"
    ],
    "model name": "decision_tree",
    "index": 3,
    "cv fold": 3,
    "fold info": {
        "train distribution": [
            1252,
            1253,
            1253,
            1253,
            1190,
            1183
        ],
        "test distribution": [
            313,
            313,
            313,
            313,
            297,
            296
        ],
        "train distribution pct": [
            19.8761708207652,
            19.89204635656453,
            19.89204635656453,
            19.89204635656453,
            18.89188760120654,
            18.78075885061121
        ],
        "test distribution pct": [
            19.428926132836747,
            19.428926132836747,
            19.428926132836747,
            19.428926132836747,
            18.435754189944134,
            18.373680943513346
        ]
    },
    "metrics": {
        "macro_accuracy": 0.9030152815667486,
        "micro_accuracy": 0.9030152815667487,
        "accuracy_per_class": {
            "class13": 0.8670570230886951,
            "class07": 0.8993612349457715,
            "class01": 0.9506620533634972,
            "class14": 0.9220174329629384,
            "class18": 0.899594118038459,
            "class10": 0.8793998270011312
        },
        "macro_precision": 0.741199162339837,
        "micro_precision": 0.7429582331315476,
        "precision_per_class": {
            "class13": 0.6659860473030458,
            "class07": 0.7374229146381045,
            "class01": 0.8603225806451613,
            "class14": 0.7844188613783315,
            "class18": 0.7272099447513812,
            "class10": 0.6718346253229974
        },
        "macro_recall": 0.7655498123895423,
        "micro_recall": 0.7664100370687197,
        "recall_per_class": {
            "class13": 0.65814696485623,
            "class07": 0.7635691480423458,
            "class01": 0.8963199462275248,
            "class14": 0.8358259116114939,
            "class18": 0.7454867256637168,
            "class10": 0.693950177935943
        },
        "macro_f1": 0.7530865297626046,
        "micro_f1": 0.7545019439414993,
        "f1_per_class": {
            "class13": 0.662043301759134,
            "class07": 0.750268306777842,
            "class01": 0.8779524318986092,
            "class14": 0.8093068662544745,
            "class18": 0.7362349239643419,
            "class10": 0.6827133479212254
        },
        "MSE": 0.09672010689973831,
        "LogLoss": 9.630895614624023,
        "AUNU": 0.8518204689025879,
        "micro_ROC-AUC": 0.8522656559944153,
        "AUNP": 0.8523108959197998,
        "ROC-AUC_per_class_vs_rest": {
            "class13": 0.789225563928704,
            "class07": 0.8491615620012377,
            "class01": 0.9301983851932414,
            "class14": 0.8908127607328883,
            "class18": 0.8417465802594825,
            "class10": 0.8097779870856279
        }
    }
}