{
    "classification type": "multilabel",
    "class balance": "balanced",
    "dataset name": "stackexcs_trimmed",
    "class names": [
        "tag_algorithms",
        "tag_complexity-theory",
        "tag_formal-languages",
        "tag_graph-theory",
        "tag_terminology",
        "tag_graphs",
        "tag_computability",
        "tag_turing-machines",
        "tag_context-free",
        "tag_regular-languages",
        "tag_automata",
        "tag_formal-grammars",
        "tag_finite-automata"
    ],
    "model name": "random_forest",
    "index": 1,
    "cv fold": 0,
    "fold info": {
        "train distribution": [
            93,
            91,
            93,
            89,
            86,
            86,
            88,
            94,
            84,
            85,
            94,
            86,
            88
        ],
        "test distribution": [
            23,
            22,
            23,
            23,
            21,
            22,
            22,
            23,
            21,
            22,
            23,
            22,
            23
        ],
        "train distribution pct": [
            14.553990610328638,
            14.241001564945227,
            14.553990610328638,
            13.928012519561817,
            13.458528951486699,
            13.458528951486699,
            13.77151799687011,
            14.710485133020345,
            13.145539906103288,
            13.302034428794993,
            14.710485133020345,
            13.458528951486699,
            13.77151799687011
        ],
        "test distribution pct": [
            14.374999999999998,
            13.750000000000002,
            14.374999999999998,
            14.374999999999998,
            13.125,
            13.750000000000002,
            13.750000000000002,
            14.374999999999998,
            13.125,
            13.750000000000002,
            14.374999999999998,
            13.750000000000002,
            14.374999999999998
        ]
    },
    "metrics": {
        "macro_accuracy": 0.8715319097728276,
        "micro_accuracy": 0.8715319097728276,
        "accuracy_per_class": {
            "tag_algorithms": 0.8385190335477143,
            "tag_complexity-theory": 0.862680340691813,
            "tag_formal-languages": 0.8268729358595516,
            "tag_graph-theory": 0.873631148965757,
            "tag_terminology": 0.8355640535372849,
            "tag_graphs": 0.8661567877629063,
            "tag_computability": 0.8717191030766557,
            "tag_turing-machines": 0.8937945419780984,
            "tag_context-free": 0.9057882843733704,
            "tag_regular-languages": 0.8812793325221624,
            "tag_automata": 0.864244741873805,
            "tag_formal-grammars": 0.9169129150008691,
            "tag_finite-automata": 0.8927516078567704
        },
        "macro_precision": 0.5423275826861255,
        "micro_precision": 0.5550128883462216,
        "precision_per_class": {
            "tag_algorithms": 0.40447154471544716,
            "tag_complexity-theory": 0.5231388329979879,
            "tag_formal-languages": 0.35495495495495494,
            "tag_graph-theory": 0.5641025641025641,
            "tag_terminology": 0.28640776699029125,
            "tag_graphs": 0.507168458781362,
            "tag_computability": 0.5531496062992126,
            "tag_turing-machines": 0.6652360515021459,
            "tag_context-free": 0.6789297658862876,
            "tag_regular-languages": 0.5756013745704467,
            "tag_automata": 0.5499181669394435,
            "tag_formal-grammars": 0.7307692307692307,
            "tag_finite-automata": 0.6564102564102564
        },
        "macro_recall": 0.39349384471899995,
        "micro_recall": 0.3926480468375084,
        "recall_per_class": {
            "tag_algorithms": 0.23832335329341317,
            "tag_complexity-theory": 0.3198031980319803,
            "tag_formal-languages": 0.23592814371257484,
            "tag_graph-theory": 0.436183395291202,
            "tag_terminology": 0.15324675324675324,
            "tag_graphs": 0.36375321336760924,
            "tag_computability": 0.3547979797979798,
            "tag_turing-machines": 0.5522565320665083,
            "tag_context-free": 0.5370370370370371,
            "tag_regular-languages": 0.4345006485084306,
            "tag_automata": 0.3990498812351544,
            "tag_formal-grammars": 0.6105398457583547,
            "tag_finite-automata": 0.48
        },
        "macro_f1": 0.4545065292776326,
        "micro_f1": 0.4599213041034289,
        "f1_per_class": {
            "tag_algorithms": 0.29992464204973623,
            "tag_complexity-theory": 0.3969465648854962,
            "tag_formal-languages": 0.28345323741007195,
            "tag_graph-theory": 0.4919636617749825,
            "tag_terminology": 0.1996615905245347,
            "tag_graphs": 0.4236526946107784,
            "tag_computability": 0.4323076923076923,
            "tag_turing-machines": 0.6035042180402336,
            "tag_context-free": 0.5997045790251108,
            "tag_regular-languages": 0.49519586104951957,
            "tag_automata": 0.46249139710942877,
            "tag_formal-grammars": 0.665266106442577,
            "tag_finite-automata": 0.5545126353790614
        },
        "MSE": 0.11003247648477554,
        "LogLoss": 4.052105903625488,
        "AUNU": 0.7625903487205505,
        "micro_ROC-AUC": 0.7644714713096619,
        "AUNP": 0.7621114253997803,
        "ROC-AUC_per_class_vs_rest": {
            "tag_algorithms": 0.6721936768999619,
            "tag_complexity-theory": 0.720943822798552,
            "tag_formal-languages": 0.6859457985208922,
            "tag_graph-theory": 0.8058655536798665,
            "tag_terminology": 0.6206010826420219,
            "tag_graphs": 0.7588474506207129,
            "tag_computability": 0.7707723780844119,
            "tag_turing-machines": 0.8214064263123502,
            "tag_context-free": 0.8298754384906075,
            "tag_regular-languages": 0.7963187579045914,
            "tag_automata": 0.7673275515578727,
            "tag_formal-grammars": 0.8495080802469931,
            "tag_finite-automata": 0.8140682414698163
        }
    }
}