{
    "classification type": "multilabel",
    "class balance": "balanced",
    "dataset name": "emotions_balanced",
    "class names": [
        "angry-aggresive",
        "amazed-suprised",
        "sad-lonely",
        "happy-pleased"
    ],
    "model name": "logistic_regression",
    "index": 0,
    "cv fold": 1,
    "fold info": {
        "train distribution": [
            151,
            138,
            134,
            132
        ],
        "test distribution": [
            38,
            35,
            34,
            34
        ],
        "train distribution pct": [
            36.650485436893206,
            33.49514563106796,
            32.5242718446602,
            32.038834951456316
        ],
        "test distribution pct": [
            36.53846153846153,
            33.65384615384615,
            32.69230769230769,
            32.69230769230769
        ]
    },
    "metrics": {
        "macro_accuracy": 0.7873134328358209,
        "micro_accuracy": 0.7873134328358209,
        "accuracy_per_class": {
            "angry-aggresive": 0.8407960199004975,
            "amazed-suprised": 0.7562189054726368,
            "sad-lonely": 0.8159203980099502,
            "happy-pleased": 0.736318407960199
        },
        "macro_precision": 0.7266540750915752,
        "micro_precision": 0.7339055793991416,
        "precision_per_class": {
            "angry-aggresive": 0.84375,
            "amazed-suprised": 0.6785714285714286,
            "sad-lonely": 0.7384615384615385,
            "happy-pleased": 0.6458333333333334
        },
        "macro_recall": 0.6074549683939972,
        "micro_recall": 0.6107142857142858,
        "recall_per_class": {
            "angry-aggresive": 0.7105263157894737,
            "amazed-suprised": 0.5507246376811594,
            "sad-lonely": 0.7058823529411765,
            "happy-pleased": 0.4626865671641791
        },
        "macro_f1": 0.6600908793723439,
        "micro_f1": 0.6666666666666666,
        "f1_per_class": {
            "angry-aggresive": 0.7714285714285715,
            "amazed-suprised": 0.608,
            "sad-lonely": 0.7218045112781954,
            "happy-pleased": 0.5391304347826087
        },
        "MSE": 0.15662705898284912,
        "LogLoss": 0.5353521704673767,
        "AUNU": 0.8201989531517029,
        "micro_ROC-AUC": 0.8252249360084534,
        "AUNP": 0.8218285441398621,
        "ROC-AUC_per_class_vs_rest": {
            "angry-aggresive": 0.8767368421052633,
            "amazed-suprised": 0.7859025032938077,
            "sad-lonely": 0.8362450243255197,
            "happy-pleased": 0.7819113388282468
        }
    }
}