{
    "classification type": "multiclass",
    "class balance": "balanced",
    "dataset name": "stocks_balanced",
    "class names": [
        0,
        1,
        2,
        3,
        4,
        5,
        6,
        7,
        8,
        9,
        10,
        11,
        12,
        13,
        14,
        15,
        16,
        17,
        18,
        19
    ],
    "model name": "logistic_regression",
    "index": 1,
    "cv fold": 4,
    "fold info": {
        "train distribution": 111720,
        "test distribution": 27930,
        "train distribution pct": 950.0,
        "test distribution pct": 950.0
    },
    "metrics": {
        "macro_accuracy": 0.913676917552948,
        "micro_accuracy": 0.9136768579483032,
        "accuracy_per_class": {
            "0": 0.9503401517868042,
            "1": 0.9508843421936035,
            "2": 0.950204074382782,
            "3": 0.22081632912158966,
            "4": 0.9583333134651184,
            "5": 0.9510204195976257,
            "6": 0.9605101943016052,
            "7": 0.9497278928756714,
            "8": 0.9501360654830933,
            "9": 0.9507142901420593,
            "10": 0.9499660134315491,
            "11": 0.9563945531845093,
            "12": 0.9683333039283752,
            "13": 0.9503741264343262,
            "14": 0.9531632661819458,
            "15": 0.9506122469902039,
            "16": 0.9553741216659546,
            "17": 0.9497959017753601,
            "18": 0.9778571724891663,
            "19": 0.8689795732498169
        },
        "macro_precision": 0.6799076795578003,
        "micro_precision": 0.13676871359348297,
        "precision_per_class": {
            "0": 0.6785714030265808,
            "1": 0.8095238208770752,
            "2": 0.800000011920929,
            "3": 0.05489577353000641,
            "4": 0.9803921580314636,
            "5": 0.9411764740943909,
            "6": 0.9967845678329468,
            "7": 0.0,
            "8": 1.0,
            "9": 0.800000011920929,
            "10": 0.0,
            "11": 0.9272727370262146,
            "12": 0.9891107082366943,
            "13": 0.8235294222831726,
            "14": 0.9696969985961914,
            "15": 0.800000011920929,
            "16": 0.9759036302566528,
            "17": 0.0,
            "18": 0.996363639831543,
            "19": 0.05493273586034775
        },
        "macro_recall": 0.13676868379116058,
        "micro_recall": 0.13676871359348297,
        "recall_per_class": {
            "0": 0.012925170361995697,
            "1": 0.02312925085425377,
            "2": 0.005442176945507526,
            "3": 0.8993197083473206,
            "4": 0.17006802558898926,
            "5": 0.021768707782030106,
            "6": 0.21088434755802155,
            "7": 0.0,
            "8": 0.002721088472753763,
            "9": 0.01904761977493763,
            "10": 0.0,
            "11": 0.1387755125761032,
            "12": 0.3707483112812042,
            "13": 0.009523809887468815,
            "14": 0.06530611962080002,
            "15": 0.016326529905200005,
            "16": 0.11020407825708389,
            "17": 0.0,
            "18": 0.559183657169342,
            "19": 0.10000000149011612
        },
        "macro_f1": 0.14235219359397888,
        "micro_f1": 0.13676871359348297,
        "f1_per_class": {
            "0": 0.02536715567111969,
            "1": 0.04497354477643967,
            "2": 0.010810811072587967,
            "3": 0.10347526520490646,
            "4": 0.28985506296157837,
            "5": 0.042553190141916275,
            "6": 0.34811902046203613,
            "7": 0.0,
            "8": 0.0054274084977805614,
            "9": 0.03720930218696594,
            "10": 0.0,
            "11": 0.24142012000083923,
            "12": 0.5393369793891907,
            "13": 0.01882985793054104,
            "14": 0.12237093597650528,
            "15": 0.03200000151991844,
            "16": 0.19804401695728302,
            "17": 0.0,
            "18": 0.7163398861885071,
            "19": 0.0709117203950882
        },
        "Kappa": 0.0913354903459549,
        "MSE": 0.043546609580516815,
        "LogLoss": 2.737772226333618,
        "AUNU": 0.5799822211265564,
        "micro_ROC-AUC": 0.6125311851501465,
        "AUNP": 0.5799822211265564,
        "AU1U": 0.5799821955276919,
        "AU1P": 0.5799821955276921,
        "ROC-AUC_per_class_vs_rest": {
            "0": 0.547129936113364,
            "1": 0.5528321167349861,
            "2": 0.5474603052821558,
            "3": 0.5464712680632582,
            "4": 0.611143139676207,
            "5": 0.5532647459270139,
            "6": 0.630264509670678,
            "7": 0.5401569886816165,
            "8": 0.5450499061063737,
            "9": 0.5502472532156436,
            "10": 0.5461131813985888,
            "11": 0.5980322891777549,
            "12": 0.7016592014535854,
            "13": 0.5488029110677568,
            "14": 0.5689849015152069,
            "15": 0.549757508445555,
            "16": 0.5874990440143119,
            "17": 0.5430649631854174,
            "18": 0.7855571265384063,
            "19": 0.5461526142859578
        }
    }
}