{
    "classification type": "multilabel",
    "class balance": "balanced",
    "dataset name": "tmc2007500_balanced",
    "class names": [
        "class13",
        "class07",
        "class01",
        "class14",
        "class18",
        "class10"
    ],
    "model name": "decision_tree",
    "index": 4,
    "cv fold": 2,
    "fold info": {
        "train distribution": [
            1252,
            1252,
            1253,
            1253,
            1189,
            1184
        ],
        "test distribution": [
            313,
            314,
            313,
            313,
            298,
            295
        ],
        "train distribution pct": [
            19.750749329547247,
            19.750749329547247,
            19.76652468843666,
            19.76652468843666,
            18.75690171951412,
            18.678024925067046
        ],
        "test distribution pct": [
            19.92361553150859,
            19.987269255251434,
            19.92361553150859,
            19.92361553150859,
            18.968809675366007,
            18.77784850413749
        ]
    },
    "metrics": {
        "macro_accuracy": 0.9032735232966047,
        "micro_accuracy": 0.9032735232966047,
        "accuracy_per_class": {
            "class13": 0.8680515483746875,
            "class07": 0.8998708542851648,
            "class01": 0.949440826532575,
            "class14": 0.9228423048388427,
            "class18": 0.899293820240156,
            "class10": 0.8801417855082021
        },
        "macro_precision": 0.7419559455762877,
        "micro_precision": 0.7437497143379497,
        "precision_per_class": {
            "class13": 0.668826595295112,
            "class07": 0.7394404089319343,
            "class01": 0.856156196041971,
            "class14": 0.7881211485511996,
            "class18": 0.7255041181482533,
            "class10": 0.6736872064892557
        },
        "macro_recall": 0.7657821267849978,
        "micro_recall": 0.7666124891055991,
        "recall_per_class": {
            "class13": 0.659536046673149,
            "class07": 0.7630483064963909,
            "class01": 0.8949049007358045,
            "class14": 0.8345133971956129,
            "class18": 0.7468206402572724,
            "class10": 0.6958694693517565
        },
        "macro_f1": 0.7535950640784047,
        "micro_f1": 0.7550080616162671,
        "f1_per_class": {
            "class13": 0.6641488320044762,
            "class07": 0.7510588878262058,
            "class01": 0.8751018191691555,
            "class14": 0.8106540795684424,
            "class18": 0.7360080674205863,
            "class10": 0.6845986984815619
        },
        "MSE": 0.09647027403116226,
        "LogLoss": 9.60693645477295,
        "AUNU": 0.8520241379737854,
        "micro_ROC-AUC": 0.8524519801139832,
        "AUNP": 0.8525030612945557,
        "ROC-AUC_per_class_vs_rest": {
            "class13": 0.790292327448408,
            "class07": 0.8492894529361945,
            "class01": 0.9289015767810574,
            "class14": 0.890787211963041,
            "class18": 0.8419638372833563,
            "class10": 0.8109103904570261
        }
    }
}