{
    "classification type": "binary",
    "class balance": "balanced",
    "dataset name": "colon-0.5_balanced",
    "class names": [
        0,
        1
    ],
    "model name": "logistic_regression",
    "index": 3,
    "cv fold": 3,
    "fold info": {
        "train distribution": 709,
        "test distribution": 177,
        "train distribution pct": 50.0,
        "test distribution pct": 50.0
    },
    "metrics": {
        "macro_accuracy": 0.9662904739379883,
        "micro_accuracy": 0.9662904739379883,
        "accuracy_per_class": {
            "0": 0.9662904739379883,
            "1": 0.9662904739379883
        },
        "macro_precision": 0.9662908315658569,
        "micro_precision": 0.9662904739379883,
        "precision_per_class": {
            "0": 0.9658753871917725,
            "1": 0.9667062759399414
        },
        "macro_recall": 0.9662904739379883,
        "micro_recall": 0.9662904739379883,
        "recall_per_class": {
            "0": 0.9667359590530396,
            "1": 0.965844988822937
        },
        "macro_f1": 0.9662904739379883,
        "micro_f1": 0.9662904739379883,
        "f1_per_class": {
            "0": 0.9663054943084717,
            "1": 0.9662754535675049
        },
        "MSE": 0.024647966027259827,
        "LogLoss": 0.08097010105848312,
        "AUNU": 0.996060848236084,
        "micro_ROC-AUC": 0.996060848236084
    }
}