{
    "classification type": "multilabel",
    "class balance": "balanced",
    "dataset name": "yeast_balanced",
    "class names": [
        "Class1",
        "Class2",
        "Class3",
        "Class4",
        "Class5"
    ],
    "model name": "knn",
    "index": 0,
    "cv fold": 4,
    "fold info": {
        "train distribution": [
            520,
            556,
            520,
            556,
            523
        ],
        "test distribution": [
            130,
            139,
            130,
            139,
            130
        ],
        "train distribution pct": [
            40.27885360185902,
            43.06738962044926,
            40.27885360185902,
            43.06738962044926,
            40.51123160340821
        ],
        "test distribution pct": [
            38.92215568862276,
            41.61676646706587,
            38.92215568862276,
            41.61676646706587,
            38.92215568862276
        ]
    },
    "metrics": {
        "macro_accuracy": 0.7116307692307692,
        "micro_accuracy": 0.7116307692307692,
        "accuracy_per_class": {
            "Class1": 0.7249230769230769,
            "Class2": 0.6627692307692308,
            "Class3": 0.7107692307692308,
            "Class4": 0.7483076923076923,
            "Class5": 0.7113846153846154
        },
        "macro_precision": 0.6656573813704662,
        "micro_precision": 0.6635055591890124,
        "precision_per_class": {
            "Class1": 0.7058823529411765,
            "Class2": 0.6122137404580152,
            "Class3": 0.6515151515151515,
            "Class4": 0.7213622291021672,
            "Class5": 0.6373134328358209
        },
        "macro_recall": 0.606431259751299,
        "micro_recall": 0.6069398743643434,
        "recall_per_class": {
            "Class1": 0.5353846153846153,
            "Class2": 0.576978417266187,
            "Class3": 0.5953846153846154,
            "Class4": 0.6705035971223021,
            "Class5": 0.6539050535987749
        },
        "macro_f1": 0.633138165565756,
        "micro_f1": 0.6339634432119982,
        "f1_per_class": {
            "Class1": 0.6089238845144357,
            "Class2": 0.5940740740740741,
            "Class3": 0.6221864951768489,
            "Class4": 0.6950037285607755,
            "Class5": 0.6455026455026455
        },
        "MSE": 0.19930092990398407,
        "LogLoss": 4.489393711090088,
        "AUNU": 0.761838972568512,
        "micro_ROC-AUC": 0.7626085877418518,
        "AUNP": 0.761661946773529,
        "ROC-AUC_per_class_vs_rest": {
            "Class1": 0.7660228796844182,
            "Class2": 0.7011069853794384,
            "Class3": 0.7623771203155818,
            "Class4": 0.808815657151698,
            "Class5": 0.7708723271510409
        }
    }
}