{
    "classification type": "binary",
    "class balance": "imbalanced",
    "dataset name": "amazon-reviews-0.25_imbalanced",
    "class names": [
        1,
        0
    ],
    "model name": "logistic_regression",
    "index": 0,
    "cv fold": 1,
    "fold info": {
        "train distribution": 21841,
        "test distribution": 5460,
        "train distribution pct": 76.46605748695865,
        "test distribution pct": 76.45987956868787
    },
    "metrics": {
        "macro_accuracy": 0.902674674987793,
        "micro_accuracy": 0.902674674987793,
        "accuracy_per_class": {
            "1": 0.902674674987793,
            "0": 0.902674674987793
        },
        "macro_precision": 0.8767349720001221,
        "micro_precision": 0.902674674987793,
        "precision_per_class": {
            "1": 0.8323777318000793,
            "0": 0.92109215259552
        },
        "macro_recall": 0.8443982601165771,
        "micro_recall": 0.902674674987793,
        "recall_per_class": {
            "1": 0.7343052625656128,
            "0": 0.9544913172721863
        },
        "macro_f1": 0.8588831424713135,
        "micro_f1": 0.902674674987793,
        "f1_per_class": {
            "1": 0.7802718877792358,
            "0": 0.9374943971633911
        },
        "MSE": 0.07085908204317093,
        "LogLoss": 0.2381473183631897,
        "AUNU": 0.9481845498085022,
        "micro_ROC-AUC": 0.9481845498085022
    }
}