{
    "classification type": "multilabel",
    "class balance": "balanced",
    "dataset name": "tmc2007500_balanced",
    "class names": [
        "class13",
        "class07",
        "class01",
        "class14",
        "class18",
        "class10"
    ],
    "model name": "random_forest",
    "index": 0,
    "cv fold": 3,
    "fold info": {
        "train distribution": [
            1252,
            1253,
            1253,
            1253,
            1190,
            1183
        ],
        "test distribution": [
            313,
            313,
            313,
            313,
            297,
            296
        ],
        "train distribution pct": [
            19.803859538120847,
            19.819677317304652,
            19.819677317304652,
            19.819677317304652,
            18.823157228725087,
            18.71243277443847
        ],
        "test distribution pct": [
            19.710327455919398,
            19.710327455919398,
            19.710327455919398,
            19.710327455919398,
            18.702770780856422,
            18.639798488664987
        ]
    },
    "metrics": {
        "macro_accuracy": 0.9414087176247631,
        "micro_accuracy": 0.9414087176247631,
        "accuracy_per_class": {
            "class13": 0.9085596967782691,
            "class07": 0.9412507896399241,
            "class01": 0.9812065698041693,
            "class14": 0.9594125078963992,
            "class18": 0.9410928616550853,
            "class10": 0.9169298799747315
        },
        "macro_precision": 0.9118040665105213,
        "micro_precision": 0.9148833467417539,
        "precision_per_class": {
            "class13": 0.8836944127708096,
            "class07": 0.8847161572052402,
            "class01": 0.9725,
            "class14": 0.946236559139785,
            "class18": 0.8976608187134503,
            "class10": 0.8860164512338425
        },
        "macro_recall": 0.7689290804065038,
        "micro_recall": 0.7701476364621428,
        "recall_per_class": {
            "class13": 0.6190095846645367,
            "class07": 0.8084596967278531,
            "class01": 0.931364724660814,
            "class14": 0.8427773343974462,
            "class18": 0.7746005046257359,
            "class10": 0.6373626373626373
        },
        "macro_f1": 0.831485735523736,
        "micro_f1": 0.8362994558023239,
        "f1_per_class": {
            "class13": 0.7280413339596055,
            "class07": 0.8448707256046706,
            "class01": 0.9514879739094986,
            "class14": 0.8915154073448712,
            "class18": 0.8316027088036118,
            "class10": 0.7413962635201573
        },
        "MSE": 0.04891499876976013,
        "LogLoss": 0.1888418346643448,
        "AUNU": 0.9711856842041016,
        "micro_ROC-AUC": 0.9742627739906311,
        "AUNP": 0.971306324005127,
        "ROC-AUC_per_class_vs_rest": {
            "class13": 0.9392112777037056,
            "class07": 0.9814439438672644,
            "class01": 0.995069207400958,
            "class14": 0.981014967503862,
            "class18": 0.9743064094402201,
            "class10": 0.956068335208422
        }
    }
}