{
    "classification type": "multilabel",
    "class balance": "balanced",
    "dataset name": "scene_balanced",
    "class names": [
        "Mountain",
        "Field",
        "Urban",
        "Beach",
        "FallFoliage",
        "Sunset"
    ],
    "model name": "logistic_regression",
    "index": 4,
    "cv fold": 2,
    "fold info": {
        "train distribution": [
            324,
            324,
            325,
            325,
            317,
            292
        ],
        "test distribution": [
            81,
            81,
            81,
            81,
            80,
            72
        ],
        "train distribution pct": [
            18.346545866364668,
            18.346545866364668,
            18.40317100792752,
            18.40317100792752,
            17.950169875424688,
            16.534541336353342
        ],
        "test distribution pct": [
            18.45102505694761,
            18.45102505694761,
            18.45102505694761,
            18.45102505694761,
            18.223234624145785,
            16.40091116173121
        ]
    },
    "metrics": {
        "macro_accuracy": 0.8812693091434958,
        "micro_accuracy": 0.8812693091434957,
        "accuracy_per_class": {
            "Mountain": 0.8104910274107671,
            "Field": 0.9216130940642872,
            "Urban": 0.8518043778347466,
            "Beach": 0.8690593571287715,
            "FallFoliage": 0.8878919345296785,
            "Sunset": 0.9467560638927234
        },
        "macro_precision": 0.6766643639501698,
        "micro_precision": 0.6774684025468023,
        "precision_per_class": {
            "Mountain": 0.48150470219435737,
            "Field": 0.7831389183457051,
            "Urban": 0.6004415011037527,
            "Beach": 0.647348277747403,
            "FallFoliage": 0.689598238855256,
            "Sunset": 0.8579545454545454
        },
        "macro_recall": 0.6533330790266136,
        "micro_recall": 0.6504562043795621,
        "recall_per_class": {
            "Mountain": 0.41223832528180354,
            "Field": 0.7928073000536768,
            "Urban": 0.5827530798071773,
            "Beach": 0.6341724692019283,
            "FallFoliage": 0.6861993428258488,
            "Sunset": 0.8118279569892473
        },
        "macro_f1": 0.6644062153135537,
        "micro_f1": 0.6636875669133734,
        "f1_per_class": {
            "Mountain": 0.4441873915558126,
            "Field": 0.7879434515870899,
            "Urban": 0.5914650720304431,
            "Beach": 0.6406926406926406,
            "FallFoliage": 0.6878945923689267,
            "Sunset": 0.8342541436464088
        },
        "MSE": 0.09231123328208923,
        "LogLoss": 0.38012924790382385,
        "AUNU": 0.8978899717330933,
        "micro_ROC-AUC": 0.9079723358154297,
        "AUNP": 0.8966588377952576,
        "ROC-AUC_per_class_vs_rest": {
            "Mountain": 0.7948566035414023,
            "Field": 0.9486769356170024,
            "Urban": 0.8621998229707577,
            "Beach": 0.8979103105779016,
            "FallFoliage": 0.9193749614751806,
            "Sunset": 0.9643211226296313
        }
    }
}