{
    "classification type": "multiclass",
    "class balance": "balanced",
    "dataset name": "nyt-comments-april17_balanced",
    "class names": [
        0,
        1,
        2,
        3,
        4,
        5
    ],
    "model name": "decision_tree",
    "index": 1,
    "cv fold": 2,
    "fold info": {
        "train distribution": 15704,
        "test distribution": 3928,
        "train distribution pct": 250.62240663900414,
        "test distribution pct": 250.67007019783026
    },
    "metrics": {
        "macro_accuracy": 0.8501518368721008,
        "micro_accuracy": 0.8501518368721008,
        "accuracy_per_class": {
            "0": 0.8413122296333313,
            "1": 0.8913131952285767,
            "2": 0.8294551372528076,
            "3": 0.8385655283927917,
            "4": 0.8911584615707397,
            "5": 0.8091065883636475
        },
        "macro_precision": 0.5444913506507874,
        "micro_precision": 0.5504555106163025,
        "precision_per_class": {
            "0": 0.531312882900238,
            "1": 0.6533004641532898,
            "2": 0.4461798369884491,
            "3": 0.5208837389945984,
            "4": 0.6827138662338257,
            "5": 0.4325575828552246
        },
        "macro_recall": 0.5484460592269897,
        "micro_recall": 0.5504555106163025,
        "recall_per_class": {
            "0": 0.5139127373695374,
            "1": 0.7594777345657349,
            "2": 0.39381518959999084,
            "3": 0.5430896282196045,
            "4": 0.6632278561592102,
            "5": 0.41715332865715027
        },
        "macro_f1": 0.5454221963882446,
        "micro_f1": 0.5504555106163025,
        "f1_per_class": {
            "0": 0.5224679708480835,
            "1": 0.7023992538452148,
            "2": 0.41836532950401306,
            "3": 0.5317549109458923,
            "4": 0.672829806804657,
            "5": 0.4247158169746399
        },
        "Kappa": 0.4602987766265869,
        "MSE": 0.11031507700681686,
        "LogLoss": 3.587102174758911,
        "AUNU": 0.7856245636940002,
        "micro_ROC-AUC": 0.7906152009963989,
        "AUNP": 0.7862501740455627,
        "AU1U": 0.78527511951892,
        "AU1P": 0.7856976497464765,
        "ROC-AUC_per_class_vs_rest": {
            "0": 0.7597832156347687,
            "1": 0.8713688860484049,
            "2": 0.7372328222682424,
            "3": 0.7757579757117027,
            "4": 0.842057308357999,
            "5": 0.7275470248315187
        }
    }
}