{
    "classification type": "multilabel",
    "class balance": "balanced",
    "dataset name": "tmc2007500_balanced",
    "class names": [
        "class13",
        "class07",
        "class01",
        "class14",
        "class18",
        "class10"
    ],
    "model name": "knn",
    "index": 1,
    "cv fold": 2,
    "fold info": {
        "train distribution": [
            1252,
            1253,
            1253,
            1252,
            1190,
            1183
        ],
        "test distribution": [
            313,
            313,
            313,
            314,
            297,
            296
        ],
        "train distribution pct": [
            19.76946155060793,
            19.78525185536081,
            19.78525185536081,
            19.76946155060793,
            18.79046265592926,
            18.679930522659088
        ],
        "test distribution pct": [
            19.847812301838935,
            19.847812301838935,
            19.847812301838935,
            19.91122384273938,
            18.833227647431833,
            18.76981610653139
        ]
    },
    "metrics": {
        "macro_accuracy": 0.8848607047784718,
        "micro_accuracy": 0.8848607047784718,
        "accuracy_per_class": {
            "class13": 0.821775915236815,
            "class07": 0.904641416936823,
            "class01": 0.9531114098205108,
            "class14": 0.9141298331620147,
            "class18": 0.8718273108247016,
            "class10": 0.843678342689966
        },
        "macro_precision": 0.8614125919653352,
        "micro_precision": 0.8573290674250503,
        "precision_per_class": {
            "class13": 0.8787878787878788,
            "class07": 0.7637987012987013,
            "class01": 0.9389628269848554,
            "class14": 0.9206161137440758,
            "class18": 0.8067906224737268,
            "class10": 0.8595194085027726
        },
        "macro_recall": 0.48653775714352393,
        "micro_recall": 0.48991061755146265,
        "recall_per_class": {
            "class13": 0.11581469648562301,
            "class07": 0.7509976057462091,
            "class01": 0.816440542697526,
            "class14": 0.6201117318435754,
            "class18": 0.419327731092437,
            "class10": 0.19653423499577347
        },
        "macro_f1": 0.5747070425327573,
        "micro_f1": 0.6235187658896023,
        "f1_per_class": {
            "class13": 0.20465772759350742,
            "class07": 0.757344064386318,
            "class01": 0.8734258271077908,
            "class14": 0.7410586552217453,
            "class18": 0.5518385402267072,
            "class10": 0.31991744066047473
        },
        "MSE": 0.08382316678762436,
        "LogLoss": 1.1331300735473633,
        "AUNU": 0.9061915278434753,
        "micro_ROC-AUC": 0.905942976474762,
        "AUNP": 0.9065982699394226,
        "ROC-AUC_per_class_vs_rest": {
            "class13": 0.8040107335706427,
            "class07": 0.945160782842212,
            "class01": 0.9774128129369504,
            "class14": 0.9390434065628351,
            "class18": 0.9119982599058909,
            "class10": 0.8595232010924139
        }
    }
}