{
    "classification type": "multiclass",
    "class balance": "imbalanced",
    "dataset name": "stocks_imbalanced",
    "class names": [
        0,
        1,
        2,
        3,
        4,
        5,
        6,
        7,
        8,
        9,
        10,
        11,
        12,
        13,
        14,
        15,
        16,
        17,
        18,
        19
    ],
    "model name": "decision_tree",
    "index": 4,
    "cv fold": 2,
    "fold info": {
        "train distribution": 118372,
        "test distribution": 29584,
        "train distribution pct": 1009.1389599317988,
        "test distribution pct": 1009.0040927694407
    },
    "metrics": {
        "macro_accuracy": 0.9221857786178589,
        "micro_accuracy": 0.9221858978271484,
        "accuracy_per_class": {
            "0": 0.9560729265213013,
            "1": 0.9508866667747498,
            "2": 0.9495297074317932,
            "3": 0.9492526054382324,
            "4": 0.958431601524353,
            "5": 0.9510003328323364,
            "6": 0.9604635238647461,
            "7": 0.9965472221374512,
            "8": 0.9497144222259521,
            "9": 0.9500412344932556,
            "10": 0.9499062299728394,
            "11": 0.9556679725646973,
            "12": 0.9682429432868958,
            "13": 0.9503893256187439,
            "14": 0.9646267294883728,
            "15": 0.9498422741889954,
            "16": 0.981833815574646,
            "17": 0.22330841422080994,
            "18": 0.9780257940292358,
            "19": 0.9499346613883972
        },
        "macro_precision": 0.739189863204956,
        "micro_precision": 0.22185909748077393,
        "precision_per_class": {
            "0": 0.7230769395828247,
            "1": 0.8907103538513184,
            "2": 0.7916666865348816,
            "3": NaN,
            "4": 0.9800829887390137,
            "5": 0.9268292784690857,
            "6": 0.9966238737106323,
            "7": 0.0,
            "8": 1.0,
            "9": 0.9166666865348816,
            "10": 0.0,
            "11": 0.9359464645385742,
            "12": 0.9877909421920776,
            "13": 0.9354838728904724,
            "14": 0.9850746393203735,
            "15": 0.8396226167678833,
            "16": 0.9869281053543091,
            "17": 0.1491154283285141,
            "18": 0.9989880919456482,
            "19": 0.0
        },
        "macro_recall": 0.1426842361688614,
        "micro_recall": 0.22185909748077393,
        "recall_per_class": {
            "0": 0.007566001266241074,
            "1": 0.02310090698301792,
            "2": 0.005328098777681589,
            "3": 0.0,
            "4": 0.1685216873884201,
            "5": 0.021600114181637764,
            "6": 0.20977827906608582,
            "7": 0.0,
            "8": 0.0011289867106825113,
            "9": 0.01845637522637844,
            "10": 0.0,
            "11": 0.13688479363918304,
            "12": 0.3684360384941101,
            "13": 0.008242148905992508,
            "14": 0.08502024412155151,
            "15": 0.012478968128561974,
            "16": 0.22864930331707,
            "17": 0.9973958134651184,
            "18": 0.5610969066619873,
            "19": 0.0
        },
        "macro_f1": 0.15538746118545532,
        "micro_f1": 0.22185909748077393,
        "f1_per_class": {
            "0": 0.014975306577980518,
            "1": 0.04503384605050087,
            "2": 0.010584957897663116,
            "3": 0.0,
            "4": 0.2875928282737732,
            "5": 0.042216360569000244,
            "6": 0.3466009199619293,
            "7": 0.0,
            "8": 0.002255427185446024,
            "9": 0.03618421033024788,
            "10": 0.0,
            "11": 0.23883874714374542,
            "12": 0.5366915464401245,
            "13": 0.016340330243110657,
            "14": 0.15653057396411896,
            "15": 0.024592429399490356,
            "16": 0.3712810277938843,
            "17": 0.25944289565086365,
            "18": 0.7185879349708557,
            "19": 0.0
        },
        "Kappa": 0.10696729272603989,
        "MSE": 0.04290242865681648,
        "LogLoss": 2.6472480297088623,
        "AUNU": 0.5830965042114258,
        "micro_ROC-AUC": 0.6808526515960693,
        "AUNP": 0.5811702013015747,
        "AU1U": 0.5868923187922649,
        "AU1P": 0.5839280421045333,
        "ROC-AUC_per_class_vs_rest": {
            "0": 0.5459337503858398,
            "1": 0.5537344056607935,
            "2": 0.5483433590235989,
            "3": 0.5465280128060331,
            "4": 0.6101107533311129,
            "5": 0.5532660533492421,
            "6": 0.6285784577482549,
            "7": 0.5363443021852159,
            "8": 0.5443218574200905,
            "9": 0.552779508708898,
            "10": 0.5458141858389985,
            "11": 0.6010628667094389,
            "12": 0.7006624777432341,
            "13": 0.5492053368075643,
            "14": 0.5760174186857637,
            "15": 0.5490136572728546,
            "16": 0.6365729273389777,
            "17": 0.5499465312026967,
            "18": 0.7874940069000678,
            "19": 0.5462004118453363
        }
    }
}