{
    "classification type": "binary",
    "class balance": "imbalanced",
    "dataset name": "fake-news_imbalanced",
    "class names": [
        0,
        1
    ],
    "model name": "logistic_regression",
    "index": 1,
    "cv fold": 2,
    "fold info": {
        "train distribution": 287,
        "test distribution": 72,
        "train distribution pct": 1.5048238255033557,
        "test distribution pct": 1.5100671140939599
    },
    "metrics": {
        "macro_accuracy": 0.9988464713096619,
        "micro_accuracy": 0.9988464713096619,
        "accuracy_per_class": {
            "0": 0.9988464713096619,
            "1": 0.9988464713096619
        },
        "macro_precision": 0.9904569387435913,
        "micro_precision": 0.9988464713096619,
        "precision_per_class": {
            "0": 0.999095618724823,
            "1": 0.9818181991577148
        },
        "macro_recall": 0.9702501893043518,
        "micro_recall": 0.9988464713096619,
        "recall_per_class": {
            "0": 0.9997338056564331,
            "1": 0.9407665729522705
        },
        "macro_f1": 0.9801343679428101,
        "micro_f1": 0.9988464713096619,
        "f1_per_class": {
            "0": 0.9994146227836609,
            "1": 0.9608541131019592
        },
        "MSE": 0.0008573266095481813,
        "LogLoss": 0.0034246707800775766,
        "AUNU": 0.9999126195907593,
        "micro_ROC-AUC": 0.9999126195907593
    }
}