{
    "classification type": "multiclass",
    "class balance": "balanced",
    "dataset name": "dbpedia-ontology_balanced",
    "class names": [
        0,
        1,
        2,
        3,
        4,
        5,
        6
    ],
    "model name": "decision_tree",
    "index": 2,
    "cv fold": 1,
    "fold info": {
        "train distribution": 87360,
        "test distribution": 21840,
        "train distribution pct": 300.0,
        "test distribution pct": 300.0
    },
    "metrics": {
        "macro_accuracy": 0.9820696711540222,
        "micro_accuracy": 0.9820696711540222,
        "accuracy_per_class": {
            "0": 0.9731882810592651,
            "1": 0.9884132742881775,
            "2": 0.9759132862091064,
            "3": 0.9901321530342102,
            "4": 0.981998085975647,
            "5": 0.9848492741584778,
            "6": 0.9799933433532715
        },
        "macro_precision": 0.9372652173042297,
        "micro_precision": 0.9372438192367554,
        "precision_per_class": {
            "0": 0.9062435030937195,
            "1": 0.9598408341407776,
            "2": 0.9147694706916809,
            "3": 0.96713787317276,
            "4": 0.9366868138313293,
            "5": 0.9460335373878479,
            "6": 0.9301443099975586
        },
        "macro_recall": 0.9372437596321106,
        "micro_recall": 0.9372438192367554,
        "recall_per_class": {
            "0": 0.9060550928115845,
            "1": 0.9590176939964294,
            "2": 0.9168139100074768,
            "3": 0.9636694192886353,
            "4": 0.9373440742492676,
            "5": 0.9480249285697937,
            "6": 0.9297816753387451
        },
        "macro_f1": 0.9372537732124329,
        "micro_f1": 0.9372438192367554,
        "f1_per_class": {
            "0": 0.9061492681503296,
            "1": 0.9594290852546692,
            "2": 0.9157905578613281,
            "3": 0.9654005169868469,
            "4": 0.9370153546333313,
            "5": 0.9470282196998596,
            "6": 0.9299629330635071
        },
        "Kappa": 0.9267844557762146,
        "MSE": 0.016319291666150093,
        "LogLoss": 0.8445653319358826,
        "AUNU": 0.9634425640106201,
        "micro_ROC-AUC": 0.963515043258667,
        "AUNP": 0.9634425640106201,
        "AU1U": 0.9634425501418908,
        "AU1P": 0.9634425501418907,
        "ROC-AUC_per_class_vs_rest": {
            "0": 0.9481032405684011,
            "1": 0.9802425236787241,
            "2": 0.9464032823929198,
            "3": 0.9776562954173889,
            "4": 0.9623986777450428,
            "5": 0.9668468569208402,
            "6": 0.962446974269918
        }
    }
}