{
    "classification type": "multilabel",
    "class balance": "imbalanced",
    "dataset name": "scene_imbalanced",
    "class names": [
        "Mountain",
        "Field",
        "Urban",
        "Beach",
        "FallFoliage",
        "Sunset"
    ],
    "model name": "logistic_regression",
    "index": 3,
    "cv fold": 4,
    "fold info": {
        "train distribution": [
            426,
            346,
            345,
            342,
            313,
            105
        ],
        "test distribution": [
            107,
            86,
            86,
            85,
            78,
            27
        ],
        "train distribution pct": [
            24.454649827784156,
            19.862227324913892,
            19.804822043628015,
            19.63260619977038,
            17.96785304247991,
            6.027554535017222
        ],
        "test distribution pct": [
            25.05854800936768,
            20.140515222482435,
            20.140515222482435,
            19.906323185011708,
            18.26697892271663,
            6.323185011709602
        ]
    },
    "metrics": {
        "macro_accuracy": 0.8783233440909789,
        "micro_accuracy": 0.8783233440909789,
        "accuracy_per_class": {
            "Mountain": 0.7818118948824343,
            "Field": 0.9155140617796219,
            "Urban": 0.8357538035961273,
            "Beach": 0.8584601198709082,
            "FallFoliage": 0.9022591055786077,
            "Sunset": 0.9761410788381742
        },
        "macro_precision": 0.6958454469056669,
        "micro_precision": 0.6702388926099576,
        "precision_per_class": {
            "Mountain": 0.5622720166753518,
            "Field": 0.7911059098888239,
            "Urban": 0.5913255956017105,
            "Beach": 0.6451027811366384,
            "FallFoliage": 0.7245922208281054,
            "Sunset": 0.8606741573033708
        },
        "macro_recall": 0.6564278306003034,
        "micro_recall": 0.6398124467178176,
        "recall_per_class": {
            "Mountain": 0.5060975609756098,
            "Field": 0.7824074074074074,
            "Urban": 0.5614849187935035,
            "Beach": 0.6247072599531616,
            "FallFoliage": 0.7384910485933504,
            "Sunset": 0.7253787878787878
        },
        "macro_f1": 0.6748220639072371,
        "micro_f1": 0.6546723367135536,
        "f1_per_class": {
            "Mountain": 0.532707973339916,
            "Field": 0.7867326156531859,
            "Urban": 0.5760190419518001,
            "Beach": 0.6347412254610351,
            "FallFoliage": 0.7314756174794174,
            "Sunset": 0.7872559095580678
        },
        "MSE": 0.0938689187169075,
        "LogLoss": 0.38443639874458313,
        "AUNU": 0.894413411617279,
        "micro_ROC-AUC": 0.9062637090682983,
        "AUNP": 0.8818629384040833,
        "ROC-AUC_per_class_vs_rest": {
            "Mountain": 0.7963631308573054,
            "Field": 0.9467693374325679,
            "Urban": 0.8437577178211081,
            "Beach": 0.8880300409768846,
            "FallFoliage": 0.9376453722536601,
            "Sunset": 0.9539148387408696
        }
    }
}