{
    "classification type": "binary",
    "class balance": "imbalanced",
    "dataset name": "philippine_imbalanced",
    "class names": [
        0,
        1
    ],
    "model name": "knn",
    "index": 3,
    "cv fold": 0,
    "fold info": {
        "train distribution": 205,
        "test distribution": 51,
        "train distribution pct": 12.804497189256715,
        "test distribution pct": 12.718204488778055
    },
    "metrics": {
        "macro_accuracy": 0.864917516708374,
        "micro_accuracy": 0.864917516708374,
        "accuracy_per_class": {
            "0": 0.864917516708374,
            "1": 0.864917516708374
        },
        "macro_precision": 0.6792102456092834,
        "micro_precision": 0.864917516708374,
        "precision_per_class": {
            "0": 0.9018915295600891,
            "1": 0.4565289318561554
        },
        "macro_recall": 0.6223407983779907,
        "micro_recall": 0.864917516708374,
        "recall_per_class": {
            "0": 0.9482660889625549,
            "1": 0.2964155375957489
        },
        "macro_f1": 0.6419728994369507,
        "micro_f1": 0.864917516708374,
        "f1_per_class": {
            "0": 0.9244976043701172,
            "1": 0.3594481945037842
        },
        "MSE": 0.11921384930610657,
        "LogLoss": 5.688377857208252,
        "AUNU": 0.6829161643981934,
        "micro_ROC-AUC": 0.6829161643981934
    }
}