{
    "classification type": "multiclass",
    "class balance": "imbalanced",
    "dataset name": "volkert_imbalanced",
    "class names": [
        3,
        6,
        4,
        5,
        1,
        2,
        7,
        9,
        8,
        0
    ],
    "model name": "logistic_regression",
    "index": 1,
    "cv fold": 3,
    "fold info": {
        "train distribution": 35787,
        "test distribution": 8944,
        "train distribution pct": 448.23396793587176,
        "test distribution pct": 448.0961923847695
    },
    "metrics": {
        "macro_accuracy": 0.9135271310806274,
        "micro_accuracy": 0.9135270714759827,
        "accuracy_per_class": {
            "3": 0.9905923008918762,
            "6": 0.9658762216567993,
            "4": 0.8587731122970581,
            "5": 0.8240369558334351,
            "1": 0.863115131855011,
            "2": 0.7944778203964233,
            "7": 0.9408261179924011,
            "9": 0.962146520614624,
            "8": 0.9960476756095886,
            "0": 0.9393787384033203
        },
        "macro_precision": 0.4598022401332855,
        "micro_precision": 0.5676352977752686,
        "precision_per_class": {
            "3": 0.032258063554763794,
            "6": 0.4795081913471222,
            "4": 0.5073130130767822,
            "5": 0.5370765328407288,
            "1": 0.5263158082962036,
            "2": 0.49602869153022766,
            "7": 0.5395763516426086,
            "9": 0.8447340130805969,
            "8": 0.10526315867900848,
            "0": 0.5299492478370667
        },
        "macro_recall": 0.4184141159057617,
        "micro_recall": 0.5676352977752686,
        "recall_per_class": {
            "3": 0.0071428571827709675,
            "6": 0.19402985274791718,
            "4": 0.472006231546402,
            "5": 0.6525619029998779,
            "1": 0.5094558000564575,
            "2": 0.5288172364234924,
            "7": 0.4268077611923218,
            "9": 0.9029013514518738,
            "8": 0.0357142873108387,
            "0": 0.45470383763313293
        },
        "macro_f1": 0.42880964279174805,
        "micro_f1": 0.5676352977752686,
        "f1_per_class": {
            "3": 0.011695906519889832,
            "6": 0.27626919746398926,
            "4": 0.4890231490135193,
            "5": 0.5892137885093689,
            "1": 0.5177485942840576,
            "2": 0.5118984580039978,
            "7": 0.47661250829696655,
            "9": 0.8728496432304382,
            "8": 0.0533333346247673,
            "0": 0.48945146799087524
        },
        "Kappa": 0.4863872528076172,
        "MSE": 0.05717240646481514,
        "LogLoss": 1.2202612161636353,
        "AUNU": 0.8550805449485779,
        "micro_ROC-AUC": 0.918851375579834,
        "AUNP": 0.8717783689498901,
        "AU1U": 0.8478013803647755,
        "AU1P": 0.8544212201672533,
        "ROC-AUC_per_class_vs_rest": {
            "3": 0.7066463355988715,
            "6": 0.8775790612821116,
            "4": 0.8549767223707736,
            "5": 0.8649893440893667,
            "1": 0.8587259065658254,
            "2": 0.8083265138284015,
            "7": 0.8891765460392911,
            "9": 0.9899322508034581,
            "8": 0.8013926337789974,
            "0": 0.899060299507355
        }
    }
}