{
    "classification type": "multilabel",
    "class balance": "balanced",
    "dataset name": "emotions_trimmed",
    "class names": [
        "angry-aggresive",
        "relaxing-calm",
        "amazed-suprised",
        "happy-pleased",
        "quiet-still",
        "sad-lonely"
    ],
    "model name": "knn",
    "index": 0,
    "cv fold": 1,
    "fold info": {
        "train distribution": [
            143,
            142,
            133,
            119,
            119,
            117
        ],
        "test distribution": [
            36,
            35,
            33,
            29,
            29,
            29
        ],
        "train distribution pct": [
            35.66084788029925,
            35.41147132169576,
            33.16708229426434,
            29.67581047381546,
            29.67581047381546,
            29.177057356608476
        ],
        "test distribution pct": [
            36.36363636363637,
            35.35353535353536,
            33.33333333333333,
            29.292929292929294,
            29.292929292929294,
            29.292929292929294
        ]
    },
    "metrics": {
        "macro_accuracy": 0.7805026607680965,
        "micro_accuracy": 0.7805026607680964,
        "accuracy_per_class": {
            "angry-aggresive": 0.7795729948066936,
            "relaxing-calm": 0.7409117137911136,
            "amazed-suprised": 0.7328332371609925,
            "happy-pleased": 0.7211002115791498,
            "quiet-still": 0.8972879399884593,
            "sad-lonely": 0.8113098672821697
        },
        "macro_precision": 0.6784356484583812,
        "micro_precision": 0.6854076752595357,
        "precision_per_class": {
            "angry-aggresive": 0.6995540691192865,
            "relaxing-calm": 0.6456367924528302,
            "amazed-suprised": 0.6167706167706167,
            "happy-pleased": 0.5471898197242842,
            "quiet-still": 0.8434723171565277,
            "sad-lonely": 0.7179902755267423
        },
        "macro_recall": 0.584135913299639,
        "micro_recall": 0.5860762018751247,
        "recall_per_class": {
            "angry-aggresive": 0.6740064446831364,
            "relaxing-calm": 0.594785442694188,
            "amazed-suprised": 0.5156431054461182,
            "happy-pleased": 0.33528265107212474,
            "quiet-still": 0.801819363222872,
            "sad-lonely": 0.5832784726793944
        },
        "macro_f1": 0.6248294340944419,
        "micro_f1": 0.6318619280606484,
        "f1_per_class": {
            "angry-aggresive": 0.686542669584245,
            "relaxing-calm": 0.6191687871077184,
            "amazed-suprised": 0.5616913852950458,
            "happy-pleased": 0.41579371474617244,
            "quiet-still": 0.8221185876082612,
            "sad-lonely": 0.6436614602252089
        },
        "MSE": 0.16877271234989166,
        "LogLoss": 5.57589054107666,
        "AUNU": 0.7851262092590332,
        "micro_ROC-AUC": 0.7951200604438782,
        "AUNP": 0.7846623063087463,
        "ROC-AUC_per_class_vs_rest": {
            "angry-aggresive": 0.8026645716564625,
            "relaxing-calm": 0.7765435829182358,
            "amazed-suprised": 0.7449466985675626,
            "happy-pleased": 0.6834703891889207,
            "quiet-still": 0.9074864985779568,
            "sad-lonely": 0.7956453759624467
        }
    }
}