{
    "classification type": "multiclass",
    "class balance": "balanced",
    "dataset name": "gas-drift_balanced",
    "class names": [
        2,
        0,
        4,
        3,
        1
    ],
    "model name": "random_forest",
    "index": 4,
    "cv fold": 1,
    "fold info": {
        "train distribution": 2600,
        "test distribution": 650,
        "train distribution pct": 200.0,
        "test distribution pct": 200.0
    },
    "metrics": {
        "macro_accuracy": 0.9940683245658875,
        "micro_accuracy": 0.9940683841705322,
        "accuracy_per_class": {
            "2": 0.9971795082092285,
            "0": 0.9968803524971008,
            "4": 0.9919658303260803,
            "3": 0.9896153807640076,
            "1": 0.9947008490562439
        },
        "macro_precision": 0.9851911664009094,
        "micro_precision": 0.9851709604263306,
        "precision_per_class": {
            "2": 0.9935815334320068,
            "0": 0.9912561178207397,
            "4": 0.9861471652984619,
            "3": 0.971319317817688,
            "1": 0.9836518168449402
        },
        "macro_recall": 0.9851709604263306,
        "micro_recall": 0.9851709604263306,
        "recall_per_class": {
            "2": 0.9923076629638672,
            "0": 0.9931623935699463,
            "4": 0.9735042452812195,
            "3": 0.9769230484962463,
            "1": 0.9899572730064392
        },
        "macro_f1": 0.9851690530776978,
        "micro_f1": 0.9851709604263306,
        "f1_per_class": {
            "2": 0.9929441809654236,
            "0": 0.9922083616256714,
            "4": 0.9797849655151367,
            "3": 0.9741131067276001,
            "1": 0.9867944717407227
        },
        "Kappa": 0.9814637303352356,
        "MSE": 0.0056151836179196835,
        "LogLoss": 0.2104223370552063,
        "AUNU": 0.9920280575752258,
        "micro_ROC-AUC": 0.9921172261238098,
        "AUNP": 0.9920280575752258,
        "AU1U": 0.9920280745489081,
        "AU1P": 0.992028074548908,
        "ROC-AUC_per_class_vs_rest": {
            "2": 0.9950620879447002,
            "0": 0.9940790392833663,
            "4": 0.9897059968313976,
            "3": 0.9886457762619623,
            "1": 0.9926474724231135
        }
    }
}