{
    "classification type": "binary",
    "class balance": "imbalanced",
    "dataset name": "santander-customer-satisfaction_imbalanced",
    "class names": [
        0,
        1
    ],
    "model name": "knn",
    "index": 4,
    "cv fold": 3,
    "fold info": {
        "train distribution": 318,
        "test distribution": 80,
        "train distribution pct": 0.8585313174946004,
        "test distribution pct": 0.8639308855291578
    },
    "metrics": {
        "macro_accuracy": 0.988682746887207,
        "micro_accuracy": 0.988682746887207,
        "accuracy_per_class": {
            "0": 0.988682746887207,
            "1": 0.988682746887207
        },
        "macro_precision": 0.5127359628677368,
        "micro_precision": 0.988682746887207,
        "precision_per_class": {
            "0": 0.991478681564331,
            "1": 0.033993277698755264
        },
        "macro_recall": 0.5043514370918274,
        "micro_recall": 0.988682746887207,
        "recall_per_class": {
            "0": 0.9971546530723572,
            "1": 0.011548222973942757
        },
        "macro_f1": 0.5057741403579712,
        "micro_f1": 0.988682746887207,
        "f1_per_class": {
            "0": 0.994308590888977,
            "1": 0.01723974570631981
        },
        "MSE": 0.011338821612298489,
        "LogLoss": 0.7688307762145996,
        "AUNU": 0.5751649737358093,
        "micro_ROC-AUC": 0.5751649737358093
    }
}