{
    "classification type": "multiclass",
    "class balance": "balanced",
    "dataset name": "nyt-comments-april17_balanced",
    "class names": [
        0,
        1,
        2,
        3,
        4,
        5
    ],
    "model name": "knn",
    "index": 1,
    "cv fold": 3,
    "fold info": {
        "train distribution": 15707,
        "test distribution": 3925,
        "train distribution pct": 250.63028562310515,
        "test distribution pct": 250.63856960408683
    },
    "metrics": {
        "macro_accuracy": 0.8352470397949219,
        "micro_accuracy": 0.8352470397949219,
        "accuracy_per_class": {
            "0": 0.8243626356124878,
            "1": 0.8720695972442627,
            "2": 0.8153881430625916,
            "3": 0.8216649293899536,
            "4": 0.8773053884506226,
            "5": 0.800691545009613
        },
        "macro_precision": 0.5011090636253357,
        "micro_precision": 0.5057411193847656,
        "precision_per_class": {
            "0": 0.4794393479824066,
            "1": 0.6057764291763306,
            "2": 0.39820969104766846,
            "3": 0.4734172821044922,
            "4": 0.6441169381141663,
            "5": 0.4056946337223053
        },
        "macro_recall": 0.5038966536521912,
        "micro_recall": 0.5057411193847656,
        "recall_per_class": {
            "0": 0.4647500813007355,
            "1": 0.6945469379425049,
            "2": 0.3624609708786011,
            "3": 0.5043674111366272,
            "4": 0.6100679636001587,
            "5": 0.38718676567077637
        },
        "macro_f1": 0.5016441345214844,
        "micro_f1": 0.5057411193847656,
        "f1_per_class": {
            "0": 0.4719804525375366,
            "1": 0.6471315622329712,
            "2": 0.3794952929019928,
            "3": 0.48840251564979553,
            "4": 0.6266303062438965,
            "5": 0.3962246775627136
        },
        "Kappa": 0.4066568613052368,
        "MSE": 0.12521296739578247,
        "LogLoss": 4.808884143829346,
        "AUNU": 0.7409036755561829,
        "micro_ROC-AUC": 0.7446525692939758,
        "AUNP": 0.7415559887886047,
        "AU1U": 0.7406304468770546,
        "AU1P": 0.7410261253464261,
        "ROC-AUC_per_class_vs_rest": {
            "0": 0.7101834001015653,
            "1": 0.8331817534823998,
            "2": 0.690782255672777,
            "3": 0.7251793146147189,
            "4": 0.8018563335788711,
            "5": 0.6842391081440861
        }
    }
}