{
    "classification type": "multiclass",
    "class balance": "balanced",
    "dataset name": "mfeat-karhunen_balanced",
    "class names": [
        0,
        1,
        2,
        3
    ],
    "model name": "random_forest",
    "index": 0,
    "cv fold": 4,
    "fold info": {
        "train distribution": 576,
        "test distribution": 144,
        "train distribution pct": 150.0,
        "test distribution pct": 150.0
    },
    "metrics": {
        "macro_accuracy": 0.9809659123420715,
        "micro_accuracy": 0.9809659123420715,
        "accuracy_per_class": {
            "0": 0.9846590757369995,
            "1": 0.9785984754562378,
            "2": 0.9821969866752625,
            "3": 0.9784091114997864
        },
        "macro_precision": 0.9620498418807983,
        "micro_precision": 0.9619318246841431,
        "precision_per_class": {
            "0": 0.9732620120048523,
            "1": 0.948698878288269,
            "2": 0.9595202207565308,
            "3": 0.9667182564735413
        },
        "macro_recall": 0.9619317650794983,
        "micro_recall": 0.9619318246841431,
        "recall_per_class": {
            "0": 0.9651514887809753,
            "1": 0.9666666388511658,
            "2": 0.9696969985961914,
            "3": 0.946212112903595
        },
        "macro_f1": 0.9619313478469849,
        "micro_f1": 0.9619318246841431,
        "f1_per_class": {
            "0": 0.9691898226737976,
            "1": 0.9575985074043274,
            "2": 0.9645817875862122,
            "3": 0.9563552737236023
        },
        "Kappa": 0.9492424130439758,
        "MSE": 0.019620487466454506,
        "LogLoss": 0.6608354449272156,
        "AUNU": 0.9692167639732361,
        "micro_ROC-AUC": 0.9692555665969849,
        "AUNP": 0.9692167639732361,
        "AU1U": 0.9692167412764005,
        "AU1P": 0.9692167412764005,
        "ROC-AUC_per_class_vs_rest": {
            "0": 0.9744388965411693,
            "1": 0.965556512090603,
            "2": 0.9725555746862563,
            "3": 0.9643159817875727
        }
    }
}