{
    "classification type": "multilabel",
    "class balance": "balanced",
    "dataset name": "emotions_balanced",
    "class names": [
        "angry-aggresive",
        "amazed-suprised",
        "sad-lonely",
        "happy-pleased"
    ],
    "model name": "knn",
    "index": 0,
    "cv fold": 2,
    "fold info": {
        "train distribution": [
            151,
            139,
            134,
            133
        ],
        "test distribution": [
            38,
            34,
            34,
            33
        ],
        "train distribution pct": [
            36.385542168674704,
            33.49397590361446,
            32.28915662650602,
            32.04819277108434
        ],
        "test distribution pct": [
            37.62376237623762,
            33.663366336633665,
            33.663366336633665,
            32.67326732673268
        ]
    },
    "metrics": {
        "macro_accuracy": 0.7779605263157895,
        "micro_accuracy": 0.7779605263157895,
        "accuracy_per_class": {
            "angry-aggresive": 0.7960526315789473,
            "amazed-suprised": 0.7532894736842105,
            "sad-lonely": 0.8157894736842105,
            "happy-pleased": 0.7467105263157895
        },
        "macro_precision": 0.7672881430742693,
        "micro_precision": 0.7670250896057348,
        "precision_per_class": {
            "angry-aggresive": 0.8170731707317073,
            "amazed-suprised": 0.6883116883116883,
            "sad-lonely": 0.8688524590163934,
            "happy-pleased": 0.6949152542372882
        },
        "macro_recall": 0.5080217895271308,
        "micro_recall": 0.5107398568019093,
        "recall_per_class": {
            "angry-aggresive": 0.5877192982456141,
            "amazed-suprised": 0.5096153846153846,
            "sad-lonely": 0.5247524752475248,
            "happy-pleased": 0.41
        },
        "macro_f1": 0.6098382716495875,
        "micro_f1": 0.6131805157593123,
        "f1_per_class": {
            "angry-aggresive": 0.6836734693877551,
            "amazed-suprised": 0.585635359116022,
            "sad-lonely": 0.654320987654321,
            "happy-pleased": 0.5157232704402516
        },
        "MSE": 0.15130756795406342,
        "LogLoss": 1.4871997833251953,
        "AUNU": 0.8315451741218567,
        "micro_ROC-AUC": 0.8388093113899231,
        "AUNP": 0.8338605761528015,
        "ROC-AUC_per_class_vs_rest": {
            "angry-aggresive": 0.9042705447830102,
            "amazed-suprised": 0.8140384615384617,
            "sad-lonely": 0.8535580159001122,
            "happy-pleased": 0.754313725490196
        }
    }
}