{
    "classification type": "multiclass",
    "class balance": "imbalanced",
    "dataset name": "volkert_imbalanced",
    "class names": [
        3,
        6,
        4,
        5,
        1,
        2,
        7,
        9,
        8,
        0
    ],
    "model name": "knn",
    "index": 3,
    "cv fold": 1,
    "fold info": {
        "train distribution": 35783,
        "test distribution": 8948,
        "train distribution pct": 448.1838677354709,
        "test distribution pct": 448.2965931863728
    },
    "metrics": {
        "macro_accuracy": 0.9143384695053101,
        "micro_accuracy": 0.9143384695053101,
        "accuracy_per_class": {
            "3": 0.9891631007194519,
            "6": 0.9640857577323914,
            "4": 0.8541539311408997,
            "5": 0.8288533687591553,
            "1": 0.8738890886306763,
            "2": 0.7993160486221313,
            "7": 0.9455922842025757,
            "9": 0.9542236924171448,
            "8": 0.9959266185760498,
            "0": 0.938180685043335
        },
        "macro_precision": 0.4578429162502289,
        "micro_precision": 0.5716922879219055,
        "precision_per_class": {
            "3": 0.02397260256111622,
            "6": 0.4489215314388275,
            "4": 0.49108120799064636,
            "5": 0.548861026763916,
            "1": 0.5638167262077332,
            "2": 0.5077362656593323,
            "7": 0.587687611579895,
            "9": 0.8212782740592957,
            "8": 0.06403940916061401,
            "0": 0.5210348963737488
        },
        "macro_recall": 0.42964786291122437,
        "micro_recall": 0.5716922879219055,
        "recall_per_class": {
            "3": 0.00976290088146925,
            "6": 0.3072679936885834,
            "4": 0.5109530687332153,
            "5": 0.6459224820137024,
            "1": 0.5538938045501709,
            "2": 0.5032864809036255,
            "7": 0.4628191888332367,
            "9": 0.8715085983276367,
            "8": 0.022767074406147003,
            "0": 0.4082971215248108
        },
        "macro_f1": 0.4392184317111969,
        "micro_f1": 0.5716922879219055,
        "f1_per_class": {
            "3": 0.013875124044716358,
            "6": 0.36482712626457214,
            "4": 0.5008201003074646,
            "5": 0.5934492349624634,
            "1": 0.5588111877441406,
            "2": 0.5055015683174133,
            "7": 0.5178321599960327,
            "9": 0.8456481695175171,
            "8": 0.03359173238277435,
            "0": 0.4578278660774231
        },
        "Kappa": 0.49249425530433655,
        "MSE": 0.06724036484956741,
        "LogLoss": 4.096134662628174,
        "AUNU": 0.7723276615142822,
        "micro_ROC-AUC": 0.8356981873512268,
        "AUNP": 0.8040121793746948,
        "AU1U": 0.7649418492968162,
        "AU1P": 0.7801098656488916,
        "ROC-AUC_per_class_vs_rest": {
            "3": 0.5819657983774544,
            "6": 0.7947764366129264,
            "4": 0.7791444610001247,
            "5": 0.8014518481260089,
            "1": 0.8014764497459971,
            "2": 0.7417084037037277,
            "7": 0.8152142488289352,
            "9": 0.9401897006844299,
            "8": 0.674847610680834,
            "0": 0.7925013801074612
        }
    }
}