{
    "classification type": "multilabel",
    "class balance": "balanced",
    "dataset name": "yeast_balanced",
    "class names": [
        "Class1",
        "Class2",
        "Class3",
        "Class4",
        "Class5"
    ],
    "model name": "logistic_regression",
    "index": 0,
    "cv fold": 3,
    "fold info": {
        "train distribution": [
            520,
            556,
            520,
            556,
            523
        ],
        "test distribution": [
            130,
            139,
            130,
            139,
            130
        ],
        "train distribution pct": [
            40.21655065738592,
            43.00077339520495,
            40.21655065738592,
            43.00077339520495,
            40.448569218870844
        ],
        "test distribution pct": [
            39.1566265060241,
            41.86746987951807,
            39.1566265060241,
            41.86746987951807,
            39.1566265060241
        ]
    },
    "metrics": {
        "macro_accuracy": 0.7135384615384615,
        "micro_accuracy": 0.7135384615384616,
        "accuracy_per_class": {
            "Class1": 0.7453846153846154,
            "Class2": 0.6507692307692308,
            "Class3": 0.7284615384615385,
            "Class4": 0.7469230769230769,
            "Class5": 0.6961538461538461
        },
        "macro_precision": 0.6656708348455969,
        "micro_precision": 0.6665299425758818,
        "precision_per_class": {
            "Class1": 0.702355460385439,
            "Class2": 0.6032388663967612,
            "Class3": 0.6721649484536083,
            "Class4": 0.7097966728280961,
            "Class5": 0.6407982261640798
        },
        "macro_recall": 0.6075901718943147,
        "micro_recall": 0.6077038145100973,
        "recall_per_class": {
            "Class1": 0.6307692307692307,
            "Class2": 0.5359712230215827,
            "Class3": 0.6269230769230769,
            "Class4": 0.6906474820143885,
            "Class5": 0.553639846743295
        },
        "macro_f1": 0.6350291605825695,
        "micro_f1": 0.6357589984350548,
        "f1_per_class": {
            "Class1": 0.6646403242147924,
            "Class2": 0.5676190476190476,
            "Class3": 0.6487562189054726,
            "Class4": 0.7000911577028259,
            "Class5": 0.5940390544707091
        },
        "MSE": 0.19264933466911316,
        "LogLoss": 0.5762237906455994,
        "AUNU": 0.7651084065437317,
        "micro_ROC-AUC": 0.7700485587120056,
        "AUNP": 0.764778196811676,
        "ROC-AUC_per_class_vs_rest": {
            "Class1": 0.7974211045364891,
            "Class2": 0.6891704378432737,
            "Class3": 0.7917406311637081,
            "Class4": 0.8185435522549701,
            "Class5": 0.7286661938953403
        }
    }
}