{
    "classification type": "multiclass",
    "class balance": "imbalanced",
    "dataset name": "ag-news_imbalanced",
    "class names": [
        0,
        1,
        2,
        3
    ],
    "model name": "decision_tree",
    "index": 3,
    "cv fold": 0,
    "fold info": {
        "train distribution": 3674,
        "test distribution": 920,
        "train distribution pct": 93.50979893102571,
        "test distribution pct": 93.5910478128179
    },
    "metrics": {
        "macro_accuracy": 0.8998112678527832,
        "micro_accuracy": 0.899811327457428,
        "accuracy_per_class": {
            "0": 0.8595297932624817,
            "1": 0.9130067825317383,
            "2": 0.9015864133834839,
            "3": 0.9251222610473633
        },
        "macro_precision": 0.7632794380187988,
        "micro_precision": 0.799622654914856,
        "precision_per_class": {
            "0": 0.8283653259277344,
            "1": 0.8434019684791565,
            "2": 0.6710551381111145,
            "3": 0.7102954983711243
        },
        "macro_recall": 0.7427814602851868,
        "micro_recall": 0.799622654914856,
        "recall_per_class": {
            "0": 0.8657428026199341,
            "1": 0.8584678769111633,
            "2": 0.6109084486961365,
            "3": 0.6360065937042236
        },
        "macro_f1": 0.7520455718040466,
        "micro_f1": 0.799622654914856,
        "f1_per_class": {
            "0": 0.8466417193412781,
            "1": 0.8508682250976562,
            "2": 0.6395708322525024,
            "3": 0.6711013913154602
        },
        "Kappa": 0.7026063799858093,
        "MSE": 0.08807902038097382,
        "LogLoss": 2.5543320178985596,
        "AUNU": 0.8425685167312622,
        "micro_ROC-AUC": 0.8695875406265259,
        "AUNP": 0.8569013476371765,
        "AU1U": 0.8355622770580945,
        "AU1P": 0.8447063608721139,
        "ROC-AUC_per_class_vs_rest": {
            "0": 0.8630129008695996,
            "1": 0.8938442716844407,
            "2": 0.7973267396169027,
            "3": 0.8160901046973491
        }
    }
}