{
    "classification type": "binary",
    "class balance": "imbalanced",
    "dataset name": "philippine_imbalanced",
    "class names": [
        0,
        1
    ],
    "model name": "decision_tree",
    "index": 3,
    "cv fold": 3,
    "fold info": {
        "train distribution": 205,
        "test distribution": 51,
        "train distribution pct": 12.796504369538079,
        "test distribution pct": 12.75
    },
    "metrics": {
        "macro_accuracy": 0.8477693200111389,
        "micro_accuracy": 0.8477693200111389,
        "accuracy_per_class": {
            "0": 0.8477693200111389,
            "1": 0.8477693200111389
        },
        "macro_precision": 0.6465848088264465,
        "micro_precision": 0.8477693200111389,
        "precision_per_class": {
            "0": 0.9042519330978394,
            "1": 0.3889176547527313
        },
        "macro_recall": 0.6282677054405212,
        "micro_recall": 0.8477693200111389,
        "recall_per_class": {
            "0": 0.9232020974159241,
            "1": 0.3333333432674408
        },
        "macro_f1": 0.6363077163696289,
        "micro_f1": 0.8477693200111389,
        "f1_per_class": {
            "0": 0.9136287569999695,
            "1": 0.35898661613464355
        },
        "MSE": 0.1360727846622467,
        "LogLoss": 7.456899642944336,
        "AUNU": 0.6593842506408691,
        "micro_ROC-AUC": 0.6593842506408691
    }
}