{
    "classification type": "multilabel",
    "class balance": "balanced",
    "dataset name": "yeast_balanced",
    "class names": [
        "Class1",
        "Class2",
        "Class3",
        "Class4",
        "Class5"
    ],
    "model name": "knn",
    "index": 4,
    "cv fold": 2,
    "fold info": {
        "train distribution": [
            520,
            556,
            520,
            556,
            522
        ],
        "test distribution": [
            130,
            139,
            130,
            139,
            131
        ],
        "train distribution pct": [
            39.78576893649579,
            42.54016832440704,
            39.78576893649579,
            42.54016832440704,
            39.938791124713084
        ],
        "test distribution pct": [
            40.88050314465409,
            43.710691823899374,
            40.88050314465409,
            43.710691823899374,
            41.19496855345912
        ]
    },
    "metrics": {
        "macro_accuracy": 0.7188177076367527,
        "micro_accuracy": 0.7188177076367527,
        "accuracy_per_class": {
            "Class1": 0.7317105791092684,
            "Class2": 0.674200882706968,
            "Class3": 0.717801257188712,
            "Class4": 0.7363916009094557,
            "Class5": 0.7339842182693593
        },
        "macro_precision": 0.7163749247591826,
        "micro_precision": 0.7127240926978574,
        "precision_per_class": {
            "Class1": 0.7840646651270208,
            "Class2": 0.6591384358009201,
            "Class3": 0.706961429915334,
            "Class4": 0.7350460122699386,
            "Class5": 0.6966640806826998
        },
        "macro_recall": 0.5295023170969371,
        "micro_recall": 0.5300123561162775,
        "recall_per_class": {
            "Class1": 0.45418060200668897,
            "Class2": 0.4929621520175164,
            "Class3": 0.5026755852842809,
            "Class4": 0.5996246481076009,
            "Class5": 0.598068598068598
        },
        "macro_f1": 0.6061783297690273,
        "micro_f1": 0.6079367447411607,
        "f1_per_class": {
            "Class1": 0.5751800084709868,
            "Class2": 0.5640658554044381,
            "Class3": 0.5875684128225176,
            "Class4": 0.6604651162790698,
            "Class5": 0.643612255868124
        },
        "MSE": 0.18785260617733002,
        "LogLoss": 1.6568408012390137,
        "AUNU": 0.7766818404197693,
        "micro_ROC-AUC": 0.7764219045639038,
        "AUNP": 0.7764831781387329,
        "ROC-AUC_per_class_vs_rest": {
            "Class1": 0.7847133636898271,
            "Class2": 0.72364665764341,
            "Class3": 0.7840832266831046,
            "Class4": 0.8150036614349316,
            "Class5": 0.7759623776610812
        }
    }
}