{
    "classification type": "binary",
    "class balance": "balanced",
    "dataset name": "philippine_balanced",
    "class names": [
        0,
        1
    ],
    "model name": "random_forest",
    "index": 1,
    "cv fold": 4,
    "fold info": {
        "train distribution": 882,
        "test distribution": 221,
        "train distribution pct": 49.97167138810198,
        "test distribution pct": 50.11337868480725
    },
    "metrics": {
        "macro_accuracy": 0.6845723986625671,
        "micro_accuracy": 0.6845723986625671,
        "accuracy_per_class": {
            "0": 0.6845723986625671,
            "1": 0.6845723986625671
        },
        "macro_precision": 0.6847120523452759,
        "micro_precision": 0.6845723986625671,
        "precision_per_class": {
            "0": 0.6796323657035828,
            "1": 0.6897917985916138
        },
        "macro_recall": 0.6845723986625671,
        "micro_recall": 0.6845723986625671,
        "recall_per_class": {
            "0": 0.6983227729797363,
            "1": 0.670822024345398
        },
        "macro_f1": 0.684512734413147,
        "micro_f1": 0.6845723986625671,
        "f1_per_class": {
            "0": 0.6888508200645447,
            "1": 0.6801746487617493
        },
        "MSE": 0.2598295211791992,
        "LogLoss": 14.935394287109375,
        "AUNU": 0.693690299987793,
        "micro_ROC-AUC": 0.693690299987793
    }
}