{
    "classification type": "multiclass",
    "class balance": "balanced",
    "dataset name": "nyt-comments-april17_balanced",
    "class names": [
        0,
        1,
        2,
        3,
        4,
        5
    ],
    "model name": "knn",
    "index": 0,
    "cv fold": 2,
    "fold info": {
        "train distribution": 15704,
        "test distribution": 3928,
        "train distribution pct": 250.62240663900414,
        "test distribution pct": 250.67007019783026
    },
    "metrics": {
        "macro_accuracy": 0.8403002619743347,
        "micro_accuracy": 0.8403002619743347,
        "accuracy_per_class": {
            "0": 0.8311974406242371,
            "1": 0.8798896670341492,
            "2": 0.8203951120376587,
            "3": 0.8267701268196106,
            "4": 0.8810108304023743,
            "5": 0.8025385737419128
        },
        "macro_precision": 0.5153076648712158,
        "micro_precision": 0.5209008455276489,
        "precision_per_class": {
            "0": 0.5003320574760437,
            "1": 0.6264477372169495,
            "2": 0.4141283333301544,
            "3": 0.48753780126571655,
            "4": 0.6504551768302917,
            "5": 0.4129447638988495
        },
        "macro_recall": 0.5189521908760071,
        "micro_recall": 0.5209008455276489,
        "recall_per_class": {
            "0": 0.47451549768447876,
            "1": 0.7154763340950012,
            "2": 0.36932533979415894,
            "3": 0.5159522891044617,
            "4": 0.6375230550765991,
            "5": 0.4009205400943756
        },
        "macro_f1": 0.5162745714187622,
        "micro_f1": 0.5209008455276489,
        "f1_per_class": {
            "0": 0.48708194494247437,
            "1": 0.6680088043212891,
            "2": 0.3904457688331604,
            "3": 0.5013427734375,
            "4": 0.6439241766929626,
            "5": 0.40684381127357483
        },
        "Kappa": 0.42483004927635193,
        "MSE": 0.12390585988759995,
        "LogLoss": 4.682944297790527,
        "AUNU": 0.7470881938934326,
        "micro_ROC-AUC": 0.7509934306144714,
        "AUNP": 0.7477321624755859,
        "AU1U": 0.7468077504485698,
        "AU1P": 0.7472036388668064,
        "ROC-AUC_per_class_vs_rest": {
            "0": 0.7168372068597125,
            "1": 0.8390899404966141,
            "2": 0.6975044134887828,
            "3": 0.7308357416314679,
            "4": 0.809020622615625,
            "5": 0.6892412000474172
        }
    }
}