{
    "classification type": "binary",
    "class balance": "imbalanced",
    "dataset name": "ceas_imbalanced",
    "class names": [
        1,
        0
    ],
    "model name": "logistic_regression",
    "index": 2,
    "cv fold": 4,
    "fold info": {
        "train distribution": 5562,
        "test distribution": 1390,
        "train distribution pct": 87.09677419354838,
        "test distribution pct": 87.09273182957394
    },
    "metrics": {
        "macro_accuracy": 0.989434540271759,
        "micro_accuracy": 0.989434540271759,
        "accuracy_per_class": {
            "1": 0.989434540271759,
            "0": 0.989434540271759
        },
        "macro_precision": 0.9873650074005127,
        "micro_precision": 0.989434540271759,
        "precision_per_class": {
            "1": 0.9846258759498596,
            "0": 0.9901041984558105
        },
        "macro_recall": 0.9652642011642456,
        "micro_recall": 0.989434540271759,
        "recall_per_class": {
            "1": 0.9326860904693604,
            "0": 0.9978423714637756
        },
        "macro_f1": 0.9759553670883179,
        "micro_f1": 0.989434540271759,
        "f1_per_class": {
            "1": 0.9579524397850037,
            "0": 0.9939582347869873
        },
        "MSE": 0.008626144379377365,
        "LogLoss": 0.03824364021420479,
        "AUNU": 0.9962974786758423,
        "micro_ROC-AUC": 0.9962974786758423
    }
}