{
    "classification type": "multiclass",
    "class balance": "balanced",
    "dataset name": "stocks_balanced",
    "class names": [
        0,
        1,
        2,
        3,
        4,
        5,
        6,
        7,
        8,
        9,
        10,
        11,
        12,
        13,
        14,
        15,
        16,
        17,
        18,
        19
    ],
    "model name": "logistic_regression",
    "index": 0,
    "cv fold": 0,
    "fold info": {
        "train distribution": 111720,
        "test distribution": 27930,
        "train distribution pct": 950.0,
        "test distribution pct": 950.0
    },
    "metrics": {
        "macro_accuracy": 0.9138435125350952,
        "micro_accuracy": 0.9138435125350952,
        "accuracy_per_class": {
            "0": 0.9503401517868042,
            "1": 0.9506802558898926,
            "2": 0.949999988079071,
            "3": 0.1418367326259613,
            "4": 0.9591836929321289,
            "5": 0.9506802558898926,
            "6": 0.9598639607429504,
            "7": 0.949999988079071,
            "8": 0.949999988079071,
            "9": 0.9506802558898926,
            "10": 0.949999988079071,
            "11": 0.9585034251213074,
            "12": 0.9680272340774536,
            "13": 0.9510204195976257,
            "14": 0.9523809552192688,
            "15": 0.9506802558898926,
            "16": 0.9551020264625549,
            "17": 0.949999988079071,
            "18": 0.9778911471366882,
            "19": 0.949999988079071
        },
        "macro_precision": 0.8441833853721619,
        "micro_precision": 0.13843537867069244,
        "precision_per_class": {
            "0": 0.6666666865348816,
            "1": 0.6666666865348816,
            "2": NaN,
            "3": 0.05505618080496788,
            "4": 0.9655172228813171,
            "5": 1.0,
            "6": 1.0,
            "7": NaN,
            "8": NaN,
            "9": 1.0,
            "10": NaN,
            "11": 0.931034505367279,
            "12": 1.0,
            "13": 1.0,
            "14": 0.8888888955116272,
            "15": 0.75,
            "16": 0.8947368264198303,
            "17": NaN,
            "18": 1.0,
            "19": NaN
        },
        "macro_recall": 0.13843537867069244,
        "micro_recall": 0.13843537867069244,
        "recall_per_class": {
            "0": 0.013605441898107529,
            "1": 0.027210883796215057,
            "2": 0.0,
            "3": 1.0,
            "4": 0.190476194024086,
            "5": 0.013605441898107529,
            "6": 0.1972789168357849,
            "7": 0.0,
            "8": 0.0,
            "9": 0.013605441898107529,
            "10": 0.0,
            "11": 0.18367347121238708,
            "12": 0.36054420471191406,
            "13": 0.020408162847161293,
            "14": 0.054421767592430115,
            "15": 0.020408162847161293,
            "16": 0.11564625799655914,
            "17": 0.0,
            "18": 0.557823121547699,
            "19": 0.0
        },
        "macro_f1": 0.1412416398525238,
        "micro_f1": 0.13843537867069244,
        "f1_per_class": {
            "0": 0.02666666731238365,
            "1": 0.05228758230805397,
            "2": 0.0,
            "3": 0.10436634719371796,
            "4": 0.3181818127632141,
            "5": 0.02684563770890236,
            "6": 0.3295454680919647,
            "7": 0.0,
            "8": 0.0,
            "9": 0.02684563770890236,
            "10": 0.0,
            "11": 0.3068181872367859,
            "12": 0.5299999713897705,
            "13": 0.03999999910593033,
            "14": 0.10256410390138626,
            "15": 0.0397351011633873,
            "16": 0.20481927692890167,
            "17": 0.0,
            "18": 0.7161571979522705,
            "19": 0.0
        },
        "Kappa": 0.09308987855911255,
        "MSE": 0.043489113450050354,
        "LogLoss": 2.7344698905944824,
        "AUNU": 0.5848695039749146,
        "micro_ROC-AUC": 0.6140506863594055,
        "AUNP": 0.5848695039749146,
        "AU1U": 0.5848694866417745,
        "AU1P": 0.5848694866417745,
        "ROC-AUC_per_class_vs_rest": {
            "0": 0.5537690192439311,
            "1": 0.559222400023382,
            "2": 0.5483351235230934,
            "3": 0.5483351235230934,
            "4": 0.630017707047015,
            "5": 0.5508413891872539,
            "6": 0.629954380606521,
            "7": 0.5351546991872295,
            "8": 0.5483351235230934,
            "9": 0.554127057195954,
            "10": 0.5483351235230934,
            "11": 0.6267296034059882,
            "12": 0.701845722177163,
            "13": 0.5537446629206642,
            "14": 0.570884207603557,
            "15": 0.5533415657705975,
            "16": 0.5972401850106315,
            "17": 0.5450482376982301,
            "18": 0.7937932781419048,
            "19": 0.5483351235230934
        }
    }
}