{
    "classification type": "multiclass",
    "class balance": "imbalanced",
    "dataset name": "stocks_imbalanced",
    "class names": [
        0,
        1,
        2,
        3,
        4,
        5,
        6,
        7,
        8,
        9,
        10,
        11,
        12,
        13,
        14,
        15,
        16,
        17,
        18,
        19
    ],
    "model name": "knn",
    "index": 4,
    "cv fold": 0,
    "fold info": {
        "train distribution": 118360,
        "test distribution": 29596,
        "train distribution pct": 1009.1226873561258,
        "test distribution pct": 1009.0692124105011
    },
    "metrics": {
        "macro_accuracy": 0.920177161693573,
        "micro_accuracy": 0.920177161693573,
        "accuracy_per_class": {
            "0": 0.7754084467887878,
            "1": 0.9508935809135437,
            "2": 0.9495295286178589,
            "3": 0.9492560029029846,
            "4": 0.9584740996360779,
            "5": 0.9509930610656738,
            "6": 0.9604917764663696,
            "7": 0.9965329766273499,
            "8": 0.9497213363647461,
            "9": 0.9500339031219482,
            "10": 0.9499024748802185,
            "11": 0.9555932283401489,
            "12": 0.9683529138565063,
            "13": 0.9503891468048096,
            "14": 0.964619517326355,
            "15": 0.9498456716537476,
            "16": 0.981826663017273,
            "17": 0.3638046085834503,
            "18": 0.9779902100563049,
            "19": 0.9498847126960754
        },
        "macro_precision": 0.7029094696044922,
        "micro_precision": 0.20177187025547028,
        "precision_per_class": {
            "0": 0.04940395802259445,
            "1": 0.8934426307678223,
            "2": 0.800000011920929,
            "3": NaN,
            "4": 0.9821724891662598,
            "5": 0.913690447807312,
            "6": 0.9956331849098206,
            "7": 0.0,
            "8": 1.0,
            "9": 0.9075342416763306,
            "10": 0.0,
            "11": 0.9332051873207092,
            "12": 0.988418459892273,
            "13": 0.9354838728904724,
            "14": 0.9839914441108704,
            "15": 0.8387096524238586,
            "16": 0.9856396913528442,
            "17": 0.14922113716602325,
            "18": 0.9987338781356812,
            "19": 0.0
        },
        "macro_recall": 0.14271314442157745,
        "micro_recall": 0.20177187025547028,
        "recall_per_class": {
            "0": 0.22418095171451569,
            "1": 0.023171769455075264,
            "2": 0.005327725317329168,
            "3": 0.0,
            "4": 0.1690211147069931,
            "5": 0.021813273429870605,
            "6": 0.2106160670518875,
            "7": 0.0,
            "8": 0.0011291460832580924,
            "9": 0.018526285886764526,
            "10": 0.0,
            "11": 0.13576622307300568,
            "12": 0.3704283535480499,
            "13": 0.008242148905992508,
            "14": 0.08484402298927307,
            "15": 0.012757605873048306,
            "16": 0.22864930331707,
            "17": 0.7793229222297668,
            "18": 0.5604661107063293,
            "19": 0.0
        },
        "macro_f1": 0.15836504101753235,
        "micro_f1": 0.20177187025547028,
        "f1_per_class": {
            "0": 0.08096518367528915,
            "1": 0.045171983540058136,
            "2": 0.010584957897663116,
            "3": 0.0,
            "4": 0.2884100377559662,
            "5": 0.04260930046439171,
            "6": 0.34768328070640564,
            "7": 0.0,
            "8": 0.0022557449992746115,
            "9": 0.0363113172352314,
            "10": 0.0,
            "11": 0.23704607784748077,
            "12": 0.5388954877853394,
            "13": 0.016340330243110657,
            "14": 0.15621823072433472,
            "15": 0.025132915005087852,
            "16": 0.37118977308273315,
            "17": 0.2504812777042389,
            "18": 0.7180047035217285,
            "19": 0.0
        },
        "Kappa": 0.10291309654712677,
        "MSE": 0.05216200277209282,
        "LogLoss": 5.988771438598633,
        "AUNU": 0.573654294013977,
        "micro_ROC-AUC": 0.6313435435295105,
        "AUNP": 0.5712777376174927,
        "AU1U": 0.5763972431063471,
        "AU1P": 0.5737838411974918,
        "ROC-AUC_per_class_vs_rest": {
            "0": 0.5443333758822704,
            "1": 0.5422472662055995,
            "2": 0.5356297947178734,
            "3": 0.5336081773066222,
            "4": 0.6044059324104211,
            "5": 0.5418240321929966,
            "6": 0.6231700879072131,
            "7": 0.522793362065483,
            "8": 0.5323092459917285,
            "9": 0.5411983739864046,
            "10": 0.5331189081266758,
            "11": 0.5919298728847067,
            "12": 0.6981516633198467,
            "13": 0.537060525648752,
            "14": 0.5673395092448273,
            "15": 0.5365157497769382,
            "16": 0.6321169057343916,
            "17": 0.5353884188425417,
            "18": 0.785760777737622,
            "19": 0.5341842913346277
        }
    }
}