{
    "classification type": "multiclass",
    "class balance": "imbalanced",
    "dataset name": "volkert_imbalanced",
    "class names": [
        3,
        6,
        4,
        5,
        1,
        2,
        7,
        9,
        8,
        0
    ],
    "model name": "decision_tree",
    "index": 1,
    "cv fold": 4,
    "fold info": {
        "train distribution": 35786,
        "test distribution": 8945,
        "train distribution pct": 448.2214428857715,
        "test distribution pct": 448.14629258517033
    },
    "metrics": {
        "macro_accuracy": 0.9084168672561646,
        "micro_accuracy": 0.9084168076515198,
        "accuracy_per_class": {
            "3": 0.9891783595085144,
            "6": 0.9611937999725342,
            "4": 0.8515745997428894,
            "5": 0.8195963501930237,
            "1": 0.8589751124382019,
            "2": 0.7851846814155579,
            "7": 0.9358001947402954,
            "9": 0.954823911190033,
            "8": 0.9954623579978943,
            "0": 0.9323790669441223
        },
        "macro_precision": 0.42479151487350464,
        "micro_precision": 0.5420841574668884,
        "precision_per_class": {
            "3": 0.022727273404598236,
            "6": 0.37057992815971375,
            "4": 0.48074090480804443,
            "5": 0.529057502746582,
            "1": 0.5111604928970337,
            "2": 0.4739868640899658,
            "7": 0.48995983600616455,
            "9": 0.8257132172584534,
            "8": 0.0762711837887764,
            "0": 0.467717707157135
        },
        "macro_recall": 0.4039461016654968,
        "micro_recall": 0.5420841574668884,
        "recall_per_class": {
            "3": 0.009157509543001652,
            "6": 0.22345416247844696,
            "4": 0.45666301250457764,
            "5": 0.6111769080162048,
            "1": 0.5024322271347046,
            "2": 0.4920634925365448,
            "7": 0.41496598720550537,
            "9": 0.8695781826972961,
            "8": 0.04147465527057648,
            "0": 0.4184952974319458
        },
        "macro_f1": 0.4108924865722656,
        "micro_f1": 0.5420841574668884,
        "f1_per_class": {
            "3": 0.013054830022156239,
            "6": 0.27879756689071655,
            "4": 0.4683927297592163,
            "5": 0.5671600699424744,
            "1": 0.5067588090896606,
            "2": 0.48285606503486633,
            "7": 0.44935542345046997,
            "9": 0.8470782041549683,
            "8": 0.053731344640254974,
            "0": 0.4417395293712616
        },
        "Kappa": 0.4575868546962738,
        "MSE": 0.070514015853405,
        "LogLoss": 3.939296007156372,
        "AUNU": 0.7590339183807373,
        "micro_ROC-AUC": 0.8174718618392944,
        "AUNP": 0.7853912711143494,
        "AU1U": 0.7532100930090335,
        "AU1P": 0.7648069393102269,
        "ROC-AUC_per_class_vs_rest": {
            "3": 0.6151559749173507,
            "6": 0.7596855283047738,
            "4": 0.7595389567302087,
            "5": 0.7821390011802359,
            "1": 0.776388594547541,
            "2": 0.7222025605290106,
            "7": 0.7883463809766332,
            "9": 0.9321043914342052,
            "8": 0.6732670391213755,
            "0": 0.7815109706500407
        }
    }
}