{
    "classification type": "multilabel",
    "class balance": "balanced",
    "dataset name": "emotions_balanced",
    "class names": [
        "angry-aggresive",
        "amazed-suprised",
        "sad-lonely",
        "happy-pleased"
    ],
    "model name": "decision_tree",
    "index": 3,
    "cv fold": 2,
    "fold info": {
        "train distribution": [
            151,
            138,
            135,
            133
        ],
        "test distribution": [
            38,
            35,
            33,
            33
        ],
        "train distribution pct": [
            36.91931540342298,
            33.74083129584352,
            33.007334963325185,
            32.51833740831296
        ],
        "test distribution pct": [
            35.51401869158878,
            32.71028037383177,
            30.8411214953271,
            30.8411214953271
        ]
    },
    "metrics": {
        "macro_accuracy": 0.6993279569892473,
        "micro_accuracy": 0.6993279569892473,
        "accuracy_per_class": {
            "angry-aggresive": 0.7209677419354839,
            "amazed-suprised": 0.6704301075268817,
            "sad-lonely": 0.75,
            "happy-pleased": 0.6559139784946236
        },
        "macro_precision": 0.5527622279864336,
        "micro_precision": 0.5538215286114446,
        "precision_per_class": {
            "angry-aggresive": 0.6238532110091743,
            "amazed-suprised": 0.5079872204472844,
            "sad-lonely": 0.613747954173486,
            "happy-pleased": 0.4654605263157895
        },
        "macro_recall": 0.5509143509696668,
        "micro_recall": 0.5522745411013568,
        "recall_per_class": {
            "angry-aggresive": 0.5991189427312775,
            "amazed-suprised": 0.5104333868378812,
            "sad-lonely": 0.6208609271523179,
            "happy-pleased": 0.47324414715719065
        },
        "macro_f1": 0.5517618344752924,
        "micro_f1": 0.5530469530469531,
        "f1_per_class": {
            "angry-aggresive": 0.6112359550561798,
            "amazed-suprised": 0.5092073658927142,
            "sad-lonely": 0.6172839506172839,
            "happy-pleased": 0.4693200663349917
        },
        "MSE": 0.3006720542907715,
        "LogLoss": 30.067203521728516,
        "AUNU": 0.6625738143920898,
        "micro_ROC-AUC": 0.6631457805633545,
        "AUNP": 0.6634668707847595,
        "ROC-AUC_per_class_vs_rest": {
            "angry-aggresive": 0.6952337716200917,
            "amazed-suprised": 0.6307219480672834,
            "sad-lonely": 0.7164814189901716,
            "happy-pleased": 0.6078582067006238
        }
    }
}