{
    "classification type": "multilabel",
    "class balance": "balanced",
    "dataset name": "emotions_balanced",
    "class names": [
        "angry-aggresive",
        "amazed-suprised",
        "sad-lonely",
        "happy-pleased"
    ],
    "model name": "decision_tree",
    "index": 3,
    "cv fold": 2,
    "fold info": {
        "train distribution": [
            152,
            138,
            134,
            133
        ],
        "test distribution": [
            37,
            35,
            34,
            33
        ],
        "train distribution pct": [
            36.803874092009686,
            33.41404358353511,
            32.445520581113804,
            32.20338983050847
        ],
        "test distribution pct": [
            35.92233009708738,
            33.980582524271846,
            33.00970873786408,
            32.038834951456316
        ]
    },
    "metrics": {
        "macro_accuracy": 0.7066840926064227,
        "micro_accuracy": 0.7066840926064227,
        "accuracy_per_class": {
            "angry-aggresive": 0.7184466019417476,
            "amazed-suprised": 0.7012696041822255,
            "sad-lonely": 0.7737117251680359,
            "happy-pleased": 0.6333084391336818
        },
        "macro_precision": 0.5619259827431595,
        "micro_precision": 0.5641438539989264,
        "precision_per_class": {
            "angry-aggresive": 0.6126482213438735,
            "amazed-suprised": 0.5565610859728507,
            "sad-lonely": 0.6451612903225806,
            "happy-pleased": 0.43333333333333335
        },
        "macro_recall": 0.5788497326324249,
        "micro_recall": 0.5806629834254143,
        "recall_per_class": {
            "angry-aggresive": 0.6313645621181263,
            "amazed-suprised": 0.5466666666666666,
            "sad-lonely": 0.684931506849315,
            "happy-pleased": 0.45243619489559167
        },
        "macro_f1": 0.5701414262199178,
        "micro_f1": 0.5722842363190852,
        "f1_per_class": {
            "angry-aggresive": 0.6218655967903711,
            "amazed-suprised": 0.5515695067264574,
            "sad-lonely": 0.6644518272425249,
            "happy-pleased": 0.4426787741203178
        },
        "MSE": 0.2933158874511719,
        "LogLoss": 29.33159065246582,
        "AUNU": 0.6749784350395203,
        "micro_ROC-AUC": 0.6758362650871277,
        "AUNP": 0.6759806275367737,
        "ROC-AUC_per_class_vs_rest": {
            "angry-aggresive": 0.7001162433232141,
            "amazed-suprised": 0.6630971128608922,
            "sad-lonely": 0.7509008255667219,
            "happy-pleased": 0.5857995952451527
        }
    }
}