{
    "classification type": "multilabel",
    "class balance": "balanced",
    "dataset name": "emotions_trimmed",
    "class names": [
        "angry-aggresive",
        "relaxing-calm",
        "amazed-suprised",
        "happy-pleased",
        "quiet-still",
        "sad-lonely"
    ],
    "model name": "gradient_boosting",
    "index": 1,
    "cv fold": 1,
    "fold info": {
        "train distribution": [
            143,
            141,
            132,
            119,
            118,
            116
        ],
        "test distribution": [
            36,
            36,
            34,
            29,
            30,
            30
        ],
        "train distribution pct": [
            35.30864197530864,
            34.81481481481482,
            32.592592592592595,
            29.38271604938272,
            29.1358024691358,
            28.641975308641975
        ],
        "test distribution pct": [
            37.89473684210527,
            37.89473684210527,
            35.78947368421053,
            30.526315789473685,
            31.57894736842105,
            31.57894736842105
        ]
    },
    "metrics": {
        "macro_accuracy": 0.7785111063799587,
        "micro_accuracy": 0.7785111063799588,
        "accuracy_per_class": {
            "angry-aggresive": 0.778794975516287,
            "relaxing-calm": 0.7385565254417713,
            "amazed-suprised": 0.7300404513519267,
            "happy-pleased": 0.7176921439216521,
            "quiet-still": 0.8961038961038961,
            "sad-lonely": 0.8098786459442198
        },
        "macro_precision": 0.6751268419235656,
        "micro_precision": 0.6830154405086285,
        "precision_per_class": {
            "angry-aggresive": 0.7002487562189055,
            "relaxing-calm": 0.6443708609271523,
            "amazed-suprised": 0.6131274131274131,
            "happy-pleased": 0.5384615384615384,
            "quiet-still": 0.8417865253595761,
            "sad-lonely": 0.7127659574468085
        },
        "macro_recall": 0.5790889926972645,
        "micro_recall": 0.5808231269998897,
        "recall_per_class": {
            "angry-aggresive": 0.6690433749257279,
            "relaxing-calm": 0.5847355769230769,
            "amazed-suprised": 0.5086483023702755,
            "happy-pleased": 0.32710280373831774,
            "quiet-still": 0.7994248741912293,
            "sad-lonely": 0.58557902403496
        },
        "macro_f1": 0.6205663254194634,
        "micro_f1": 0.6277877161598092,
        "f1_per_class": {
            "angry-aggresive": 0.6842904892130052,
            "relaxing-calm": 0.6131064902331443,
            "amazed-suprised": 0.5560224089635855,
            "happy-pleased": 0.4069767441860465,
            "quiet-still": 0.8200589970501475,
            "sad-lonely": 0.6429428228708517
        },
        "MSE": 0.17114585638046265,
        "LogLoss": 5.968498229980469,
        "AUNU": 0.7800481915473938,
        "micro_ROC-AUC": 0.789806067943573,
        "AUNP": 0.7795282602310181,
        "ROC-AUC_per_class_vs_rest": {
            "angry-aggresive": 0.7976951292068978,
            "relaxing-calm": 0.7696712365898195,
            "amazed-suprised": 0.7398926438768973,
            "happy-pleased": 0.6773041456115562,
            "quiet-still": 0.9042468152582304,
            "sad-lonely": 0.7914792153645648
        }
    }
}