{
    "classification type": "multilabel",
    "class balance": "balanced",
    "dataset name": "tmc2007500_balanced",
    "class names": [
        "class13",
        "class07",
        "class01",
        "class14",
        "class18",
        "class10"
    ],
    "model name": "decision_tree",
    "index": 1,
    "cv fold": 4,
    "fold info": {
        "train distribution": [
            1252,
            1252,
            1252,
            1252,
            1189,
            1183
        ],
        "test distribution": [
            313,
            314,
            314,
            314,
            298,
            296
        ],
        "train distribution pct": [
            19.756982799431906,
            19.756982799431906,
            19.756982799431906,
            19.756982799431906,
            18.76282152438062,
            18.66813949818526
        ],
        "test distribution pct": [
            19.89828353464717,
            19.96185632549269,
            19.96185632549269,
            19.96185632549269,
            18.9446916719644,
            18.817546090273364
        ]
    },
    "metrics": {
        "macro_accuracy": 0.9021070375052677,
        "micro_accuracy": 0.9021070375052676,
        "accuracy_per_class": {
            "class13": 0.865992414664981,
            "class07": 0.9011378002528445,
            "class01": 0.9475347661188369,
            "class14": 0.9222503160556258,
            "class18": 0.9013906447534766,
            "class10": 0.8743362831858407
        },
        "macro_precision": 0.7402401725220203,
        "micro_precision": 0.7419491078027663,
        "precision_per_class": {
            "class13": 0.6686706746826987,
            "class07": 0.7425742574257426,
            "class01": 0.8528510116492949,
            "class14": 0.7897623400365631,
            "class18": 0.7330257086354647,
            "class10": 0.6545570427023581
        },
        "macro_recall": 0.7606565259939627,
        "micro_recall": 0.7614042691515874,
        "recall_per_class": {
            "class13": 0.6396166134185304,
            "class07": 0.7662835249042146,
            "class01": 0.888250319284802,
            "class14": 0.8275862068965517,
            "class18": 0.7478143913920645,
            "class10": 0.6943881000676132
        },
        "macro_f1": 0.7501195271005964,
        "micro_f1": 0.7515508021390375,
        "f1_per_class": {
            "class13": 0.6538210320052253,
            "class07": 0.754242614707731,
            "class01": 0.8701908038786362,
            "class14": 0.8082319925163705,
            "class18": 0.7403462050599201,
            "class10": 0.6738845144356955
        },
        "MSE": 0.09766294807195663,
        "LogLoss": 9.716970443725586,
        "AUNU": 0.8494682908058167,
        "micro_ROC-AUC": 0.8498604893684387,
        "AUNP": 0.8499222993850708,
        "ROC-AUC_per_class_vs_rest": {
            "class13": 0.7815852587003427,
            "class07": 0.8514042290540312,
            "class01": 0.9252096489236116,
            "class14": 0.8876543276981377,
            "class18": 0.8429707001391791,
            "class10": 0.80798556560625
        }
    }
}