{
    "classification type": "binary",
    "class balance": "balanced",
    "dataset name": "philippine_balanced",
    "class names": [
        0,
        1
    ],
    "model name": "random_forest",
    "index": 1,
    "cv fold": 3,
    "fold info": {
        "train distribution": 882,
        "test distribution": 221,
        "train distribution pct": 49.97167138810198,
        "test distribution pct": 50.11337868480725
    },
    "metrics": {
        "macro_accuracy": 0.6838384866714478,
        "micro_accuracy": 0.6838384866714478,
        "accuracy_per_class": {
            "0": 0.6838384866714478,
            "1": 0.6838384866714478
        },
        "macro_precision": 0.6839775443077087,
        "micro_precision": 0.6838384866714478,
        "precision_per_class": {
            "0": 0.6789292693138123,
            "1": 0.6890258193016052
        },
        "macro_recall": 0.6838379502296448,
        "micro_recall": 0.6838384866714478,
        "recall_per_class": {
            "0": 0.6976029276847839,
            "1": 0.6700729727745056
        },
        "macro_f1": 0.6837783455848694,
        "micro_f1": 0.6838384866714478,
        "f1_per_class": {
            "0": 0.6881394386291504,
            "1": 0.6794172525405884
        },
        "MSE": 0.2612811028957367,
        "LogLoss": 15.179594993591309,
        "AUNU": 0.6924074292182922,
        "micro_ROC-AUC": 0.6924074292182922
    }
}