{
    "classification type": "binary",
    "class balance": "imbalanced",
    "dataset name": "colon-0.5_imbalanced",
    "class names": [
        0,
        1
    ],
    "model name": "knn",
    "index": 4,
    "cv fold": 3,
    "fold info": {
        "train distribution": 229,
        "test distribution": 58,
        "train distribution pct": 16.739766081871345,
        "test distribution pct": 16.95906432748538
    },
    "metrics": {
        "macro_accuracy": 0.9481068253517151,
        "micro_accuracy": 0.9481068253517151,
        "accuracy_per_class": {
            "0": 0.9481068253517151,
            "1": 0.9481068253517151
        },
        "macro_precision": 0.9200525283813477,
        "micro_precision": 0.9481068253517151,
        "precision_per_class": {
            "0": 0.9604377746582031,
            "1": 0.8796672224998474
        },
        "macro_recall": 0.8890854120254517,
        "micro_recall": 0.9481068253517151,
        "recall_per_class": {
            "0": 0.9779244661331177,
            "1": 0.8002464175224304
        },
        "macro_f1": 0.9035908579826355,
        "micro_f1": 0.9481068253517151,
        "f1_per_class": {
            "0": 0.9691022634506226,
            "1": 0.8380794525146484
        },
        "MSE": 0.04395702853798866,
        "LogLoss": 2.263197422027588,
        "AUNU": 0.936336100101471,
        "micro_ROC-AUC": 0.936336100101471
    }
}