{
    "classification type": "binary",
    "class balance": "imbalanced",
    "dataset name": "philippine_imbalanced",
    "class names": [
        0,
        1
    ],
    "model name": "logistic_regression",
    "index": 0,
    "cv fold": 4,
    "fold info": {
        "train distribution": 205,
        "test distribution": 51,
        "train distribution pct": 12.796504369538079,
        "test distribution pct": 12.75
    },
    "metrics": {
        "macro_accuracy": 0.8626373410224915,
        "micro_accuracy": 0.8626373410224915,
        "accuracy_per_class": {
            "0": 0.8626373410224915,
            "1": 0.8626373410224915
        },
        "macro_precision": 0.6751916408538818,
        "micro_precision": 0.8626373410224915,
        "precision_per_class": {
            "0": 0.9034558534622192,
            "1": 0.44692736864089966
        },
        "macro_recall": 0.6278995275497437,
        "micro_recall": 0.8626373410224915,
        "recall_per_class": {
            "0": 0.9432989954948425,
            "1": 0.3125
        },
        "macro_f1": 0.6453818082809448,
        "micro_f1": 0.8626373410224915,
        "f1_per_class": {
            "0": 0.9229475855827332,
            "1": 0.36781609058380127
        },
        "MSE": 0.1108282059431076,
        "LogLoss": 0.4190070629119873,
        "AUNU": 0.736005961894989,
        "micro_ROC-AUC": 0.736005961894989
    }
}