{
    "classification type": "multiclass",
    "class balance": "balanced",
    "dataset name": "nyt-comments-april17_balanced",
    "class names": [
        0,
        1,
        2,
        3,
        4,
        5
    ],
    "model name": "decision_tree",
    "index": 1,
    "cv fold": 3,
    "fold info": {
        "train distribution": 15707,
        "test distribution": 3925,
        "train distribution pct": 250.63028562310515,
        "test distribution pct": 250.63856960408683
    },
    "metrics": {
        "macro_accuracy": 0.8490691184997559,
        "micro_accuracy": 0.8490691184997559,
        "accuracy_per_class": {
            "0": 0.839876115322113,
            "1": 0.8905660510063171,
            "2": 0.8282361626625061,
            "3": 0.8373979330062866,
            "4": 0.8899840712547302,
            "5": 0.8083544373512268
        },
        "macro_precision": 0.5412743091583252,
        "micro_precision": 0.5472073554992676,
        "precision_per_class": {
            "0": 0.5269213318824768,
            "1": 0.6520111560821533,
            "2": 0.4420279860496521,
            "3": 0.5175579190254211,
            "4": 0.6788613200187683,
            "5": 0.43026602268218994
        },
        "macro_recall": 0.5452114939689636,
        "micro_recall": 0.5472073554992676,
        "recall_per_class": {
            "0": 0.5090585947036743,
            "1": 0.7550022006034851,
            "2": 0.3919961452484131,
            "3": 0.5393770933151245,
            "4": 0.6605851650238037,
            "5": 0.4152495265007019
        },
        "macro_f1": 0.5422583222389221,
        "micro_f1": 0.5472073554992676,
        "f1_per_class": {
            "0": 0.5178359150886536,
            "1": 0.6997373104095459,
            "2": 0.4155113995075226,
            "3": 0.528242290019989,
            "4": 0.6695985794067383,
            "5": 0.4226244390010834
        },
        "Kappa": 0.4564046859741211,
        "MSE": 0.1124713197350502,
        "LogLoss": 3.814805746078491,
        "AUNU": 0.7787750959396362,
        "micro_ROC-AUC": 0.7835246920585632,
        "AUNP": 0.7794099450111389,
        "AU1U": 0.7784354602873051,
        "AU1P": 0.7788568866866802,
        "ROC-AUC_per_class_vs_rest": {
            "0": 0.7516453960100894,
            "1": 0.8652933635215989,
            "2": 0.7298598412475429,
            "3": 0.7684451410658307,
            "4": 0.8362414543443604,
            "5": 0.7211653467835161
        }
    }
}