{
    "classification type": "multiclass",
    "class balance": "imbalanced",
    "dataset name": "irish-times_imbalanced",
    "class names": [
        0,
        10,
        1,
        8,
        5,
        9,
        2,
        13,
        6,
        7,
        4,
        14,
        3,
        16,
        15,
        18,
        11,
        12,
        19,
        17
    ],
    "model name": "knn",
    "index": 3,
    "cv fold": 1,
    "fold info": {
        "train distribution": 120150,
        "test distribution": 30017,
        "train distribution pct": 944.5754716981131,
        "test distribution pct": 943.930817610063
    },
    "metrics": {
        "macro_accuracy": 0.9535737037658691,
        "micro_accuracy": 0.9535736441612244,
        "accuracy_per_class": {
            "0": 0.9409693479537964,
            "10": 0.9606815576553345,
            "1": 0.9367206692695618,
            "8": 0.8934372663497925,
            "5": 0.9816482067108154,
            "9": 0.978178858757019,
            "2": 0.9385903477668762,
            "13": 0.9794435501098633,
            "6": 0.9840887188911438,
            "7": 0.9363105297088623,
            "4": 0.835353434085846,
            "14": 0.98432457447052,
            "3": 0.9896397590637207,
            "16": 0.9457923173904419,
            "15": 0.9722757935523987,
            "18": 0.9780489206314087,
            "11": 0.9745180606842041,
            "12": 0.984382688999176,
            "19": 0.974600076675415,
            "17": 0.9024678468704224
        },
        "macro_precision": 0.44403213262557983,
        "micro_precision": 0.5357362627983093,
        "precision_per_class": {
            "0": 0.07961727678775787,
            "10": 0.16011404991149902,
            "1": 0.5106073617935181,
            "8": 0.3335212469100952,
            "5": 0.16595745086669922,
            "9": 0.5571545958518982,
            "2": 0.480135053396225,
            "13": 0.6354827880859375,
            "6": 0.6276571750640869,
            "7": 0.5042126774787903,
            "4": 0.7439196705818176,
            "14": 0.7612035870552063,
            "3": 0.3330780863761902,
            "16": 0.5729312300682068,
            "15": 0.43095722794532776,
            "18": 0.5682492852210999,
            "11": 0.43275731801986694,
            "12": 0.16937053203582764,
            "19": 0.5834619402885437,
            "17": 0.23025405406951904
        },
        "macro_recall": 0.3488231897354126,
        "micro_recall": 0.5357362627983093,
        "recall_per_class": {
            "0": 0.11791471391916275,
            "10": 0.1530187875032425,
            "1": 0.4653564989566803,
            "8": 0.7735773921012878,
            "5": 0.0887259840965271,
            "9": 0.2033923715353012,
            "2": 0.49432212114334106,
            "13": 0.49816659092903137,
            "6": 0.48395445942878723,
            "7": 0.43046674132347107,
            "4": 0.8098844289779663,
            "14": 0.3824380934238434,
            "3": 0.16763006150722504,
            "16": 0.47678670287132263,
            "15": 0.2846764326095581,
            "18": 0.2782621383666992,
            "11": 0.24978317320346832,
            "12": 0.07352112978696823,
            "19": 0.32315585017204285,
            "17": 0.221429705619812
        },
        "macro_f1": 0.37401384115219116,
        "micro_f1": 0.5357362627983093,
        "f1_per_class": {
            "0": 0.09505344927310944,
            "10": 0.15648603439331055,
            "1": 0.4869329035282135,
            "8": 0.46609124541282654,
            "5": 0.11563169211149216,
            "9": 0.29799866676330566,
            "2": 0.48712530732154846,
            "13": 0.5585082769393921,
            "6": 0.5465173125267029,
            "7": 0.46443045139312744,
            "4": 0.7755018472671509,
            "14": 0.5090987086296082,
            "3": 0.22301973402500153,
            "16": 0.5204560160636902,
            "15": 0.3428663909435272,
            "18": 0.37358564138412476,
            "11": 0.3167445659637451,
            "12": 0.10253388434648514,
            "19": 0.4159396290779114,
            "17": 0.2257556915283203
        },
        "Kappa": 0.4439214766025543,
        "MSE": 0.03405097499489784,
        "LogLoss": 5.1120381355285645,
        "AUNU": 0.740320086479187,
        "micro_ROC-AUC": 0.8228669762611389,
        "AUNP": 0.7981852293014526,
        "AU1U": 0.7289620935513268,
        "AU1P": 0.7621221144406614,
        "ROC-AUC_per_class_vs_rest": {
            "0": 0.6207440244230661,
            "10": 0.6797394144010129,
            "1": 0.7818285588546338,
            "8": 0.8991744418283714,
            "5": 0.6402829685640326,
            "9": 0.680077820663805,
            "2": 0.7900191282953095,
            "13": 0.808660701348542,
            "6": 0.8067543026269313,
            "7": 0.7732514933357603,
            "4": 0.8772255373531449,
            "14": 0.7648143405987542,
            "3": 0.6629572149213279,
            "16": 0.7956464122272362,
            "15": 0.740461772064986,
            "18": 0.7175674877623147,
            "11": 0.7056698983900458,
            "12": 0.6433811501234665,
            "19": 0.7396648142825998,
            "17": 0.6784798105938624
        }
    }
}