{
    "classification type": "multilabel",
    "class balance": "balanced",
    "dataset name": "imdb_balanced",
    "class names": [
        "Romance",
        "Thriller",
        "Action",
        "Crime",
        "Family",
        "Horror",
        "Adventure"
    ],
    "model name": "logistic_regression",
    "index": 4,
    "cv fold": 3,
    "fold info": {
        "train distribution": [
            6379,
            6377,
            6377,
            6377,
            6379,
            6377,
            6377
        ],
        "test distribution": [
            1594,
            1594,
            1594,
            1595,
            1594,
            1595,
            1594
        ],
        "train distribution pct": [
            21.973063277186455,
            21.966174089766113,
            21.966174089766113,
            21.966174089766113,
            21.973063277186455,
            21.966174089766113,
            21.966174089766113
        ],
        "test distribution pct": [
            21.937792458023672,
            21.937792458023672,
            21.937792458023672,
            21.951555188549406,
            21.937792458023672,
            21.951555188549406,
            21.937792458023672
        ]
    },
    "metrics": {
        "macro_accuracy": 0.7797864333350277,
        "micro_accuracy": 0.7797864333350278,
        "accuracy_per_class": {
            "Romance": 0.7730977169159425,
            "Thriller": 0.7721105614159942,
            "Action": 0.7847140118688231,
            "Crime": 0.7773734776569979,
            "Family": 0.7781597584912591,
            "Horror": 0.7830897967148384,
            "Adventure": 0.7899597102813393
        },
        "macro_precision": 0.4665257958416991,
        "micro_precision": 0.49223707589474575,
        "precision_per_class": {
            "Romance": 0.35218508997429304,
            "Thriller": 0.3341743119266055,
            "Action": 0.547136563876652,
            "Crime": 0.4344672336168084,
            "Family": 0.4752807538401962,
            "Horror": 0.5221471471471472,
            "Adventure": 0.6002894705101918
        },
        "macro_recall": 0.08688096949840465,
        "micro_recall": 0.08687974374003651,
        "recall_per_class": {
            "Romance": 0.03937810295270447,
            "Thriller": 0.03808055199811819,
            "Action": 0.11361735493988499,
            "Crime": 0.04539277687764595,
            "Family": 0.09621113143454403,
            "Horror": 0.14540323002142894,
            "Adventure": 0.130083638264506
        },
        "macro_f1": 0.14441243347599367,
        "micro_f1": 0.14769189760383844,
        "f1_per_class": {
            "Romance": 0.07083597734376836,
            "Thriller": 0.06837005232162549,
            "Action": 0.18816145438805323,
            "Crime": 0.0821976149914821,
            "Family": 0.16002781580720168,
            "Horror": 0.22746412656882384,
            "Adventure": 0.21382999291100083
        },
        "MSE": 0.16658516228199005,
        "LogLoss": 0.5149922370910645,
        "AUNU": 0.6232054829597473,
        "micro_ROC-AUC": 0.6255503296852112,
        "AUNP": 0.6232059001922607,
        "ROC-AUC_per_class_vs_rest": {
            "Romance": 0.607674044125601,
            "Thriller": 0.6040736759761284,
            "Action": 0.6201714279224022,
            "Crime": 0.576799211990926,
            "Family": 0.6460417057045286,
            "Horror": 0.6784905865754742,
            "Adventure": 0.6291877990287427
        }
    }
}