{
    "classification type": "multilabel",
    "class balance": "balanced",
    "dataset name": "slashdot_trimmed",
    "class names": [
        "YourRightsOnline",
        "Technology",
        "Science",
        "Idle",
        "Games",
        "AskSlashdot",
        "IT",
        "Politics"
    ],
    "model name": "linear_svm",
    "index": 0,
    "cv fold": 1,
    "fold info": {
        "train distribution": [
            188,
            187,
            185,
            184,
            184,
            170,
            156,
            152
        ],
        "test distribution": [
            47,
            47,
            46,
            46,
            46,
            42,
            39,
            39
        ],
        "train distribution pct": [
            14.920634920634921,
            14.841269841269842,
            14.682539682539684,
            14.603174603174605,
            14.603174603174605,
            13.492063492063492,
            12.380952380952381,
            12.063492063492063
        ],
        "test distribution pct": [
            14.920634920634921,
            14.920634920634921,
            14.603174603174605,
            14.603174603174605,
            14.603174603174605,
            13.333333333333334,
            12.380952380952381,
            12.380952380952381
        ]
    },
    "metrics": {
        "macro_accuracy": 0.9010829371368199,
        "micro_accuracy": 0.9010829371368199,
        "accuracy_per_class": {
            "YourRightsOnline": 0.8829899630216588,
            "Technology": 0.8536714210248283,
            "Science": 0.8909138932910724,
            "Idle": 0.9479661912308505,
            "Games": 0.9416270470153196,
            "AskSlashdot": 0.8975171685155837,
            "IT": 0.8808769149498151,
            "Politics": 0.9131008980454305
        },
        "macro_precision": 0.733723273885803,
        "micro_precision": 0.7735004476275739,
        "precision_per_class": {
            "YourRightsOnline": 0.7489711934156379,
            "Technology": 0.5225806451612903,
            "Science": 0.7545126353790613,
            "Idle": 0.8293135435992579,
            "Games": 0.9366754617414248,
            "AskSlashdot": 0.7040816326530612,
            "IT": 0.5611510791366906,
            "Politics": 0.8125
        },
        "macro_recall": 0.40494670417166545,
        "micro_recall": 0.4096728307254623,
        "recall_per_class": {
            "YourRightsOnline": 0.32269503546099293,
            "Technology": 0.1443850267379679,
            "Science": 0.37725631768953066,
            "Idle": 0.8097826086956522,
            "Games": 0.6431159420289855,
            "AskSlashdot": 0.4074803149606299,
            "IT": 0.16666666666666666,
            "Politics": 0.3681917211328976
        },
        "macro_f1": 0.5052911241085355,
        "micro_f1": 0.5356478611283323,
        "f1_per_class": {
            "YourRightsOnline": 0.4510532837670384,
            "Technology": 0.22625698324022347,
            "Science": 0.5030084235860409,
            "Idle": 0.8194317140238313,
            "Games": 0.7626208378088077,
            "AskSlashdot": 0.516209476309227,
            "IT": 0.257001647446458,
            "Politics": 0.5067466266866567
        },
        "MSE": 0.07610823214054108,
        "LogLoss": 0.2627056837081909,
        "AUNU": 0.8629290461540222,
        "micro_ROC-AUC": 0.8745794296264648,
        "AUNP": 0.8635982871055603,
        "ROC-AUC_per_class_vs_rest": {
            "YourRightsOnline": 0.8348670047677538,
            "Technology": 0.7370122566292198,
            "Science": 0.8798535962576401,
            "Idle": 0.9385875727102434,
            "Games": 0.9544082125603864,
            "AskSlashdot": 0.9041771557460138,
            "IT": 0.8007172738185396,
            "Politics": 0.8538091655190614
        }
    }
}