{
    "classification type": "multilabel",
    "class balance": "balanced",
    "dataset name": "tmc2007500_balanced",
    "class names": [
        "class13",
        "class07",
        "class01",
        "class14",
        "class18",
        "class10"
    ],
    "model name": "decision_tree",
    "index": 4,
    "cv fold": 4,
    "fold info": {
        "train distribution": [
            1252,
            1252,
            1253,
            1252,
            1189,
            1184
        ],
        "test distribution": [
            313,
            314,
            313,
            314,
            298,
            295
        ],
        "train distribution pct": [
            19.72274732199118,
            19.72274732199118,
            19.738500315059863,
            19.72274732199118,
            18.730308758664147,
            18.651543793320734
        ],
        "test distribution pct": [
            20.03841229193342,
            20.102432778489117,
            20.03841229193342,
            20.102432778489117,
            19.078104993597954,
            18.886043533930856
        ]
    },
    "metrics": {
        "macro_accuracy": 0.9031921618204805,
        "micro_accuracy": 0.9031921618204805,
        "accuracy_per_class": {
            "class13": 0.8712073324905183,
            "class07": 0.8991466498103666,
            "class01": 0.9493994943109987,
            "class14": 0.9220606826801517,
            "class18": 0.899810366624526,
            "class10": 0.8775284450063211
        },
        "macro_precision": 0.7417604965188099,
        "micro_precision": 0.7435877220645433,
        "precision_per_class": {
            "class13": 0.6804890137122088,
            "class07": 0.7366394578777145,
            "class01": 0.8549246460648501,
            "class14": 0.7876401090578613,
            "class18": 0.7259271307742355,
            "class10": 0.6649426216259899
        },
        "macro_recall": 0.7656645967189464,
        "micro_recall": 0.766469823382815,
        "recall_per_class": {
            "class13": 0.6579872204472843,
            "class07": 0.7635696040868455,
            "class01": 0.896551724137931,
            "class14": 0.8301404853128991,
            "class18": 0.7503362474781439,
            "class10": 0.6954022988505747
        },
        "macro_f1": 0.7533747807865753,
        "micro_f1": 0.7548554049727884,
        "f1_per_class": {
            "class13": 0.6690489726305531,
            "class07": 0.7498628204123227,
            "class01": 0.8752435128185148,
            "class14": 0.8083320379294264,
            "class18": 0.7379298941798942,
            "class10": 0.67983144674874
        },
        "MSE": 0.09650876373052597,
        "LogLoss": 9.605688095092773,
        "AUNU": 0.8519719243049622,
        "micro_ROC-AUC": 0.8523861765861511,
        "AUNP": 0.8524572849273682,
        "ROC-AUC_per_class_vs_rest": {
            "class13": 0.791825608577104,
            "class07": 0.8494349705839247,
            "class01": 0.9294982769491673,
            "class14": 0.8887565120208915,
            "class18": 0.8429453232179539,
            "class10": 0.8093708172119726
        }
    }
}