{
    "classification type": "multilabel",
    "class balance": "balanced",
    "dataset name": "yeast_balanced",
    "class names": [
        "Class1",
        "Class2",
        "Class3",
        "Class4",
        "Class5"
    ],
    "model name": "logistic_regression",
    "index": 3,
    "cv fold": 1,
    "fold info": {
        "train distribution": [
            520,
            556,
            520,
            556,
            523
        ],
        "test distribution": [
            130,
            139,
            130,
            139,
            130
        ],
        "train distribution pct": [
            39.93855606758833,
            42.703533026113675,
            39.93855606758833,
            42.703533026113675,
            40.1689708141321
        ],
        "test distribution pct": [
            40.24767801857585,
            43.034055727554176,
            40.24767801857585,
            43.034055727554176,
            40.24767801857585
        ]
    },
    "metrics": {
        "macro_accuracy": 0.7112157999637615,
        "micro_accuracy": 0.7112157999637615,
        "accuracy_per_class": {
            "Class1": 0.7396267439753579,
            "Class2": 0.6459503533248777,
            "Class3": 0.7240442109077732,
            "Class4": 0.74361297336474,
            "Class5": 0.7028447182460591
        },
        "macro_precision": 0.6636453851128328,
        "micro_precision": 0.663963703060141,
        "precision_per_class": {
            "Class1": 0.6953006568974229,
            "Class2": 0.5954269715352309,
            "Class3": 0.6699653636813458,
            "Class4": 0.7068062827225131,
            "Class5": 0.6507276507276507
        },
        "macro_recall": 0.60496376189986,
        "micro_recall": 0.6051381312686961,
        "recall_per_class": {
            "Class1": 0.6226244343891403,
            "Class2": 0.5399915361828185,
            "Class3": 0.6126696832579186,
            "Class4": 0.6855691917054592,
            "Class5": 0.563963963963964
        },
        "macro_f1": 0.6327250740554995,
        "micro_f1": 0.6331875719217491,
        "f1_per_class": {
            "Class1": 0.6569587013607067,
            "Class2": 0.5663559698180204,
            "Class3": 0.6400378161191208,
            "Class4": 0.6960257787325457,
            "Class5": 0.6042471042471043
        },
        "MSE": 0.19443674385547638,
        "LogLoss": 0.5814533233642578,
        "AUNU": 0.7621847987174988,
        "micro_ROC-AUC": 0.7666444182395935,
        "AUNP": 0.7618587017059326,
        "ROC-AUC_per_class_vs_rest": {
            "Class1": 0.7875590908655812,
            "Class2": 0.6870640369833411,
            "Class3": 0.7868638800802419,
            "Class4": 0.8148869855133563,
            "Class5": 0.7345500547531466
        }
    }
}