{
    "classification type": "binary",
    "class balance": "balanced",
    "dataset name": "ceas_balanced",
    "class names": [
        1,
        0
    ],
    "model name": "random_forest",
    "index": 0,
    "cv fold": 1,
    "fold info": {
        "train distribution": 3194,
        "test distribution": 799,
        "train distribution pct": 49.99217404914697,
        "test distribution pct": 50.03130870381967
    },
    "metrics": {
        "macro_accuracy": 0.9708386063575745,
        "micro_accuracy": 0.9708386063575745,
        "accuracy_per_class": {
            "1": 0.9708386063575745,
            "0": 0.9708386063575745
        },
        "macro_precision": 0.9710170030593872,
        "micro_precision": 0.9708386063575745,
        "precision_per_class": {
            "1": 0.9801812171936035,
            "0": 0.9618527889251709
        },
        "macro_recall": 0.9708384871482849,
        "micro_recall": 0.9708386063575745,
        "recall_per_class": {
            "1": 0.9611096382141113,
            "0": 0.9805673360824585
        },
        "macro_f1": 0.97083580493927,
        "micro_f1": 0.9708386063575745,
        "f1_per_class": {
            "1": 0.9705517888069153,
            "0": 0.9711198806762695
        },
        "MSE": 0.027476001530885696,
        "LogLoss": 2.086513042449951,
        "AUNU": 0.9684965014457703,
        "micro_ROC-AUC": 0.9684965014457703
    }
}