{
    "classification type": "multilabel",
    "class balance": "balanced",
    "dataset name": "scene",
    "class names": [
        "Beach",
        "Sunset",
        "FallFoliage",
        "Field",
        "Mountain",
        "Urban"
    ],
    "model name": "logistic_regression",
    "index": 1,
    "cv fold": 3,
    "fold info": {
        "train distribution": [
            334,
            291,
            314,
            335,
            327,
            345
        ],
        "test distribution": [
            83,
            73,
            79,
            84,
            82,
            86
        ],
        "train distribution pct": [
            18.301369863013697,
            15.945205479452055,
            17.205479452054796,
            18.356164383561644,
            17.917808219178085,
            18.904109589041095
        ],
        "test distribution pct": [
            18.12227074235808,
            15.938864628820962,
            17.248908296943235,
            18.340611353711793,
            17.903930131004365,
            18.777292576419214
        ]
    },
    "metrics": {
        "macro_accuracy": 0.9044606650446066,
        "micro_accuracy": 0.9044606650446066,
        "accuracy_per_class": {
            "Beach": 0.8931873479318735,
            "Sunset": 0.9613138686131387,
            "FallFoliage": 0.9133819951338199,
            "Field": 0.940389294403893,
            "Mountain": 0.8489051094890511,
            "Urban": 0.8695863746958638
        },
        "macro_precision": 0.7765514027856142,
        "micro_precision": 0.7833520179372198,
        "precision_per_class": {
            "Beach": 0.7488,
            "Sunset": 0.9290657439446367,
            "FallFoliage": 0.792358803986711,
            "Field": 0.8683068017366136,
            "Mountain": 0.6226012793176973,
            "Urban": 0.6981757877280266
        },
        "macro_recall": 0.6422161744766256,
        "micro_recall": 0.6384193695751484,
        "recall_per_class": {
            "Beach": 0.624,
            "Sunset": 0.8198473282442749,
            "FallFoliage": 0.673728813559322,
            "Field": 0.7957559681697612,
            "Mountain": 0.3967391304347826,
            "Urban": 0.5432258064516129
        },
        "macro_f1": 0.7010242308493478,
        "micro_f1": 0.7034986156556758,
        "f1_per_class": {
            "Beach": 0.6807272727272727,
            "Sunset": 0.8710462287104623,
            "FallFoliage": 0.7282442748091603,
            "Field": 0.8304498269896193,
            "Mountain": 0.4846473029045643,
            "Urban": 0.6110304789550073
        },
        "MSE": 0.07018589228391647,
        "LogLoss": 0.23423731327056885,
        "AUNU": 0.9263625741004944,
        "micro_ROC-AUC": 0.9348021745681763,
        "AUNP": 0.9250724911689758,
        "ROC-AUC_per_class_vs_rest": {
            "Beach": 0.9264388888888888,
            "Sunset": 0.9833784425713371,
            "FallFoliage": 0.9458643469942905,
            "Field": 0.96466343189916,
            "Mountain": 0.8415754426432309,
            "Urban": 0.8962549692895488
        }
    }
}