{
    "classification type": "binary",
    "class balance": "balanced",
    "dataset name": "philippine_balanced",
    "class names": [
        0,
        1
    ],
    "model name": "knn",
    "index": 1,
    "cv fold": 3,
    "fold info": {
        "train distribution": 882,
        "test distribution": 221,
        "train distribution pct": 49.97167138810198,
        "test distribution pct": 50.11337868480725
    },
    "metrics": {
        "macro_accuracy": 0.6915625333786011,
        "micro_accuracy": 0.6915625333786011,
        "accuracy_per_class": {
            "0": 0.6915625333786011,
            "1": 0.6915625333786011
        },
        "macro_precision": 0.692038893699646,
        "micro_precision": 0.6915625333786011,
        "precision_per_class": {
            "0": 0.6824817657470703,
            "1": 0.7015959620475769
        },
        "macro_recall": 0.6915618777275085,
        "micro_recall": 0.6915625333786011,
        "recall_per_class": {
            "0": 0.7164750695228577,
            "1": 0.6666486859321594
        },
        "macro_f1": 0.6913707256317139,
        "micro_f1": 0.6915625333786011,
        "f1_per_class": {
            "0": 0.6990654468536377,
            "1": 0.68367600440979
        },
        "MSE": 0.2408393770456314,
        "LogLoss": 11.154886245727539,
        "AUNU": 0.7137289047241211,
        "micro_ROC-AUC": 0.7137289047241211
    }
}