{
    "model name": "Logistic Regression",
    "dataset name": "scene",
    "classification type": "MULTILABEL",
    "class balance": "balanced",
    "index": 0,
    "cv fold": 2,
    "class names": [
        "Beach",
        "Sunset",
        "FallFoliage",
        "Field",
        "Mountain",
        "Urban"
    ],
    "fold info": {
        "train distribution": [
            334,
            291,
            314,
            335,
            327,
            345
        ],
        "test distribution": [
            83,
            73,
            79,
            84,
            82,
            86
        ],
        "train distribution pct": [
            18.29134720700986,
            15.93647316538883,
            17.196056955093102,
            18.346111719605695,
            17.907995618838992,
            18.893756845564074
        ],
        "test distribution pct": [
            18.161925601750546,
            15.973741794310722,
            17.286652078774615,
            18.38074398249453,
            17.943107221006567,
            18.818380743982495
        ]
    },
    "metrics": {
        "macro_accuracy": 0.9007763221737021,
        "micro_accuracy": 0.9007763221737021,
        "accuracy_per_class": {
            "Beach": 0.8908296943231441,
            "Sunset": 0.9606986899563319,
            "FallFoliage": 0.9097525473071325,
            "Field": 0.9432314410480349,
            "Mountain": 0.8406113537117904,
            "Urban": 0.8595342066957787
        },
        "macro_precision": 0.7646117170725168,
        "micro_precision": 0.7738907849829352,
        "precision_per_class": {
            "Beach": 0.7475247524752475,
            "Sunset": 0.927461139896373,
            "FallFoliage": 0.7772277227722773,
            "Field": 0.8849557522123894,
            "Mountain": 0.5855263157894737,
            "Urban": 0.6649746192893401
        },
        "macro_recall": 0.6252123122032317,
        "micro_recall": 0.6212328767123287,
        "recall_per_class": {
            "Beach": 0.604,
            "Sunset": 0.817351598173516,
            "FallFoliage": 0.6652542372881356,
            "Field": 0.7936507936507936,
            "Mountain": 0.363265306122449,
            "Urban": 0.5077519379844961
        },
        "macro_f1": 0.6858292648055769,
        "micro_f1": 0.689209726443769,
        "f1_per_class": {
            "Beach": 0.668141592920354,
            "Sunset": 0.8689320388349514,
            "FallFoliage": 0.7168949771689498,
            "Field": 0.8368200836820083,
            "Mountain": 0.44836272040302266,
            "Urban": 0.5758241758241758
        },
        "MSE": 0.07084792107343674,
        "LogLoss": 0.23424428701400757,
        "AUNU": 0.9248966574668884,
        "micro_ROC-AUC": 0.9343815445899963,
        "AUNP": 0.9235140085220337,
        "ROC-AUC_per_class_vs_rest": {
            "Beach": 0.9261281138790035,
            "Sunset": 0.9846013955602996,
            "FallFoliage": 0.9510328855261982,
            "Field": 0.9639674051438758,
            "Mountain": 0.8380398040527105,
            "Urban": 0.8856102914617543
        }
    }
}