{
    "classification type": "multiclass",
    "class balance": "balanced",
    "dataset name": "news-category_balanced",
    "class names": [
        0,
        3,
        31,
        26,
        36,
        37,
        11,
        9,
        29,
        18,
        34,
        32,
        39,
        25,
        40,
        33,
        21,
        30,
        38,
        35,
        12,
        8,
        6,
        22,
        27,
        13,
        5,
        4,
        10,
        19,
        7,
        1,
        15,
        17,
        41,
        24,
        28,
        20,
        2,
        23,
        14,
        16
    ],
    "model name": "decision_tree",
    "index": 1,
    "cv fold": 2,
    "fold info": {
        "train distribution": 430134,
        "test distribution": 107538,
        "train distribution pct": 2050.7962238962523,
        "test distribution pct": 2051.077627312607
    },
    "metrics": {
        "macro_accuracy": 0.9726933836936951,
        "micro_accuracy": 0.9726933240890503,
        "accuracy_per_class": {
            "0": 0.9694451093673706,
            "3": 0.9783509373664856,
            "31": 0.9673357009887695,
            "26": 0.9708379507064819,
            "36": 0.9767327904701233,
            "37": 0.9772124290466309,
            "11": 0.9830148220062256,
            "9": 0.9718897342681885,
            "29": 0.9682488441467285,
            "18": 0.9593545794487,
            "34": 0.9735368490219116,
            "32": 0.9747331142425537,
            "39": 0.9724792242050171,
            "25": 0.9788421988487244,
            "40": 0.9653649926185608,
            "33": 0.9716065526008606,
            "21": 0.9830436706542969,
            "30": 0.9752475023269653,
            "38": 0.9709072709083557,
            "35": 0.9832980036735535,
            "12": 0.9827893972396851,
            "8": 0.9677575826644897,
            "6": 0.9724560976028442,
            "22": 0.9757040739059448,
            "27": 0.9739066958427429,
            "13": 0.974923849105835,
            "5": 0.9764784574508667,
            "4": 0.9679598808288574,
            "10": 0.985863983631134,
            "19": 0.9738373756408691,
            "7": 0.965526819229126,
            "1": 0.9675437808036804,
            "15": 0.9698439240455627,
            "17": 0.9674166440963745,
            "41": 0.9696069359779358,
            "24": 0.9613426327705383,
            "28": 0.9748140573501587,
            "20": 0.9634462594985962,
            "2": 0.9718897342681885,
            "23": 0.9672548174858093,
            "14": 0.963550329208374,
            "16": 0.9877249002456665
        },
        "macro_precision": 0.4310832619667053,
        "micro_precision": 0.42656025290489197,
        "precision_per_class": {
            "0": 0.3595260977745056,
            "3": 0.5448945760726929,
            "31": 0.3061690926551819,
            "26": 0.3820742666721344,
            "36": 0.5128872394561768,
            "37": 0.5226030945777893,
            "11": 0.6395294070243835,
            "9": 0.41332393884658813,
            "29": 0.30335918068885803,
            "18": 0.2794296145439148,
            "34": 0.44225651025772095,
            "32": 0.47158947587013245,
            "39": 0.42126789689064026,
            "25": 0.5577061176300049,
            "40": 0.2847157418727875,
            "33": 0.4031769931316376,
            "21": 0.6517924070358276,
            "30": 0.48340100049972534,
            "38": 0.4044702351093292,
            "35": 0.6620309352874756,
            "12": 0.6378937363624573,
            "8": 0.2666321396827698,
            "6": 0.4142819046974182,
            "22": 0.4908416271209717,
            "27": 0.45137158036231995,
            "13": 0.4701284170150757,
            "5": 0.5109080076217651,
            "4": 0.32104453444480896,
            "10": 0.7121288180351257,
            "19": 0.4482492208480835,
            "7": 0.2740134000778198,
            "1": 0.3202933967113495,
            "15": 0.3998134434223175,
            "17": 0.3142646551132202,
            "41": 0.36838439106941223,
            "24": 0.2135835587978363,
            "28": 0.47049885988235474,
            "20": 0.25706714391708374,
            "2": 0.40760189294815063,
            "23": 0.2982456088066101,
            "14": 0.23710843920707703,
            "16": 0.77493816614151
        },
        "macro_recall": 0.4261363744735718,
        "micro_recall": 0.42656025290489197,
        "recall_per_class": {
            "0": 0.3604848384857178,
            "3": 0.5575757622718811,
            "31": 0.29236364364624023,
            "26": 0.3616969585418701,
            "36": 0.47757574915885925,
            "37": 0.5100606083869934,
            "11": 0.6589090824127197,
            "9": 0.42715150117874146,
            "29": 0.29556897282600403,
            "18": 0.44654545187950134,
            "34": 0.40096500515937805,
            "32": 0.4545235335826874,
            "39": 0.39749154448509216,
            "25": 0.5632239580154419,
            "40": 0.29481303691864014,
            "33": 0.3857659697532654,
            "21": 0.627261757850647,
            "30": 0.48841699957847595,
            "38": 0.4540410041809082,
            "35": 0.6116363406181335,
            "12": 0.6431515216827393,
            "8": 0.27277541160583496,
            "6": 0.3755151629447937,
            "22": 0.5132121443748474,
            "27": 0.43878787755966187,
            "13": 0.40824243426322937,
            "5": 0.418194979429245,
            "4": 0.3024601936340332,
            "10": 0.6848983764648438,
            "19": 0.42206060886383057,
            "7": 0.2664092779159546,
            "1": 0.3159672021865845,
            "15": 0.5171331763267517,
            "17": 0.3103030323982239,
            "41": 0.38472726941108704,
            "24": 0.23175758123397827,
            "28": 0.4504242539405823,
            "20": 0.28218182921409607,
            "2": 0.3951515257358551,
            "23": 0.27612119913101196,
            "14": 0.23854544758796692,
            "16": 0.6836363673210144
        },
        "macro_f1": 0.4274992346763611,
        "micro_f1": 0.42656025290489197,
        "f1_per_class": {
            "0": 0.36000484228134155,
            "3": 0.5511622428894043,
            "31": 0.2991071343421936,
            "26": 0.3716064691543579,
            "36": 0.4946020543575287,
            "37": 0.5162556767463684,
            "11": 0.6490746140480042,
            "9": 0.42012399435043335,
            "29": 0.29941341280937195,
            "18": 0.343752920627594,
            "34": 0.4205997586250305,
            "32": 0.46289926767349243,
            "39": 0.40903449058532715,
            "25": 0.5604514479637146,
            "40": 0.2896764278411865,
            "33": 0.3942793607711792,
            "21": 0.6392918825149536,
            "30": 0.4858960509300232,
            "38": 0.4278244972229004,
            "35": 0.6358367204666138,
            "12": 0.6405118107795715,
            "8": 0.2696688175201416,
            "6": 0.3939470946788788,
            "22": 0.5017776489257812,
            "27": 0.44499078392982483,
            "13": 0.43700531125068665,
            "5": 0.45992568135261536,
            "4": 0.31147539615631104,
            "10": 0.6982482075691223,
            "19": 0.4347608983516693,
            "7": 0.2701578438282013,
            "1": 0.31811559200286865,
            "15": 0.45096802711486816,
            "17": 0.3122712969779968,
            "41": 0.37637850642204285,
            "24": 0.2222997397184372,
            "28": 0.46024274826049805,
            "20": 0.2690396308898926,
            "2": 0.40128016471862793,
            "23": 0.28675729036331177,
            "14": 0.23782476782798767,
            "16": 0.7264297008514404
        },
        "Kappa": 0.41257137060165405,
        "MSE": 0.02056719921529293,
        "LogLoss": 5.127357006072998,
        "AUNU": 0.7982008457183838,