{
    "classification type": "multilabel",
    "class balance": "balanced",
    "dataset name": "yeast_balanced",
    "class names": [
        "Class1",
        "Class2",
        "Class3",
        "Class4",
        "Class5"
    ],
    "model name": "logistic_regression",
    "index": 0,
    "cv fold": 1,
    "fold info": {
        "train distribution": [
            520,
            556,
            520,
            556,
            522
        ],
        "test distribution": [
            130,
            139,
            130,
            139,
            131
        ],
        "train distribution pct": [
            39.93855606758833,
            42.703533026113675,
            39.93855606758833,
            42.703533026113675,
            40.09216589861751
        ],
        "test distribution pct": [
            40.24767801857585,
            43.034055727554176,
            40.24767801857585,
            43.034055727554176,
            40.55727554179567
        ]
    },
    "metrics": {
        "macro_accuracy": 0.712037037037037,
        "micro_accuracy": 0.712037037037037,
        "accuracy_per_class": {
            "Class1": 0.7253086419753086,
            "Class2": 0.6496913580246914,
            "Class3": 0.7237654320987654,
            "Class4": 0.7638888888888888,
            "Class5": 0.6975308641975309
        },
        "macro_precision": 0.6636046338996003,
        "micro_precision": 0.664763458401305,
        "precision_per_class": {
            "Class1": 0.6846846846846847,
            "Class2": 0.6032388663967612,
            "Class3": 0.6723404255319149,
            "Class4": 0.7240143369175627,
            "Class5": 0.6337448559670782
        },
        "macro_recall": 0.6089871869082983,
        "micro_recall": 0.6095736724008975,
        "recall_per_class": {
            "Class1": 0.5846153846153846,
            "Class2": 0.5359712230215827,
            "Class3": 0.6076923076923076,
            "Class4": 0.7266187050359713,
            "Class5": 0.5900383141762452
        },
        "macro_f1": 0.6346267148857493,
        "micro_f1": 0.6359734685914944,
        "f1_per_class": {
            "Class1": 0.6307053941908713,
            "Class2": 0.5676190476190476,
            "Class3": 0.6383838383838384,
            "Class4": 0.725314183123878,
            "Class5": 0.6111111111111112
        },
        "MSE": 0.19267146289348602,
        "LogLoss": 0.5742312073707581,
        "AUNU": 0.7678101658821106,
        "micro_ROC-AUC": 0.7711470723152161,
        "AUNP": 0.7677010297775269,
        "ROC-AUC_per_class_vs_rest": {
            "Class1": 0.7880253766851705,
            "Class2": 0.6986194827921446,
            "Class3": 0.7799365582870738,
            "Class4": 0.8303227688119774,
            "Class5": 0.7421465839001258
        }
    }
}