{
    "classification type": "multilabel",
    "class balance": "balanced",
    "dataset name": "imdb_balanced",
    "class names": [
        "Romance",
        "Thriller",
        "Action",
        "Crime",
        "Family",
        "Horror",
        "Adventure"
    ],
    "model name": "knn",
    "index": 4,
    "cv fold": 0,
    "fold info": {
        "train distribution": [
            6378,
            6377,
            6377,
            6377,
            6378,
            6378,
            6377
        ],
        "test distribution": [
            1595,
            1594,
            1594,
            1595,
            1595,
            1594,
            1594
        ],
        "train distribution pct": [
            21.977946243969676,
            21.974500344589938,
            21.974500344589938,
            21.974500344589938,
            21.977946243969676,
            21.977946243969676,
            21.974500344589938
        ],
        "test distribution pct": [
            21.918372955888415,
            21.904631029270305,
            21.904631029270305,
            21.918372955888415,
            21.918372955888415,
            21.904631029270305,
            21.904631029270305
        ]
    },
    "metrics": {
        "macro_accuracy": 0.7759991754547882,
        "micro_accuracy": 0.7759991754547882,
        "accuracy_per_class": {
            "Romance": 0.7539500869051914,
            "Thriller": 0.7803364706653986,
            "Action": 0.7803627061948644,
            "Crime": 0.7799035844292133,
            "Family": 0.7792017840160037,
            "Horror": 0.7791296363099728,
            "Adventure": 0.7791099596628734
        },
        "macro_precision": 0.29942798976091023,
        "micro_precision": 0.24380390872365978,
        "precision_per_class": {
            "Romance": 0.23313452617627567,
            "Thriller": 0.3673469387755102,
            "Action": 0.3783783783783784,
            "Crime": 0.2357142857142857,
            "Family": 0.29931972789115646,
            "Horror": 0.3104125736738703,
            "Adventure": 0.271689497716895
        },
        "macro_recall": 0.00952637539893615,
        "micro_recall": 0.009527547968409331,
        "recall_per_class": {
            "Romance": 0.052527846627049304,
            "Thriller": 0.0005376665272716411,
            "Action": 0.00041818507676683194,
            "Crime": 0.0009855747692859064,
            "Family": 0.003941828172126497,
            "Horror": 0.004718953467534794,
            "Adventure": 0.0035545731525180716
        },
        "macro_f1": 0.016243601435709996,
        "micro_f1": 0.018338452441568252,
        "f1_per_class": {
            "Romance": 0.0857379606161045,
            "Thriller": 0.0010737614459987474,
            "Action": 0.0008354468148590184,
            "Crime": 0.0019629420337269133,
            "Family": 0.00778118368309361,
            "Horror": 0.009296578506075138,
            "Adventure": 0.007017336950112042
        },
        "MSE": 0.18903005123138428,
        "LogLoss": 3.8507769107818604,
        "AUNU": 0.5142858028411865,
        "micro_ROC-AUC": 0.5120463967323303,
        "AUNP": 0.5142857432365417,
        "ROC-AUC_per_class_vs_rest": {
            "Romance": 0.5077571968441073,
            "Thriller": 0.5143066604279222,
            "Action": 0.5062437510367686,
            "Crime": 0.5094160576159503,
            "Family": 0.516054316434768,
            "Horror": 0.5286093131564464,
            "Adventure": 0.5176131939923447
        }
    }
}