{
    "classification type": "multilabel",
    "class balance": "balanced",
    "dataset name": "scene",
    "class names": [
        "Beach",
        "Sunset",
        "FallFoliage",
        "Field",
        "Mountain",
        "Urban"
    ],
    "model name": "logistic_regression",
    "index": 1,
    "cv fold": 0,
    "fold info": {
        "train distribution": [
            333,
            292,
            314,
            335,
            327,
            345
        ],
        "test distribution": [
            84,
            72,
            79,
            84,
            82,
            86
        ],
        "train distribution pct": [
            18.236582694414018,
            15.991237677984666,
            17.196056955093102,
            18.346111719605695,
            17.907995618838992,
            18.893756845564074
        ],
        "test distribution pct": [
            18.38074398249453,
            15.75492341356674,
            17.286652078774615,
            18.38074398249453,
            17.943107221006567,
            18.818380743982495
        ]
    },
    "metrics": {
        "macro_accuracy": 0.9052311435523116,
        "micro_accuracy": 0.9052311435523115,
        "accuracy_per_class": {
            "Beach": 0.8963503649635036,
            "Sunset": 0.962043795620438,
            "FallFoliage": 0.9127737226277373,
            "Field": 0.9412408759124088,
            "Mountain": 0.8463503649635037,
            "Urban": 0.8726277372262774
        },
        "macro_precision": 0.7800213890601531,
        "micro_precision": 0.7875844594594594,
        "precision_per_class": {
            "Beach": 0.7665847665847666,
            "Sunset": 0.9322916666666666,
            "FallFoliage": 0.7876543209876543,
            "Field": 0.8717391304347826,
            "Mountain": 0.6129032258064516,
            "Urban": 0.7089552238805971
        },
        "macro_recall": 0.6425236993407432,
        "micro_recall": 0.6386986301369864,
        "recall_per_class": {
            "Beach": 0.6227544910179641,
            "Sunset": 0.8211009174311926,
            "FallFoliage": 0.6758474576271186,
            "Field": 0.7972166998011928,
            "Mountain": 0.3869653767820774,
            "Urban": 0.5512572533849129
        },
        "macro_f1": 0.7025559918929251,
        "micro_f1": 0.7053706505295008,
        "f1_per_class": {
            "Beach": 0.6872246696035242,
            "Sunset": 0.8731707317073171,
            "FallFoliage": 0.7274800456100342,
            "Field": 0.8328141225337488,
            "Mountain": 0.47440699126092384,
            "Urban": 0.6202393906420022
        },
        "MSE": 0.06953983753919601,
        "LogLoss": 0.23236936330795288,
        "AUNU": 0.9276361465454102,
        "micro_ROC-AUC": 0.9357508420944214,
        "AUNP": 0.9263631701469421,
        "ROC-AUC_per_class_vs_rest": {
            "Beach": 0.9272433248732549,
            "Sunset": 0.9829385273318043,
            "FallFoliage": 0.9470740666009028,
            "Field": 0.9638729980421449,
            "Mountain": 0.8453994941404145,
            "Urban": 0.8992883438572129
        }
    }
}