{
    "classification type": "multilabel",
    "class balance": "balanced",
    "dataset name": "cal500_balanced",
    "class names": [
        "Instrument_-_Male_Lead_Vocals",
        "Song-Texture_Electric",
        "NOT-Emotion-Angry-Agressive",
        "NOT-Emotion-Bizarre-Weird",
        "Song-Quality",
        "Song-Texture_Acoustic",
        "Instrument_-_Drum_Set"
    ],
    "model name": "logistic_regression",
    "index": 1,
    "cv fold": 4,
    "fold info": {
        "train distribution": [
            240,
            238,
            240,
            218,
            218,
            223,
            217
        ],
        "test distribution": [
            60,
            60,
            60,
            55,
            53,
            48,
            54
        ],
        "train distribution pct": [
            64.51612903225806,
            63.97849462365591,
            64.51612903225806,
            58.602150537634415,
            58.602150537634415,
            59.946236559139784,
            58.333333333333336
        ],
        "test distribution pct": [
            66.66666666666666,
            66.66666666666666,
            66.66666666666666,
            61.111111111111114,
            58.88888888888889,
            53.333333333333336,
            60.0
        ]
    },
    "metrics": {
        "macro_accuracy": 0.580395794681509,
        "micro_accuracy": 0.5803957946815089,
        "accuracy_per_class": {
            "Instrument_-_Male_Lead_Vocals": 0.6461038961038961,
            "Song-Texture_Electric": 0.5725108225108225,
            "NOT-Emotion-Angry-Agressive": 0.6071428571428571,
            "NOT-Emotion-Bizarre-Weird": 0.5411255411255411,
            "Song-Quality": 0.5703463203463204,
            "Song-Texture_Acoustic": 0.5422077922077922,
            "Instrument_-_Drum_Set": 0.5833333333333334
        },
        "macro_precision": 0.6394123104268751,
        "micro_precision": 0.6410256410256411,
        "precision_per_class": {
            "Instrument_-_Male_Lead_Vocals": 0.7022222222222222,
            "Song-Texture_Electric": 0.6425531914893617,
            "NOT-Emotion-Angry-Agressive": 0.6776611694152923,
            "NOT-Emotion-Bizarre-Weird": 0.5977564102564102,
            "Song-Quality": 0.629695885509839,
            "Song-Texture_Acoustic": 0.6027633851468048,
            "Instrument_-_Drum_Set": 0.6232339089481946
        },
        "macro_recall": 0.7160544126971514,
        "micro_recall": 0.7182459677419355,
        "recall_per_class": {
            "Instrument_-_Male_Lead_Vocals": 0.79,
            "Song-Texture_Electric": 0.7600671140939598,
            "NOT-Emotion-Angry-Agressive": 0.7533333333333333,
            "NOT-Emotion-Bizarre-Weird": 0.6831501831501832,
            "Song-Quality": 0.6494464944649446,
            "Song-Texture_Acoustic": 0.6439114391143912,
            "Instrument_-_Drum_Set": 0.7324723247232472
        },
        "macro_f1": 0.6752213172927842,
        "micro_f1": 0.6774423579748039,
        "f1_per_class": {
            "Instrument_-_Male_Lead_Vocals": 0.7435294117647059,
            "Song-Texture_Electric": 0.6963873943120676,
            "NOT-Emotion-Angry-Agressive": 0.7134964483030781,
            "NOT-Emotion-Bizarre-Weird": 0.6376068376068376,
            "Song-Quality": 0.6394187102633969,
            "Song-Texture_Acoustic": 0.6226583407671722,
            "Instrument_-_Drum_Set": 0.6734520780322307
        },
        "MSE": 0.2650949954986572,
        "LogLoss": 0.7741910815238953,
        "AUNU": 0.5648456811904907,
        "micro_ROC-AUC": 0.5713076591491699,
        "AUNP": 0.5650022625923157,
        "ROC-AUC_per_class_vs_rest": {
            "Instrument_-_Male_Lead_Vocals": 0.6211625514403293,
            "Song-Texture_Electric": 0.48497094450810274,
            "NOT-Emotion-Angry-Agressive": 0.5961316872427984,
            "NOT-Emotion-Bizarre-Weird": 0.5282623020718259,
            "Song-Quality": 0.5913718823052105,
            "Song-Texture_Acoustic": 0.5561233361024711,
            "Instrument_-_Drum_Set": 0.5758969108015687
        }
    }
}