{
    "classification type": "multilabel",
    "class balance": "imbalanced",
    "dataset name": "yelp_imbalanced",
    "class names": [
        "IsFoodGood",
        "IsAmbianceGood",
        "IsServiceGood",
        "IsPriceGood"
    ],
    "model name": "decision_tree",
    "index": 4,
    "cv fold": 2,
    "fold info": {
        "train distribution": [
            3769,
            1420,
            2113,
            1032
        ],
        "test distribution": [
            942,
            355,
            529,
            258
        ],
        "train distribution pct": [
            99.84105960264901,
            37.615894039735096,
            55.973509933774835,
            27.33774834437086
        ],
        "test distribution pct": [
            99.89395546129374,
            37.6458112407211,
            56.09756097560976,
            27.359490986214208
        ]
    },
    "metrics": {
        "macro_accuracy": 0.7757771791927934,
        "micro_accuracy": 0.7757771791927934,
        "accuracy_per_class": {
            "IsFoodGood": 0.9977258677029056,
            "IsAmbianceGood": 0.6687715269804823,
            "IsServiceGood": 0.6900114810562572,
            "IsPriceGood": 0.7465998410315288
        },
        "macro_precision": 0.7075002312794605,
        "micro_precision": 0.8061340206185567,
        "precision_per_class": {
            "IsFoodGood": 0.9985195333215485,
            "IsAmbianceGood": 0.5658098682510979,
            "IsServiceGood": 0.7246716139529347,
            "IsPriceGood": 0.5409999095922611
        },
        "macro_recall": 0.6791342782625459,
        "micro_recall": 0.7818561772587289,
        "recall_per_class": {
            "IsFoodGood": 0.9992039800995025,
            "IsAmbianceGood": 0.5141431924882629,
            "IsServiceGood": 0.7199858060954935,
            "IsPriceGood": 0.48320413436692505
        },
        "macro_f1": 0.6925986720827627,
        "micro_f1": 0.7938095141412705,
        "f1_per_class": {
            "IsFoodGood": 0.9988616394602182,
            "IsAmbianceGood": 0.538740622309679,
            "IsServiceGood": 0.7223211107155572,
            "IsPriceGood": 0.5104713158455961
        },
        "MSE": 0.19367948174476624,
        "LogLoss": 11.875699996948242,
        "AUNU": 0.6272040009498596,
        "micro_ROC-AUC": 0.785836398601532,
        "AUNP": 0.591937780380249,
        "ROC-AUC_per_class_vs_rest": {
            "IsFoodGood": 0.49325115714957546,
            "IsAmbianceGood": 0.6415943910489696,
            "IsServiceGood": 0.6892349865046583,
            "IsPriceGood": 0.6847355271677456
        }
    }
}