{
    "classification type": "multilabel",
    "class balance": "balanced",
    "dataset name": "emotions_trimmed",
    "class names": [
        "angry-aggresive",
        "relaxing-calm",
        "amazed-suprised",
        "happy-pleased",
        "quiet-still",
        "sad-lonely"
    ],
    "model name": "logistic_regression",
    "index": 0,
    "cv fold": 0,
    "fold info": {
        "train distribution": [
            143,
            141,
            133,
            118,
            119,
            117
        ],
        "test distribution": [
            36,
            36,
            33,
            30,
            29,
            29
        ],
        "train distribution pct": [
            35.57213930348259,
            35.07462686567165,
            33.08457711442786,
            29.35323383084577,
            29.601990049751244,
            29.1044776119403
        ],
        "test distribution pct": [
            36.734693877551024,
            36.734693877551024,
            33.6734693877551,
            30.612244897959183,
            29.591836734693878,
            29.591836734693878
        ]
    },
    "metrics": {
        "macro_accuracy": 0.7721088435374149,
        "micro_accuracy": 0.7721088435374149,
        "accuracy_per_class": {
            "angry-aggresive": 0.7346938775510204,
            "relaxing-calm": 0.7857142857142857,
            "amazed-suprised": 0.7040816326530612,
            "happy-pleased": 0.6632653061224489,
            "quiet-still": 0.9081632653061225,
            "sad-lonely": 0.8367346938775511
        },
        "macro_precision": 0.6822956588954135,
        "micro_precision": 0.6809815950920245,
        "precision_per_class": {
            "angry-aggresive": 0.65625,
            "relaxing-calm": 0.7419354838709677,
            "amazed-suprised": 0.5666666666666667,
            "happy-pleased": 0.43478260869565216,
            "quiet-still": 0.8846153846153846,
            "sad-lonely": 0.8095238095238095
        },
        "macro_recall": 0.5750029025891096,
        "micro_recall": 0.5751295336787565,
        "recall_per_class": {
            "angry-aggresive": 0.5833333333333334,
            "relaxing-calm": 0.6388888888888888,
            "amazed-suprised": 0.5151515151515151,
            "happy-pleased": 0.3333333333333333,
            "quiet-still": 0.7931034482758621,
            "sad-lonely": 0.5862068965517241
        },
        "macro_f1": 0.6229364816024746,
        "micro_f1": 0.6235955056179775,
        "f1_per_class": {
            "angry-aggresive": 0.6176470588235294,
            "relaxing-calm": 0.6865671641791045,
            "amazed-suprised": 0.5396825396825397,
            "happy-pleased": 0.37735849056603776,
            "quiet-still": 0.8363636363636363,
            "sad-lonely": 0.68
        },
        "MSE": 0.16157089173793793,
        "LogLoss": 0.5310327410697937,
        "AUNU": 0.806567370891571,
        "micro_ROC-AUC": 0.8210795521736145,
        "AUNP": 0.8065336346626282,
        "ROC-AUC_per_class_vs_rest": {
            "angry-aggresive": 0.8127240143369175,
            "relaxing-calm": 0.857078853046595,
            "amazed-suprised": 0.744055944055944,
            "happy-pleased": 0.6534313725490196,
            "quiet-still": 0.951024487756122,
            "sad-lonely": 0.8210894552723638
        }
    }
}