{
    "classification type": "binary",
    "class balance": "balanced",
    "dataset name": "spambase_balanced",
    "class names": [
        1,
        0
    ],
    "model name": "knn",
    "index": 4,
    "cv fold": 4,
    "fold info": {
        "train distribution": 188,
        "test distribution": 46,
        "train distribution pct": 50.13333333333333,
        "test distribution pct": 49.46236559139785
    },
    "metrics": {
        "macro_accuracy": 0.889102578163147,
        "micro_accuracy": 0.889102578163147,
        "accuracy_per_class": {
            "1": 0.889102578163147,
            "0": 0.889102578163147
        },
        "macro_precision": 0.8897314667701721,
        "micro_precision": 0.889102578163147,
        "precision_per_class": {
            "1": 0.8740755915641785,
            "0": 0.9053873419761658
        },
        "macro_recall": 0.889102578163147,
        "micro_recall": 0.889102578163147,
        "recall_per_class": {
            "1": 0.9091880321502686,
            "0": 0.8690170645713806
        },
        "macro_f1": 0.8890578150749207,
        "micro_f1": 0.889102578163147,
        "f1_per_class": {
            "1": 0.8912861347198486,
            "0": 0.8868294954299927
        },
        "MSE": 0.09658167511224747,
        "LogLoss": 4.250064373016357,
        "AUNU": 0.9150646328926086,
        "micro_ROC-AUC": 0.9150646328926086
    }
}