{
    "classification type": "multiclass",
    "class balance": "balanced",
    "dataset name": "mfeat-karhunen_balanced",
    "class names": [
        0,
        1,
        2,
        3
    ],
    "model name": "random_forest",
    "index": 2,
    "cv fold": 0,
    "fold info": {
        "train distribution": 576,
        "test distribution": 144,
        "train distribution pct": 150.0,
        "test distribution pct": 150.0
    },
    "metrics": {
        "macro_accuracy": 0.9821550846099854,
        "micro_accuracy": 0.9821550250053406,
        "accuracy_per_class": {
            "0": 0.9858264923095703,
            "1": 0.9798497557640076,
            "2": 0.9836065769195557,
            "3": 0.9793374538421631
        },
        "macro_precision": 0.9644404053688049,
        "micro_precision": 0.9643101096153259,
        "precision_per_class": {
            "0": 0.9758787155151367,
            "1": 0.9504685401916504,
            "2": 0.9621621370315552,
            "3": 0.9692522883415222
        },
        "macro_recall": 0.9643101096153259,
        "micro_recall": 0.9643101096153259,
        "recall_per_class": {
            "0": 0.9672130942344666,
            "1": 0.9699453711509705,
            "2": 0.9726775884628296,
            "3": 0.9474043846130371
        },
        "macro_f1": 0.964307427406311,
        "micro_f1": 0.9643101096153259,
        "f1_per_class": {
            "0": 0.971526563167572,
            "1": 0.9601081609725952,
            "2": 0.967391312122345,
            "3": 0.9582037925720215
        },
        "Kappa": 0.9524134993553162,
        "MSE": 0.01982887089252472,
        "LogLoss": 0.6191983819007874,
        "AUNU": 0.9712597131729126,
        "micro_ROC-AUC": 0.9712920784950256,
        "AUNP": 0.9712597131729126,
        "AU1U": 0.9712597248972298,
        "AU1P": 0.9712597248972298,
        "ROC-AUC_per_class_vs_rest": {
            "0": 0.9759784307284979,
            "1": 0.9680555088984443,
            "2": 0.9745214846666068,
            "3": 0.9664834752953707
        }
    }
}