{
    "classification type": "multiclass",
    "class balance": "imbalanced",
    "dataset name": "news-category_imbalanced",
    "class names": [
        0,
        3,
        36,
        31,
        18,
        35,
        21,
        9,
        30,
        37,
        8,
        26,
        34,
        6,
        32,
        33,
        29,
        11,
        25,
        40,
        38,
        39,
        12,
        1,
        19,
        7,
        15,
        22,
        27,
        17,
        16,
        13,
        2,
        23,
        5,
        41,
        28,
        10,
        4,
        20,
        14,
        24
    ],
    "model name": "knn",
    "index": 4,
    "cv fold": 3,
    "fold info": {
        "train distribution": 369761,
        "test distribution": 92460,
        "train distribution pct": 1713.1254633061526,
        "test distribution pct": 1713.4914751667902
    },
    "metrics": {
        "macro_accuracy": 0.9721211194992065,
        "micro_accuracy": 0.9721210598945618,
        "accuracy_per_class": {
            "0": 0.9925327897071838,
            "3": 0.9385534524917603,
            "36": 0.9374115467071533,
            "31": 0.9747138023376465,
            "18": 0.9971471428871155,
            "35": 0.9928248524665833,
            "21": 0.9442516565322876,
            "9": 0.9452905654907227,
            "30": 0.9022620320320129,
            "37": 0.9844666123390198,
            "8": 0.9933714270591736,
            "26": 0.9963796734809875,
            "34": 0.9788826107978821,
            "6": 0.9923062920570374,
            "32": 0.9357155561447144,
            "33": 0.9430685639381409,
            "29": 0.9152814149856567,
            "11": 0.9574301242828369,
            "25": 0.9682125449180603,
            "40": 0.9667617678642273,
            "38": 0.984148383140564,
            "39": 0.9744517207145691,
            "12": 0.980516791343689,
            "1": 0.9486525654792786,
            "19": 0.9922407865524292,
            "7": 0.9929090738296509,
            "15": 0.9973586797714233,
            "22": 0.9770462512969971,
            "27": 0.9851667284965515,
            "17": 0.9960951209068298,
            "16": 0.973590612411499,
            "13": 0.9970498085021973,
            "2": 0.9891707897186279,
            "23": 0.9889761209487915,
            "5": 0.991767168045044,
            "41": 0.8709331750869751,
            "28": 0.9809417128562927,
            "10": 0.9880701303482056,
            "4": 0.9894684553146362,
            "20": 0.9939461350440979,
            "14": 0.9917316436767578,
            "24": 0.987991452217102
        },
        "macro_precision": 0.3076905608177185,
        "micro_precision": 0.41454389691352844,
        "precision_per_class": {
            "0": 0.06085985526442528,
            "3": 0.3613182008266449,
            "36": 0.4008287489414215,
            "31": 0.27446356415748596,
            "18": 0.12288135290145874,
            "35": 0.3935057818889618,
            "21": 0.3394319415092468,
            "9": 0.47337278723716736,
            "30": 0.24336151778697968,
            "37": 0.14394429326057434,
            "8": 0.31123918294906616,
            "26": 0.1606367528438568,
            "34": 0.44595375657081604,
            "6": 0.2942725419998169,
            "32": 0.3327583968639374,
            "33": 0.45204517245292664,
            "29": 0.7397254705429077,
            "11": 0.5918403267860413,
            "25": 0.22506317496299744,
            "40": 0.7379504442214966,
            "38": 0.5223525166511536,
            "39": 0.26083189249038696,
            "12": 0.4577769339084625,
            "1": 0.4892117381095886,
            "19": 0.20411817729473114,
            "7": 0.27835723757743835,
            "15": 0.10035842657089233,
            "22": 0.26406121253967285,
            "27": 0.6852112412452698,
            "17": 0.2171628773212433,
            "16": 0.21783970296382904,
            "13": 0.009554140269756317,
            "2": 0.084221750497818,
            "23": 0.1749347299337387,
            "5": 0.06567630916833878,
            "41": 0.1785484403371811,
            "28": 0.5137238502502441,
            "10": 0.043612830340862274,
            "4": 0.11329866200685501,
            "20": 0.046625766903162,
            "14": 0.11265739053487778,
            "24": 0.7774156928062439
        },
        "macro_recall": 0.24502432346343994,
        "micro_recall": 0.41454389691352844,
        "recall_per_class": {
            "0": 0.04511589556932449,
            "3": 0.4675028920173645,
            "36": 0.4149753153324127,
            "31": 0.24044619500637054,
            "18": 0.049657534807920456,
            "35": 0.20748694241046906,
            "21": 0.5375614166259766,
            "9": 0.4697575569152832,
            "30": 0.4716332256793976,
            "37": 0.22794872522354126,
            "8": 0.10292249172925949,
            "26": 0.07576791942119598,
            "34": 0.2929839491844177,
            "6": 0.12826399505138397,
            "32": 0.3093220293521881,
            "33": 0.41387081146240234,
            "29": 0.6877349615097046,
            "11": 0.5010026693344116,
            "25": 0.31597620248794556,
            "40": 0.5334171056747437,
            "38": 0.32724976539611816,
            "39": 0.1747291088104248,
            "12": 0.24440205097198486,
            "1": 0.4226827025413513,
            "19": 0.06544201821088791,
            "7": 0.13738738000392914,
            "15": 0.023569023236632347,
            "22": 0.12795591354370117,
            "27": 0.4609626829624176,
            "17": 0.07033465802669525,
            "16": 0.10956411063671112,
            "13": 0.0023659307043999434,
            "2": 0.0687953531742096,
            "23": 0.09146757423877716,
            "5": 0.025555217638611794,
            "41": 0.4062221050262451,
            "28": 0.34997591376304626,
            "10": 0.04953659325838089,
            "4": 0.08606094866991043,
            "20": 0.015230461023747921,
            "14": 0.05233990028500557,
            "24": 0.4858452081680298
        },
        "macro_f1": 0.26070353388786316,
        "micro_f1": 0.41454389691352844,
        "f1_per_class": {
            "0": 0.051818396896123886,
            "3": 0.40760859847068787,
            "36": 0.40777936577796936,
            "31": 0.256331205368042,
            "18": 0.07073170691728592,
            "35": 0.2717081606388092,
            "21": 0.41611605882644653,
            "9": 0.47155824303627014,
            "30": 0.3210579752922058,
            "37": 0.1764589101076126,
            "8": 0.15469086170196533,
            "26": 0.10296846181154251,
            "34": 0.3536354899406433,
            "6": 0.17865706980228424,
            "32": 0.32061249017715454,
            "33": 0.4321165084838867,
            "29": 0.7127834558486938,
            "11": 0.5426462888717651,
            "25": 0.26288145780563354,
            "40": 0.6192314028739929,
            "38": 0.4023994207382202,
            "39": 0.20926998555660248,
            "12": 0.31866979598999023,
            "1": 0.4535203278064728,
            "19": 0.09910888969898224,
            "7": 0.18397241830825806,
            "15": 0.038173142820596695,
            "22": 0.1723812073469162,
            "27": 0.5511499047279358,
            "17": 0.10625535249710083,
            "16": 0.14579801261425018,
            "13": 0.003792667528614402,
            "2": 0.07573094964027405,
            "23": 0.12012550234794617,
            "5": 0.03679369390010834,
            "41": 0.24806421995162964,
            "28": 0.41632747650146484,
            "10": 0.04638635367155075,
            "4": 0.09781911224126816,
            "20": 0.0229607243090868,
            "14": 0.0714736208319664,
            "24": 0.5979820489883423
        },
        "Kappa": 0.37919971346855164,
        "MSE": 0.020693879574537277,
        "LogLoss": 7.77089786529541,