{
    "classification type": "binary",
    "class balance": "imbalanced",
    "dataset name": "spambase_imbalanced",
    "class names": [
        1,
        0
    ],
    "model name": "decision_tree",
    "index": 4,
    "cv fold": 1,
    "fold info": {
        "train distribution": 114,
        "test distribution": 29,
        "train distribution pct": 37.5,
        "test distribution pct": 38.15789473684211
    },
    "metrics": {
        "macro_accuracy": 0.8983762860298157,
        "micro_accuracy": 0.8983762860298157,
        "accuracy_per_class": {
            "1": 0.8983762860298157,
            "0": 0.8983762860298157
        },
        "macro_precision": 0.8933135867118835,
        "micro_precision": 0.8983762860298157,
        "precision_per_class": {
            "1": 0.9123893976211548,
            "0": 0.8742377758026123
        },
        "macro_recall": 0.8893486857414246,
        "micro_recall": 0.8983762860298157,
        "recall_per_class": {
            "1": 0.9259092807769775,
            "0": 0.8527880907058716
        },
        "macro_f1": 0.8912397027015686,
        "micro_f1": 0.8983762860298157,
        "f1_per_class": {
            "1": 0.9190996289253235,
            "0": 0.8633797764778137
        },
        "MSE": 0.0904432088136673,
        "LogLoss": 5.071457862854004,
        "AUNU": 0.905346691608429,
        "micro_ROC-AUC": 0.905346691608429
    }
}