{
    "classification type": "binary",
    "class balance": "imbalanced",
    "dataset name": "spambase_imbalanced",
    "class names": [
        1,
        0
    ],
    "model name": "decision_tree",
    "index": 2,
    "cv fold": 4,
    "fold info": {
        "train distribution": 115,
        "test distribution": 28,
        "train distribution pct": 37.82894736842105,
        "test distribution pct": 36.84210526315789
    },
    "metrics": {
        "macro_accuracy": 0.89835524559021,
        "micro_accuracy": 0.89835524559021,
        "accuracy_per_class": {
            "1": 0.89835524559021,
            "0": 0.89835524559021
        },
        "macro_precision": 0.8935703039169312,
        "micro_precision": 0.89835524559021,
        "precision_per_class": {
            "1": 0.9113530516624451,
            "0": 0.8757875561714172
        },
        "macro_recall": 0.8888698816299438,
        "micro_recall": 0.89835524559021,
        "recall_per_class": {
            "1": 0.9272152185440063,
            "0": 0.8505244851112366
        },
        "macro_f1": 0.8910934329032898,
        "micro_f1": 0.89835524559021,
        "f1_per_class": {
            "1": 0.9192156791687012,
            "0": 0.8629711866378784
        },
        "MSE": 0.08850761502981186,
        "LogLoss": 4.182647228240967,
        "AUNU": 0.9103981852531433,
        "micro_ROC-AUC": 0.9103981852531433
    }
}