{
    "classification type": "binary",
    "class balance": "balanced",
    "dataset name": "all-in-one_sentiment_balanced",
    "class names": [
        0,
        1
    ],
    "model name": "random_forest",
    "index": 1,
    "cv fold": 0,
    "fold info": {
        "train distribution": 5836,
        "test distribution": 1459,
        "train distribution pct": 50.0,
        "test distribution pct": 50.0
    },
    "metrics": {
        "macro_accuracy": 0.7346029281616211,
        "micro_accuracy": 0.7346029281616211,
        "accuracy_per_class": {
            "0": 0.7346029281616211,
            "1": 0.7346029281616211
        },
        "macro_precision": 0.7348031997680664,
        "micro_precision": 0.7346029281616211,
        "precision_per_class": {
            "0": 0.7279462218284607,
            "1": 0.7416601777076721
        },
        "macro_recall": 0.7346029281616211,
        "micro_recall": 0.7346029281616211,
        "recall_per_class": {
            "0": 0.7492044568061829,
            "1": 0.7200014591217041
        },
        "macro_f1": 0.7345463633537292,
        "micro_f1": 0.7346029281616211,
        "f1_per_class": {
            "0": 0.7384223937988281,
            "1": 0.7306703329086304
        },
        "MSE": 0.2235862910747528,
        "LogLoss": 13.393417358398438,
        "AUNU": 0.7404038906097412,
        "micro_ROC-AUC": 0.7404038906097412
    }
}