{
    "classification type": "binary",
    "class balance": "balanced",
    "dataset name": "news-sarcasm_balanced",
    "class names": [
        1,
        0
    ],
    "model name": "random_forest",
    "index": 0,
    "cv fold": 0,
    "fold info": {
        "train distribution": 1899,
        "test distribution": 475,
        "train distribution pct": 50.0,
        "test distribution pct": 50.0
    },
    "metrics": {
        "macro_accuracy": 0.7597357034683228,
        "micro_accuracy": 0.7597357034683228,
        "accuracy_per_class": {
            "1": 0.7597357034683228,
            "0": 0.7597357034683228
        },
        "macro_precision": 0.7604612112045288,
        "micro_precision": 0.7597357034683228,
        "precision_per_class": {
            "1": 0.774207592010498,
            "0": 0.7467147707939148
        },
        "macro_recall": 0.7597357034683228,
        "micro_recall": 0.7597357034683228,
        "recall_per_class": {
            "1": 0.7333471179008484,
            "0": 0.7861242890357971
        },
        "macro_f1": 0.7595682740211487,
        "micro_f1": 0.7597357034683228,
        "f1_per_class": {
            "1": 0.7532235980033875,
            "0": 0.7659129500389099
        },
        "MSE": 0.1949804574251175,
        "LogLoss": 9.96396255493164,
        "AUNU": 0.7843960523605347,
        "micro_ROC-AUC": 0.7843960523605347
    }
}