{
    "classification type": "binary",
    "class balance": "balanced",
    "dataset name": "amazon-reviews-0.25_balanced",
    "class names": [
        0,
        1
    ],
    "model name": "knn",
    "index": 0,
    "cv fold": 2,
    "fold info": {
        "train distribution": 14461,
        "test distribution": 3616,
        "train distribution pct": 49.998271271998064,
        "test distribution pct": 50.00691467293596
    },
    "metrics": {
        "macro_accuracy": 0.8143112659454346,
        "micro_accuracy": 0.8143112659454346,
        "accuracy_per_class": {
            "0": 0.8143112659454346,
            "1": 0.8143112659454346
        },
        "macro_precision": 0.8144687414169312,
        "micro_precision": 0.8143112659454346,
        "precision_per_class": {
            "0": 0.821506679058075,
            "1": 0.8074308633804321
        },
        "macro_recall": 0.8143112659454346,
        "micro_recall": 0.8143112659454346,
        "recall_per_class": {
            "0": 0.8031219840049744,
            "1": 0.8255006074905396
        },
        "macro_f1": 0.8142880201339722,
        "micro_f1": 0.8143112659454346,
        "f1_per_class": {
            "0": 0.8122103214263916,
            "1": 0.8163657784461975
        },
        "MSE": 0.16075660288333893,
        "LogLoss": 8.683616638183594,
        "AUNU": 0.8241224884986877,
        "micro_ROC-AUC": 0.8241224884986877
    }
}