{
    "classification type": "multiclass",
    "class balance": "balanced",
    "dataset name": "mfeat-karhunen_balanced",
    "class names": [
        0,
        1,
        2,
        3
    ],
    "model name": "knn",
    "index": 3,
    "cv fold": 3,
    "fold info": {
        "train distribution": 576,
        "test distribution": 144,
        "train distribution pct": 150.0,
        "test distribution pct": 150.0
    },
    "metrics": {
        "macro_accuracy": 0.9850952625274658,
        "micro_accuracy": 0.9850953221321106,
        "accuracy_per_class": {
            "0": 0.9882535338401794,
            "1": 0.981937050819397,
            "2": 0.9876994490623474,
            "3": 0.982491135597229
        },
        "macro_precision": 0.9704086780548096,
        "micro_precision": 0.9701905846595764,
        "precision_per_class": {
            "0": 0.9820627570152283,
            "1": 0.9504950642585754,
            "2": 0.9722589254379272,
            "3": 0.9768182039260864
        },
        "macro_recall": 0.9701906442642212,
        "micro_recall": 0.9701905846595764,
        "recall_per_class": {
            "0": 0.9707446694374084,
            "1": 0.978723406791687,
            "2": 0.978723406791687,
            "3": 0.952570915222168
        },
        "macro_f1": 0.9701990485191345,
        "micro_f1": 0.9701905846595764,
        "f1_per_class": {
            "0": 0.9763709306716919,
            "1": 0.9644027352333069,
            "2": 0.9754804372787476,
            "3": 0.9645422101020813
        },
        "Kappa": 0.9602541327476501,
        "MSE": 0.01743360236287117,
        "LogLoss": 0.46606138348579407,
        "AUNU": 0.9807657599449158,
        "micro_ROC-AUC": 0.9807837009429932,
        "AUNP": 0.9807657599449158,
        "AU1U": 0.9807657318859714,
        "AU1P": 0.9807657318859714,
        "ROC-AUC_per_class_vs_rest": {
            "0": 0.983334728352447,
            "1": 0.9792313418485825,
            "2": 0.9839769938425297,
            "3": 0.9765198635003269
        }
    }
}