{
    "classification type": "binary",
    "class balance": "balanced",
    "dataset name": "vehicle-sensit_balanced",
    "class names": [
        0,
        1
    ],
    "model name": "logistic_regression",
    "index": 4,
    "cv fold": 1,
    "fold info": {
        "train distribution": 5011,
        "test distribution": 1253,
        "train distribution pct": 50.0,
        "test distribution pct": 50.0
    },
    "metrics": {
        "macro_accuracy": 0.8573760986328125,
        "micro_accuracy": 0.8573760986328125,
        "accuracy_per_class": {
            "0": 0.8573760986328125,
            "1": 0.8573760986328125
        },
        "macro_precision": 0.8620997667312622,
        "micro_precision": 0.8573760986328125,
        "precision_per_class": {
            "0": 0.9034570455551147,
            "1": 0.8207424283027649
        },
        "macro_recall": 0.8573760986328125,
        "micro_recall": 0.8573760986328125,
        "recall_per_class": {
            "0": 0.8002684712409973,
            "1": 0.9144837260246277
        },
        "macro_f1": 0.856909453868866,
        "micro_f1": 0.8573760986328125,
        "f1_per_class": {
            "0": 0.848737895488739,
            "1": 0.8650810122489929
        },
        "MSE": 0.10826492309570312,
        "LogLoss": 0.3573523461818695,
        "AUNU": 0.9131132364273071,
        "micro_ROC-AUC": 0.9131132364273071
    }
}