{
    "classification type": "multiclass",
    "class balance": "balanced",
    "dataset name": "ag-news_balanced",
    "class names": [
        1,
        3,
        0,
        2
    ],
    "model name": "logistic_regression",
    "index": 0,
    "cv fold": 4,
    "fold info": {
        "train distribution": 5760,
        "test distribution": 1440,
        "train distribution pct": 150.0,
        "test distribution pct": 150.0
    },
    "metrics": {
        "macro_accuracy": 0.9181249737739563,
        "micro_accuracy": 0.9181249737739563,
        "accuracy_per_class": {
            "1": 0.9256250262260437,
            "3": 0.9549999833106995,
            "0": 0.8927083611488342,
            "2": 0.8991666436195374
        },
        "macro_precision": 0.8355481624603271,
        "micro_precision": 0.8362500071525574,
        "precision_per_class": {
            "1": 0.8575063347816467,
            "3": 0.8948635458946228,
            "0": 0.7914893627166748,
            "2": 0.7983333468437195
        },
        "macro_recall": 0.8362500071525574,
        "micro_recall": 0.8362500071525574,
        "recall_per_class": {
            "1": 0.8424999713897705,
            "3": 0.9291666746139526,
            "0": 0.7749999761581421,
            "2": 0.7983333468437195
        },
        "macro_f1": 0.8357802033424377,
        "micro_f1": 0.8362500071525574,
        "f1_per_class": {
            "1": 0.8499369621276855,
            "3": 0.9116925597190857,
            "0": 0.7831578850746155,
            "2": 0.7983333468437195
        },
        "Kappa": 0.7816666960716248,
        "MSE": 0.061503879725933075,
        "LogLoss": 0.48053696751594543,
        "AUNU": 0.9579587578773499,
        "micro_ROC-AUC": 0.9604184031486511,
        "AUNP": 0.9579587578773499,
        "AU1U": 0.9579587384259258,
        "AU1P": 0.9579587384259258,
        "ROC-AUC_per_class_vs_rest": {
            "1": 0.9607193287037036,
            "3": 0.9880128472222223,
            "0": 0.9369150462962963,
            "2": 0.9461877314814815
        }
    }
}