{
    "classification type": "multilabel",
    "class balance": "balanced",
    "dataset name": "tmc2007500_balanced",
    "class names": [
        "class13",
        "class07",
        "class01",
        "class14",
        "class18",
        "class10"
    ],
    "model name": "decision_tree",
    "index": 2,
    "cv fold": 4,
    "fold info": {
        "train distribution": [
            1252,
            1253,
            1253,
            1253,
            1190,
            1183
        ],
        "test distribution": [
            313,
            313,
            313,
            313,
            297,
            296
        ],
        "train distribution pct": [
            19.83209250752416,
            19.84793283700301,
            19.84793283700301,
            19.84793283700301,
            18.84999207983526,
            18.73910977348329
        ],
        "test distribution pct": [
            19.599248591108328,
            19.599248591108328,
            19.599248591108328,
            19.599248591108328,
            18.597370068879147,
            18.534752661239825
        ]
    },
    "metrics": {
        "macro_accuracy": 0.9028936648405673,
        "micro_accuracy": 0.9028936648405675,
        "accuracy_per_class": {
            "class13": 0.8666666666666667,
            "class07": 0.8989886219974715,
            "class01": 0.9504846186262116,
            "class14": 0.9227981458069954,
            "class18": 0.8985250737463126,
            "class10": 0.8798988621997471
        },
        "macro_precision": 0.7404567243537791,
        "micro_precision": 0.7421981478245675,
        "precision_per_class": {
            "class13": 0.6647299332902948,
            "class07": 0.7365823565700185,
            "class01": 0.8582468985153549,
            "class14": 0.78728949478749,
            "class18": 0.7241755841886874,
            "class10": 0.6717160787708288
        },
        "macro_recall": 0.7662385236959003,
        "micro_recall": 0.7670748004478636,
        "recall_per_class": {
            "class13": 0.6579339723109691,
            "class07": 0.7624521072796935,
            "class01": 0.898254576415496,
            "class14": 0.8358876117496807,
            "class18": 0.743331091683479,
            "class10": 0.6995717827360829
        },
        "macro_f1": 0.7530423290613992,
        "micro_f1": 0.754431458917978,
        "f1_per_class": {
            "class13": 0.6613144936844358,
            "class07": 0.7492940069030436,
            "class01": 0.8777951118044722,
            "class14": 0.8108610365475944,
            "class18": 0.7336283185840708,
            "class10": 0.6853610068447781
        },
        "MSE": 0.09686246514320374,
        "LogLoss": 9.64577579498291,
        "AUNU": 0.852001428604126,
        "micro_ROC-AUC": 0.8524347543716431,
        "AUNP": 0.8524838089942932,
        "ROC-AUC_per_class_vs_rest": {
            "class13": 0.7889529265214881,
            "class07": 0.8485709455124849,
            "class01": 0.9308160229702532,
            "class14": 0.8911881074217768,
            "class18": 0.8403110312730572,
            "class10": 0.8121696634585681
        }
    }
}