{
    "classification type": "multiclass",
    "class balance": "balanced",
    "dataset name": "news-category_balanced",
    "class names": [
        0,
        3,
        31,
        26,
        36,
        37,
        11,
        9,
        29,
        18,
        34,
        32,
        39,
        25,
        40,
        33,
        21,
        30,
        38,
        35,
        12,
        8,
        6,
        22,
        27,
        13,
        5,
        4,
        10,
        19,
        7,
        1,
        15,
        17,
        41,
        24,
        28,
        20,
        2,
        23,
        14,
        16
    ],
    "model name": "knn",
    "index": 3,
    "cv fold": 4,
    "fold info": {
        "train distribution": 430143,
        "test distribution": 107529,
        "train distribution pct": 2050.8391341661104,
        "test distribution pct": 2050.9059698645815
    },
    "metrics": {
        "macro_accuracy": 0.9676796793937683,
        "micro_accuracy": 0.9676797389984131,
        "accuracy_per_class": {
            "0": 0.9655627012252808,
            "3": 0.9722538590431213,
            "31": 0.9656550884246826,
            "26": 0.9614512920379639,
            "36": 0.9726252555847168,
            "37": 0.9755301475524902,
            "11": 0.9768270254135132,
            "9": 0.9684876799583435,
            "29": 0.9442346692085266,
            "18": 0.9334401488304138,
            "34": 0.9728801846504211,
            "32": 0.9690578579902649,
            "39": 0.9686543345451355,
            "25": 0.9745986461639404,
            "40": 0.9647817611694336,
            "33": 0.9705855846405029,
            "21": 0.9811652898788452,
            "30": 0.9731712937355042,
            "38": 0.9554146528244019,
            "35": 0.9817414283752441,
            "12": 0.9778809547424316,
            "8": 0.9669679999351501,
            "6": 0.9736490845680237,
            "22": 0.971537172794342,
            "27": 0.9722980260848999,
            "13": 0.9647777676582336,
            "5": 0.9745966196060181,
            "4": 0.9681985974311829,
            "10": 0.98325115442276,
            "19": 0.9727015495300293,
            "7": 0.964904248714447,
            "1": 0.9668736457824707,
            "15": 0.9527124762535095,
            "17": 0.9639084935188293,
            "41": 0.9650307297706604,
            "24": 0.9524816274642944,
            "28": 0.9737333655357361,
            "20": 0.9585584402084351,
            "2": 0.9685057997703552,
            "23": 0.9669920802116394,
            "14": 0.949797511100769,
            "16": 0.9850719571113586
        },
        "macro_precision": 0.35101214051246643,
        "micro_precision": 0.321274071931839,
        "precision_per_class": {
            "0": 0.2657317817211151,
            "3": 0.4257591962814331,
            "31": 0.25054818391799927,
            "26": 0.2250656634569168,
            "36": 0.41879552602767944,
            "37": 0.48393040895462036,
            "11": 0.5142489075660706,
            "9": 0.33895161747932434,
            "29": 0.12384898960590363,
            "18": 0.14824120700359344,
            "34": 0.404759019613266,
            "32": 0.36220410466194153,
            "39": 0.3192972242832184,
            "25": 0.46643075346946716,
            "40": 0.23334284126758575,
            "33": 0.3495575189590454,
            "21": 0.6307692527770996,
            "30": 0.427909791469574,
            "38": 0.2328289896249771,
            "35": 0.6494302153587341,
            "12": 0.5389580726623535,
            "8": 0.22406639158725739,
            "6": 0.4251704812049866,
            "22": 0.3947344422340393,
            "27": 0.3946792185306549,
            "13": 0.272325724363327,
            "5": 0.45150455832481384,
            "4": 0.27537065744400024,
            "10": 0.68687504529953,
            "19": 0.408263236284256,
            "7": 0.2339915633201599,
            "1": 0.2474295198917389,
            "15": 0.22115062177181244,
            "17": 0.23659905791282654,
            "41": 0.2572254240512848,
            "24": 0.1322566568851471,
            "28": 0.433256059885025,
            "20": 0.16898217797279358,
            "2": 0.32726284861564636,
            "23": 0.24165630340576172,
            "14": 0.1255275458097458,
            "16": 0.7735732793807983
        },
        "macro_recall": 0.3209812641143799,
        "micro_recall": 0.321274071931839,
        "recall_per_class": {
            "0": 0.2521263062953949,
            "3": 0.46989473700523376,
            "31": 0.2213052660226822,
            "26": 0.25254738330841064,
            "36": 0.3824000060558319,
            "37": 0.3981473743915558,
            "11": 0.5045052766799927,
            "9": 0.3386947512626648,
            "29": 0.23518097400665283,
            "18": 0.3776000142097473,
            "34": 0.2808414399623871,
            "32": 0.38342273235321045,
            "39": 0.27262821793556213,
            "25": 0.41979551315307617,
            "40": 0.2057492434978485,
            "33": 0.26483404636383057,
            "21": 0.5154207348823547,
            "30": 0.35618504881858826,
            "38": 0.3752933144569397,
            "35": 0.508715808391571,
            "12": 0.4991999864578247,
            "8": 0.20868605375289917,
            "6": 0.2992842197418213,
            "22": 0.3636210560798645,
            "27": 0.3035789430141449,
            "13": 0.28555789589881897,
            "5": 0.28167951107025146,
            "4": 0.20080456137657166,
            "10": 0.5486800074577332,
            "19": 0.3228631615638733,
            "7": 0.20457592606544495,
            "1": 0.18756285309791565,
            "15": 0.38627222180366516,
            "17": 0.23082105815410614,
            "41": 0.2473263144493103,
            "24": 0.17861053347587585,
            "28": 0.3304421007633209,
            "20": 0.18846315145492554,
            "2": 0.3041684329509735,
            "23": 0.17987369000911713,
            "14": 0.18534736335277557,
            "16": 0.528505265712738
        },
        "macro_f1": 0.3298020362854004,
        "micro_f1": 0.321274071931839,
        "f1_per_class": {
            "0": 0.258750319480896,
            "3": 0.44673952460289,
            "31": 0.23502056300640106,
            "26": 0.23801587522029877,
            "36": 0.3997710943222046,
            "37": 0.4368676245212555,
            "11": 0.5093305110931396,
            "9": 0.338823139667511,
            "29": 0.1622534543275833,
            "18": 0.212900310754776,
            "34": 0.3316015899181366,
            "32": 0.37251150608062744,
            "39": 0.29412296414375305,
            "25": 0.4418860971927643,
            "40": 0.2186790257692337,
            "33": 0.30135419964790344,
            "21": 0.5672908425331116,
            "30": 0.38876691460609436,
            "38": 0.2873736619949341,
            "35": 0.5705246329307556,
            "12": 0.5183177590370178,
            "8": 0.21610291302204132,
            "6": 0.35128989815711975,
            "22": 0.378539502620697,
            "27": 0.34318625926971436,
            "13": 0.2787849009037018,
            "5": 0.3469240367412567,
            "4": 0.23224930465221405,
            "10": 0.6100490689277649,
            "19": 0.3605755567550659,
            "7": 0.21829725801944733,
            "1": 0.21337655186653137,
            "15": 0.2812681198120117,
            "17": 0.2336743324995041,
            "41": 0.25217875838279724,
            "24": 0.15197764337062836,
            "28": 0.3749283254146576,
            "20": 0.17819181084632874,
            "2": 0.3152932822704315,
            "23": 0.206237331032753,
            "14": 0.14968207478523254,
            "16": 0.6279767751693726
        },
        "Kappa": 0.30472874641418457,
        "MSE": 0.023712938651442528,
        "LogLoss": 8.690105438232422,
        "AUNU": 0.7028695940971375,