{
    "classification type": "multilabel",
    "class balance": "balanced",
    "dataset name": "yeast_balanced",
    "class names": [
        "Class1",
        "Class2",
        "Class3",
        "Class4",
        "Class5"
    ],
    "model name": "knn",
    "index": 0,
    "cv fold": 3,
    "fold info": {
        "train distribution": [
            520,
            556,
            520,
            556,
            522
        ],
        "test distribution": [
            130,
            139,
            130,
            139,
            131
        ],
        "train distribution pct": [
            39.90790483499616,
            42.67075978511129,
            39.90790483499616,
            42.67075978511129,
            40.06139677666922
        ],
        "test distribution pct": [
            40.37267080745342,
            43.16770186335403,
            40.37267080745342,
            43.16770186335403,
            40.683229813664596
        ]
    },
    "metrics": {
        "macro_accuracy": 0.7157242447714949,
        "micro_accuracy": 0.715724244771495,
        "accuracy_per_class": {
            "Class1": 0.7250193648334624,
            "Class2": 0.6669248644461657,
            "Class3": 0.7180480247869868,
            "Class4": 0.7529047250193648,
            "Class5": 0.715724244771495
        },
        "macro_precision": 0.6758446671326305,
        "micro_precision": 0.6741293532338308,
        "precision_per_class": {
            "Class1": 0.707808564231738,
            "Class2": 0.6206896551724138,
            "Class3": 0.6703056768558951,
            "Class4": 0.7309941520467836,
            "Class5": 0.6494252873563219
        },
        "macro_recall": 0.6072294063557802,
        "micro_recall": 0.6078504672897196,
        "recall_per_class": {
            "Class1": 0.5403846153846154,
            "Class2": 0.5827338129496403,
            "Class3": 0.5903846153846154,
            "Class4": 0.6744604316546763,
            "Class5": 0.6481835564053537
        },
        "macro_f1": 0.6384374360995517,
        "micro_f1": 0.639276587379595,
        "f1_per_class": {
            "Class1": 0.6128680479825518,
            "Class2": 0.601113172541744,
            "Class3": 0.6278118609406953,
            "Class4": 0.7015902712815716,
            "Class5": 0.6488038277511962
        },
        "MSE": 0.1970379650592804,
        "LogLoss": 4.324289321899414,
        "AUNU": 0.7660655975341797,
        "micro_ROC-AUC": 0.7668870091438293,
        "AUNP": 0.7659446001052856,
        "ROC-AUC_per_class_vs_rest": {
            "Class1": 0.7712648408660081,
            "Class2": 0.7073667596535017,
            "Class3": 0.7664858325850543,
            "Class4": 0.8154664023882934,
            "Class5": 0.7697441144837477
        }
    }
}