{
  "dataset_name": "nyt-comments-april17_balanced",
  "classification_type": "multiclass",
  "class_balance": "balanced",
  "correlation_type": "pearson",
  "correlation_matrix": {
    "macro_accuracy": {
      "macro_accuracy": 1.0,
      "micro_accuracy": 0.99999999999293,
      "macro_precision": 0.9999243332994752,
      "micro_precision": 0.9999999999937974,
      "macro_recall": 0.9999975192764838,
      "micro_recall": 0.9999999999937974,
      "macro_f1": 0.9999603727067604,
      "micro_f1": 0.9999999999937974,
      "MSE": -0.9265417920440181,
      "LogLoss": -0.9065842077518327,
      "AUNU": 0.9398455329936627,
      "micro_ROC-AUC": 0.9390328149869213
    },
    "micro_accuracy": {
      "macro_accuracy": 0.99999999999293,
      "micro_accuracy": 1.0,
      "macro_precision": 0.9999243317329495,
      "micro_precision": 0.9999999999991281,
      "macro_recall": 0.9999975199338786,
      "micro_recall": 0.9999999999991281,
      "macro_f1": 0.999960377569008,
      "micro_f1": 0.9999999999991281,
      "MSE": -0.926541579787562,
      "LogLoss": -0.9065839595825049,
      "AUNU": 0.9398453358285663,
      "micro_ROC-AUC": 0.939032616469809
    },
    "macro_precision": {
      "macro_accuracy": 0.9999243332994752,
      "micro_accuracy": 0.9999243317329495,
      "macro_precision": 1.0,
      "micro_precision": 0.9999243334457281,
      "macro_recall": 0.9999244887065603,
      "micro_recall": 0.9999243334457281,
      "macro_f1": 0.9998896515014505,
      "micro_f1": 0.9999243334457281,
      "MSE": -0.929292790091016,
      "LogLoss": -0.9092561955204,
      "AUNU": 0.9423633225926114,
      "micro_ROC-AUC": 0.9415549322120106
    },
    "micro_precision": {
      "macro_accuracy": 0.9999999999937974,
      "micro_accuracy": 0.9999999999991281,
      "macro_precision": 0.9999243334457281,
      "micro_precision": 1.0,
      "macro_recall": 0.9999975196647032,
      "micro_recall": 1.0,
      "macro_f1": 0.9999603770866363,
      "micro_f1": 1.0,
      "MSE": -0.9265416393701272,
      "LogLoss": -0.9065840226751901,
      "AUNU": 0.9398453861705895,
      "micro_ROC-AUC": 0.9390326670803731
    },
    "macro_recall": {
      "macro_accuracy": 0.9999975192764838,
      "micro_accuracy": 0.9999975199338786,
      "macro_precision": 0.9999244887065603,
      "micro_precision": 0.9999975196647032,
      "macro_recall": 1.0,
      "micro_recall": 0.9999975196647034,
      "macro_f1": 0.999972929399961,
      "micro_f1": 0.9999975196647034,
      "MSE": -0.9260801753589135,
      "LogLoss": -0.9060108038816199,
      "AUNU": 0.9394194638979694,
      "micro_ROC-AUC": 0.9386012971190003
    },
    "micro_recall": {
      "macro_accuracy": 0.9999999999937974,
      "micro_accuracy": 0.9999999999991281,
      "macro_precision": 0.9999243334457281,
      "micro_precision": 1.0,
      "macro_recall": 0.9999975196647034,
      "micro_recall": 1.0,
      "macro_f1": 0.9999603770866363,
      "micro_f1": 1.0,
      "MSE": -0.9265416393701272,
      "LogLoss": -0.9065840226751901,
      "AUNU": 0.9398453861705895,
      "micro_ROC-AUC": 0.9390326670803731
    },
    "macro_f1": {
      "macro_accuracy": 0.9999603727067604,
      "micro_accuracy": 0.999960377569008,
      "macro_precision": 0.9998896515014505,
      "micro_precision": 0.9999603770866363,
      "macro_recall": 0.999972929399961,
      "micro_recall": 0.9999603770866363,
      "macro_f1": 1.0,
      "micro_f1": 0.9999603770866368,
      "MSE": -0.9240511818527234,
      "LogLoss": -0.9035553800291872,
      "AUNU": 0.9375594402153342,
      "micro_ROC-AUC": 0.9367248193259516
    },
    "micro_f1": {
      "macro_accuracy": 0.9999999999937974,
      "micro_accuracy": 0.9999999999991281,
      "macro_precision": 0.9999243334457281,
      "micro_precision": 1.0,
      "macro_recall": 0.9999975196647034,
      "micro_recall": 1.0,
      "macro_f1": 0.9999603770866368,
      "micro_f1": 1.0,
      "MSE": -0.9265416393701272,
      "LogLoss": -0.9065840226751901,
      "AUNU": 0.9398453861705895,
      "micro_ROC-AUC": 0.9390326670803731
    },
    "MSE": {
      "macro_accuracy": -0.9265417920440181,
      "micro_accuracy": -0.926541579787562,
      "macro_precision": -0.929292790091016,
      "micro_precision": -0.9265416393701272,
      "macro_recall": -0.9260801753589135,
      "micro_recall": -0.9265416393701272,
      "macro_f1": -0.9240511818527234,
      "micro_f1": -0.9265416393701272,
      "MSE": 1.0,
      "LogLoss": 0.9975965374216783,
      "AUNU": -0.9976093740060247,
      "micro_ROC-AUC": -0.9976800668991798
    },
    "LogLoss": {
      "macro_accuracy": -0.9065842077518327,
      "micro_accuracy": -0.9065839595825049,
      "macro_precision": -0.9092561955204,
      "micro_precision": -0.9065840226751901,
      "macro_recall": -0.9060108038816199,
      "micro_recall": -0.9065840226751901,
      "macro_f1": -0.9035553800291872,
      "micro_f1": -0.9065840226751901,
      "MSE": 0.9975965374216783,
      "LogLoss": 1.0,
      "AUNU": -0.9933884165746686,
      "micro_ROC-AUC": -0.9936259700574797
    },
    "AUNU": {
      "macro_accuracy": 0.9398455329936627,
      "micro_accuracy": 0.9398453358285663,
      "macro_precision": 0.9423633225926114,
      "micro_precision": 0.9398453861705895,
      "macro_recall": 0.9394194638979694,
      "micro_recall": 0.9398453861705895,
      "macro_f1": 0.9375594402153342,
      "micro_f1": 0.9398453861705895,
      "MSE": -0.9976093740060247,
      "LogLoss": -0.9933884165746686,
      "AUNU": 1.0,
      "micro_ROC-AUC": 0.9999957550009932
    },
    "micro_ROC-AUC": {
      "macro_accuracy": 0.9390328149869213,
      "micro_accuracy": 0.939032616469809,
      "macro_precision": 0.9415549322120106,
      "micro_precision": 0.9390326670803731,
      "macro_recall": 0.9386012971190003,
      "micro_recall": 0.9390326670803731,
      "macro_f1": 0.9367248193259516,
      "micro_f1": 0.9390326670803731,
      "MSE": -0.9976800668991798,
      "LogLoss": -0.9936259700574797,
      "AUNU": 0.9999957550009932,
      "micro_ROC-AUC": 1.0
    }
  }
}