{
  "dataset_name": "nyt-comments-april17_balanced",
  "classification_type": "multiclass",
  "class_balance": "balanced",
  "correlation_type": "spearman",
  "correlation_matrix": {
    "macro_accuracy": {
      "macro_accuracy": 1.0,
      "micro_accuracy": 1.0,
      "macro_precision": 0.999039903990399,
      "micro_precision": 1.0,
      "macro_recall": 0.99996399639964,
      "micro_recall": 1.0,
      "macro_f1": 0.9996159615961596,
      "micro_f1": 1.0,
      "MSE": -0.8522652265226522,
      "LogLoss": -0.8042124212421242,
      "AUNU": 0.9048304830483048,
      "micro_ROC-AUC": 0.9025982598259826
    },
    "micro_accuracy": {
      "macro_accuracy": 1.0,
      "micro_accuracy": 1.0,
      "macro_precision": 0.999039903990399,
      "micro_precision": 1.0,
      "macro_recall": 0.99996399639964,
      "micro_recall": 1.0,
      "macro_f1": 0.9996159615961596,
      "micro_f1": 1.0,
      "MSE": -0.8522652265226522,
      "LogLoss": -0.8042124212421242,
      "AUNU": 0.9048304830483048,
      "micro_ROC-AUC": 0.9025982598259826
    },
    "macro_precision": {
      "macro_accuracy": 0.999039903990399,
      "micro_accuracy": 0.999039903990399,
      "macro_precision": 1.0,
      "micro_precision": 0.999039903990399,
      "macro_recall": 0.9991119111911191,
      "micro_recall": 0.999039903990399,
      "macro_f1": 0.9995919591959196,
      "micro_f1": 0.999039903990399,
      "MSE": -0.8499129912991299,
      "LogLoss": -0.8006960696069607,
      "AUNU": 0.9025502550255026,
      "micro_ROC-AUC": 0.90005400540054
    },
    "micro_precision": {
      "macro_accuracy": 1.0,
      "micro_accuracy": 1.0,
      "macro_precision": 0.999039903990399,
      "micro_precision": 1.0,
      "macro_recall": 0.99996399639964,
      "micro_recall": 1.0,
      "macro_f1": 0.9996159615961596,
      "micro_f1": 1.0,
      "MSE": -0.8522652265226522,
      "LogLoss": -0.8042124212421242,
      "AUNU": 0.9048304830483048,
      "micro_ROC-AUC": 0.9025982598259826
    },
    "macro_recall": {
      "macro_accuracy": 0.99996399639964,
      "micro_accuracy": 0.99996399639964,
      "macro_precision": 0.9991119111911191,
      "micro_precision": 0.99996399639964,
      "macro_recall": 1.0,
      "micro_recall": 0.99996399639964,
      "macro_f1": 0.9997119711971197,
      "micro_f1": 0.99996399639964,
      "MSE": -0.8511131113111311,
      "LogLoss": -0.802964296429643,
      "AUNU": 0.9037263726372637,
      "micro_ROC-AUC": 0.9014821482148215
    },
    "micro_recall": {
      "macro_accuracy": 1.0,
      "micro_accuracy": 1.0,
      "macro_precision": 0.999039903990399,
      "micro_precision": 1.0,
      "macro_recall": 0.99996399639964,
      "micro_recall": 1.0,
      "macro_f1": 0.9996159615961596,
      "micro_f1": 1.0,
      "MSE": -0.8522652265226522,
      "LogLoss": -0.8042124212421242,
      "AUNU": 0.9048304830483048,
      "micro_ROC-AUC": 0.9025982598259826
    },
    "macro_f1": {
      "macro_accuracy": 0.9996159615961596,
      "micro_accuracy": 0.9996159615961596,
      "macro_precision": 0.9995919591959196,
      "micro_precision": 0.9996159615961596,
      "macro_recall": 0.9997119711971197,
      "micro_recall": 0.9996159615961596,
      "macro_f1": 1.0,
      "micro_f1": 0.9996159615961596,
      "MSE": -0.848988898889889,
      "LogLoss": -0.8002400240024002,
      "AUNU": 0.9017101710171017,
      "micro_ROC-AUC": 0.8993579357935794
    },
    "micro_f1": {
      "macro_accuracy": 1.0,
      "micro_accuracy": 1.0,
      "macro_precision": 0.999039903990399,
      "micro_precision": 1.0,
      "macro_recall": 0.99996399639964,
      "micro_recall": 1.0,
      "macro_f1": 0.9996159615961596,
      "micro_f1": 1.0,
      "MSE": -0.8522652265226522,
      "LogLoss": -0.8042124212421242,
      "AUNU": 0.9048304830483048,
      "micro_ROC-AUC": 0.9025982598259826
    },
    "MSE": {
      "macro_accuracy": -0.8522652265226522,
      "micro_accuracy": -0.8522652265226522,
      "macro_precision": -0.8499129912991299,
      "micro_precision": -0.8522652265226522,
      "macro_recall": -0.8511131113111311,
      "micro_recall": -0.8522652265226522,
      "macro_f1": -0.848988898889889,
      "micro_f1": -0.8522652265226522,
      "MSE": 1.0,
      "LogLoss": 0.9873987398739874,
      "AUNU": -0.9876747674767477,
      "micro_ROC-AUC": -0.9885508550855086
    },
    "LogLoss": {
      "macro_accuracy": -0.8042124212421242,
      "micro_accuracy": -0.8042124212421242,
      "macro_precision": -0.8006960696069607,
      "micro_precision": -0.8042124212421242,
      "macro_recall": -0.802964296429643,
      "micro_recall": -0.8042124212421242,
      "macro_f1": -0.8002400240024002,
      "micro_f1": -0.8042124212421242,
      "MSE": 0.9873987398739874,
      "LogLoss": 1.0,
      "AUNU": -0.9683408340834083,
      "micro_ROC-AUC": -0.9703930393039304
    },
    "AUNU": {
      "macro_accuracy": 0.9048304830483048,
      "micro_accuracy": 0.9048304830483048,
      "macro_precision": 0.9025502550255026,
      "micro_precision": 0.9048304830483048,
      "macro_recall": 0.9037263726372637,
      "micro_recall": 0.9048304830483048,
      "macro_f1": 0.9017101710171017,
      "micro_f1": 0.9048304830483048,
      "MSE": -0.9876747674767477,
      "LogLoss": -0.9683408340834083,
      "AUNU": 1.0,
      "micro_ROC-AUC": 0.9998199819981998
    },
    "micro_ROC-AUC": {
      "macro_accuracy": 0.9025982598259826,
      "micro_accuracy": 0.9025982598259826,
      "macro_precision": 0.90005400540054,
      "micro_precision": 0.9025982598259826,
      "macro_recall": 0.9014821482148215,
      "micro_recall": 0.9025982598259826,
      "macro_f1": 0.8993579357935794,
      "micro_f1": 0.9025982598259826,
      "MSE": -0.9885508550855086,
      "LogLoss": -0.9703930393039304,
      "AUNU": 0.9998199819981998,
      "micro_ROC-AUC": 1.0
    }
  }
}