{
    "classification type": "binary",
    "class balance": "imbalanced",
    "dataset name": "spambase_imbalanced",
    "class names": [
        1,
        0
    ],
    "model name": "decision_tree",
    "index": 0,
    "cv fold": 2,
    "fold info": {
        "train distribution": 114,
        "test distribution": 29,
        "train distribution pct": 37.5,
        "test distribution pct": 38.15789473684211
    },
    "metrics": {
        "macro_accuracy": 0.9013158082962036,
        "micro_accuracy": 0.9013158082962036,
        "accuracy_per_class": {
            "1": 0.9013158082962036,
            "0": 0.9013158082962036
        },
        "macro_precision": 0.8982627391815186,
        "micro_precision": 0.9013158082962036,
        "precision_per_class": {
            "1": 0.9090909361839294,
            "0": 0.8874345421791077
        },
        "macro_recall": 0.8902648687362671,
        "micro_recall": 0.9013158082962036,
        "recall_per_class": {
            "1": 0.9351432919502258,
            "0": 0.8453865051269531
        },
        "macro_f1": 0.8939167261123657,
        "micro_f1": 0.9013158082962036,
        "f1_per_class": {
            "1": 0.921933114528656,
            "0": 0.8659003973007202
        },
        "MSE": 0.07991687208414078,
        "LogLoss": 1.3229546546936035,
        "AUNU": 0.9343557357788086,
        "micro_ROC-AUC": 0.9343557357788086
    }
}