{
    "classification type": "multilabel",
    "class balance": "balanced",
    "dataset name": "yeast_trimmed",
    "class names": [
        "Class13",
        "Class12",
        "Class2",
        "Class3",
        "Class7",
        "Class6",
        "Class1",
        "Class5",
        "Class8",
        "Class4"
    ],
    "model name": "decision_tree",
    "index": 0,
    "cv fold": 2,
    "fold info": {
        "train distribution": [
            164,
            164,
            163,
            162,
            158,
            149,
            146,
            144,
            143,
            143
        ],
        "test distribution": [
            41,
            41,
            41,
            41,
            39,
            38,
            36,
            36,
            36,
            35
        ],
        "train distribution pct": [
            36.93693693693694,
            36.93693693693694,
            36.711711711711715,
            36.486486486486484,
            35.585585585585584,
            33.55855855855856,
            32.88288288288289,
            32.432432432432435,
            32.207207207207205,
            32.207207207207205
        ],
        "test distribution pct": [
            36.607142857142854,
            36.607142857142854,
            36.607142857142854,
            36.607142857142854,
            34.82142857142857,
            33.92857142857143,
            32.142857142857146,
            32.142857142857146,
            32.142857142857146,
            31.25
        ]
    },
    "metrics": {
        "macro_accuracy": 0.65475910693302,
        "micro_accuracy": 0.65475910693302,
        "accuracy_per_class": {
            "Class13": 0.6294555424990208,
            "Class12": 0.6306306306306306,
            "Class2": 0.6083039561300431,
            "Class3": 0.6792009400705052,
            "Class7": 0.6286721504112809,
            "Class6": 0.6619663141402272,
            "Class1": 0.7281629455542499,
            "Class5": 0.6678417547982766,
            "Class8": 0.6494320407363886,
            "Class4": 0.663924794359577
        },
        "macro_precision": 0.4943155573294594,
        "micro_precision": 0.501644418649642,
        "precision_per_class": {
            "Class13": 0.49722735674676527,
            "Class12": 0.5,
            "Class2": 0.432967032967033,
            "Class3": 0.5891472868217055,
            "Class7": 0.4554865424430642,
            "Class6": 0.49706457925636005,
            "Class1": 0.6180327868852459,
            "Class5": 0.4774774774774775,
            "Class8": 0.41451990632318503,
            "Class4": 0.46123260437375746
        },
        "macro_recall": 0.2936495021925598,
        "micro_recall": 0.293624731061035,
        "recall_per_class": {
            "Class13": 0.28525980911983034,
            "Class12": 0.2916224814422057,
            "Class2": 0.20979765708200213,
            "Class3": 0.4068522483940043,
            "Class7": 0.2430939226519337,
            "Class6": 0.29534883720930233,
            "Class1": 0.4498806682577566,
            "Class5": 0.2560386473429952,
            "Class8": 0.21532846715328466,
            "Class4": 0.28327228327228327
        },
        "macro_f1": 0.36708736729928076,
        "micro_f1": 0.37042857142857144,
        "f1_per_class": {
            "Class13": 0.36253369272237196,
            "Class12": 0.3683858004018754,
            "Class2": 0.28263988522238165,
            "Class3": 0.4813172894236859,
            "Class7": 0.3170028818443804,
            "Class6": 0.37053245805981033,
            "Class1": 0.5207182320441989,
            "Class5": 0.3333333333333333,
            "Class8": 0.28342674139311447,
            "Class4": 0.35098335854765506
        },
        "MSE": 0.248822882771492,
        "LogLoss": 5.589751243591309,
        "AUNU": 0.6201918721199036,
        "micro_ROC-AUC": 0.6243540644645691,
        "AUNP": 0.6194619536399841,
        "ROC-AUC_per_class_vs_rest": {
            "Class13": 0.6016397383795604,
            "Class12": 0.6062816569294507,
            "Class2": 0.5536747152511372,
            "Class3": 0.6824129416074902,
            "Class7": 0.5814581880598616,
            "Class6": 0.6268729652879848,
            "Class1": 0.7092901326913308,
            "Class5": 0.6099632430161731,
            "Class8": 0.5742900676233166,
            "Class4": 0.6560353653779261
        }
    }
}