{
    "classification type": "binary",
    "class balance": "balanced",
    "dataset name": "all-in-one_sentiment_balanced",
    "class names": [
        0,
        1
    ],
    "model name": "knn",
    "index": 4,
    "cv fold": 3,
    "fold info": {
        "train distribution": 5836,
        "test distribution": 1459,
        "train distribution pct": 50.0,
        "test distribution pct": 50.0
    },
    "metrics": {
        "macro_accuracy": 0.7065064907073975,
        "micro_accuracy": 0.7065064907073975,
        "accuracy_per_class": {
            "0": 0.7065064907073975,
            "1": 0.7065064907073975
        },
        "macro_precision": 0.7071312665939331,
        "micro_precision": 0.7065064907073975,
        "precision_per_class": {
            "0": 0.6957551836967468,
            "1": 0.7185073494911194
        },
        "macro_recall": 0.7065064907073975,
        "micro_recall": 0.7065064907073975,
        "recall_per_class": {
            "0": 0.7339674830436707,
            "1": 0.6790454387664795
        },
        "macro_f1": 0.7062849998474121,
        "micro_f1": 0.7065064907073975,
        "f1_per_class": {
            "0": 0.714350700378418,
            "1": 0.6982192397117615
        },
        "MSE": 0.2228965014219284,
        "LogLoss": 9.010649681091309,
        "AUNU": 0.7389526963233948,
        "micro_ROC-AUC": 0.7389526963233948
    }
}