{
    "classification type": "binary",
    "class balance": "imbalanced",
    "dataset name": "colon-0.5_imbalanced",
    "class names": [
        0,
        1
    ],
    "model name": "logistic_regression",
    "index": 0,
    "cv fold": 1,
    "fold info": {
        "train distribution": 230,
        "test distribution": 57,
        "train distribution pct": 16.812865497076025,
        "test distribution pct": 16.666666666666664
    },
    "metrics": {
        "macro_accuracy": 0.9619883298873901,
        "micro_accuracy": 0.9619883298873901,
        "accuracy_per_class": {
            "0": 0.9619883298873901,
            "1": 0.9619883298873901
        },
        "macro_precision": 0.9565716981887817,
        "micro_precision": 0.9619883298873901,
        "precision_per_class": {
            "0": 0.9641638398170471,
            "1": 0.9489796161651611
        },
        "macro_recall": 0.9035087823867798,
        "micro_recall": 0.9619883298873901,
        "recall_per_class": {
            "0": 0.9912280440330505,
            "1": 0.8157894611358643
        },
        "macro_f1": 0.9274336099624634,
        "micro_f1": 0.9619883298873901,
        "f1_per_class": {
            "0": 0.9775086641311646,
            "1": 0.8773584961891174
        },
        "MSE": 0.027206921949982643,
        "LogLoss": 0.0888773500919342,
        "AUNU": 0.9906586408615112,
        "micro_ROC-AUC": 0.9906586408615112
    }
}