{
    "classification type": "multiclass",
    "class balance": "imbalanced",
    "dataset name": "news-category_imbalanced",
    "class names": [
        0,
        3,
        36,
        31,
        18,
        35,
        21,
        9,
        30,
        37,
        8,
        26,
        34,
        6,
        32,
        33,
        29,
        11,
        25,
        40,
        38,
        39,
        12,
        1,
        19,
        7,
        15,
        22,
        27,
        17,
        16,
        13,
        2,
        23,
        5,
        41,
        28,
        10,
        4,
        20,
        14,
        24
    ],
    "model name": "logistic_regression",
    "index": 0,
    "cv fold": 4,
    "fold info": {
        "train distribution": 369812,
        "test distribution": 92409,
        "train distribution pct": 1713.3617494440325,
        "test distribution pct": 1712.5463306152706
    },
    "metrics": {
        "macro_accuracy": 0.9801688194274902,
        "micro_accuracy": 0.9801687598228455,
        "accuracy_per_class": {
            "0": 0.9945515394210815,
            "3": 0.9659748077392578,
            "36": 0.9500741362571716,
            "31": 0.9815418720245361,
            "18": 0.9978131651878357,
            "35": 0.993587851524353,
            "21": 0.977353572845459,
            "9": 0.9578947424888611,
            "30": 0.9416975378990173,
            "37": 0.9909191727638245,
            "8": 0.9939955472946167,
            "26": 0.997183084487915,
            "34": 0.9831727147102356,
            "6": 0.9934025406837463,
            "32": 0.9434025287628174,
            "33": 0.9528910517692566,
            "29": 0.9484803676605225,
            "11": 0.970719039440155,
            "25": 0.9822090268135071,
            "40": 0.9748702645301819,
            "38": 0.9887694716453552,
            "39": 0.9738324880599976,
            "12": 0.9804670214653015,
            "1": 0.9659377336502075,
            "19": 0.9922535419464111,
            "7": 0.9937360882759094,
            "15": 0.9978131651878357,
            "22": 0.9775389432907104,
            "27": 0.9888806343078613,
            "17": 0.9966641664505005,
            "16": 0.9721274971961975,
            "13": 0.9974425435066223,
            "2": 0.9929206967353821,
            "23": 0.9903261661529541,
            "5": 0.9924759268760681,
            "41": 0.9269088506698608,
            "28": 0.9839510917663574,
            "10": 0.9924388527870178,
            "4": 0.9923276305198669,
            "20": 0.9943291544914246,
            "14": 0.9925500154495239,
            "24": 0.991660475730896
        },
        "macro_precision": 0.46846893429756165,
        "micro_precision": 0.5835433602333069,
        "precision_per_class": {
            "0": 0.20930232107639313,
            "3": 0.6241776347160339,
            "36": 0.517241358757019,
            "31": 0.4895104765892029,
            "18": 0.5,
            "35": 0.5046728849411011,
            "21": 0.6845124363899231,
            "9": 0.5847133994102478,
            "30": 0.4329235851764679,
            "37": 0.3636363744735718,
            "8": 0.4769230782985687,
            "26": 0.46666666865348816,
            "34": 0.5792682766914368,
            "6": 0.4912280738353729,
            "32": 0.4285714328289032,
            "33": 0.5453960299491882,
            "29": 0.8101179599761963,
            "11": 0.6920484900474548,
            "25": 0.5043668150901794,
            "40": 0.7660231590270996,
            "38": 0.6760925650596619,
            "39": 0.30590716004371643,
            "12": 0.4679144322872162,
            "1": 0.6507176756858826,
            "19": 0.3486238420009613,
            "7": 0.41428571939468384,
            "15": 0.5714285969734192,
            "22": 0.3774038553237915,
            "27": 0.7452631592750549,
            "17": 0.48148149251937866,
            "16": 0.24547803401947021,
            "13": 0.2222222238779068,
            "2": 0.3896103799343109,
            "23": 0.3388429880142212,
            "5": 0.18644067645072937,
            "41": 0.36036035418510437,
            "28": 0.5904572606086731,
            "10": 0.11666666716337204,
            "4": 0.29411765933036804,
            "20": 0.11428571492433548,
            "14": 0.27710843086242676,
            "24": 0.8296837210655212
        },
        "macro_recall": 0.37612518668174744,
        "micro_recall": 0.5835433602333069,
        "recall_per_class": {
            "0": 0.07377049326896667,
            "3": 0.6221311688423157,
            "36": 0.578158438205719,
            "31": 0.42944785952568054,
            "18": 0.11864406615495682,
            "35": 0.3103448152542114,
            "21": 0.7181544899940491,
            "9": 0.6547788977622986,
            "30": 0.6127080321311951,
            "37": 0.32487308979034424,
            "8": 0.1949685513973236,
            "26": 0.18918919563293457,
            "34": 0.5357142686843872,
            "6": 0.3181818127632141,
            "32": 0.4625850319862366,
            "33": 0.5998583436012268,
            "29": 0.8659068942070007,
            "11": 0.7551470398902893,
            "25": 0.47727271914482117,
            "40": 0.7256766557693481,
            "38": 0.5977272987365723,
            "39": 0.2777777910232544,
            "12": 0.3479125201702118,
            "1": 0.699999988079071,
            "19": 0.21590909361839294,
            "7": 0.18471337854862213,
            "15": 0.06666667014360428,
            "22": 0.3115079402923584,
            "27": 0.6641650795936584,
            "17": 0.14606741070747375,
            "16": 0.171171173453331,
            "13": 0.03125,
            "2": 0.17241379618644714,
            "23": 0.18468467891216278,
            "5": 0.0662650614976883,
            "41": 0.5091937780380249,
            "28": 0.5667939186096191,
            "10": 0.04430379718542099,
            "4": 0.11173184216022491,
            "20": 0.0317460335791111,
            "14": 0.14024390280246735,
            "24": 0.6875
        },
        "macro_f1": 0.3984934091567993,
        "micro_f1": 0.5835433602333069,
        "f1_per_class": {
            "0": 0.1090909093618393,
            "3": 0.6231527328491211,
            "36": 0.5460060834884644,
            "31": 0.4575163424015045,
            "18": 0.19178082048892975,
            "35": 0.38434162735939026,
            "21": 0.7009299993515015,
            "9": 0.6177658438682556,
            "30": 0.5073598623275757,
            "37": 0.34316354990005493,
            "8": 0.2767857015132904,
            "26": 0.26923078298568726,
            "34": 0.556640625,
            "6": 0.38620689511299133,
            "32": 0.4449291229248047,
            "33": 0.5713322162628174,
            "29": 0.8370839357376099,
            "11": 0.7222222089767456,
            "25": 0.4904458522796631,
            "40": 0.74530428647995,
            "38": 0.6344993710517883,
            "39": 0.29116466641426086,
            "12": 0.3990877866744995,
            "1": 0.6744598150253296,
            "19": 0.2666666805744171,
            "7": 0.25550660490989685,
            "15": 0.11940298229455948,
            "22": 0.34130436182022095,
            "27": 0.7023809552192688,
            "17": 0.22413793206214905,
            "16": 0.20169851183891296,
            "13": 0.054794520139694214,
            "2": 0.23904383182525635,
            "23": 0.23906706273555756,
            "5": 0.09777777642011642,
            "41": 0.42203986644744873,
            "28": 0.5783836245536804,
            "10": 0.06422018259763718,
            "4": 0.16194331645965576,
            "20": 0.04968944191932678,
            "14": 0.18623481690883636,
            "24": 0.7519294619560242
        },
        "Kappa": 0.557449996471405,
        "MSE": 0.01326659880578518,
        "LogLoss": 1.594978928565979,
        "AUNU": 0.9161105751991272,
        "micro_ROC-AUC": 0.9523971676826477,