{
    "classification type": "multiclass",
    "class balance": "balanced",
    "dataset name": "mfeat-karhunen_balanced",
    "class names": [
        0,
        1,
        2,
        3
    ],
    "model name": "logistic_regression",
    "index": 2,
    "cv fold": 2,
    "fold info": {
        "train distribution": 576,
        "test distribution": 144,
        "train distribution pct": 150.0,
        "test distribution pct": 150.0
    },
    "metrics": {
        "macro_accuracy": 0.9923878312110901,
        "micro_accuracy": 0.9923878312110901,
        "accuracy_per_class": {
            "0": 0.9927884340286255,
            "1": 0.9919871687889099,
            "2": 0.9935897588729858,
            "3": 0.9911859035491943
        },
        "macro_precision": 0.985002875328064,
        "micro_precision": 0.9847756624221802,
        "precision_per_class": {
            "0": 0.9902912378311157,
            "1": 0.9689440727233887,
            "2": 0.9840764403343201,
            "3": 0.9966996908187866
        },
        "macro_recall": 0.9847756028175354,
        "micro_recall": 0.9847756624221802,
        "recall_per_class": {
            "0": 0.9807692170143127,
            "1": 1.0,
            "2": 0.9903846383094788,
            "3": 0.9679487347602844
        },
        "macro_f1": 0.9847671985626221,
        "micro_f1": 0.9847756624221802,
        "f1_per_class": {
            "0": 0.9855072498321533,
            "1": 0.9842271208763123,
            "2": 0.9872204661369324,
            "3": 0.9821138381958008
        },
        "Kappa": 0.9797008633613586,
        "MSE": 0.006961923558264971,
        "LogLoss": 0.07508104294538498,
        "AUNU": 0.9981098175048828,
        "micro_ROC-AUC": 0.9983006715774536,
        "AUNP": 0.9981098175048828,
        "AU1U": 0.9981097961867195,
        "AU1P": 0.9981097961867195,
        "ROC-AUC_per_class_vs_rest": {
            "0": 0.9983631930747316,
            "1": 0.9995069033530573,
            "2": 0.9994795090948937,
            "3": 0.9950895792241947
        }
    }
}