{
    "classification type": "binary",
    "class balance": "balanced",
    "dataset name": "ceas_balanced",
    "class names": [
        1,
        0
    ],
    "model name": "random_forest",
    "index": 4,
    "cv fold": 2,
    "fold info": {
        "train distribution": 3194,
        "test distribution": 799,
        "train distribution pct": 49.99217404914697,
        "test distribution pct": 50.03130870381967
    },
    "metrics": {
        "macro_accuracy": 0.9737727046012878,
        "micro_accuracy": 0.9737727046012878,
        "accuracy_per_class": {
            "1": 0.9737727046012878,
            "0": 0.9737727046012878
        },
        "macro_precision": 0.9738773107528687,
        "micro_precision": 0.9737727046012878,
        "precision_per_class": {
            "1": 0.9809162020683289,
            "0": 0.9668384790420532
        },
        "macro_recall": 0.9737725257873535,
        "micro_recall": 0.9737727046012878,
        "recall_per_class": {
            "1": 0.9663447737693787,
            "0": 0.9812003374099731
        },
        "macro_f1": 0.9737712144851685,
        "micro_f1": 0.9737727046012878,
        "f1_per_class": {
            "1": 0.9735759496688843,
            "0": 0.9739664793014526
        },
        "MSE": 0.02472941391170025,
        "LogLoss": 1.5134130716323853,
        "AUNU": 0.9768101572990417,
        "micro_ROC-AUC": 0.9768101572990417
    }
}