{
    "classification type": "multilabel",
    "class balance": "balanced",
    "dataset name": "tmc2007500_balanced",
    "class names": [
        "class13",
        "class07",
        "class01",
        "class14",
        "class18",
        "class10"
    ],
    "model name": "logistic_regression",
    "index": 1,
    "cv fold": 0,
    "fold info": {
        "train distribution": [
            1252,
            1252,
            1253,
            1253,
            1189,
            1183
        ],
        "test distribution": [
            313,
            314,
            313,
            313,
            298,
            296
        ],
        "train distribution pct": [
            19.76634038522261,
            19.76634038522261,
            19.78212819703189,
            19.78212819703189,
            18.771708241237764,
            18.676981370382066
        ],
        "test distribution pct": [
            19.860406091370557,
            19.923857868020303,
            19.860406091370557,
            19.860406091370557,
            18.908629441624367,
            18.781725888324875
        ]
    },
    "metrics": {
        "macro_accuracy": 0.9175100147585916,
        "micro_accuracy": 0.9175100147585916,
        "accuracy_per_class": {
            "class13": 0.8865696816360953,
            "class07": 0.9138730761121653,
            "class01": 0.9736453721273456,
            "class14": 0.939595192915876,
            "class18": 0.9094454986295594,
            "class10": 0.8819312671305081
        },
        "macro_precision": 0.8250439681651968,
        "micro_precision": 0.830930401410642,
        "precision_per_class": {
            "class13": 0.7860199714693296,
            "class07": 0.8001129305477132,
            "class01": 0.9433859553620033,
            "class14": 0.8891537544696066,
            "class18": 0.7934093789607097,
            "class10": 0.7381818181818182
        },
        "macro_recall": 0.7216813150837514,
        "micro_recall": 0.7232755507403394,
        "recall_per_class": {
            "class13": 0.5867944621938233,
            "class07": 0.7537234042553191,
            "class01": 0.922299095263438,
            "class14": 0.7940393826503459,
            "class18": 0.7014005602240896,
            "class10": 0.571830985915493
        },
        "macro_f1": 0.768137867464854,
        "micro_f1": 0.7733745233383212,
        "f1_per_class": {
            "class13": 0.6719512195121952,
            "class07": 0.7762256915913448,
            "class01": 0.9327233584499461,
            "class14": 0.8389091931402868,
            "class18": 0.744573297650907,
            "class10": 0.6444444444444445
        },
        "MSE": 0.061704013496637344,
        "LogLoss": 0.21248812973499298,
        "AUNU": 0.9452564716339111,
        "micro_ROC-AUC": 0.9521436095237732,
        "AUNP": 0.9455729126930237,
        "ROC-AUC_per_class_vs_rest": {
            "class13": 0.9014098647911676,
            "class07": 0.9508503575005175,
            "class01": 0.9913669120616826,
            "class14": 0.9707203660279569,
            "class18": 0.944277963100576,
            "class10": 0.9129132152531321
        }
    }
}