{
    "classification type": "binary",
    "class balance": "balanced",
    "dataset name": "all-in-one_sentiment_balanced",
    "class names": [
        0,
        1
    ],
    "model name": "random_forest",
    "index": 4,
    "cv fold": 3,
    "fold info": {
        "train distribution": 5836,
        "test distribution": 1459,
        "train distribution pct": 50.0,
        "test distribution pct": 50.0
    },
    "metrics": {
        "macro_accuracy": 0.7428542375564575,
        "micro_accuracy": 0.7428542375564575,
        "accuracy_per_class": {
            "0": 0.7428542375564575,
            "1": 0.7428542375564575
        },
        "macro_precision": 0.7430214881896973,
        "micro_precision": 0.7428542375564575,
        "precision_per_class": {
            "0": 0.7366468906402588,
            "1": 0.749396026134491
        },
        "macro_recall": 0.7428542375564575,
        "micro_recall": 0.7428542375564575,
        "recall_per_class": {
            "0": 0.7559694647789001,
            "1": 0.7297390103340149
        },
        "macro_f1": 0.7428100109100342,
        "micro_f1": 0.7428542375564575,
        "f1_per_class": {
            "0": 0.7461830973625183,
            "1": 0.7394368648529053
        },
        "MSE": 0.2100253701210022,
        "LogLoss": 10.28036117553711,
        "AUNU": 0.7604579925537109,
        "micro_ROC-AUC": 0.7604579925537109
    }
}