{
    "classification type": "multilabel",
    "class balance": "balanced",
    "dataset name": "mediamill_balanced",
    "class names": [
        "Class3",
        "Class12",
        "Class17",
        "Class44",
        "Class55",
        "Class57",
        "Class58",
        "Class76",
        "Class79",
        "Class94",
        "Class96",
        "Class97"
    ],
    "model name": "decision_tree",
    "index": 3,
    "cv fold": 1,
    "fold info": {
        "train distribution": [
            1753,
            1807,
            1697,
            1806,
            1661,
            1626,
            1706,
            1800,
            1779,
            1801,
            1799,
            1795
        ],
        "test distribution": [
            438,
            452,
            424,
            452,
            416,
            406,
            427,
            450,
            445,
            451,
            449,
            449
        ],
        "train distribution pct": [
            17.50724058723659,
            18.046539498651754,
            16.947967642065315,
            18.036552481773693,
            16.58843503445521,
            16.23888944372316,
            17.03785079396784,
            17.97663038050534,
            17.766903026066114,
            17.9866173973834,
            17.966643363627284,
            17.92669529611505
        ],
        "test distribution pct": [
            17.4780526735834,
            18.036711891460495,
            16.919393455706306,
            18.036711891460495,
            16.600159616919395,
            16.201117318435752,
            17.039106145251395,
            17.956903431763767,
            17.757382282521945,
            17.99680766161213,
            17.916999201915402,
            17.916999201915402
        ]
    },
    "metrics": {
        "macro_accuracy": 0.8003984391528173,
        "micro_accuracy": 0.8003984391528173,
        "accuracy_per_class": {
            "Class3": 0.9145530194400696,
            "Class12": 0.7632636750428998,
            "Class17": 0.8006158764486025,
            "Class44": 0.7684821701417456,
            "Class55": 0.8134270468489222,
            "Class57": 0.8119931360334736,
            "Class58": 0.8015561458357819,
            "Class76": 0.7786605862579629,
            "Class79": 0.800592369713923,
            "Class94": 0.7651207070825792,
            "Class96": 0.7939869772689876,
            "Class97": 0.7925295597188594
        },
        "macro_precision": 0.4342964353229173,
        "micro_precision": 0.4330899201233484,
        "precision_per_class": {
            "Class3": 0.7501639344262295,
            "Class12": 0.35081148564294634,
            "Class17": 0.4156482465462274,
            "Class44": 0.3637846655791191,
            "Class55": 0.4414836636314944,
            "Class57": 0.42570609905853457,
            "Class58": 0.42197138732117073,
            "Class76": 0.3905552801189886,
            "Class79": 0.44112006137322596,
            "Class94": 0.35596149098987906,
            "Class96": 0.43000880392403473,
            "Class97": 0.4243421052631579
        },
        "macro_recall": 0.45315649608619313,
        "micro_recall": 0.45245366175598734,
        "recall_per_class": {
            "Class3": 0.7677852348993288,
            "Class12": 0.36583778153886215,
            "Class17": 0.4338602329450915,
            "Class44": 0.37757228444907526,
            "Class55": 0.466798810703667,
            "Class57": 0.4515848892748589,
            "Class58": 0.4432648559216876,
            "Class76": 0.4118954248366013,
            "Class79": 0.4562285109759323,
            "Class94": 0.376599634369287,
            "Class96": 0.44686969023657036,
            "Class97": 0.43958060288335515
        },
        "macro_f1": 0.4435116416128035,
        "micro_f1": 0.4425600822797621,
        "f1_per_class": {
            "Class3": 0.7588723051409618,
            "Class12": 0.35816710216047415,
            "Class17": 0.42455902306648574,
            "Class44": 0.370550265226561,
            "Class55": 0.45378845227444775,
            "Class57": 0.4382638010956595,
            "Class58": 0.4323561054330285,
            "Class76": 0.40094159562285275,
            "Class79": 0.44854709744523175,
            "Class94": 0.36598984771573606,
            "Class96": 0.4382771439559031,
            "Class97": 0.43182696021629974
        },
        "MSE": 0.19960154592990875,
        "LogLoss": 19.960155487060547,
        "AUNU": 0.6636788845062256,
        "micro_ROC-AUC": 0.6633597612380981,
        "AUNP": 0.6631751656532288,
        "ROC-AUC_per_class_vs_rest": {
            "Class3": 0.8567489053867423,
            "Class12": 0.6083348402817661,
            "Class17": 0.6546724811021702,
            "Class44": 0.6160729505887059,
            "Class55": 0.6746164976343748,
            "Class57": 0.6667303656073441,
            "Class58": 0.6592316118193793,
            "Class76": 0.6354854155509136,
            "Class79": 0.665633910137899,
            "Class94": 0.6135069381318098,
            "Class96": 0.6584878689073365,
            "Class97": 0.6546245943579504
        }
    }
}