{
    "classification type": "multiclass",
    "class balance": "imbalanced",
    "dataset name": "irish-times_imbalanced",
    "class names": [
        0,
        10,
        1,
        8,
        5,
        9,
        2,
        13,
        6,
        7,
        4,
        14,
        3,
        16,
        15,
        18,
        11,
        12,
        19,
        17
    ],
    "model name": "knn",
    "index": 1,
    "cv fold": 4,
    "fold info": {
        "train distribution": 120125,
        "test distribution": 30042,
        "train distribution pct": 944.37893081761,
        "test distribution pct": 944.7169811320755
    },
    "metrics": {
        "macro_accuracy": 0.9548897743225098,
        "micro_accuracy": 0.9548897743225098,
        "accuracy_per_class": {
            "0": 0.9473437070846558,
            "10": 0.9617943167686462,
            "1": 0.9379134178161621,
            "8": 0.9033703207969666,
            "5": 0.9816462993621826,
            "9": 0.9781169295310974,
            "2": 0.938664436340332,
            "13": 0.9797373414039612,
            "6": 0.9839289784431458,
            "7": 0.937650740146637,
            "4": 0.84079909324646,
            "14": 0.9847613573074341,
            "3": 0.9895227551460266,
            "16": 0.9464409947395325,
            "15": 0.972412109375,
            "18": 0.9780651330947876,
            "11": 0.9743322134017944,
            "12": 0.9841805696487427,
            "19": 0.9746319055557251,
            "17": 0.9024824500083923
        },
        "macro_precision": 0.44725385308265686,
        "micro_precision": 0.5488975048065186,
        "precision_per_class": {
            "0": 0.09007247537374496,
            "10": 0.16905248165130615,
            "1": 0.5208649635314941,
            "8": 0.359744131565094,
            "5": 0.16953441500663757,
            "9": 0.5510029792785645,
            "2": 0.4810217618942261,
            "13": 0.63707435131073,
            "6": 0.6178596615791321,
            "7": 0.5160673260688782,
            "4": 0.747035801410675,
            "14": 0.7611557245254517,
            "3": 0.329143762588501,
            "16": 0.5767084956169128,
            "15": 0.43746018409729004,
            "18": 0.5649409890174866,
            "11": 0.43053436279296875,
            "12": 0.17074784636497498,
            "19": 0.580381453037262,
            "17": 0.2346734255552292
        },
        "macro_recall": 0.3599531054496765,
        "micro_recall": 0.5488975048065186,
        "recall_per_class": {
            "0": 0.1101885735988617,
            "10": 0.1539655476808548,
            "1": 0.4723082184791565,
            "8": 0.7786118388175964,
            "5": 0.09165526926517487,
            "9": 0.20978225767612457,
            "2": 0.5030728578567505,
            "13": 0.5197731852531433,
            "6": 0.4948646128177643,
            "7": 0.45103806257247925,
            "4": 0.8264690041542053,
            "14": 0.41263487935066223,
            "3": 0.17480184137821198,
            "16": 0.49589255452156067,
            "15": 0.299941748380661,
            "18": 0.2934885323047638,
            "11": 0.2647058963775635,
            "12": 0.07863456010818481,
            "19": 0.337871789932251,
            "17": 0.22935990989208221
        },
        "macro_f1": 0.3842068016529083,
        "micro_f1": 0.5488975048065186,
        "f1_per_class": {
            "0": 0.09912019968032837,
            "10": 0.16115668416023254,
            "1": 0.4953995943069458,
            "8": 0.4921150505542755,
            "5": 0.11898419260978699,
            "9": 0.3038719594478607,
            "2": 0.4918002784252167,
            "13": 0.5724768042564392,
            "6": 0.5495644807815552,
            "7": 0.481366366147995,
            "4": 0.7847474217414856,
            "14": 0.5351540446281433,
            "3": 0.2283378690481186,
            "16": 0.533255934715271,
            "15": 0.3558780252933502,
            "18": 0.3862954080104828,
            "11": 0.32784342765808105,
            "12": 0.10767946392297745,
            "19": 0.42710334062576294,
            "17": 0.23198625445365906
        },
        "Kappa": 0.4584880471229553,
        "MSE": 0.033507414162158966,
        "LogLoss": 4.855396270751953,
        "AUNU": 0.7495640516281128,
        "micro_ROC-AUC": 0.8291119933128357,
        "AUNP": 0.8050451874732971,
        "AU1U": 0.7374978912206199,
        "AU1P": 0.7700118703513601,
        "ROC-AUC_per_class_vs_rest": {
            "0": 0.6272077257096583,
            "10": 0.691797553066589,
            "1": 0.7877789881445116,
            "8": 0.9023301226355793,
            "5": 0.6503791658106421,
            "9": 0.6915225974056001,
            "2": 0.7933693748166815,
            "13": 0.8189046515468723,
            "6": 0.814412138354244,
            "7": 0.782340166477351,
            "4": 0.8817753402207599,
            "14": 0.7847622380416402,
            "3": 0.6748417374602818,
            "16": 0.8029105252788006,
            "15": 0.7538846523192367,
            "18": 0.7288259328895571,
            "11": 0.7155164691404671,
            "12": 0.6544170810872063,
            "19": 0.7494304101482887,
            "17": 0.6848745965046003
        }
    }
}