{
    "classification type": "multiclass",
    "class balance": "imbalanced",
    "dataset name": "gas-drift_imbalanced",
    "class names": [
        3,
        2,
        0,
        4,
        1
    ],
    "model name": "decision_tree",
    "index": 4,
    "cv fold": 3,
    "fold info": {
        "train distribution": 3146,
        "test distribution": 787,
        "train distribution pct": 242.7469135802469,
        "test distribution pct": 242.9012345679012
    },
    "metrics": {
        "macro_accuracy": 0.9927941560745239,
        "micro_accuracy": 0.9927941560745239,
        "accuracy_per_class": {
            "3": 0.9984883069992065,
            "2": 0.9938271641731262,
            "0": 0.9872134327888489,
            "4": 0.9881582260131836,
            "1": 0.9962837100028992
        },
        "macro_precision": 0.9834566116333008,
        "micro_precision": 0.9819853901863098,
        "precision_per_class": {
            "3": 0.9917582273483276,
            "2": 0.9815908074378967,
            "0": 0.974254310131073,
            "4": 0.9806649684906006,
            "1": 0.9890144467353821
        },
        "macro_recall": 0.9821737408638,
        "micro_recall": 0.9819853901863098,
        "recall_per_class": {
            "3": 0.9863387942314148,
            "2": 0.9843260049819946,
            "0": 0.9624689817428589,
            "4": 0.9852941036224365,
            "1": 0.992440938949585
        },
        "macro_f1": 0.9828044176101685,
        "micro_f1": 0.9819853901863098,
        "f1_per_class": {
            "3": 0.9890410900115967,
            "2": 0.9829565286636353,
            "0": 0.9683257937431335,
            "4": 0.982974112033844,
            "1": 0.9907247424125671
        },
        "Kappa": 0.976316511631012,
        "MSE": 0.007019013166427612,
        "LogLoss": 0.29744940996170044,
        "AUNU": 0.9872182011604309,
        "micro_ROC-AUC": 0.98753821849823,
        "AUNP": 0.986764669418335,
        "AU1U": 0.9873668374186465,
        "AU1P": 0.9871541476755237,
        "ROC-AUC_per_class_vs_rest": {
            "3": 0.9913053199495829,
            "2": 0.9855033384126968,
            "0": 0.9783507609503181,
            "4": 0.9877332868661296,
            "1": 0.99319834075933
        }
    }
}