{
    "classification type": "multiclass",
    "class balance": "balanced",
    "dataset name": "dbpedia-ontology_balanced",
    "class names": [
        0,
        1,
        2,
        3,
        4,
        5,
        6
    ],
    "model name": "knn",
    "index": 2,
    "cv fold": 4,
    "fold info": {
        "train distribution": 87360,
        "test distribution": 21840,
        "train distribution pct": 300.0,
        "test distribution pct": 300.0
    },
    "metrics": {
        "macro_accuracy": 0.9778532385826111,
        "micro_accuracy": 0.9778532385826111,
        "accuracy_per_class": {
            "0": 0.9679197072982788,
            "1": 0.9857707619667053,
            "2": 0.9700305461883545,
            "3": 0.9878770112991333,
            "4": 0.9775243997573853,
            "5": 0.9811843633651733,
            "6": 0.9746657609939575
        },
        "macro_precision": 0.9226674437522888,
        "micro_precision": 0.9224862456321716,
        "precision_per_class": {
            "0": 0.8889781832695007,
            "1": 0.9474489092826843,
            "2": 0.886065661907196,
            "3": 0.963286280632019,
            "4": 0.9209756851196289,
            "5": 0.9393841028213501,
            "6": 0.9125333428382874
        },
        "macro_recall": 0.9224861860275269,
        "micro_recall": 0.9224862456321716,
        "recall_per_class": {
            "0": 0.8861004114151001,
            "1": 0.9532692432403564,
            "2": 0.9068162441253662,
            "3": 0.951399564743042,
            "4": 0.9217628240585327,
            "5": 0.9281837344169617,
            "6": 0.9098718166351318
        },
        "macro_f1": 0.9225476980209351,
        "micro_f1": 0.9224862456321716,
        "f1_per_class": {
            "0": 0.8875370025634766,
            "1": 0.9503501653671265,
            "2": 0.8963208794593811,
            "3": 0.9573060274124146,
            "4": 0.9213690757751465,
            "5": 0.933750331401825,
            "6": 0.9112006425857544
        },
        "Kappa": 0.9095672965049744,
        "MSE": 0.02044394053518772,
        "LogLoss": 0.9084044098854065,
        "AUNU": 0.9675585031509399,
        "micro_ROC-AUC": 0.9678207039833069,
        "AUNP": 0.9675585031509399,
        "AU1U": 0.9675585105603236,
        "AU1P": 0.9675585105603236,
        "ROC-AUC_per_class_vs_rest": {
            "0": 0.9515876087494977,
            "1": 0.9826522984828907,
            "2": 0.9544440095701082,
            "3": 0.9805432413228685,
            "4": 0.9679667850707381,
            "5": 0.9699749937221492,
            "6": 0.9657406370040119
        }
    }
}