{
    "classification type": "multilabel",
    "class balance": "balanced",
    "dataset name": "imdb_balanced",
    "class names": [
        "Romance",
        "Thriller",
        "Action",
        "Crime",
        "Family",
        "Horror",
        "Adventure"
    ],
    "model name": "decision_tree",
    "index": 3,
    "cv fold": 3,
    "fold info": {
        "train distribution": [
            6378,
            6377,
            6376,
            6378,
            6378,
            6378,
            6377
        ],
        "test distribution": [
            1595,
            1594,
            1595,
            1594,
            1595,
            1594,
            1594
        ],
        "train distribution pct": [
            21.939389769873756,
            21.935949915723572,
            21.93251006157339,
            21.939389769873756,
            21.939389769873756,
            21.939389769873756,
            21.935949915723572
        ],
        "test distribution pct": [
            22.073069471353445,
            22.059230556324383,
            22.073069471353445,
            22.059230556324383,
            22.073069471353445,
            22.059230556324383,
            22.059230556324383
        ]
    },
    "metrics": {
        "macro_accuracy": 0.6771989104187691,
        "micro_accuracy": 0.6771989104187691,
        "accuracy_per_class": {
            "Romance": 0.6740884314921585,
            "Thriller": 0.6649383104744289,
            "Action": 0.6813986894665381,
            "Crime": 0.6731832582301895,
            "Family": 0.6759086168559003,
            "Horror": 0.6809559416753577,
            "Adventure": 0.689919124736811
        },
        "macro_precision": 0.26704940241896624,
        "micro_precision": 0.26718380342883236,
        "precision_per_class": {
            "Romance": 0.2517810359884175,
            "Thriller": 0.2537764350453172,
            "Action": 0.27099358244959265,
            "Crime": 0.25178839932564817,
            "Family": 0.26475802162737105,
            "Horror": 0.2912621359223301,
            "Adventure": 0.2849862065740871
        },
        "macro_recall": 0.2696020999171168,
        "micro_recall": 0.2696017254510429,
        "recall_per_class": {
            "Romance": 0.24538613151764915,
            "Thriller": 0.27097988261122813,
            "Action": 0.26676822438281284,
            "Crime": 0.24755846250335992,
            "Family": 0.26760437197634834,
            "Horror": 0.3158319147029836,
            "Adventure": 0.2730857117254357
        },
        "macro_f1": 0.2681844201460879,
        "micro_f1": 0.2683873187390097,
        "f1_per_class": {
            "Romance": 0.24854245593339533,
            "Thriller": 0.26209616259669344,
            "Action": 0.2688643034545044,
            "Crime": 0.24965551514603898,
            "Family": 0.26617358759579396,
            "Horror": 0.30304984202721,
            "Adventure": 0.2789090742689791
        },
        "MSE": 0.3227396011352539,
        "LogLoss": 32.212642669677734,
        "AUNU": 0.5305350422859192,
        "micro_ROC-AUC": 0.5305301547050476,
        "AUNP": 0.5305348634719849,
        "ROC-AUC_per_class_vs_rest": {
            "Romance": 0.5200453801082682,
            "Thriller": 0.5226684126312405,
            "Action": 0.5321310387660307,
            "Crime": 0.5202438322344695,
            "Family": 0.5292783107757875,
            "Horror": 0.5492174114347413,
            "Adventure": 0.540161000235821
        }
    }
}