{
    "classification type": "multilabel",
    "class balance": "balanced",
    "dataset name": "imdb_balanced",
    "class names": [
        "Romance",
        "Thriller",
        "Action",
        "Crime",
        "Family",
        "Horror",
        "Adventure"
    ],
    "model name": "decision_tree",
    "index": 3,
    "cv fold": 3,
    "fold info": {
        "train distribution": [
            6378,
            6377,
            6377,
            6377,
            6378,
            6377,
            6376
        ],
        "test distribution": [
            1595,
            1594,
            1594,
            1595,
            1595,
            1595,
            1595
        ],
        "train distribution pct": [
            21.956005370236497,
            21.95256291094358,
            21.95256291094358,
            21.95256291094358,
            21.956005370236497,
            21.95256291094358,
            21.949120451650657
        ],
        "test distribution pct": [
            22.0060706401766,
            21.992273730684328,
            21.992273730684328,
            22.0060706401766,
            22.0060706401766,
            22.0060706401766,
            22.0060706401766
        ]
    },
    "metrics": {
        "macro_accuracy": 0.676169763251103,
        "micro_accuracy": 0.676169763251103,
        "accuracy_per_class": {
            "Romance": 0.6760548064375815,
            "Thriller": 0.6623169493982891,
            "Action": 0.6818616789908656,
            "Crime": 0.6689647672901261,
            "Family": 0.6760185587936784,
            "Horror": 0.679273597216181,
            "Adventure": 0.688697984630999
        },
        "macro_precision": 0.2660235753643617,
        "micro_precision": 0.266058842126797,
        "precision_per_class": {
            "Romance": 0.2552894754745221,
            "Thriller": 0.2520698892000487,
            "Action": 0.27176577242050837,
            "Crime": 0.24778470626846077,
            "Family": 0.262703201767402,
            "Horror": 0.28802018421132625,
            "Adventure": 0.2845317982082638
        },
        "macro_recall": 0.2698660270341179,
        "micro_recall": 0.2698655977363829,
        "recall_per_class": {
            "Romance": 0.2477142951447338,
            "Thriller": 0.2733905579399142,
            "Action": 0.26722572551091156,
            "Crime": 0.24923249595616148,
            "Family": 0.2629633297026108,
            "Horror": 0.3127682049250677,
            "Adventure": 0.27576758005942553
        },
        "macro_f1": 0.26778920943093587,
        "micro_f1": 0.2679486999395974,
        "f1_per_class": {
            "Romance": 0.2514448446268532,
            "Thriller": 0.262297678249026,
            "Action": 0.26947662804634437,
            "Crime": 0.24850649243783224,
            "Family": 0.2628332013723938,
            "Horror": 0.2998844772198573,
            "Adventure": 0.2800811440642446
        },
        "MSE": 0.3237640857696533,
        "LogLoss": 32.31726837158203,
        "AUNU": 0.5299265384674072,
        "micro_ROC-AUC": 0.52991783618927,
        "AUNP": 0.5299263596534729,
        "ROC-AUC_per_class_vs_rest": {
            "Romance": 0.5220808870314988,
            "Thriller": 0.5216030006883452,
            "Action": 0.5326153685629493,
            "Crime": 0.5181444571795074,
            "Family": 0.5276831283929557,
            "Horror": 0.5470821253537967,
            "Adventure": 0.54027683637824
        }
    }
}