{
    "classification type": "multilabel",
    "class balance": "balanced",
    "dataset name": "tmc2007500_balanced",
    "class names": [
        "class13",
        "class07",
        "class01",
        "class14",
        "class18",
        "class10"
    ],
    "model name": "decision_tree",
    "index": 3,
    "cv fold": 0,
    "fold info": {
        "train distribution": [
            1252,
            1253,
            1253,
            1253,
            1189,
            1183
        ],
        "test distribution": [
            313,
            313,
            313,
            313,
            298,
            296
        ],
        "train distribution pct": [
            19.76010101010101,
            19.775883838383837,
            19.775883838383837,
            19.775883838383837,
            18.76578282828283,
            18.671085858585858
        ],
        "test distribution pct": [
            19.8856416772554,
            19.8856416772554,
            19.8856416772554,
            19.8856416772554,
            18.932655654383733,
            18.80559085133418
        ]
    },
    "metrics": {
        "macro_accuracy": 0.9031246706713035,
        "micro_accuracy": 0.9031246706713036,
        "accuracy_per_class": {
            "class13": 0.8674913057224154,
            "class07": 0.8990673411318368,
            "class01": 0.9506797344293393,
            "class14": 0.9226209294973127,
            "class18": 0.8989883022447044,
            "class10": 0.8799004110022131
        },
        "macro_precision": 0.741146573686679,
        "micro_precision": 0.7429292432733589,
        "precision_per_class": {
            "class13": 0.6674084564029942,
            "class07": 0.7353899214408891,
            "class01": 0.8587225929456626,
            "class14": 0.7868821650065777,
            "class18": 0.7260414529037554,
            "class10": 0.6724348534201955
        },
        "macro_recall": 0.7667241481958174,
        "micro_recall": 0.7675820268851793,
        "recall_per_class": {
            "class13": 0.6587460063897763,
            "class07": 0.7659149870285372,
            "class01": 0.898822590301337,
            "class14": 0.8355617641189383,
            "class18": 0.7434334944316032,
            "class10": 0.6978660469047115
        },
        "macro_f1": 0.7536244824484265,
        "micro_f1": 0.755054458248676,
        "f1_per_class": {
            "class13": 0.6630489398050448,
            "class07": 0.7503421309872923,
            "class01": 0.8783151326053042,
            "class14": 0.8104916763453349,
            "class18": 0.7346345514950167,
            "class10": 0.6849144634525661
        },
        "MSE": 0.09661845117807388,
        "LogLoss": 9.620868682861328,
        "AUNU": 0.8523115515708923,
        "micro_ROC-AUC": 0.8527557849884033,
        "AUNP": 0.852801501750946,
        "ROC-AUC_per_class_vs_rest": {
            "class13": 0.789653719992041,
            "class07": 0.8498667195708594,
            "class01": 0.9311537679245314,
            "class14": 0.891032514158498,
            "class18": 0.840655747194886,
            "class10": 0.8115068748769226
        }
    }
}