{
    "classification type": "binary",
    "class balance": "balanced",
    "dataset name": "news-sarcasm_balanced",
    "class names": [
        1,
        0
    ],
    "model name": "decision_tree",
    "index": 0,
    "cv fold": 0,
    "fold info": {
        "train distribution": 1899,
        "test distribution": 475,
        "train distribution pct": 50.0,
        "test distribution pct": 50.0
    },
    "metrics": {
        "macro_accuracy": 0.7966788411140442,
        "micro_accuracy": 0.7966788411140442,
        "accuracy_per_class": {
            "1": 0.7966788411140442,
            "0": 0.7966788411140442
        },
        "macro_precision": 0.7980000972747803,
        "micro_precision": 0.7966788411140442,
        "precision_per_class": {
            "1": 0.8178426027297974,
            "0": 0.7781575322151184
        },
        "macro_recall": 0.7966788411140442,
        "micro_recall": 0.7966788411140442,
        "recall_per_class": {
            "1": 0.7633860111236572,
            "0": 0.8299716711044312
        },
        "macro_f1": 0.7964532375335693,
        "micro_f1": 0.7966788411140442,
        "f1_per_class": {
            "1": 0.7896765470504761,
            "0": 0.8032298684120178
        },
        "MSE": 0.14463864266872406,
        "LogLoss": 1.202022910118103,
        "AUNU": 0.871638834476471,
        "micro_ROC-AUC": 0.871638834476471
    }
}