{
    "classification type": "binary",
    "class balance": "imbalanced",
    "dataset name": "fake-news_imbalanced",
    "class names": [
        0,
        1
    ],
    "model name": "knn",
    "index": 2,
    "cv fold": 4,
    "fold info": {
        "train distribution": 287,
        "test distribution": 72,
        "train distribution pct": 1.5048238255033557,
        "test distribution pct": 1.5100671140939599
    },
    "metrics": {
        "macro_accuracy": 0.9947613477706909,
        "micro_accuracy": 0.9947613477706909,
        "accuracy_per_class": {
            "0": 0.9947613477706909,
            "1": 0.9947613477706909
        },
        "macro_precision": 0.9839184880256653,
        "micro_precision": 0.9947613477706909,
        "precision_per_class": {
            "0": 0.9949913620948792,
            "1": 0.9728456139564514
        },
        "macro_recall": 0.8352793455123901,
        "micro_recall": 0.9947613477706909,
        "recall_per_class": {
            "0": 0.9997137188911438,
            "1": 0.6708449125289917
        },
        "macro_f1": 0.8957241773605347,
        "micro_f1": 0.9947613477706909,
        "f1_per_class": {
            "0": 0.9973469376564026,
            "1": 0.7941014766693115
        },
        "MSE": 0.003922994714230299,
        "LogLoss": 0.20323505997657776,
        "AUNU": 0.9223600625991821,
        "micro_ROC-AUC": 0.9223600625991821
    }
}