{
    "classification type": "multilabel",
    "class balance": "balanced",
    "dataset name": "yeast_trimmed",
    "class names": [
        "Class13",
        "Class12",
        "Class2",
        "Class3",
        "Class7",
        "Class6",
        "Class1",
        "Class5",
        "Class8",
        "Class4"
    ],
    "model name": "decision_tree",
    "index": 1,
    "cv fold": 2,
    "fold info": {
        "train distribution": [
            164,
            164,
            163,
            162,
            160,
            149,
            145,
            144,
            142,
            143
        ],
        "test distribution": [
            41,
            41,
            41,
            41,
            37,
            38,
            37,
            36,
            37,
            35
        ],
        "train distribution pct": [
            36.68903803131991,
            36.68903803131991,
            36.46532438478747,
            36.241610738255034,
            35.79418344519016,
            33.33333333333333,
            32.43847874720358,
            32.21476510067114,
            31.767337807606268,
            31.991051454138702
        ],
        "test distribution pct": [
            37.61467889908257,
            37.61467889908257,
            37.61467889908257,
            37.61467889908257,
            33.94495412844037,
            34.862385321100916,
            33.94495412844037,
            33.02752293577982,
            33.94495412844037,
            32.11009174311927
        ]
    },
    "metrics": {
        "macro_accuracy": 0.6481256007689844,
        "micro_accuracy": 0.6481256007689843,
        "accuracy_per_class": {
            "Class13": 0.62512015379686,
            "Class12": 0.6289650752963794,
            "Class2": 0.6017302146747837,
            "Class3": 0.6735020826658122,
            "Class7": 0.6273630246715797,
            "Class6": 0.6481896827939763,
            "Class1": 0.7170778596603653,
            "Class5": 0.6581223966677348,
            "Class8": 0.6424223005446972,
            "Class4": 0.6587632169176546
        },
        "macro_precision": 0.4792566883430557,
        "micro_precision": 0.48382618353463835,
        "precision_per_class": {
            "Class13": 0.48533333333333334,
            "Class12": 0.49333333333333335,
            "Class2": 0.4256259204712813,
            "Class3": 0.5707491082045184,
            "Class7": 0.45494186046511625,
            "Class6": 0.4646324549237171,
            "Class1": 0.5839506172839506,
            "Class5": 0.45368916797488223,
            "Class8": 0.41009463722397477,
            "Class4": 0.45021645021645024
        },
        "macro_recall": 0.32421000153058865,
        "micro_recall": 0.32421620615871244,
        "recall_per_class": {
            "Class13": 0.3170731707317073,
            "Class12": 0.32229965156794427,
            "Class2": 0.2530647985989492,
            "Class3": 0.421792618629174,
            "Class7": 0.28428701180744775,
            "Class6": 0.31996179560649474,
            "Class1": 0.46418056918547596,
            "Class5": 0.2867063492063492,
            "Class8": 0.25948103792415167,
            "Class4": 0.3132530120481928
        },
        "macro_f1": 0.38607107579869876,
        "micro_f1": 0.38825757575757575,
        "f1_per_class": {
            "Class13": 0.3835616438356164,
            "Class12": 0.3898840885142255,
            "Class2": 0.3174080175727622,
            "Class3": 0.4850934815563416,
            "Class7": 0.34991615427613193,
            "Class6": 0.37895927601809953,
            "Class1": 0.5172225259704757,
            "Class5": 0.3513677811550152,
            "Class8": 0.31784841075794623,
            "Class4": 0.369449378330373
        },
        "MSE": 0.2730037569999695,
        "LogLoss": 11.518946647644043,
        "AUNU": 0.6074249744415283,
        "micro_ROC-AUC": 0.6102714538574219,
        "AUNP": 0.606917679309845,
        "ROC-AUC_per_class_vs_rest": {
            "Class13": 0.5935382454070721,
            "Class12": 0.600869799788433,
            "Class2": 0.5506133136992715,
            "Class3": 0.6594923280219298,
            "Class7": 0.5832285680884165,
            "Class6": 0.6012190775131039,
            "Class1": 0.6841551902996258,
            "Class5": 0.5950686040309798,
            "Class8": 0.5734022752041928,
            "Class4": 0.6326624143633357
        }
    }
}