{
    "classification type": "multilabel",
    "class balance": "imbalanced",
    "dataset name": "tmc2007500_imbalanced",
    "class names": [
        "class13",
        "class07",
        "class01",
        "class14",
        "class18",
        "class10"
    ],
    "model name": "random_forest",
    "index": 4,
    "cv fold": 2,
    "fold info": {
        "train distribution": [
            2208,
            1787,
            1468,
            894,
            557,
            328
        ],
        "test distribution": [
            552,
            446,
            367,
            224,
            140,
            81
        ],
        "train distribution pct": [
            34.870499052432095,
            28.221730890713836,
            23.183828174352495,
            14.118761844598863,
            8.796588755527479,
            5.180037902716361
        ],
        "test distribution pct": [
            34.98098859315589,
            28.263624841571612,
            23.25728770595691,
            14.195183776932826,
            8.871989860583017,
            5.133079847908745
        ]
    },
    "metrics": {
        "macro_accuracy": 0.936569027271494,
        "micro_accuracy": 0.936569027271494,
        "accuracy_per_class": {
            "class13": 0.8869282120994346,
            "class07": 0.9101763743257167,
            "class01": 0.9696345233044427,
            "class14": 0.9458062393391807,
            "class18": 0.950568432718866,
            "class10": 0.9563003818413237
        },
        "macro_precision": 0.8081296998101722,
        "micro_precision": 0.8529943810331855,
        "precision_per_class": {
            "class13": 0.8553981053785329,
            "class07": 0.8419433248207747,
            "class01": 0.9340143155383239,
            "class14": 0.8449304174950298,
            "class18": 0.7613809245172616,
            "class10": 0.6111111111111112
        },
        "macro_recall": 0.7346627167450288,
        "micro_recall": 0.806374236703315,
        "recall_per_class": {
            "class13": 0.8134306134603931,
            "class07": 0.8393607558050367,
            "class01": 0.9351647941472883,
            "class14": 0.7551157946330107,
            "class18": 0.6393474842767296,
            "class10": 0.42555685814771393
        },
        "macro_f1": 0.7672340533343966,
        "micro_f1": 0.8290294098198693,
        "f1_per_class": {
            "class13": 0.833886662850601,
            "class07": 0.8406500568338914,
            "class01": 0.9345892007833628,
            "class14": 0.7975023455951341,
            "class18": 0.6950483414347525,
            "class10": 0.5017277125086386
        },
        "MSE": 0.05623919144272804,
        "LogLoss": 2.765695810317993,
        "AUNU": 0.9017664194107056,
        "micro_ROC-AUC": 0.9218042492866516,
        "AUNP": 0.9128019213676453,
        "ROC-AUC_per_class_vs_rest": {
            "class13": 0.895352347203351,
            "class07": 0.9158558215891374,
            "class01": 0.964346989290233,
            "class14": 0.909036264758114,
            "class18": 0.8839781188753715,
            "class10": 0.8420290756564852
        }
    }
}