{
    "classification type": "multilabel",
    "class balance": "imbalanced",
    "dataset name": "yelp_imbalanced",
    "class names": [
        "IsFoodGood",
        "IsAmbianceGood",
        "IsServiceGood",
        "IsPriceGood"
    ],
    "model name": "logistic_regression",
    "index": 2,
    "cv fold": 4,
    "fold info": {
        "train distribution": [
            3769,
            1420,
            2114,
            1032
        ],
        "test distribution": [
            942,
            355,
            528,
            258
        ],
        "train distribution pct": [
            99.86751457339693,
            37.62586115527292,
            56.01483836777954,
            27.344992050874406
        ],
        "test distribution pct": [
            99.78813559322035,
            37.60593220338983,
            55.932203389830505,
            27.33050847457627
        ]
    },
    "metrics": {
        "macro_accuracy": 0.7944927229051859,
        "micro_accuracy": 0.7944927229051858,
        "accuracy_per_class": {
            "IsFoodGood": 0.9985163204747775,
            "IsAmbianceGood": 0.6981065423201922,
            "IsServiceGood": 0.7130139889783806,
            "IsPriceGood": 0.768334039847393
        },
        "macro_precision": 0.7420039874344746,
        "micro_precision": 0.8353331282261648,
        "precision_per_class": {
            "IsFoodGood": 0.9985163204747775,
            "IsAmbianceGood": 0.6183085919928025,
            "IsServiceGood": 0.7482652274479569,
            "IsPriceGood": 0.6029258098223615
        },
        "macro_recall": 0.6745504142932344,
        "micro_recall": 0.7818519229538619,
        "recall_per_class": {
            "IsFoodGood": 1.0,
            "IsAmbianceGood": 0.516244131455399,
            "IsServiceGood": 0.734670704012112,
            "IsPriceGood": 0.44728682170542633
        },
        "macro_f1": 0.7042306035838705,
        "micro_f1": 0.8077081990513494,
        "f1_per_class": {
            "IsFoodGood": 0.9992576095025983,
            "IsAmbianceGood": 0.5626854979019548,
            "IsServiceGood": 0.741405653170359,
            "IsPriceGood": 0.5135736537605696
        },
        "MSE": 0.14793938398361206,
        "LogLoss": 0.46663936972618103,
        "AUNU": 0.6799710392951965,
        "micro_ROC-AUC": 0.8719143867492676,
        "AUNP": 0.6305539608001709,
        "ROC-AUC_per_class_vs_rest": {
            "IsFoodGood": 0.49034175334323926,
            "IsAmbianceGood": 0.7195938586933691,
            "IsServiceGood": 0.7647916578544212,
            "IsPriceGood": 0.7451568352836297
        }
    }
}