{
    "classification type": "binary",
    "class balance": "balanced",
    "dataset name": "amazon-reviews-0.25_balanced",
    "class names": [
        0,
        1
    ],
    "model name": "knn",
    "index": 2,
    "cv fold": 3,
    "fold info": {
        "train distribution": 14461,
        "test distribution": 3616,
        "train distribution pct": 49.998271271998064,
        "test distribution pct": 50.00691467293596
    },
    "metrics": {
        "macro_accuracy": 0.7973605394363403,
        "micro_accuracy": 0.7973605394363403,
        "accuracy_per_class": {
            "0": 0.7973605394363403,
            "1": 0.7973605394363403
        },
        "macro_precision": 0.7982341051101685,
        "micro_precision": 0.7973605394363403,
        "precision_per_class": {
            "0": 0.8143752813339233,
            "1": 0.7820929884910583
        },
        "macro_recall": 0.7973605394363403,
        "micro_recall": 0.7973605394363403,
        "recall_per_class": {
            "0": 0.7702993750572205,
            "1": 0.8244217038154602
        },
        "macro_f1": 0.7972120642662048,
        "micro_f1": 0.7973605394363403,
        "f1_per_class": {
            "0": 0.7917243838310242,
            "1": 0.8026997447013855
        },
        "MSE": 0.16785496473312378,
        "LogLoss": 8.165499687194824,
        "AUNU": 0.8204168081283569,
        "micro_ROC-AUC": 0.8204168081283569
    }
}