{
    "classification type": "binary",
    "class balance": "imbalanced",
    "dataset name": "philippine_imbalanced",
    "class names": [
        0,
        1
    ],
    "model name": "logistic_regression",
    "index": 0,
    "cv fold": 3,
    "fold info": {
        "train distribution": 205,
        "test distribution": 51,
        "train distribution pct": 12.796504369538079,
        "test distribution pct": 12.75
    },
    "metrics": {
        "macro_accuracy": 0.8626716732978821,
        "micro_accuracy": 0.8626716732978821,
        "accuracy_per_class": {
            "0": 0.8626716732978821,
            "1": 0.8626716732978821
        },
        "macro_precision": 0.6767234802246094,
        "micro_precision": 0.8626716732978821,
        "precision_per_class": {
            "0": 0.9044673442840576,
            "1": 0.44897958636283875
        },
        "macro_recall": 0.6319849491119385,
        "micro_recall": 0.8626716732978821,
        "recall_per_class": {
            "0": 0.9420186281204224,
            "1": 0.3219512104988098
        },
        "macro_f1": 0.648930549621582,
        "micro_f1": 0.8626716732978821,
        "f1_per_class": {
            "0": 0.9228611588478088,
            "1": 0.375
        },
        "MSE": 0.11010522395372391,
        "LogLoss": 0.4159216582775116,
        "AUNU": 0.7409012317657471,
        "micro_ROC-AUC": 0.7409012317657471
    }
}