{
    "classification type": "multiclass",
    "class balance": "imbalanced",
    "dataset name": "nyt-comments-april17_imbalanced",
    "class names": [
        3,
        4,
        5,
        0,
        1,
        2
    ],
    "model name": "logistic_regression",
    "index": 2,
    "cv fold": 2,
    "fold info": {
        "train distribution": 13837,
        "test distribution": 3457,
        "train distribution pct": 219.87923089146673,
        "test distribution pct": 219.77113795295617
    },
    "metrics": {
        "macro_accuracy": 0.8787242770195007,
        "micro_accuracy": 0.8787241578102112,
        "accuracy_per_class": {
            "3": 0.8987385034561157,
            "4": 0.9057793617248535,
            "5": 0.7141110897064209,
            "0": 0.8836299777030945,
            "1": 0.9287600517272949,
            "2": 0.9413260221481323
        },
        "macro_precision": 0.6276018023490906,
        "micro_precision": 0.6361724734306335,
        "precision_per_class": {
            "3": 0.6241413354873657,
            "4": 0.7430459260940552,
            "5": 0.5743765234947205,
            "0": 0.6275631785392761,
            "1": 0.8123636245727539,
            "2": 0.3841201663017273
        },
        "macro_recall": 0.5420665144920349,
        "micro_recall": 0.6361724734306335,
        "recall_per_class": {
            "3": 0.49359720945358276,
            "4": 0.6427067518234253,
            "5": 0.797095537185669,
            "0": 0.4514579772949219,
            "1": 0.703622043132782,
            "2": 0.16391941905021667
        },
        "macro_f1": 0.5695260167121887,
        "micro_f1": 0.6361724734306335,
        "f1_per_class": {
            "3": 0.551245927810669,
            "4": 0.6892436742782593,
            "5": 0.667651891708374,
            "0": 0.5251396894454956,
            "1": 0.754092812538147,
            "2": 0.22978177666664124
        },
        "Kappa": 0.5134477019309998,
        "MSE": 0.08187082409858704,
        "LogLoss": 1.0024950504302979,
        "AUNU": 0.8715130686759949,
        "micro_ROC-AUC": 0.9000124931335449,
        "AUNP": 0.8660483956336975,
        "AU1U": 0.871629285009068,
        "AU1P": 0.865381937888305,
        "ROC-AUC_per_class_vs_rest": {
            "3": 0.8830816230723099,
            "4": 0.9117678150534858,
            "5": 0.8210201575653648,
            "0": 0.8357746537558277,
            "1": 0.9498680645471496,
            "2": 0.8275660182620409
        }
    }
}