{
    "classification type": "multilabel",
    "class balance": "balanced",
    "dataset name": "cal500_balanced",
    "class names": [
        "Instrument_-_Male_Lead_Vocals",
        "Song-Texture_Electric",
        "NOT-Emotion-Angry-Agressive",
        "NOT-Emotion-Bizarre-Weird",
        "Song-Quality",
        "Song-Texture_Acoustic",
        "Instrument_-_Drum_Set"
    ],
    "model name": "logistic_regression",
    "index": 0,
    "cv fold": 2,
    "fold info": {
        "train distribution": [
            240,
            238,
            243,
            219,
            207,
            219,
            216
        ],
        "test distribution": [
            60,
            60,
            57,
            54,
            64,
            52,
            55
        ],
        "train distribution pct": [
            65.75342465753424,
            65.20547945205479,
            66.57534246575342,
            60.0,
            56.71232876712329,
            60.0,
            59.178082191780824
        ],
        "test distribution pct": [
            61.855670103092784,
            61.855670103092784,
            58.76288659793815,
            55.670103092783506,
            65.97938144329896,
            53.608247422680414,
            56.70103092783505
        ]
    },
    "metrics": {
        "macro_accuracy": 0.5790816326530611,
        "micro_accuracy": 0.5790816326530612,
        "accuracy_per_class": {
            "Instrument_-_Male_Lead_Vocals": 0.6714285714285714,
            "Song-Texture_Electric": 0.5392857142857143,
            "NOT-Emotion-Angry-Agressive": 0.5928571428571429,
            "NOT-Emotion-Bizarre-Weird": 0.5714285714285714,
            "Song-Quality": 0.5714285714285714,
            "Song-Texture_Acoustic": 0.5357142857142857,
            "Instrument_-_Drum_Set": 0.5714285714285714
        },
        "macro_precision": 0.6344894861241536,
        "micro_precision": 0.6355620867009552,
        "precision_per_class": {
            "Instrument_-_Male_Lead_Vocals": 0.7156862745098039,
            "Song-Texture_Electric": 0.616822429906542,
            "NOT-Emotion-Angry-Agressive": 0.6551724137931034,
            "NOT-Emotion-Bizarre-Weird": 0.6134020618556701,
            "Song-Quality": 0.6277777777777778,
            "Song-Texture_Acoustic": 0.6,
            "Instrument_-_Drum_Set": 0.612565445026178
        },
        "macro_recall": 0.7229202004511164,
        "micro_recall": 0.7244556113902848,
        "recall_per_class": {
            "Instrument_-_Male_Lead_Vocals": 0.8111111111111111,
            "Song-Texture_Electric": 0.7374301675977654,
            "NOT-Emotion-Angry-Agressive": 0.751412429378531,
            "NOT-Emotion-Bizarre-Weird": 0.725609756097561,
            "Song-Quality": 0.6807228915662651,
            "Song-Texture_Acoustic": 0.6363636363636364,
            "Instrument_-_Drum_Set": 0.7177914110429447
        },
        "macro_f1": 0.6755457228369667,
        "micro_f1": 0.6771037181996086,
        "f1_per_class": {
            "Instrument_-_Male_Lead_Vocals": 0.7604166666666666,
            "Song-Texture_Electric": 0.6717557251908397,
            "NOT-Emotion-Angry-Agressive": 0.7,
            "NOT-Emotion-Bizarre-Weird": 0.664804469273743,
            "Song-Quality": 0.653179190751445,
            "Song-Texture_Acoustic": 0.6176470588235294,
            "Instrument_-_Drum_Set": 0.6610169491525424
        },
        "MSE": 0.26868903636932373,
        "LogLoss": 0.7840756177902222,
        "AUNU": 0.5571044087409973,
        "micro_ROC-AUC": 0.5641162991523743,
        "AUNP": 0.5570377111434937,
        "ROC-AUC_per_class_vs_rest": {
            "Instrument_-_Male_Lead_Vocals": 0.6517777777777777,
            "Song-Texture_Electric": 0.4283422755683389,
            "NOT-Emotion-Angry-Agressive": 0.5771488124622896,
            "NOT-Emotion-Bizarre-Weird": 0.5722771236333053,
            "Song-Quality": 0.5916296766011414,
            "Song-Texture_Acoustic": 0.5429776021080369,
            "Instrument_-_Drum_Set": 0.5355775785223638
        }
    }
}