{
    "classification type": "binary",
    "class balance": "imbalanced",
    "dataset name": "all-in-one_sentiment_imbalanced",
    "class names": [
        0,
        1
    ],
    "model name": "decision_tree",
    "index": 4,
    "cv fold": 2,
    "fold info": {
        "train distribution": 284,
        "test distribution": 71,
        "train distribution pct": 2.433173406442769,
        "test distribution pct": 2.433173406442769
    },
    "metrics": {
        "macro_accuracy": 0.9625528454780579,
        "micro_accuracy": 0.9625528454780579,
        "accuracy_per_class": {
            "0": 0.9625528454780579,
            "1": 0.9625528454780579
        },
        "macro_precision": 0.543724775314331,
        "micro_precision": 0.9625528454780579,
        "precision_per_class": {
            "0": 0.9771398901939392,
            "1": 0.11030971258878708
        },
        "macro_recall": 0.530472993850708,
        "micro_recall": 0.9625528454780579,
        "recall_per_class": {
            "0": 0.9846549034118652,
            "1": 0.07629107683897018
        },
        "macro_f1": 0.5355412364006042,
        "micro_f1": 0.9625528454780579,
        "f1_per_class": {
            "0": 0.980883002281189,
            "1": 0.09019947797060013
        },
        "MSE": 0.03524397313594818,
        "LogLoss": 2.3047587871551514,
        "AUNU": 0.5981682538986206,
        "micro_ROC-AUC": 0.5981682538986206
    }
}