{
    "classification type": "multiclass",
    "class balance": "balanced",
    "dataset name": "mfeat-karhunen_balanced",
    "class names": [
        0,
        1,
        2,
        3
    ],
    "model name": "logistic_regression",
    "index": 3,
    "cv fold": 3,
    "fold info": {
        "train distribution": 576,
        "test distribution": 144,
        "train distribution pct": 150.0,
        "test distribution pct": 150.0
    },
    "metrics": {
        "macro_accuracy": 0.9917762875556946,
        "micro_accuracy": 0.9917762875556946,
        "accuracy_per_class": {
            "0": 0.9928728342056274,
            "1": 0.9912280440330505,
            "2": 0.9923245906829834,
            "3": 0.9906798005104065
        },
        "macro_precision": 0.9838499426841736,
        "micro_precision": 0.9835526347160339,
        "precision_per_class": {
            "0": 0.9911308288574219,
            "1": 0.9661017060279846,
            "2": 0.980434775352478,
            "3": 0.997732400894165
        },
        "macro_recall": 0.9835526943206787,
        "micro_recall": 0.9835526347160339,
        "recall_per_class": {
            "0": 0.9802631735801697,
            "1": 1.0,
            "2": 0.9890350699424744,
            "3": 0.9649122953414917
        },
        "macro_f1": 0.9835474491119385,
        "micro_f1": 0.9835526347160339,
        "f1_per_class": {
            "0": 0.9856670498847961,
            "1": 0.982758641242981,
            "2": 0.9847161769866943,
            "3": 0.9810479283332825
        },
        "Kappa": 0.9780701994895935,
        "MSE": 0.006838024593889713,
        "LogLoss": 0.07172073423862457,
        "AUNU": 0.9982907176017761,
        "micro_ROC-AUC": 0.9984627962112427,
        "AUNP": 0.9982907176017761,
        "AU1U": 0.9982907400995179,
        "AU1P": 0.9982907400995179,
        "ROC-AUC_per_class_vs_rest": {
            "0": 0.9983584692725967,
            "1": 0.9995383194829178,
            "2": 0.9995527469990766,
            "3": 0.9957134246434801
        }
    }
}