{
    "classification type": "multilabel",
    "class balance": "balanced",
    "dataset name": "scene2",
    "class names": [
        "Beach",
        "Sunset",
        "FallFoliage",
        "Field",
        "Mountain",
        "Urban"
    ],
    "model name": "logistic_regression2",
    "index": 0,
    "cv fold": 1,
    "fold info": {
        "train distribution": [
            333,
            291,
            314,
            335,
            327,
            344
        ],
        "test distribution": [
            84,
            73,
            79,
            84,
            82,
            87
        ],
        "train distribution pct": [
            18.176855895196507,
            15.884279475982533,
            17.139737991266376,
            18.286026200873362,
            17.84934497816594,
            18.777292576419214
        ],
        "test distribution pct": [
            18.625277161862527,
            16.186252771618626,
            17.516629711751662,
            18.625277161862527,
            18.181818181818183,
            19.290465631929045
        ]
    },
    "metrics": {
        "macro_accuracy": 0.903770097154157,
        "micro_accuracy": 0.903770097154157,
        "accuracy_per_class": {
            "Beach": 0.8950219241681713,
            "Sunset": 0.9602785659014702,
            "FallFoliage": 0.9117874645344338,
            "Field": 0.9404178488522054,
            "Mountain": 0.8475625483621356,
            "Urban": 0.8675522311065257
        },
        "macro_precision": 0.7750307154886603,
        "micro_precision": 0.7824211778703153,
        "precision_per_class": {
            "Beach": 0.759656652360515,
            "Sunset": 0.928110599078341,
            "FallFoliage": 0.7831743278404163,
            "Field": 0.865049279757392,
            "Mountain": 0.6194285714285714,
            "Urban": 0.6947648624667259
        },
        "macro_recall": 0.6395989180558236,
        "micro_recall": 0.6357703927492447,
        "recall_per_class": {
            "Beach": 0.6236786469344608,
            "Sunset": 0.8140662894098626,
            "FallFoliage": 0.675392670157068,
            "Field": 0.8007017543859649,
            "Mountain": 0.38964773544212794,
            "Urban": 0.534106412005457
        },
        "macro_f1": 0.6985972943884683,
        "micro_f1": 0.7015134342289486,
        "f1_per_class": {
            "Beach": 0.684984520123839,
            "Sunset": 0.8673557278208441,
            "FallFoliage": 0.7253012048192771,
            "Field": 0.8316326530612245,
            "Mountain": 0.4783759929390997,
            "Urban": 0.6039336675665252
        },
        "MSE": 0.07030705362558365,
        "LogLoss": 0.23385697603225708,
        "AUNU": 0.9260645508766174,
        "micro_ROC-AUC": 0.9347155690193176,
        "AUNP": 0.9247599840164185,
        "ROC-AUC_per_class_vs_rest": {
            "Beach": 0.9271166539572038,
            "Sunset": 0.9829151517038517,
            "FallFoliage": 0.94447375840795,
            "Field": 0.9666558559457579,
            "Mountain": 0.8419005092457484,
            "Urban": 0.8933252536718634
        }
    }
}