{
    "classification type": "multiclass",
    "class balance": "imbalanced",
    "dataset name": "irish-times_imbalanced",
    "class names": [
        0,
        10,
        1,
        8,
        5,
        9,
        2,
        13,
        6,
        7,
        4,
        14,
        3,
        16,
        15,
        18,
        11,
        12,
        19,
        17
    ],
    "model name": "knn",
    "index": 4,
    "cv fold": 1,
    "fold info": {
        "train distribution": 120150,
        "test distribution": 30017,
        "train distribution pct": 944.5754716981131,
        "test distribution pct": 943.930817610063
    },
    "metrics": {
        "macro_accuracy": 0.9527708292007446,
        "micro_accuracy": 0.9527708888053894,
        "accuracy_per_class": {
            "0": 0.937019407749176,
            "10": 0.959774374961853,
            "1": 0.9360857009887695,
            "8": 0.887424647808075,
            "5": 0.9816604852676392,
            "9": 0.9781948924064636,
            "2": 0.9384004473686218,
            "13": 0.9792420268058777,
            "6": 0.9841957092285156,
            "7": 0.9356740117073059,
            "4": 0.8322440385818481,
            "14": 0.9840692281723022,
            "3": 0.9897231459617615,
            "16": 0.945328414440155,
            "15": 0.972184419631958,
            "18": 0.9780360460281372,
            "11": 0.9746190905570984,
            "12": 0.9845101237297058,
            "19": 0.9746060967445374,
            "17": 0.9024249315261841
        },
        "macro_precision": 0.44227439165115356,
        "micro_precision": 0.5277085900306702,
        "precision_per_class": {
            "0": 0.07445288449525833,
            "10": 0.15322358906269073,
            "1": 0.5052068829536438,
            "8": 0.3195144832134247,
            "5": 0.16440831124782562,
            "9": 0.5595048069953918,
            "2": 0.4783569574356079,
            "13": 0.6336360573768616,
            "6": 0.6344647407531738,
            "7": 0.4983742833137512,
            "4": 0.7423312664031982,
            "14": 0.7616316080093384,
            "3": 0.33708709478378296,
            "16": 0.569844663143158,
            "15": 0.426479309797287,
            "18": 0.5703421831130981,
            "11": 0.4336392879486084,
            "12": 0.1684817373752594,
            "19": 0.5867302417755127,
            "17": 0.22777777910232544
        },
        "macro_recall": 0.34196656942367554,
        "micro_recall": 0.5277085900306702,
        "recall_per_class": {
            "0": 0.1220715194940567,
            "10": 0.15193144977092743,
            "1": 0.4606611728668213,
            "8": 0.7720925211906433,
            "5": 0.08726923912763596,
            "9": 0.1994590014219284,
            "2": 0.487635999917984,
            "13": 0.4852813184261322,
            "6": 0.477172315120697,
            "7": 0.4182838201522827,
            "4": 0.7998892068862915,
            "14": 0.3645515441894531,
            "3": 0.16410818696022034,
            "16": 0.46450528502464294,
            "15": 0.2749776840209961,
            "18": 0.268743097782135,
            "11": 0.23964902758598328,
            "12": 0.07026449590921402,
            "19": 0.31344839930534363,
            "17": 0.21733643114566803
        },
        "macro_f1": 0.3676726818084717,
        "micro_f1": 0.5277085900306702,
        "f1_per_class": {
            "0": 0.09249310940504074,
            "10": 0.15257477760314941,
            "1": 0.48190680146217346,
            "8": 0.4519845247268677,
            "5": 0.11401722580194473,
            "9": 0.29408061504364014,
            "2": 0.48295190930366516,
            "13": 0.5496236681938171,
            "6": 0.5446903705596924,
            "7": 0.45483019948005676,
            "4": 0.7700361609458923,
            "14": 0.4930885136127472,
            "3": 0.22074729204177856,
            "16": 0.5118110179901123,
            "15": 0.3343677222728729,
            "18": 0.36533957719802856,
            "11": 0.30869758129119873,
            "12": 0.09917043894529343,
            "19": 0.40860703587532043,
            "17": 0.2224346399307251
        },
        "Kappa": 0.43509775400161743,
        "MSE": 0.0343901626765728,
        "LogLoss": 5.275047302246094,
        "AUNU": 0.7346684336662292,
        "micro_ROC-AUC": 0.8190054297447205,
        "AUNP": 0.7939372658729553,
        "AU1U": 0.7237256988436424,
        "AU1P": 0.75726458310924,
        "ROC-AUC_per_class_vs_rest": {
            "0": 0.6157614334858406,
            "10": 0.6730282133684482,
            "1": 0.7782059776773118,
            "8": 0.8980298430225492,
            "5": 0.6341403406389413,
            "9": 0.6736525858694574,
            "2": 0.7866209105092423,
            "13": 0.8015583785778471,
            "6": 0.8024366250387435,
            "7": 0.7673063049552392,
            "4": 0.8744669198452005,
            "14": 0.7534730853576168,
            "3": 0.6557238839329609,
            "16": 0.7907615041570983,
            "15": 0.7341954473242382,
            "18": 0.7108552893973904,
            "11": 0.6968462456642399,
            "12": 0.6374664619523096,
            "19": 0.7341988544333317,
            "17": 0.674640443711594
        }
    }
}