{
    "classification type": "multilabel",
    "class balance": "balanced",
    "dataset name": "scene_balanced",
    "class names": [
        "Mountain",
        "Field",
        "Urban",
        "Beach",
        "FallFoliage",
        "Sunset"
    ],
    "model name": "logistic_regression",
    "index": 4,
    "cv fold": 4,
    "fold info": {
        "train distribution": [
            324,
            324,
            324,
            325,
            318,
            291
        ],
        "test distribution": [
            81,
            81,
            82,
            81,
            79,
            73
        ],
        "train distribution pct": [
            18.305084745762713,
            18.305084745762713,
            18.305084745762713,
            18.361581920903955,
            17.966101694915253,
            16.440677966101696
        ],
        "test distribution pct": [
            18.620689655172416,
            18.620689655172416,
            18.850574712643677,
            18.620689655172416,
            18.160919540229887,
            16.7816091954023
        ]
    },
    "metrics": {
        "macro_accuracy": 0.8811035525321239,
        "micro_accuracy": 0.8811035525321239,
        "accuracy_per_class": {
            "Mountain": 0.8136054421768707,
            "Field": 0.9194557823129251,
            "Urban": 0.8520634920634921,
            "Beach": 0.8678458049886622,
            "FallFoliage": 0.8865306122448979,
            "Sunset": 0.9471201814058957
        },
        "macro_precision": 0.6757108168109608,
        "micro_precision": 0.6768867924528302,
        "precision_per_class": {
            "Mountain": 0.4913294797687861,
            "Field": 0.777723497801661,
            "Urban": 0.6026762738033968,
            "Beach": 0.6440422322775264,
            "FallFoliage": 0.6840521564694082,
            "Sunset": 0.8544412607449857
        },
        "macro_recall": 0.6533653534914428,
        "micro_recall": 0.6503566932438103,
        "recall_per_class": {
            "Mountain": 0.41975308641975306,
            "Field": 0.7861728395061729,
            "Urban": 0.5768472906403941,
            "Beach": 0.6310344827586207,
            "FallFoliage": 0.6871536523929471,
            "Sunset": 0.8192307692307692
        },
        "macro_f1": 0.6639451772722441,
        "micro_f1": 0.6633565894790908,
        "f1_per_class": {
            "Mountain": 0.45272969374167776,
            "Field": 0.7819253438113949,
            "Urban": 0.5894789831361691,
            "Beach": 0.6374720079621796,
            "FallFoliage": 0.6855993968333752,
            "Sunset": 0.8364656381486676
        },
        "MSE": 0.0928879976272583,
        "LogLoss": 0.3824019730091095,
        "AUNU": 0.8961087465286255,
        "micro_ROC-AUC": 0.906879723072052,
        "AUNP": 0.8948063850402832,
        "ROC-AUC_per_class_vs_rest": {
            "Mountain": 0.7904840877914953,
            "Field": 0.9478028257887517,
            "Urban": 0.857898613624975,
            "Beach": 0.8948315840491571,
            "FallFoliage": 0.9193226299012506,
            "Sunset": 0.9663128615002597
        }
    }
}