{
    "classification type": "binary",
    "class balance": "imbalanced",
    "dataset name": "philippine_imbalanced",
    "class names": [
        0,
        1
    ],
    "model name": "random_forest",
    "index": 3,
    "cv fold": 3,
    "fold info": {
        "train distribution": 205,
        "test distribution": 51,
        "train distribution pct": 12.796504369538079,
        "test distribution pct": 12.75
    },
    "metrics": {
        "macro_accuracy": 0.8581511378288269,
        "micro_accuracy": 0.8581511378288269,
        "accuracy_per_class": {
            "0": 0.8581511378288269,
            "1": 0.8581511378288269
        },
        "macro_precision": 0.6650841236114502,
        "micro_precision": 0.8581511378288269,
        "precision_per_class": {
            "0": 0.9035522937774658,
            "1": 0.42661598324775696
        },
        "macro_recall": 0.6274957656860352,
        "micro_recall": 0.8581511378288269,
        "recall_per_class": {
            "0": 0.9374144077301025,
            "1": 0.3175771236419678
        },
        "macro_f1": 0.6421401500701904,
        "micro_f1": 0.8581511378288269,
        "f1_per_class": {
            "0": 0.9201719164848328,
            "1": 0.3641083836555481
        },
        "MSE": 0.1265636831521988,
        "LogLoss": 6.38995361328125,
        "AUNU": 0.668542206287384,
        "micro_ROC-AUC": 0.668542206287384
    }
}