{
    "classification type": "multiclass",
    "class balance": "balanced",
    "dataset name": "news-category_balanced",
    "class names": [
        0,
        3,
        31,
        26,
        36,
        37,
        11,
        9,
        29,
        18,
        34,
        32,
        39,
        25,
        40,
        33,
        21,
        30,
        38,
        35,
        12,
        8,
        6,
        22,
        27,
        13,
        5,
        4,
        10,
        19,
        7,
        1,
        15,
        17,
        41,
        24,
        28,
        20,
        2,
        23,
        14,
        16
    ],
    "model name": "random_forest",
    "index": 3,
    "cv fold": 1,
    "fold info": {
        "train distribution": 430143,
        "test distribution": 107529,
        "train distribution pct": 2050.936918895723,
        "test distribution pct": 2050.5148741418766
    },
    "metrics": {
        "macro_accuracy": 0.9705390930175781,
        "micro_accuracy": 0.9705390334129333,
        "accuracy_per_class": {
            "0": 0.9665365815162659,
            "3": 0.9761179089546204,
            "31": 0.9648571610450745,
            "26": 0.9679455757141113,
            "36": 0.9757620692253113,
            "37": 0.9757421612739563,
            "11": 0.9790982007980347,
            "9": 0.970191478729248,
            "29": 0.9669834971427917,
            "18": 0.9572939872741699,
            "34": 0.9722950458526611,
            "32": 0.9724316596984863,
            "39": 0.9695311188697815,
            "25": 0.9756624698638916,
            "40": 0.9632346630096436,
            "33": 0.9695965647697449,
            "21": 0.9814095497131348,
            "30": 0.9732429385185242,
            "38": 0.9681135416030884,
            "35": 0.9833166599273682,
            "12": 0.9787053465843201,
            "8": 0.9663487076759338,
            "6": 0.9723377227783203,
            "22": 0.9720986485481262,
            "27": 0.9715464115142822,
            "13": 0.9720388650894165,
            "5": 0.9750077724456787,
            "4": 0.96608966588974,
            "10": 0.9848594665527344,
            "19": 0.9724771976470947,
            "7": 0.9632744789123535,
            "1": 0.9656826257705688,
            "15": 0.9650620818138123,
            "17": 0.9655516743659973,
            "41": 0.9652954936027527,
            "24": 0.9582191109657288,
            "28": 0.9728671908378601,
            "20": 0.9619622826576233,
            "2": 0.9702284932136536,
            "23": 0.9659331440925598,
            "14": 0.9604479074478149,
            "16": 0.9872419834136963
        },
        "macro_precision": 0.38603323698043823,
        "micro_precision": 0.3813195824623108,
        "precision_per_class": {
            "0": 0.29915645718574524,
            "3": 0.4991825520992279,
            "31": 0.2643323540687561,
            "26": 0.31789499521255493,
            "36": 0.4906865358352661,
            "37": 0.4906524121761322,
            "11": 0.5569536685943604,
            "9": 0.37783992290496826,
            "29": 0.26437240839004517,
            "18": 0.24698427319526672,
            "34": 0.4069734513759613,
            "32": 0.4278737008571625,
            "39": 0.35573771595954895,
            "25": 0.4923059344291687,
            "40": 0.24235832691192627,
            "33": 0.35530853271484375,
            "21": 0.6155449151992798,
            "30": 0.4411694407463074,
            "38": 0.3549864590167999,
            "35": 0.6622772812843323,
            "12": 0.5510857105255127,
            "8": 0.23716165125370026,
            "6": 0.4066193997859955,
            "22": 0.42025259137153625,
            "27": 0.39798614382743835,
            "13": 0.39771121740341187,
            "5": 0.4713635742664337,
            "4": 0.2712285816669464,
            "10": 0.6852522492408752,
            "19": 0.4181012511253357,
            "7": 0.23870517313480377,
            "1": 0.26406532526016235,
            "15": 0.3276785612106323,
            "17": 0.2751297354698181,
            "41": 0.28476372361183167,
            "24": 0.17466707527637482,
            "28": 0.4280382990837097,
            "20": 0.2145799994468689,
            "2": 0.3696848452091217,
            "23": 0.2552785575389862,
            "14": 0.19285555183887482,
            "16": 0.7685939073562622
        },
        "macro_recall": 0.38093066215515137,
        "micro_recall": 0.3813195824623108,
        "recall_per_class": {
            "0": 0.3006567060947418,
            "3": 0.5468656420707703,
            "31": 0.26591044664382935,
            "26": 0.3007761240005493,
            "36": 0.4403582215309143,
            "37": 0.46065670251846313,
            "11": 0.602507472038269,
            "9": 0.38722386956214905,
            "29": 0.24572278559207916,
            "18": 0.38626864552497864,
            "34": 0.3426024913787842,
            "32": 0.44765299558639526,
            "39": 0.335194855928421,
            "25": 0.5132501721382141,
            "40": 0.2515745759010315,
            "33": 0.33044201135635376,
            "21": 0.5966017246246338,
            "30": 0.4393867254257202,
            "38": 0.40518060326576233,
            "35": 0.6125373244285583,
            "12": 0.5757611989974976,
            "8": 0.24458648264408112,
            "6": 0.34913432598114014,
            "22": 0.448955237865448,
            "27": 0.37755224108695984,
            "13": 0.3361194133758545,
            "5": 0.3569815754890442,
            "4": 0.24631653726100922,
            "10": 0.6768386960029602,
            "19": 0.3943880498409271,
            "7": 0.24364155530929565,
            "1": 0.24203898012638092,
            "15": 0.4361777901649475,
            "17": 0.2722388207912445,
            "41": 0.3014925420284271,
            "24": 0.20202985405921936,
            "28": 0.4108656644821167,
            "20": 0.2238806039094925,
            "2": 0.3529552221298218,
            "23": 0.2237612009048462,
            "14": 0.2069253772497177,
            "16": 0.6650746464729309
        },
        "macro_f1": 0.38214269280433655,
        "micro_f1": 0.3813195824623108,
        "f1_per_class": {
            "0": 0.2999047040939331,
            "3": 0.5219373106956482,
            "31": 0.2651190459728241,
            "26": 0.3090987205505371,
            "36": 0.46416211128234863,
            "37": 0.4751816689968109,
            "11": 0.578835666179657,
            "9": 0.3824743628501892,
            "29": 0.2547066807746887,
            "18": 0.30130863189697266,
            "34": 0.3720239996910095,
            "32": 0.4375399351119995,
            "39": 0.34516090154647827,
            "25": 0.5025599002838135,
            "40": 0.24688047170639038,
            "33": 0.3424244225025177,
            "21": 0.6059253215789795,
            "30": 0.44027629494667053,
            "38": 0.37842637300491333,
            "35": 0.636436939239502,
            "12": 0.5631532669067383,
            "8": 0.2408168464899063,
            "6": 0.37569060921669006,
            "22": 0.4341300129890442,
            "27": 0.38749998807907104,
            "13": 0.36433055996894836,
            "5": 0.40627536177635193,
            "4": 0.25817298889160156,
            "10": 0.6810194849967957,
            "19": 0.4058986306190491,
            "7": 0.24114809930324554,
            "1": 0.25257283449172974,
            "15": 0.3742224872112274,
            "17": 0.27367663383483887,
            "41": 0.29288944602012634,
            "24": 0.1873546689748764,
            "28": 0.41927623748779297,
            "20": 0.21913164854049683,
            "2": 0.3611263930797577,
            "23": 0.23848307132720947,
            "14": 0.19964288175106049,
            "16": 0.7130969166755676
        },
        "Kappa": 0.36622679233551025,
        "MSE": 0.023432379588484764,
        "LogLoss": 7.065598964691162,
        "AUNU": 0.7493509650230408,