{
    "classification type": "multiclass",
    "class balance": "balanced",
    "dataset name": "volkert_balanced",
    "class names": [
        8,
        6,
        1,
        3,
        4,
        9,
        0,
        5,
        2,
        7
    ],
    "model name": "logistic_regression",
    "index": 1,
    "cv fold": 0,
    "fold info": {
        "train distribution": 35575,
        "test distribution": 8896,
        "train distribution pct": 450.08856275303646,
        "test distribution pct": 450.2024291497976
    },
    "metrics": {
        "macro_accuracy": 0.8990384936332703,
        "micro_accuracy": 0.8990384340286255,
        "accuracy_per_class": {
            "8": 0.8753373622894287,
            "6": 0.8938933610916138,
            "1": 0.8761808276176453,
            "3": 0.888832688331604,
            "4": 0.8873987793922424,
            "9": 0.865975022315979,
            "0": 0.9117746353149414,
            "5": 0.9547064900398254,
            "2": 0.9255229234695435,
            "7": 0.9107624888420105
        },
        "macro_precision": 0.4860458970069885,
        "micro_precision": 0.4951923191547394,
        "precision_per_class": {
            "8": 0.3459915518760681,
            "6": 0.4853801131248474,
            "1": 0.38083121180534363,
            "3": 0.4204724431037903,
            "4": 0.4358311891555786,
            "9": 0.30512017011642456,
            "0": 0.5593645572662354,
            "5": 0.7535321712493896,
            "2": 0.6228983402252197,
            "7": 0.5510366559028625
        },
        "macro_recall": 0.49562907218933105,
        "micro_recall": 0.4951923191547394,
        "recall_per_class": {
            "8": 0.27655985951423645,
            "6": 0.5451560020446777,
            "1": 0.37826454639434814,
            "3": 0.4784946143627167,
            "4": 0.4266441762447357,
            "9": 0.24013157188892365,
            "0": 0.5631313323974609,
            "5": 0.8114961981773376,
            "2": 0.653781533241272,
            "7": 0.5826306939125061
        },
        "macro_f1": 0.48950767517089844,
        "micro_f1": 0.4951923191547394,
        "f1_per_class": {
            "8": 0.30740392208099365,
            "6": 0.513534426689148,
            "1": 0.3795435428619385,
            "3": 0.4476110637187958,
            "4": 0.43118876218795776,
            "9": 0.2687528729438782,
            "0": 0.561241626739502,
            "5": 0.781440794467926,
            "2": 0.6379663944244385,
            "7": 0.5663934350013733
        },
        "Kappa": 0.43913328647613525,
        "MSE": 0.06418167054653168,
        "LogLoss": 1.437981367111206,
        "AUNU": 0.8706652522087097,
        "micro_ROC-AUC": 0.8825035095214844,
        "AUNP": 0.8705093860626221,
        "AU1U": 0.8707000401740554,
        "AU1P": 0.8706135155595119,
        "ROC-AUC_per_class_vs_rest": {
            "8": 0.7639213978768229,
            "6": 0.889869819474814,
            "1": 0.8434961797136363,
            "3": 0.860271870807553,
            "4": 0.86040687116642,
            "9": 0.7659821583151959,
            "0": 0.9032503355009918,
            "5": 0.9820867929827274,
            "2": 0.9324148673157618,
            "7": 0.9049521044488099
        }
    }
}