{
    "classification type": "multilabel",
    "class balance": "balanced",
    "dataset name": "emotions_balanced",
    "class names": [
        "angry-aggresive",
        "amazed-suprised",
        "sad-lonely",
        "happy-pleased"
    ],
    "model name": "logistic_regression",
    "index": 0,
    "cv fold": 2,
    "fold info": {
        "train distribution": [
            152,
            138,
            135,
            133
        ],
        "test distribution": [
            37,
            35,
            33,
            33
        ],
        "train distribution pct": [
            37.163814180929094,
            33.74083129584352,
            33.007334963325185,
            32.51833740831296
        ],
        "test distribution pct": [
            34.57943925233645,
            32.71028037383177,
            30.8411214953271,
            30.8411214953271
        ]
    },
    "metrics": {
        "macro_accuracy": 0.7612540192926045,
        "micro_accuracy": 0.7612540192926045,
        "accuracy_per_class": {
            "angry-aggresive": 0.7813504823151125,
            "amazed-suprised": 0.7266881028938906,
            "sad-lonely": 0.819935691318328,
            "happy-pleased": 0.7170418006430869
        },
        "macro_precision": 0.6587719441269079,
        "micro_precision": 0.6596306068601583,
        "precision_per_class": {
            "angry-aggresive": 0.7064220183486238,
            "amazed-suprised": 0.5943396226415094,
            "sad-lonely": 0.7647058823529411,
            "happy-pleased": 0.569620253164557
        },
        "macro_recall": 0.5948814350461595,
        "micro_recall": 0.5980861244019139,
        "recall_per_class": {
            "angry-aggresive": 0.6814159292035398,
            "amazed-suprised": 0.6,
            "sad-lonely": 0.6435643564356436,
            "happy-pleased": 0.45454545454545453
        },
        "macro_f1": 0.6238482001272112,
        "micro_f1": 0.6273525721455459,
        "f1_per_class": {
            "angry-aggresive": 0.6936936936936937,
            "amazed-suprised": 0.5971563981042654,
            "sad-lonely": 0.6989247311827957,
            "happy-pleased": 0.5056179775280899
        },
        "MSE": 0.17445401847362518,
        "LogLoss": 0.5793400406837463,
        "AUNU": 0.7875994443893433,
        "micro_ROC-AUC": 0.7954661250114441,
        "AUNP": 0.7891556024551392,
        "ROC-AUC_per_class_vs_rest": {
            "angry-aggresive": 0.8380262805041566,
            "amazed-suprised": 0.7616273693943596,
            "sad-lonely": 0.8377652050919379,
            "happy-pleased": 0.7129788450543167
        }
    }
}