{
    "classification type": "multiclass",
    "class balance": "balanced",
    "dataset name": "dbpedia-ontology_balanced",
    "class names": [
        0,
        1,
        2,
        3,
        4,
        5,
        6
    ],
    "model name": "random_forest",
    "index": 2,
    "cv fold": 0,
    "fold info": {
        "train distribution": 87360,
        "test distribution": 21840,
        "train distribution pct": 300.0,
        "test distribution pct": 300.0
    },
    "metrics": {
        "macro_accuracy": 0.9796420335769653,
        "micro_accuracy": 0.9796420335769653,
        "accuracy_per_class": {
            "0": 0.970131516456604,
            "1": 0.9875337481498718,
            "2": 0.971944272518158,
            "3": 0.9885673522949219,
            "4": 0.9793370366096497,
            "5": 0.982329785823822,
            "6": 0.9776504039764404
        },
        "macro_precision": 0.928752601146698,
        "micro_precision": 0.9287470579147339,
        "precision_per_class": {
            "0": 0.8964225649833679,
            "1": 0.9549340009689331,
            "2": 0.9004225730895996,
            "3": 0.9620908498764038,
            "4": 0.9268319606781006,
            "5": 0.9365370869636536,
            "6": 0.9240289926528931
        },
        "macro_recall": 0.9287470579147339,
        "micro_recall": 0.9287470579147339,
        "recall_per_class": {
            "0": 0.894246518611908,
            "1": 0.9579445123672485,
            "2": 0.9035308957099915,
            "3": 0.9577080607414246,
            "4": 0.9286727905273438,
            "5": 0.9400063157081604,
            "6": 0.9191204309463501
        },
        "macro_f1": 0.9287466406822205,
        "micro_f1": 0.9287470579147339,
        "f1_per_class": {
            "0": 0.8953332304954529,
            "1": 0.9564368724822998,
            "2": 0.9019740223884583,
            "3": 0.9598944783210754,
            "4": 0.9277514219284058,
            "5": 0.9382684826850891,
            "6": 0.9215681552886963
        },
        "Kappa": 0.9168715476989746,
        "MSE": 0.019551338627934456,
        "LogLoss": 1.0485001802444458,
        "AUNU": 0.9586631655693054,
        "micro_ROC-AUC": 0.958818793296814,
        "AUNP": 0.9586631655693054,
        "AU1U": 0.9586631851199241,
        "AU1P": 0.958663185119924,
        "ROC-AUC_per_class_vs_rest": {
            "0": 0.9412380982333398,
            "1": 0.9781060192452466,
            "2": 0.9382201801343275,
            "3": 0.9752848099017012,
            "4": 0.9580771420202491,
            "5": 0.9630058998414164,
            "6": 0.9567101464631876
        }
    }
}