{
    "classification type": "multilabel",
    "class balance": "balanced",
    "dataset name": "cal500_balanced",
    "class names": [
        "Instrument_-_Male_Lead_Vocals",
        "Song-Texture_Electric",
        "NOT-Emotion-Angry-Agressive",
        "NOT-Emotion-Bizarre-Weird",
        "Song-Quality",
        "Song-Texture_Acoustic",
        "Instrument_-_Drum_Set"
    ],
    "model name": "logistic_regression",
    "index": 3,
    "cv fold": 1,
    "fold info": {
        "train distribution": [
            243,
            239,
            240,
            219,
            218,
            216,
            217
        ],
        "test distribution": [
            57,
            59,
            60,
            54,
            53,
            55,
            54
        ],
        "train distribution pct": [
            65.85365853658537,
            64.76964769647697,
            65.04065040650406,
            59.34959349593496,
            59.078590785907856,
            58.536585365853654,
            58.80758807588076
        ],
        "test distribution pct": [
            61.29032258064516,
            63.44086021505376,
            64.51612903225806,
            58.06451612903226,
            56.98924731182796,
            59.13978494623656,
            58.06451612903226
        ]
    },
    "metrics": {
        "macro_accuracy": 0.5850686550877512,
        "micro_accuracy": 0.5850686550877512,
        "accuracy_per_class": {
            "Instrument_-_Male_Lead_Vocals": 0.6448122215149587,
            "Song-Texture_Electric": 0.5747931253978358,
            "NOT-Emotion-Angry-Agressive": 0.5977084659452578,
            "NOT-Emotion-Bizarre-Weird": 0.5531508593252705,
            "Song-Quality": 0.5741565881604074,
            "Song-Texture_Acoustic": 0.5626989178866963,
            "Instrument_-_Drum_Set": 0.5881604073838319
        },
        "macro_precision": 0.6420583594344403,
        "micro_precision": 0.64332805907173,
        "precision_per_class": {
            "Instrument_-_Male_Lead_Vocals": 0.6974935177182369,
            "Song-Texture_Electric": 0.6431535269709544,
            "NOT-Emotion-Angry-Agressive": 0.6732142857142858,
            "NOT-Emotion-Bizarre-Weird": 0.605832549388523,
            "Song-Quality": 0.6304801670146137,
            "Song-Texture_Acoustic": 0.6173826173826173,
            "Instrument_-_Drum_Set": 0.6268518518518519
        },
        "macro_recall": 0.722378100147199,
        "micro_recall": 0.7242095888377617,
        "recall_per_class": {
            "Instrument_-_Male_Lead_Vocals": 0.7950738916256158,
            "Song-Texture_Electric": 0.7650542941757157,
            "NOT-Emotion-Angry-Agressive": 0.7392156862745098,
            "NOT-Emotion-Bizarre-Weird": 0.6947141316073355,
            "Song-Quality": 0.6572361262241567,
            "Song-Texture_Acoustic": 0.6702819956616052,
            "Instrument_-_Drum_Set": 0.7350705754614549
        },
        "macro_f1": 0.679545476236415,
        "micro_f1": 0.681376998812932,
        "f1_per_class": {
            "Instrument_-_Male_Lead_Vocals": 0.7430939226519337,
            "Song-Texture_Electric": 0.6988277727682597,
            "NOT-Emotion-Angry-Agressive": 0.7046728971962617,
            "NOT-Emotion-Bizarre-Weird": 0.6472361809045226,
            "Song-Quality": 0.6435801811401172,
            "Song-Texture_Acoustic": 0.6427457098283932,
            "Instrument_-_Drum_Set": 0.6766616691654173
        },
        "MSE": 0.26372653245925903,
        "LogLoss": 0.7695804238319397,
        "AUNU": 0.5675473809242249,
        "micro_ROC-AUC": 0.5737522840499878,
        "AUNP": 0.5675384998321533,
        "ROC-AUC_per_class_vs_rest": {
            "Instrument_-_Male_Lead_Vocals": 0.6194439522273807,
            "Song-Texture_Electric": 0.4840461102442442,
            "NOT-Emotion-Angry-Agressive": 0.5984395573111277,
            "NOT-Emotion-Bizarre-Weird": 0.5230724905693247,
            "Song-Quality": 0.5931827740208415,
            "Song-Texture_Acoustic": 0.5710988706135587,
            "Instrument_-_Drum_Set": 0.5835479829616638
        }
    }
}