{
    "classification type": "multilabel",
    "class balance": "balanced",
    "dataset name": "tmc2007500_balanced",
    "class names": [
        "class13",
        "class07",
        "class01",
        "class14",
        "class18",
        "class10"
    ],
    "model name": "logistic_regression",
    "index": 0,
    "cv fold": 4,
    "fold info": {
        "train distribution": [
            1252,
            1253,
            1253,
            1253,
            1190,
            1183
        ],
        "test distribution": [
            313,
            313,
            313,
            313,
            297,
            296
        ],
        "train distribution pct": [
            19.778830963665087,
            19.794628751974724,
            19.794628751974724,
            19.794628751974724,
            18.799368088467613,
            18.688783570300156
        ],
        "test distribution pct": [
            19.810126582278482,
            19.810126582278482,
            19.810126582278482,
            19.810126582278482,
            18.79746835443038,
            18.734177215189874
        ]
    },
    "metrics": {
        "macro_accuracy": 0.9177201854193004,
        "micro_accuracy": 0.9177201854193004,
        "accuracy_per_class": {
            "class13": 0.8872313527180784,
            "class07": 0.9142857142857143,
            "class01": 0.9737041719342604,
            "class14": 0.940834386852086,
            "class18": 0.9078381795195954,
            "class10": 0.8824273072060683
        },
        "macro_precision": 0.8240484493436345,
        "micro_precision": 0.8297819623389494,
        "precision_per_class": {
            "class13": 0.7839662447257384,
            "class07": 0.800405953991881,
            "class01": 0.944371727748691,
            "class14": 0.891583452211127,
            "class18": 0.7871212121212121,
            "class10": 0.7368421052631579
        },
        "macro_recall": 0.7241409070719828,
        "micro_recall": 0.7257557698558891,
        "recall_per_class": {
            "class13": 0.5936102236421725,
            "class07": 0.7554278416347382,
            "class01": 0.921455938697318,
            "class14": 0.7982120051085568,
            "class18": 0.6987222595830531,
            "class10": 0.5774171737660582
        },
        "macro_f1": 0.769291101732462,
        "micro_f1": 0.7742905034391075,
        "f1_per_class": {
            "class13": 0.6756363636363636,
            "class07": 0.7772667542706965,
            "class01": 0.9327731092436975,
            "class14": 0.8423180592991913,
            "class18": 0.7402921268257927,
            "class10": 0.6474601971190296
        },
        "MSE": 0.06141582503914833,
        "LogLoss": 0.21190012991428375,
        "AUNU": 0.945726752281189,
        "micro_ROC-AUC": 0.9525091052055359,
        "AUNP": 0.9460430145263672,
        "ROC-AUC_per_class_vs_rest": {
            "class13": 0.9026003217546961,
            "class07": 0.9513139495650801,
            "class01": 0.9910450779409231,
            "class14": 0.9711639118790053,
            "class18": 0.9439711083686412,
            "class10": 0.9142661649134637
        }
    }
}