{
    "classification type": "multilabel",
    "class balance": "balanced",
    "dataset name": "yeast_balanced",
    "class names": [
        "Class1",
        "Class2",
        "Class3",
        "Class4",
        "Class5"
    ],
    "model name": "random_forest",
    "index": 1,
    "cv fold": 0,
    "fold info": {
        "train distribution": [
            520,
            556,
            520,
            556,
            522
        ],
        "test distribution": [
            130,
            139,
            130,
            139,
            131
        ],
        "train distribution pct": [
            39.96925441967717,
            42.73635664873174,
            39.96925441967717,
            42.73635664873174,
            40.12298232129131
        ],
        "test distribution pct": [
            40.123456790123456,
            42.901234567901234,
            40.123456790123456,
            42.901234567901234,
            40.4320987654321
        ]
    },
    "metrics": {
        "macro_accuracy": 0.7377116469984607,
        "micro_accuracy": 0.7377116469984607,
        "accuracy_per_class": {
            "Class1": 0.7588506926629041,
            "Class2": 0.6706003078501795,
            "Class3": 0.754232939969215,
            "Class4": 0.7624422780913289,
            "Class5": 0.7424320164186763
        },
        "macro_precision": 0.7488970949808446,
        "micro_precision": 0.7456140350877193,
        "precision_per_class": {
            "Class1": 0.7859778597785978,
            "Class2": 0.6504702194357367,
            "Class3": 0.7370078740157481,
            "Class4": 0.7772795216741405,
            "Class5": 0.79375
        },
        "macro_recall": 0.5506452702829887,
        "micro_recall": 0.5508474576271186,
        "recall_per_class": {
            "Class1": 0.5461538461538461,
            "Class2": 0.49760191846522783,
            "Class3": 0.6,
            "Class4": 0.6235011990407674,
            "Class5": 0.48596938775510207
        },
        "macro_f1": 0.6329236787724842,
        "micro_f1": 0.6336009174311926,
        "f1_per_class": {
            "Class1": 0.6444780635400907,
            "Class2": 0.563858695652174,
            "Class3": 0.6614840989399293,
            "Class4": 0.6919494344644045,
            "Class5": 0.6028481012658228
        },
        "MSE": 0.17962874472141266,
        "LogLoss": 0.536843478679657,
        "AUNU": 0.8028725385665894,
        "micro_ROC-AUC": 0.8067489266395569,
        "AUNP": 0.8025065660476685,
        "ROC-AUC_per_class_vs_rest": {
            "Class1": 0.8277488978087781,
            "Class2": 0.7338823111914056,
            "Class3": 0.8181241911780833,
            "Class4": 0.845707649127335,
            "Class5": 0.788899776648857
        }
    }
}