{
    "classification type": "multilabel",
    "class balance": "balanced",
    "dataset name": "tmc2007500_balanced",
    "class names": [
        "class13",
        "class07",
        "class01",
        "class14",
        "class18",
        "class10"
    ],
    "model name": "knn",
    "index": 4,
    "cv fold": 3,
    "fold info": {
        "train distribution": [
            1252,
            1253,
            1253,
            1253,
            1190,
            1183
        ],
        "test distribution": [
            313,
            313,
            313,
            313,
            297,
            296
        ],
        "train distribution pct": [
            19.797596457938013,
            19.813409234661606,
            19.813409234661606,
            19.813409234661606,
            18.817204301075268,
            18.70651486401012
        ],
        "test distribution pct": [
            19.735182849936947,
            19.735182849936947,
            19.735182849936947,
            19.735182849936947,
            18.726355611601512,
            18.66330390920555
        ]
    },
    "metrics": {
        "macro_accuracy": 0.8877669238263252,
        "micro_accuracy": 0.887766923826325,
        "accuracy_per_class": {
            "class13": 0.8357776666052292,
            "class07": 0.8972853418994707,
            "class01": 0.9491824429289871,
            "class14": 0.9138207957028884,
            "class18": 0.8762473998788805,
            "class10": 0.8542878959424945
        },
        "macro_precision": 0.7818886924311462,
        "micro_precision": 0.7870481096495263,
        "precision_per_class": {
            "class13": 0.7713920817369093,
            "class07": 0.7152893546082401,
            "class01": 0.8931587837837838,
            "class14": 0.8464804834231586,
            "class18": 0.7289631855747558,
            "class10": 0.7360482654600302
        },
        "macro_recall": 0.5769251205999243,
        "micro_recall": 0.5794392523364486,
        "recall_per_class": {
            "class13": 0.24121405750798722,
            "class07": 0.7991219901556472,
            "class01": 0.8441990420436403,
            "class14": 0.6895955295369878,
            "class18": 0.5437097226113757,
            "class10": 0.3437103817439076
        },
        "macro_f1": 0.6403104302892426,
        "micro_f1": 0.6674727932285369,
        "f1_per_class": {
            "class13": 0.36750836629145117,
            "class07": 0.7548853283066289,
            "class01": 0.8679890560875513,
            "class14": 0.7600263948969865,
            "class18": 0.6228534745626705,
            "class10": 0.4685999615901671
        },
        "MSE": 0.08535313606262207,
        "LogLoss": 2.304327964782715,
        "AUNU": 0.8915629982948303,
        "micro_ROC-AUC": 0.8929266333580017,
        "AUNP": 0.8920347690582275,
        "ROC-AUC_per_class_vs_rest": {
            "class13": 0.7826176359638125,
            "class07": 0.9363448736646456,
            "class01": 0.9723327369610926,
            "class14": 0.9236946125083174,
            "class18": 0.8939549049963682,
            "class10": 0.8404333452606256
        }
    }
}