{
    "classification type": "multiclass",
    "class balance": "imbalanced",
    "dataset name": "nyt-comments-april17_imbalanced",
    "class names": [
        3,
        4,
        5,
        0,
        1,
        2
    ],
    "model name": "logistic_regression",
    "index": 4,
    "cv fold": 1,
    "fold info": {
        "train distribution": 13834,
        "test distribution": 3460,
        "train distribution pct": 219.83155887494038,
        "test distribution pct": 219.96185632549268
    },
    "metrics": {
        "macro_accuracy": 0.8791232109069824,
        "micro_accuracy": 0.8791232109069824,
        "accuracy_per_class": {
            "3": 0.8993094563484192,
            "4": 0.905839204788208,
            "5": 0.7156973481178284,
            "0": 0.8836786150932312,
            "1": 0.9288087487220764,
            "2": 0.9414058923721313
        },
        "macro_precision": 0.6289187073707581,
        "micro_precision": 0.6373696327209473,
        "precision_per_class": {
            "3": 0.6262626051902771,
            "4": 0.7429743409156799,
            "5": 0.575706958770752,
            "0": 0.6289451122283936,
            "1": 0.8153045773506165,
            "2": 0.3843187689781189
        },
        "macro_recall": 0.5421881675720215,
        "micro_recall": 0.6373696327209473,
        "recall_per_class": {
            "3": 0.49770641326904297,
            "4": 0.6435678601264954,
            "5": 0.801668107509613,
            "0": 0.44840866327285767,
            "1": 0.6999813914299011,
            "2": 0.16179654002189636
        },
        "macro_f1": 0.5698367953300476,
        "micro_f1": 0.6373696327209473,
        "f1_per_class": {
            "3": 0.5546326041221619,
            "4": 0.6897076964378357,
            "5": 0.6701528429985046,
            "0": 0.523550271987915,
            "1": 0.7532545328140259,
            "2": 0.22772277891635895
        },
        "Kappa": 0.5147994756698608,
        "MSE": 0.08167190104722977,
        "LogLoss": 1.0017415285110474,
        "AUNU": 0.8718165159225464,
        "micro_ROC-AUC": 0.9003638625144958,
        "AUNP": 0.8669637441635132,
        "AU1U": 0.8718458037228939,
        "AU1P": 0.8658599411762061,
        "ROC-AUC_per_class_vs_rest": {
            "3": 0.8838103350287305,
            "4": 0.9112248017555864,
            "5": 0.8232532732119563,
            "0": 0.837304566821119,
            "1": 0.9498898137132575,
            "2": 0.8254162156048429
        }
    }
}