{
    "classification type": "multilabel",
    "class balance": "balanced",
    "dataset name": "yeast_trimmed",
    "class names": [
        "Class13",
        "Class12",
        "Class2",
        "Class3",
        "Class7",
        "Class6",
        "Class1",
        "Class5",
        "Class8",
        "Class4"
    ],
    "model name": "linear_svm",
    "index": 0,
    "cv fold": 0,
    "fold info": {
        "train distribution": [
            164,
            164,
            163,
            162,
            157,
            149,
            145,
            144,
            144,
            142
        ],
        "test distribution": [
            41,
            41,
            41,
            41,
            40,
            38,
            37,
            36,
            35,
            36
        ],
        "train distribution pct": [
            36.68903803131991,
            36.68903803131991,
            36.46532438478747,
            36.241610738255034,
            35.123042505592835,
            33.33333333333333,
            32.43847874720358,
            32.21476510067114,
            32.21476510067114,
            31.767337807606268
        ],
        "test distribution pct": [
            37.61467889908257,
            37.61467889908257,
            37.61467889908257,
            37.61467889908257,
            36.69724770642202,
            34.862385321100916,
            33.94495412844037,
            33.02752293577982,
            32.11009174311927,
            33.02752293577982
        ]
    },
    "metrics": {
        "macro_accuracy": 0.6577395577395577,
        "micro_accuracy": 0.6577395577395577,
        "accuracy_per_class": {
            "Class13": 0.6281736281736282,
            "Class12": 0.6281736281736282,
            "Class2": 0.6068796068796068,
            "Class3": 0.6994266994266994,
            "Class7": 0.6232596232596233,
            "Class6": 0.6683046683046683,
            "Class1": 0.7362817362817363,
            "Class5": 0.6756756756756757,
            "Class8": 0.6339066339066339,
            "Class4": 0.6773136773136773
        },
        "macro_precision": 0.5043500231019854,
        "micro_precision": 0.5066856330014224,
        "precision_per_class": {
            "Class13": 0.4959349593495935,
            "Class12": 0.4959349593495935,
            "Class2": 0.4537313432835821,
            "Class3": 0.6041666666666666,
            "Class7": 0.46368715083798884,
            "Class6": 0.5097493036211699,
            "Class1": 0.6076294277929155,
            "Class5": 0.5,
            "Class8": 0.415625,
            "Class4": 0.4970414201183432
        },
        "macro_recall": 0.42178323419004,
        "micro_recall": 0.42143871273071465,
        "recall_per_class": {
            "Class13": 0.4057649667405765,
            "Class12": 0.4057649667405765,
            "Class2": 0.33853006681514475,
            "Class3": 0.5190156599552572,
            "Class7": 0.3824884792626728,
            "Class6": 0.4441747572815534,
            "Class1": 0.5561097256857855,
            "Class5": 0.398989898989899,
            "Class8": 0.3384223918575064,
            "Class4": 0.42857142857142855
        },
        "macro_f1": 0.4590596429577684,
        "micro_f1": 0.46014726779485854,
        "f1_per_class": {
            "Class13": 0.44634146341463415,
            "Class12": 0.44634146341463415,
            "Class2": 0.3877551020408163,
            "Class3": 0.5583634175691937,
            "Class7": 0.41919191919191917,
            "Class6": 0.47470817120622566,
            "Class1": 0.5807291666666666,
            "Class5": 0.4438202247191011,
            "Class8": 0.37307152875175315,
            "Class4": 0.4602739726027397
        },
        "MSE": 0.24142161011695862,
        "LogLoss": 0.7572433352470398,
        "AUNU": 0.6469184756278992,
        "micro_ROC-AUC": 0.6519282460212708,
        "AUNP": 0.6458199620246887,
        "ROC-AUC_per_class_vs_rest": {
            "Class13": 0.6075301638494544,
            "Class12": 0.60768278284908,
            "Class2": 0.5813638828946306,
            "Class3": 0.7324916613195058,
            "Class7": 0.6010984957166865,
            "Class6": 0.6562968785627707,
            "Class1": 0.7433519858889361,
            "Class5": 0.6365962656871748,
            "Class8": 0.5837820063674694,
            "Class4": 0.7189907929396124
        }
    }
}