{
    "classification type": "multiclass",
    "class balance": "imbalanced",
    "dataset name": "ag-news_imbalanced",
    "class names": [
        0,
        1,
        2,
        3
    ],
    "model name": "logistic_regression",
    "index": 3,
    "cv fold": 2,
    "fold info": {
        "train distribution": 3676,
        "test distribution": 918,
        "train distribution pct": 93.53689567430025,
        "test distribution pct": 93.48268839103869
    },
    "metrics": {
        "macro_accuracy": 0.926317572593689,
        "micro_accuracy": 0.926317572593689,
        "accuracy_per_class": {
            "0": 0.8933499455451965,
            "1": 0.9441303014755249,
            "2": 0.9227550625801086,
            "3": 0.9450350403785706
        },
        "macro_precision": 0.830244243144989,
        "micro_precision": 0.8526351451873779,
        "precision_per_class": {
            "0": 0.8618373870849609,
            "1": 0.8980695009231567,
            "2": 0.7530487775802612,
            "3": 0.8080213665962219
        },
        "macro_recall": 0.8031681180000305,
        "micro_recall": 0.8526351451873779,
        "recall_per_class": {
            "0": 0.9073232412338257,
            "1": 0.9100156426429749,
            "2": 0.6839398741722107,
            "3": 0.7113935947418213
        },
        "macro_f1": 0.8153665661811829,
        "micro_f1": 0.8526351451873779,
        "f1_per_class": {
            "0": 0.8839955925941467,
            "1": 0.9040030837059021,
            "2": 0.7168325185775757,
            "3": 0.7566349506378174
        },
        "Kappa": 0.7809990048408508,
        "MSE": 0.053744811564683914,
        "LogLoss": 0.4200161397457123,
        "AUNU": 0.962929368019104,
        "micro_ROC-AUC": 0.9692773222923279,
        "AUNP": 0.9650892019271851,
        "AU1U": 0.9561108211500929,
        "AU1P": 0.9614398626362481,
        "ROC-AUC_per_class_vs_rest": {
            "0": 0.9596439481873218,
            "1": 0.984377901907859,
            "2": 0.9459692510130926,
            "3": 0.961726431673275
        }
    }
}