{
    "classification type": "multilabel",
    "class balance": "balanced",
    "dataset name": "mediamill_balanced",
    "class names": [
        "Class3",
        "Class12",
        "Class17",
        "Class44",
        "Class55",
        "Class57",
        "Class58",
        "Class76",
        "Class79",
        "Class94",
        "Class96",
        "Class97"
    ],
    "model name": "knn",
    "index": 3,
    "cv fold": 2,
    "fold info": {
        "train distribution": [
            1753,
            1808,
            1697,
            1806,
            1661,
            1626,
            1707,
            1800,
            1779,
            1802,
            1803,
            1795
        ],
        "test distribution": [
            438,
            451,
            424,
            452,
            416,
            406,
            426,
            450,
            445,
            450,
            445,
            449
        ],
        "train distribution pct": [
            17.52474257722683,
            18.074577626711985,
            16.964910526841948,
            18.054583624912528,
            16.605018494451667,
            16.255123462961112,
            17.064880535839247,
            17.994601619514146,
            17.784664600619816,
            18.014595621313607,
            18.024592622213337,
            17.944616615015498
        ],
        "test distribution pct": [
            17.40858505564388,
            17.925278219395864,
            16.85214626391097,
            17.965023847376788,
            16.534181240063592,
            16.136724960254373,
            16.931637519872815,
            17.885532591414943,
            17.686804451510334,
            17.885532591414943,
            17.686804451510334,
            17.845786963434023
        ]
    },
    "metrics": {
        "macro_accuracy": 0.849330967694241,
        "micro_accuracy": 0.8493309676942411,
        "accuracy_per_class": {
            "Class3": 0.9398092703481925,
            "Class12": 0.8228210246174318,
            "Class17": 0.8450210689731648,
            "Class44": 0.8348857839875804,
            "Class55": 0.871612330893768,
            "Class57": 0.8616766467065868,
            "Class58": 0.8455311599024173,
            "Class76": 0.8280550011088933,
            "Class79": 0.8420270569971169,
            "Class94": 0.8241516966067864,
            "Class96": 0.8358172543801287,
            "Class97": 0.8405633178088268
        },
        "macro_precision": 0.64766648757935,
        "micro_precision": 0.6788500354590584,
        "precision_per_class": {
            "Class3": 0.8116867469879518,
            "Class12": 0.545281823939202,
            "Class17": 0.6976175931582163,
            "Class44": 0.6276119402985074,
            "Class55": 0.6795662343185201,
            "Class57": 0.6656422864167179,
            "Class58": 0.6204453441295547,
            "Class76": 0.5959093421779988,
            "Class79": 0.651681537405628,
            "Class94": 0.5522475189725627,
            "Class96": 0.689540675152186,
            "Class97": 0.6347668079951545
        },
        "macro_recall": 0.2649871203450059,
        "micro_recall": 0.26298104355544283,
        "recall_per_class": {
            "Class3": 0.8540821501014199,
            "Class12": 0.1058780127889818,
            "Class17": 0.1495743287491814,
            "Class44": 0.20691351949809325,
            "Class55": 0.42738700187215833,
            "Class57": 0.2961038961038961,
            "Class58": 0.23948430785258498,
            "Class76": 0.1330864197530864,
            "Class79": 0.2371674784563507,
            "Class94": 0.11667488899851998,
            "Class96": 0.15405539070227497,
            "Class97": 0.2594380492635227
        },
        "macro_f1": 0.35213416289108923,
        "micro_f1": 0.3791012947448591,
        "f1_per_class": {
            "Class3": 0.8323449468742278,
            "Class12": 0.17732468334877974,
            "Class17": 0.2463330457290768,
            "Class44": 0.31122212970672586,
            "Class55": 0.5247516624250883,
            "Class57": 0.4098779449332955,
            "Class58": 0.34557925396974537,
            "Class76": 0.21757997779796145,
            "Class79": 0.3477703507004853,
            "Class94": 0.19264840647591894,
            "Class96": 0.251844365841334,
            "Class97": 0.36833318689043143
        },
        "MSE": 0.11085110902786255,
        "LogLoss": 1.764467716217041,
        "AUNU": 0.8111924529075623,
        "micro_ROC-AUC": 0.8148588538169861,
        "AUNP": 0.810447096824646,
        "ROC-AUC_per_class_vs_rest": {
            "Class3": 0.9760797122976332,
            "Class12": 0.7502626450886526,
            "Class17": 0.7856782375917244,
            "Class44": 0.7722637072988223,
            "Class55": 0.8513699190282491,
            "Class57": 0.8284113701617621,
            "Class58": 0.8233005482205876,
            "Class76": 0.7730660472132942,
            "Class79": 0.8157998168559069,
            "Class94": 0.7538824938555289,
            "Class96": 0.782733555891945,
            "Class97": 0.8214613280116984
        }
    }
}