{
    "classification type": "multilabel",
    "class balance": "balanced",
    "dataset name": "stackexcs_trimmed",
    "class names": [
        "tag_algorithms",
        "tag_complexity-theory",
        "tag_formal-languages",
        "tag_graph-theory",
        "tag_terminology",
        "tag_graphs",
        "tag_computability",
        "tag_turing-machines",
        "tag_context-free",
        "tag_regular-languages",
        "tag_automata",
        "tag_formal-grammars",
        "tag_finite-automata"
    ],
    "model name": "knn",
    "index": 0,
    "cv fold": 0,
    "fold info": {
        "train distribution": [
            93,
            90,
            93,
            89,
            85,
            86,
            88,
            93,
            84,
            86,
            93,
            86,
            89
        ],
        "test distribution": [
            23,
            23,
            23,
            23,
            22,
            22,
            22,
            24,
            21,
            21,
            24,
            22,
            22
        ],
        "train distribution pct": [
            14.553990610328638,
            14.084507042253522,
            14.553990610328638,
            13.928012519561817,
            13.302034428794993,
            13.458528951486699,
            13.77151799687011,
            14.553990610328638,
            13.145539906103288,
            13.458528951486699,
            14.553990610328638,
            13.458528951486699,
            13.928012519561817
        ],
        "test distribution pct": [
            14.374999999999998,
            14.374999999999998,
            14.374999999999998,
            14.374999999999998,
            13.750000000000002,
            13.750000000000002,
            13.750000000000002,
            15.0,
            13.125,
            13.125,
            15.0,
            13.750000000000002,
            13.750000000000002
        ]
    },
    "metrics": {
        "macro_accuracy": 0.8788201982067012,
        "micro_accuracy": 0.8788201982067013,
        "accuracy_per_class": {
            "tag_algorithms": 0.8449079754601228,
            "tag_complexity-theory": 0.8693251533742331,
            "tag_formal-languages": 0.8347239263803681,
            "tag_graph-theory": 0.8774233128834356,
            "tag_terminology": 0.8401226993865031,
            "tag_graphs": 0.8758282208588957,
            "tag_computability": 0.8768098159509202,
            "tag_turing-machines": 0.9028220858895706,
            "tag_context-free": 0.9120245398773006,
            "tag_regular-languages": 0.894601226993865,
            "tag_automata": 0.8716564417177914,
            "tag_formal-grammars": 0.9239263803680982,
            "tag_finite-automata": 0.9004907975460122
        },
        "macro_precision": 0.5745693003135202,
        "micro_precision": 0.593503841291452,
        "precision_per_class": {
            "tag_algorithms": 0.43681747269890797,
            "tag_complexity-theory": 0.5658682634730539,
            "tag_formal-languages": 0.3873626373626374,
            "tag_graph-theory": 0.576271186440678,
            "tag_terminology": 0.27789473684210525,
            "tag_graphs": 0.5536992840095465,
            "tag_computability": 0.5872781065088757,
            "tag_turing-machines": 0.701,
            "tag_context-free": 0.7082352941176471,
            "tag_regular-languages": 0.6371158392434988,
            "tag_automata": 0.5870588235294117,
            "tag_formal-grammars": 0.7585836909871244,
            "tag_finite-automata": 0.6922155688622754
        },
        "macro_recall": 0.4144560625937729,
        "micro_recall": 0.4134263649911936,
        "recall_per_class": {
            "tag_algorithms": 0.23668639053254437,
            "tag_complexity-theory": 0.32784041630529054,
            "tag_formal-languages": 0.23837700760777683,
            "tag_graph-theory": 0.4759405074365704,
            "tag_terminology": 0.12087912087912088,
            "tag_graphs": 0.42105263157894735,
            "tag_computability": 0.3538324420677362,
            "tag_turing-machines": 0.5871021775544388,
            "tag_context-free": 0.5620915032679739,
            "tag_regular-languages": 0.4940421631530706,
            "tag_automata": 0.41792294807370184,
            "tag_formal-grammars": 0.6415607985480943,
            "tag_finite-automata": 0.5106007067137809
        },
        "macro_f1": 0.47849979896131817,
        "micro_f1": 0.48736274705530047,
        "f1_per_class": {
            "tag_algorithms": 0.30701754385964913,
            "tag_complexity-theory": 0.41515650741350907,
            "tag_formal-languages": 0.29513343799058084,
            "tag_graph-theory": 0.5213224724484906,
            "tag_terminology": 0.1684747925973197,
            "tag_graphs": 0.47835051546391755,
            "tag_computability": 0.44160177975528364,
            "tag_turing-machines": 0.6390154968094804,
            "tag_context-free": 0.6267568974492452,
            "tag_regular-languages": 0.5565307176045431,
            "tag_automata": 0.4882583170254403,
            "tag_formal-grammars": 0.6951819075712881,
            "tag_finite-automata": 0.5876970005083884
        },
        "MSE": 0.10096689313650131,
        "LogLoss": 3.0189261436462402,
        "AUNU": 0.7854599356651306,
        "micro_ROC-AUC": 0.7889430522918701,
        "AUNP": 0.7850000858306885,
        "ROC-AUC_per_class_vs_rest": {
            "tag_algorithms": 0.6980999424772818,
            "tag_complexity-theory": 0.7389629008393016,
            "tag_formal-languages": 0.7172146288971762,
            "tag_graph-theory": 0.8337961875644665,
            "tag_terminology": 0.6382192887399746,
            "tag_graphs": 0.7980281955622941,
            "tag_computability": 0.7922356918138497,
            "tag_turing-machines": 0.8411276600560786,
            "tag_context-free": 0.8474178766011278,
            "tag_regular-languages": 0.8230947640607792,
            "tag_automata": 0.7907386029245326,
            "tag_formal-grammars": 0.8624045564663156,
            "tag_finite-automata": 0.8296386022011043
        }
    }
}