{
    "classification type": "multiclass",
    "class balance": "imbalanced",
    "dataset name": "stocks_imbalanced",
    "class names": [
        0,
        1,
        2,
        3,
        4,
        5,
        6,
        7,
        8,
        9,
        10,
        11,
        12,
        13,
        14,
        15,
        16,
        17,
        18,
        19
    ],
    "model name": "logistic_regression",
    "index": 0,
    "cv fold": 4,
    "fold info": {
        "train distribution": 118365,
        "test distribution": 29591,
        "train distribution pct": 1009.079283887468,
        "test distribution pct": 1009.2428376534789
    },
    "metrics": {
        "macro_accuracy": 0.9221524000167847,
        "micro_accuracy": 0.9221525192260742,
        "accuracy_per_class": {
            "0": 0.9559405446052551,
            "1": 0.9508934617042542,
            "2": 0.9495294094085693,
            "3": 0.9492565989494324,
            "4": 0.9584640860557556,
            "5": 0.951029896736145,
            "6": 0.9603737592697144,
            "7": 0.9965898394584656,
            "8": 0.9496657848358154,
            "9": 0.9500068426132202,
            "10": 0.9499385952949524,
            "11": 0.9556677341461182,
            "12": 0.968217134475708,
            "13": 0.9504842162132263,
            "14": 0.9646705985069275,
            "15": 0.9500068426132202,
            "16": 0.9818578362464905,
            "17": 0.22247987985610962,
            "18": 0.978038489818573,
            "19": 0.9499385952949524
        },
        "macro_precision": 0.9028413891792297,
        "micro_precision": 0.22152502834796906,
        "precision_per_class": {
            "0": 1.0,
            "1": 0.8947368264198303,
            "2": 0.800000011920929,
            "3": NaN,
            "4": 0.984000027179718,
            "5": 0.9411764740943909,
            "6": 1.0,
            "7": NaN,
            "8": NaN,
            "9": 0.9285714030265808,
            "10": NaN,
            "11": 0.9357798099517822,
            "12": 0.9925925731658936,
            "13": 1.0,
            "14": 1.0,
            "15": 0.9166666865348816,
            "16": 1.0,
            "17": 0.14909660816192627,
            "18": 1.0,
            "19": NaN
        },
        "macro_recall": 0.14216716587543488,
        "micro_recall": 0.22152502834796906,
        "recall_per_class": {
            "0": 0.0015455950051546097,
            "1": 0.02312925085425377,
            "2": 0.00538357999175787,
            "3": 0.0,
            "4": 0.1684931516647339,
            "5": 0.021828103810548782,
            "6": 0.20736698806285858,
            "7": 0.0,
            "8": 0.0,
            "9": 0.01744966395199299,
            "10": 0.0,
            "11": 0.1369127482175827,
            "12": 0.36612021923065186,
            "13": 0.009549795649945736,
            "14": 0.08480565249919891,
            "15": 0.014804845675826073,
            "16": 0.22674418985843658,
            "17": 0.9984999895095825,
            "18": 0.5607094168663025,
            "19": 0.0
        },
        "macro_f1": 0.15464432537555695,
        "micro_f1": 0.22152502834796906,
        "f1_per_class": {
            "0": 0.003086419776082039,
            "1": 0.04509283974766731,
            "2": 0.010695187374949455,
            "3": 0.0,
            "4": 0.2877193093299866,
            "5": 0.04266666620969772,
            "6": 0.34350281953811646,
            "7": 0.0,
            "8": 0.0,
            "9": 0.03425559774041176,
            "10": 0.0,
            "11": 0.2388758808374405,
            "12": 0.5349301099777222,
            "13": 0.018918918445706367,
            "14": 0.15635178983211517,
            "15": 0.029139073565602303,
            "16": 0.36966824531555176,
            "17": 0.2594517469406128,
            "18": 0.7185314893722534,
            "19": 0.0
        },
        "Kappa": 0.10647491365671158,
        "MSE": 0.042928703129291534,
        "LogLoss": 2.63262677192688,
        "AUNU": 0.5830917358398438,
        "micro_ROC-AUC": 0.6809262037277222,
        "AUNP": 0.5808694362640381,
        "AU1U": 0.5869445455945101,
        "AU1P": 0.5837786932843482,
        "ROC-AUC_per_class_vs_rest": {
            "0": 0.5486773114034919,
            "1": 0.5529132712897036,
            "2": 0.5469808158469638,
            "3": 0.5460380365334903,
            "4": 0.6095928757684095,
            "5": 0.553782792620968,
            "6": 0.6288805134047087,
            "7": 0.5403435532439091,
            "8": 0.5453572879954598,
            "9": 0.5535791531095425,
            "10": 0.5458377220645844,
            "11": 0.6016907524137589,
            "12": 0.6929725716796316,
            "13": 0.5496827263817077,
            "14": 0.5735921625762566,
            "15": 0.5516299021728968,
            "16": 0.6368970226126165,
            "17": 0.5486242102353499,
            "18": 0.7879259922446294,
            "19": 0.5468362399385239
        }
    }
}