{
    "classification type": "binary",
    "class balance": "balanced",
    "dataset name": "amazon-reviews-0.25_balanced",
    "class names": [
        0,
        1
    ],
    "model name": "logistic_regression",
    "index": 1,
    "cv fold": 0,
    "fold info": {
        "train distribution": 14462,
        "test distribution": 3615,
        "train distribution pct": 50.001728728001936,
        "test distribution pct": 49.99308532706403
    },
    "metrics": {
        "macro_accuracy": 0.8773078322410583,
        "micro_accuracy": 0.8773078322410583,
        "accuracy_per_class": {
            "0": 0.8773078322410583,
            "1": 0.8773078322410583
        },
        "macro_precision": 0.8773251175880432,
        "micro_precision": 0.8773078322410583,
        "precision_per_class": {
            "0": 0.8798848986625671,
            "1": 0.8747653365135193
        },
        "macro_recall": 0.8773078918457031,
        "micro_recall": 0.8773078322410583,
        "recall_per_class": {
            "0": 0.8739224672317505,
            "1": 0.8806933164596558
        },
        "macro_f1": 0.8773064613342285,
        "micro_f1": 0.8773078322410583,
        "f1_per_class": {
            "0": 0.8768935203552246,
            "1": 0.8777193427085876
        },
        "MSE": 0.0909784659743309,
        "LogLoss": 0.3009617030620575,
        "AUNU": 0.9452891945838928,
        "micro_ROC-AUC": 0.9452891945838928
    }
}