{
    "classification type": "multiclass",
    "class balance": "balanced",
    "dataset name": "stocks_balanced",
    "class names": [
        0,
        1,
        2,
        3,
        4,
        5,
        6,
        7,
        8,
        9,
        10,
        11,
        12,
        13,
        14,
        15,
        16,
        17,
        18,
        19
    ],
    "model name": "knn",
    "index": 2,
    "cv fold": 0,
    "fold info": {
        "train distribution": 111720,
        "test distribution": 27930,
        "train distribution pct": 950.0,
        "test distribution pct": 950.0
    },
    "metrics": {
        "macro_accuracy": 0.9136252403259277,
        "micro_accuracy": 0.9136252403259277,
        "accuracy_per_class": {
            "0": 0.8462624549865723,
            "1": 0.9508819580078125,
            "2": 0.9501819610595703,
            "3": 0.4888902008533478,
            "4": 0.9583254456520081,
            "5": 0.9510243535041809,
            "6": 0.9604927897453308,
            "7": 0.9498260021209717,
            "8": 0.9501186609268188,
            "9": 0.9507119059562683,
            "10": 0.9499644041061401,
            "11": 0.9563478827476501,
            "12": 0.9682368040084839,
            "13": 0.9503718018531799,
            "14": 0.9531877636909485,
            "15": 0.9505062699317932,
            "16": 0.9554144740104675,
            "17": 0.9498220086097717,
            "18": 0.9778753519058228,
            "19": 0.7040618658065796
        },
        "macro_precision": 0.6517961025238037,
        "micro_precision": 0.13625217974185944,
        "precision_per_class": {
            "0": 0.05880571901798248,
            "1": 0.8071625232696533,
            "2": 0.7875000238418579,
            "3": 0.0549468994140625,
            "4": 0.9825767874717712,
            "5": 0.9419795274734497,
            "6": 0.9966304898262024,
            "7": 0.0,
            "8": 1.0,
            "9": 0.8082191944122314,
            "10": 0.0,
            "11": 0.9257294535636902,
            "12": 0.9889713525772095,
            "13": 0.8852459192276001,
            "14": 0.9752358198165894,
            "15": 0.7909091114997864,
            "16": 0.9810259938240051,
            "17": 0.0,
            "18": 0.9963380098342896,
            "19": 0.05464598163962364
        },
        "macro_recall": 0.13625217974185944,
        "micro_recall": 0.13625217974185944,
        "recall_per_class": {
            "0": 0.13826926052570343,
            "1": 0.023176712915301323,
            "2": 0.004983388818800449,
            "3": 0.5692928433418274,
            "4": 0.16951431334018707,
            "5": 0.021831989288330078,
            "6": 0.21056795120239258,
            "7": 0.0,
            "8": 0.002373042283579707,
            "9": 0.018667932599782944,
            "10": 0.0,
            "11": 0.1380319595336914,
            "12": 0.36884987354278564,
            "13": 0.008542952127754688,
            "14": 0.0654168650507927,
            "15": 0.013763644732534885,
            "16": 0.11042556911706924,
            "17": 0.0,
            "18": 0.5595633387565613,
            "19": 0.301771879196167
        },
        "macro_f1": 0.14551252126693726,
        "micro_f1": 0.13625217974185944,
        "f1_per_class": {
            "0": 0.08251705020666122,
            "1": 0.04505959153175354,
            "2": 0.009904103353619576,
            "3": 0.10022071748971939,
            "4": 0.28914526104927063,
            "5": 0.04267491400241852,
            "6": 0.34767845273017883,
            "7": 0.0,
            "8": 0.004734848625957966,
            "9": 0.0364929661154747,
            "10": 0.0,
            "11": 0.24024230241775513,
            "12": 0.5373048186302185,
            "13": 0.016922594979405403,
            "14": 0.12260933965444565,
            "15": 0.027056444436311722,
            "16": 0.1985069364309311,
            "17": 0.0,
            "18": 0.7166447043418884,
            "19": 0.09253532439470291
        },
        "Kappa": 0.09079176932573318,
        "MSE": 0.04899642989039421,
        "LogLoss": 4.688318252563477,
        "AUNU": 0.5745037198066711,
        "micro_ROC-AUC": 0.5989668965339661,
        "AUNP": 0.5745037198066711,
        "AU1U": 0.574503717618642,
        "AU1P": 0.574503717618642,
        "ROC-AUC_per_class_vs_rest": {
            "0": 0.5460914833065283,
            "1": 0.5469680428796798,
            "2": 0.5411337001914622,
            "3": 0.5388221716635534,
            "4": 0.6077560628180744,
            "5": 0.5462618339869608,
            "6": 0.6267939029797333,
            "7": 0.5324175149302912,
            "8": 0.5373641287479252,
            "9": 0.5442881129422705,
            "10": 0.5384592181536717,
            "11": 0.5948370006678255,
            "12": 0.6997443848331006,
            "13": 0.5414512543183092,
            "14": 0.5641454347070802,
            "15": 0.5424036749797959,
            "16": 0.5818047642730817,
            "17": 0.5357709436397986,
            "18": 0.785815262532073,
            "19": 0.5377454598216241
        }
    }
}