{
    "classification type": "binary",
    "class balance": "balanced",
    "dataset name": "all-in-one_sentiment_balanced",
    "class names": [
        0,
        1
    ],
    "model name": "decision_tree",
    "index": 3,
    "cv fold": 4,
    "fold info": {
        "train distribution": 5836,
        "test distribution": 1459,
        "train distribution pct": 50.0,
        "test distribution pct": 50.0
    },
    "metrics": {
        "macro_accuracy": 0.7374305129051208,
        "micro_accuracy": 0.7374305129051208,
        "accuracy_per_class": {
            "0": 0.7374305129051208,
            "1": 0.7374305129051208
        },
        "macro_precision": 0.7377008199691772,
        "micro_precision": 0.7374305129051208,
        "precision_per_class": {
            "0": 0.7296851277351379,
            "1": 0.7457165122032166
        },
        "macro_recall": 0.7374305129051208,
        "micro_recall": 0.7374305129051208,
        "recall_per_class": {
            "0": 0.7542913556098938,
            "1": 0.7205696702003479
        },
        "macro_f1": 0.7373558282852173,
        "micro_f1": 0.7374305129051208,
        "f1_per_class": {
            "0": 0.7417842745780945,
            "1": 0.7329274415969849
        },
        "MSE": 0.22098353505134583,
        "LogLoss": 13.307048797607422,
        "AUNU": 0.7430011034011841,
        "micro_ROC-AUC": 0.7430011034011841
    }
}