{
    "classification type": "multilabel",
    "class balance": "imbalanced",
    "dataset name": "emotions_imbalanced",
    "class names": [
        "angry-aggresive",
        "amazed-suprised",
        "sad-lonely",
        "happy-pleased"
    ],
    "model name": "knn",
    "index": 4,
    "cv fold": 0,
    "fold info": {
        "train distribution": [
            151,
            118,
            134,
            68
        ],
        "test distribution": [
            38,
            29,
            33,
            18
        ],
        "train distribution pct": [
            43.39080459770115,
            33.90804597701149,
            38.50574712643678,
            19.54022988505747
        ],
        "test distribution pct": [
            43.18181818181818,
            32.95454545454545,
            37.5,
            20.454545454545457
        ]
    },
    "metrics": {
        "macro_accuracy": 0.7758600095556616,
        "micro_accuracy": 0.7758600095556617,
        "accuracy_per_class": {
            "angry-aggresive": 0.7956282847587195,
            "amazed-suprised": 0.7372193024366938,
            "sad-lonely": 0.7916865742952699,
            "happy-pleased": 0.7789058767319637
        },
        "macro_precision": 0.6321733419804018,
        "micro_precision": 0.6828892949889391,
        "precision_per_class": {
            "angry-aggresive": 0.7566916488222698,
            "amazed-suprised": 0.6186117467581999,
            "sad-lonely": 0.7462938005390836,
            "happy-pleased": 0.40709617180205415
        },
        "macro_recall": 0.577146685609929,
        "micro_recall": 0.6278185515960739,
        "recall_per_class": {
            "angry-aggresive": 0.7790024800220446,
            "amazed-suprised": 0.5747696669029058,
            "sad-lonely": 0.6908920773549595,
            "happy-pleased": 0.2639225181598063
        },
        "macro_f1": 0.6003326287930004,
        "micro_f1": 0.6541969962222427,
        "f1_per_class": {
            "angry-aggresive": 0.7676849966055669,
            "amazed-suprised": 0.5958853783982366,
            "sad-lonely": 0.7175251052802073,
            "happy-pleased": 0.3202350348879912
        },
        "MSE": 0.1837407797574997,
        "LogLoss": 8.434062004089355,
        "AUNU": 0.7521321177482605,
        "micro_ROC-AUC": 0.775951087474823,
        "AUNP": 0.7698137760162354,
        "ROC-AUC_per_class_vs_rest": {
            "angry-aggresive": 0.818012296637989,
            "amazed-suprised": 0.7428579500833222,
            "sad-lonely": 0.8039773530031886,
            "happy-pleased": 0.6436809549031477
        }
    }
}