{
    "classification type": "multiclass",
    "class balance": "imbalanced",
    "dataset name": "usps_imbalanced",
    "class names": [
        4,
        3,
        0,
        2,
        1,
        5
    ],
    "model name": "knn",
    "index": 3,
    "cv fold": 4,
    "fold info": {
        "train distribution": 3191,
        "test distribution": 798,
        "train distribution pct": 187.48531139835487,
        "test distribution pct": 187.76470588235296
    },
    "metrics": {
        "macro_accuracy": 0.9786949753761292,
        "micro_accuracy": 0.9786949753761292,
        "accuracy_per_class": {
            "4": 0.9739687442779541,
            "3": 0.9919580221176147,
            "0": 0.9744389057159424,
            "2": 0.970232367515564,
            "1": 0.9793878197669983,
            "5": 0.9821839332580566
        },
        "macro_precision": 0.9193306565284729,
        "micro_precision": 0.9360849261283875,
        "precision_per_class": {
            "4": 0.9454501271247864,
            "3": 0.9749928116798401,
            "0": 0.9153502583503723,
            "2": 0.9196415543556213,
            "1": 0.9395375847816467,
            "5": 0.8210116624832153
        },
        "macro_recall": 0.9068174958229065,
        "micro_recall": 0.9360849261283875,
        "recall_per_class": {
            "4": 0.9684044122695923,
            "3": 0.978226363658905,
            "0": 0.9080224633216858,
            "2": 0.9051474928855896,
            "1": 0.9407535195350647,
            "5": 0.7403509020805359
        },
        "macro_f1": 0.9126913547515869,
        "micro_f1": 0.9360849261283875,
        "f1_per_class": {
            "4": 0.9567896127700806,
            "3": 0.9766069054603577,
            "0": 0.9116716384887695,
            "2": 0.9123369455337524,
            "1": 0.9401451349258423,
            "5": 0.7785977721214294
        },
        "Kappa": 0.9199775457382202,
        "MSE": 0.02011444978415966,
        "LogLoss": 0.8292703032493591,
        "AUNU": 0.9594799280166626,
        "micro_ROC-AUC": 0.9699485898017883,
        "AUNP": 0.9689244627952576,
        "AU1U": 0.9566868386657635,
        "AU1P": 0.9618416771386901,
        "ROC-AUC_per_class_vs_rest": {
            "4": 0.9774702898304549,
            "3": 0.991524753011727,
            "0": 0.9556625852367306,
            "2": 0.9564658967500227,
            "1": 0.9709628544219181,
            "5": 0.9047933180754382
        }
    }
}