{
    "classification type": "multiclass",
    "class balance": "balanced",
    "dataset name": "nyt-comments-april17_balanced",
    "class names": [
        0,
        1,
        2,
        3,
        4,
        5
    ],
    "model name": "logistic_regression",
    "index": 4,
    "cv fold": 3,
    "fold info": {
        "train distribution": 15707,
        "test distribution": 3925,
        "train distribution pct": 250.63028562310515,
        "test distribution pct": 250.63856960408683
    },
    "metrics": {
        "macro_accuracy": 0.8623189926147461,
        "micro_accuracy": 0.8623190522193909,
        "accuracy_per_class": {
            "0": 0.8563525676727295,
            "1": 0.903188943862915,
            "2": 0.8412723541259766,
            "3": 0.8521769046783447,
            "4": 0.9025239944458008,
            "5": 0.8183994293212891
        },
        "macro_precision": 0.5795385241508484,
        "micro_precision": 0.5869570970535278,
        "precision_per_class": {
            "0": 0.5772609114646912,
            "1": 0.6764782667160034,
            "2": 0.488415390253067,
            "3": 0.5590704679489136,
            "4": 0.7154340744018555,
            "5": 0.4605720043182373
        },
        "macro_recall": 0.5845939517021179,
        "micro_recall": 0.5869570970535278,
        "recall_per_class": {
            "0": 0.5588096380233765,
            "1": 0.8179527521133423,
            "2": 0.4031762182712555,
            "3": 0.5876142382621765,
            "4": 0.7013396620750427,
            "5": 0.4386710822582245
        },
        "macro_f1": 0.5801307559013367,
        "micro_f1": 0.5869570970535278,
        "f1_per_class": {
            "0": 0.5678854584693909,
            "1": 0.7405189871788025,
            "2": 0.44172123074531555,
            "3": 0.5729870796203613,
            "4": 0.7083167433738708,
            "5": 0.4493548274040222
        },
        "Kappa": 0.5040513277053833,
        "MSE": 0.08640090376138687,
        "LogLoss": 1.074074149131775,
        "AUNU": 0.8747521042823792,
        "micro_ROC-AUC": 0.8830912709236145,
        "AUNP": 0.8754240870475769,
        "AU1U": 0.8742306252731431,
        "AU1P": 0.874756554063086,
        "ROC-AUC_per_class_vs_rest": {
            "0": 0.8529850926992157,
            "1": 0.9604698027502234,
            "2": 0.8229595072077334,
            "3": 0.876282311187442,
            "4": 0.9212053878380163,
            "5": 0.8146104824177494
        }
    }
}