{
    "classification type": "multilabel",
    "class balance": "balanced",
    "dataset name": "tmc2007500_balanced",
    "class names": [
        "class13",
        "class07",
        "class01",
        "class14",
        "class18",
        "class10"
    ],
    "model name": "random_forest",
    "index": 2,
    "cv fold": 3,
    "fold info": {
        "train distribution": [
            1252,
            1253,
            1253,
            1253,
            1190,
            1183
        ],
        "test distribution": [
            313,
            313,
            313,
            313,
            297,
            296
        ],
        "train distribution pct": [
            19.80699256446765,
            19.82281284606866,
            19.82281284606866,
            19.82281284606866,
            18.826135105204873,
            18.715393133997786
        ],
        "test distribution pct": [
            19.697923222152298,
            19.697923222152298,
            19.697923222152298,
            19.697923222152298,
            18.69100062932662,
            18.628067967275015
        ]
    },
    "metrics": {
        "macro_accuracy": 0.9416406873597495,
        "micro_accuracy": 0.9416406873597494,
        "accuracy_per_class": {
            "class13": 0.9124384403379568,
            "class07": 0.9408575430352867,
            "class01": 0.9793520986761849,
            "class14": 0.9601951836624045,
            "class18": 0.9393665567252519,
            "class10": 0.9176343017214115
        },
        "macro_precision": 0.9119222379440969,
        "micro_precision": 0.9147258389877132,
        "precision_per_class": {
            "class13": 0.8934320669671604,
            "class07": 0.8874055415617128,
            "class01": 0.967396477867682,
            "class14": 0.9506172839506173,
            "class18": 0.8904261206419479,
            "class10": 0.8822559366754618
        },
        "macro_recall": 0.7708974069539013,
        "micro_recall": 0.7720764646699172,
        "recall_per_class": {
            "class13": 0.6332724783204017,
            "class07": 0.8034207525655644,
            "class01": 0.927023945267959,
            "class14": 0.8428734321550742,
            "class18": 0.7728146013448607,
            "class10": 0.6459792320695484
        },
        "macro_f1": 0.8330194737970066,
        "micro_f1": 0.8373693708817728,
        "f1_per_class": {
            "class13": 0.7411858974358975,
            "class07": 0.8433273488928785,
            "class01": 0.9467800163037149,
            "class14": 0.8935090051976309,
            "class18": 0.8274620725122139,
            "class10": 0.7458525024397045
        },
        "MSE": 0.048876240849494934,
        "LogLoss": 0.19225001335144043,
        "AUNU": 0.9712071418762207,
        "micro_ROC-AUC": 0.9741292595863342,
        "AUNP": 0.971333384513855,
        "ROC-AUC_per_class_vs_rest": {
            "class13": 0.9419464568963413,
            "class07": 0.9798015367302374,
            "class01": 0.9948215405901807,
            "class14": 0.9811308271457313,
            "class18": 0.9727241451001457,
            "class10": 0.9568182131767171
        }
    }
}