{
    "classification type": "multilabel",
    "class balance": "imbalanced",
    "dataset name": "emotions_imbalanced",
    "class names": [
        "angry-aggresive",
        "amazed-suprised",
        "sad-lonely",
        "happy-pleased"
    ],
    "model name": "logistic_regression",
    "index": 4,
    "cv fold": 0,
    "fold info": {
        "train distribution": [
            151,
            118,
            134,
            68
        ],
        "test distribution": [
            38,
            29,
            33,
            18
        ],
        "train distribution pct": [
            43.39080459770115,
            33.90804597701149,
            38.50574712643678,
            19.54022988505747
        ],
        "test distribution pct": [
            43.18181818181818,
            32.95454545454545,
            37.5,
            20.454545454545457
        ]
    },
    "metrics": {
        "macro_accuracy": 0.7764737991266375,
        "micro_accuracy": 0.7764737991266376,
        "accuracy_per_class": {
            "angry-aggresive": 0.8165938864628821,
            "amazed-suprised": 0.726528384279476,
            "sad-lonely": 0.8029475982532751,
            "happy-pleased": 0.759825327510917
        },
        "macro_precision": 0.6232245833377777,
        "micro_precision": 0.6834942932396839,
        "precision_per_class": {
            "angry-aggresive": 0.789873417721519,
            "amazed-suprised": 0.6028368794326241,
            "sad-lonely": 0.753731343283582,
            "happy-pleased": 0.3464566929133858
        },
        "macro_recall": 0.5751102607976399,
        "micro_recall": 0.6293451899757477,
        "recall_per_class": {
            "angry-aggresive": 0.7858942065491183,
            "amazed-suprised": 0.5510534846029174,
            "sad-lonely": 0.7203994293865906,
            "happy-pleased": 0.2430939226519337
        },
        "macro_f1": 0.5965162141612022,
        "micro_f1": 0.6553030303030303,
        "f1_per_class": {
            "angry-aggresive": 0.7878787878787878,
            "amazed-suprised": 0.5757832345469941,
            "sad-lonely": 0.7366885485047411,
            "happy-pleased": 0.2857142857142857
        },
        "MSE": 0.16319887340068817,
        "LogLoss": 0.5572255849838257,
        "AUNU": 0.7974730134010315,
        "micro_ROC-AUC": 0.8231120109558105,
        "AUNP": 0.8178942799568176,
        "ROC-AUC_per_class_vs_rest": {
            "angry-aggresive": 0.8757892769955786,
            "amazed-suprised": 0.7844341730529378,
            "sad-lonely": 0.8565129264622598,
            "happy-pleased": 0.6731555605667682
        }
    }
}