{
    "classification type": "multiclass",
    "class balance": "imbalanced",
    "dataset name": "usps_imbalanced",
    "class names": [
        4,
        3,
        0,
        2,
        1,
        5
    ],
    "model name": "decision_tree",
    "index": 2,
    "cv fold": 3,
    "fold info": {
        "train distribution": 3191,
        "test distribution": 798,
        "train distribution pct": 187.48531139835487,
        "test distribution pct": 187.76470588235296
    },
    "metrics": {
        "macro_accuracy": 0.9756494164466858,
        "micro_accuracy": 0.9756494760513306,
        "accuracy_per_class": {
            "4": 0.9721536040306091,
            "3": 0.990717887878418,
            "0": 0.9693207144737244,
            "2": 0.9667892456054688,
            "1": 0.9753480553627014,
            "5": 0.9795672297477722
        },
        "macro_precision": 0.9035964608192444,
        "micro_precision": 0.9269483685493469,
        "precision_per_class": {
            "4": 0.9501206874847412,
            "3": 0.9693272709846497,
            "0": 0.9008857011795044,
            "2": 0.903954803943634,
            "1": 0.924358069896698,
            "5": 0.7729323506355286
        },
        "macro_recall": 0.8978011012077332,
        "micro_recall": 0.9269483685493469,
        "recall_per_class": {
            "4": 0.9566625952720642,
            "3": 0.9768177270889282,
            "0": 0.8863070607185364,
            "2": 0.9017259478569031,
            "1": 0.9330998063087463,
            "5": 0.7321937084197998
        },
        "macro_f1": 0.9005890488624573,
        "micro_f1": 0.9269483685493469,
        "f1_per_class": {
            "4": 0.9533804059028625,
            "3": 0.9730581045150757,
            "0": 0.8935369253158569,
            "2": 0.9028390049934387,
            "1": 0.9287083745002747,
            "5": 0.7520117163658142
        },
        "Kappa": 0.9086371660232544,
        "MSE": 0.022354280576109886,
        "LogLoss": 1.0137221813201904,
        "AUNU": 0.9424023628234863,
        "micro_ROC-AUC": 0.956718385219574,
        "AUNP": 0.9558109641075134,
        "AU1U": 0.9393783204111604,
        "AU1P": 0.9462175674641069,
        "ROC-AUC_per_class_vs_rest": {
            "4": 0.9677919355417804,
            "3": 0.9877795254936165,
            "0": 0.9353085962428249,
            "2": 0.9398731025783358,
            "1": 0.9587046502115958,
            "5": 0.8649564311814926
        }
    }
}