{
    "classification type": "multiclass",
    "class balance": "balanced",
    "dataset name": "mfeat-karhunen_balanced",
    "class names": [
        0,
        1,
        2,
        3
    ],
    "model name": "decision_tree",
    "index": 4,
    "cv fold": 1,
    "fold info": {
        "train distribution": 576,
        "test distribution": 144,
        "train distribution pct": 150.0,
        "test distribution pct": 150.0
    },
    "metrics": {
        "macro_accuracy": 0.9812722206115723,
        "micro_accuracy": 0.9812721610069275,
        "accuracy_per_class": {
            "0": 0.9853723645210266,
            "1": 0.978723406791687,
            "2": 0.9822695255279541,
            "3": 0.978723406791687
        },
        "macro_precision": 0.9626670479774475,
        "micro_precision": 0.962544322013855,
        "precision_per_class": {
            "0": 0.9741071462631226,
            "1": 0.9494773745536804,
            "2": 0.9588441252708435,
            "3": 0.9682395458221436
        },
        "macro_recall": 0.962544322013855,
        "micro_recall": 0.962544322013855,
        "recall_per_class": {
            "0": 0.9671986103057861,
            "1": 0.966312050819397,
            "2": 0.9707446694374084,
            "3": 0.9459219574928284
        },
        "macro_f1": 0.9625424146652222,
        "micro_f1": 0.962544322013855,
        "f1_per_class": {
            "0": 0.9706405401229858,
            "1": 0.95782071352005,
            "2": 0.9647576808929443,
            "3": 0.9569506645202637
        },
        "Kappa": 0.9500591158866882,
        "MSE": 0.018013080582022667,
        "LogLoss": 0.6340909600257874,
        "AUNU": 0.9701305031776428,
        "micro_ROC-AUC": 0.9701801538467407,
        "AUNP": 0.9701305031776428,
        "AU1U": 0.9701304794778935,
        "AU1P": 0.9701304794778935,
        "ROC-AUC_per_class_vs_rest": {
            "0": 0.9764924215750381,
            "1": 0.9656877693107322,
            "2": 0.9740770081987826,
            "3": 0.9642647188270208
        }
    }
}