{
    "classification type": "binary",
    "class balance": "balanced",
    "dataset name": "all-in-one_sentiment_balanced",
    "class names": [
        0,
        1
    ],
    "model name": "knn",
    "index": 1,
    "cv fold": 3,
    "fold info": {
        "train distribution": 5836,
        "test distribution": 1459,
        "train distribution pct": 50.0,
        "test distribution pct": 50.0
    },
    "metrics": {
        "macro_accuracy": 0.726888120174408,
        "micro_accuracy": 0.726888120174408,
        "accuracy_per_class": {
            "0": 0.726888120174408,
            "1": 0.726888120174408
        },
        "macro_precision": 0.7272278666496277,
        "micro_precision": 0.726888120174408,
        "precision_per_class": {
            "0": 0.7184414267539978,
            "1": 0.7360143065452576
        },
        "macro_recall": 0.726888120174408,
        "micro_recall": 0.726888120174408,
        "recall_per_class": {
            "0": 0.7462221384048462,
            "1": 0.7075541019439697
        },
        "macro_f1": 0.7267860174179077,
        "micro_f1": 0.726888120174408,
        "f1_per_class": {
            "0": 0.7320683002471924,
            "1": 0.7215036749839783
        },
        "MSE": 0.21546877920627594,
        "LogLoss": 9.65084457397461,
        "AUNU": 0.7521221041679382,
        "micro_ROC-AUC": 0.7521221041679382
    }
}