{
    "classification type": "multiclass",
    "class balance": "imbalanced",
    "dataset name": "nyt-comments-april17_imbalanced",
    "class names": [
        3,
        4,
        5,
        0,
        1,
        2
    ],
    "model name": "knn",
    "index": 2,
    "cv fold": 3,
    "fold info": {
        "train distribution": 13836,
        "test distribution": 3458,
        "train distribution pct": 219.86334021929127,
        "test distribution pct": 219.83471074380162
    },
    "metrics": {
        "macro_accuracy": 0.8468284010887146,
        "micro_accuracy": 0.8468283414840698,
        "accuracy_per_class": {
            "3": 0.8628646731376648,
            "4": 0.877120316028595,
            "5": 0.6591722369194031,
            "0": 0.8567439317703247,
            "1": 0.8914045095443726,
            "2": 0.9336642622947693
        },
        "macro_precision": 0.5046400427818298,
        "micro_precision": 0.5404849648475647,
        "precision_per_class": {
            "3": 0.45128875970840454,
            "4": 0.6454464793205261,
            "5": 0.5192633867263794,
            "0": 0.4959055185317993,
            "1": 0.6808487176895142,
            "2": 0.23508772253990173
        },
        "macro_recall": 0.44472649693489075,
        "micro_recall": 0.5404849648475647,
        "recall_per_class": {
            "3": 0.4099206328392029,
            "4": 0.5419924259185791,
            "5": 0.727802574634552,
            "0": 0.315625935792923,
            "1": 0.5654734373092651,
            "2": 0.10754413902759552
        },
        "macro_f1": 0.46267664432525635,
        "micro_f1": 0.5404849648475647,
        "f1_per_class": {
            "3": 0.4296111464500427,
            "4": 0.5892128348350525,
            "5": 0.606096625328064,
            "0": 0.3857414126396179,
            "1": 0.6178207993507385,
            "2": 0.14757709205150604
        },
        "Kappa": 0.38502201437950134,
        "MSE": 0.11888637393712997,
        "LogLoss": 4.5634989738464355,
        "AUNU": 0.7270000576972961,
        "micro_ROC-AUC": 0.7661296129226685,
        "AUNP": 0.7297585010528564,
        "AU1U": 0.7257575858550521,
        "AU1P": 0.7252823269757585,
        "ROC-AUC_per_class_vs_rest": {
            "3": 0.7206276588401789,
            "4": 0.784437602592,
            "5": 0.7015795208067426,
            "0": 0.681560180096784,
            "1": 0.8134121416589352,
            "2": 0.6603832102019046
        }
    }
}