{
    "classification type": "multiclass",
    "class balance": "balanced",
    "dataset name": "usps_balanced",
    "class names": [
        5,
        4,
        3,
        2,
        1,
        0
    ],
    "model name": "random_forest",
    "index": 4,
    "cv fold": 2,
    "fold info": {
        "train distribution": 4438,
        "test distribution": 1109,
        "train distribution pct": 251.58730158730157,
        "test distribution pct": 251.47392290249434
    },
    "metrics": {
        "macro_accuracy": 0.974663257598877,
        "micro_accuracy": 0.974663257598877,
        "accuracy_per_class": {
            "5": 0.9762370586395264,
            "4": 0.990867555141449,
            "3": 0.9708011150360107,
            "2": 0.9644953608512878,
            "1": 0.9779144525527954,
            "0": 0.9676637649536133
        },
        "macro_precision": 0.9242828488349915,
        "micro_precision": 0.9239897131919861,
        "precision_per_class": {
            "5": 0.9235799908638,
            "4": 0.9724928140640259,
            "3": 0.9184234738349915,
            "2": 0.8931311964988708,
            "1": 0.9338359832763672,
            "0": 0.9042340517044067
        },
        "macro_recall": 0.9243121147155762,
        "micro_recall": 0.9239897131919861,
        "recall_per_class": {
            "5": 0.9328175187110901,
            "4": 0.9713795185089111,
            "3": 0.9100817441940308,
            "2": 0.8929640650749207,
            "1": 0.932254433631897,
            "0": 0.9063752293586731
        },
        "macro_f1": 0.9242901802062988,
        "micro_f1": 0.9239897131919861,
        "f1_per_class": {
            "5": 0.9281757473945618,
            "4": 0.9719358682632446,
            "3": 0.9142335653305054,
            "2": 0.8930476307868958,
            "1": 0.9330445528030396,
            "0": 0.9053033590316772
        },
        "Kappa": 0.9087823629379272,
        "MSE": 0.024935558438301086,
        "LogLoss": 1.0711091756820679,
        "AUNU": 0.9565142393112183,
        "micro_ROC-AUC": 0.9569264650344849,
        "AUNP": 0.9563062787055969,
        "AU1U": 0.9565883703673173,
        "AU1P": 0.9564683099573914,
        "ROC-AUC_per_class_vs_rest": {
            "5": 0.9605076842113845,
            "4": 0.9865465244550737,
            "3": 0.9456163441181659,
            "2": 0.9350663825613328,
            "1": 0.9645842000384696,
            "0": 0.9467641526944129
        }
    }
}