{
    "classification type": "binary",
    "class balance": "imbalanced",
    "dataset name": "colon-0.5_imbalanced",
    "class names": [
        0,
        1
    ],
    "model name": "logistic_regression",
    "index": 4,
    "cv fold": 0,
    "fold info": {
        "train distribution": 230,
        "test distribution": 57,
        "train distribution pct": 16.812865497076025,
        "test distribution pct": 16.666666666666664
    },
    "metrics": {
        "macro_accuracy": 0.9689501523971558,
        "micro_accuracy": 0.9689501523971558,
        "accuracy_per_class": {
            "0": 0.9689501523971558,
            "1": 0.9689501523971558
        },
        "macro_precision": 0.9577585458755493,
        "micro_precision": 0.9689501523971558,
        "precision_per_class": {
            "0": 0.973970353603363,
            "1": 0.9415467381477356
        },
        "macro_recall": 0.9290022850036621,
        "micro_recall": 0.9689501523971558,
        "recall_per_class": {
            "0": 0.9891249537467957,
            "1": 0.8688796758651733
        },
        "macro_f1": 0.9426220059394836,
        "micro_f1": 0.9689501523971558,
        "f1_per_class": {
            "0": 0.9814891815185547,
            "1": 0.9037548303604126
        },
        "MSE": 0.02320724166929722,
        "LogLoss": 0.07774491608142853,
        "AUNU": 0.9922446608543396,
        "micro_ROC-AUC": 0.9922446608543396
    }
}