{
    "classification type": "binary",
    "class balance": "balanced",
    "dataset name": "fake-news_balanced",
    "class names": [
        0,
        1
    ],
    "model name": "decision_tree",
    "index": 1,
    "cv fold": 4,
    "fold info": {
        "train distribution": 10058,
        "test distribution": 2514,
        "train distribution pct": 50.0,
        "test distribution pct": 50.0
    },
    "metrics": {
        "macro_accuracy": 0.9974660277366638,
        "micro_accuracy": 0.9974660277366638,
        "accuracy_per_class": {
            "0": 0.9974660277366638,
            "1": 0.9974660277366638
        },
        "macro_precision": 0.9974660277366638,
        "micro_precision": 0.9974660277366638,
        "precision_per_class": {
            "0": 0.9973642826080322,
            "1": 0.9975677728652954
        },
        "macro_recall": 0.9974660277366638,
        "micro_recall": 0.9974660277366638,
        "recall_per_class": {
            "0": 0.9975683093070984,
            "1": 0.9973637461662292
        },
        "macro_f1": 0.9974660277366638,
        "micro_f1": 0.9974660277366638,
        "f1_per_class": {
            "0": 0.9974662661552429,
            "1": 0.9974657893180847
        },
        "MSE": 0.0023523943964391947,
        "LogLoss": 0.12970197200775146,
        "AUNU": 0.9978079795837402,
        "micro_ROC-AUC": 0.9978079795837402
    }
}