{
    "classification type": "multilabel",
    "class balance": "balanced",
    "dataset name": "cal500_balanced",
    "class names": [
        "Instrument_-_Male_Lead_Vocals",
        "Song-Texture_Electric",
        "NOT-Emotion-Angry-Agressive",
        "NOT-Emotion-Bizarre-Weird",
        "Song-Quality",
        "Song-Texture_Acoustic",
        "Instrument_-_Drum_Set"
    ],
    "model name": "random_forest",
    "index": 1,
    "cv fold": 4,
    "fold info": {
        "train distribution": [
            240,
            238,
            240,
            218,
            218,
            223,
            217
        ],
        "test distribution": [
            60,
            60,
            60,
            55,
            53,
            48,
            54
        ],
        "train distribution pct": [
            64.51612903225806,
            63.97849462365591,
            64.51612903225806,
            58.602150537634415,
            58.602150537634415,
            59.946236559139784,
            58.333333333333336
        ],
        "test distribution pct": [
            66.66666666666666,
            66.66666666666666,
            66.66666666666666,
            61.111111111111114,
            58.88888888888889,
            53.333333333333336,
            60.0
        ]
    },
    "metrics": {
        "macro_accuracy": 0.5950834879406308,
        "micro_accuracy": 0.5950834879406308,
        "accuracy_per_class": {
            "Instrument_-_Male_Lead_Vocals": 0.6655844155844156,
            "Song-Texture_Electric": 0.6017316017316018,
            "NOT-Emotion-Angry-Agressive": 0.6179653679653679,
            "NOT-Emotion-Bizarre-Weird": 0.564935064935065,
            "Song-Quality": 0.5670995670995671,
            "Song-Texture_Acoustic": 0.5411255411255411,
            "Instrument_-_Drum_Set": 0.6071428571428571
        },
        "macro_precision": 0.6328523592571766,
        "micro_precision": 0.6344965104685942,
        "precision_per_class": {
            "Instrument_-_Male_Lead_Vocals": 0.6862996158770807,
            "Song-Texture_Electric": 0.6492146596858639,
            "NOT-Emotion-Angry-Agressive": 0.6593548387096774,
            "NOT-Emotion-Bizarre-Weird": 0.6016949152542372,
            "Song-Quality": 0.6017191977077364,
            "Song-Texture_Acoustic": 0.5893939393939394,
            "Instrument_-_Drum_Set": 0.6422893481717011
        },
        "macro_recall": 0.7993488464848931,
        "micro_recall": 0.8019153225806451,
        "recall_per_class": {
            "Instrument_-_Male_Lead_Vocals": 0.8933333333333333,
            "Song-Texture_Electric": 0.8322147651006712,
            "NOT-Emotion-Angry-Agressive": 0.8516666666666667,
            "NOT-Emotion-Bizarre-Weird": 0.7802197802197802,
            "Song-Quality": 0.7749077490774908,
            "Song-Texture_Acoustic": 0.7177121771217713,
            "Instrument_-_Drum_Set": 0.7453874538745388
        },
        "macro_f1": 0.7061488420590709,
        "micro_f1": 0.7084492931092062,
        "f1_per_class": {
            "Instrument_-_Male_Lead_Vocals": 0.776249094858798,
            "Song-Texture_Electric": 0.7294117647058823,
            "NOT-Emotion-Angry-Agressive": 0.7432727272727273,
            "NOT-Emotion-Bizarre-Weird": 0.6794258373205742,
            "Song-Quality": 0.6774193548387096,
            "Song-Texture_Acoustic": 0.6472545757071547,
            "Instrument_-_Drum_Set": 0.6900085397096499
        },
        "MSE": 0.23670820891857147,
        "LogLoss": 0.6673941612243652,
        "AUNU": 0.5719360709190369,
        "micro_ROC-AUC": 0.5801510214805603,
        "AUNP": 0.5726772546768188,
        "ROC-AUC_per_class_vs_rest": {
            "Instrument_-_Male_Lead_Vocals": 0.6280684156378602,
            "Song-Texture_Electric": 0.5473686364380423,
            "NOT-Emotion-Angry-Agressive": 0.5904963991769547,
            "NOT-Emotion-Bizarre-Weird": 0.5557953950811094,
            "Song-Quality": 0.5415491393133827,
            "Song-Texture_Acoustic": 0.5081890805819053,
            "Instrument_-_Drum_Set": 0.6320854504356562
        }
    }
}