{
    "classification type": "multilabel",
    "class balance": "imbalanced",
    "dataset name": "imdb_imbalanced",
    "class names": [
        "Romance",
        "Thriller",
        "Action",
        "Crime",
        "Family",
        "Horror",
        "Adventure"
    ],
    "model name": "decision_tree",
    "index": 3,
    "cv fold": 3,
    "fold info": {
        "train distribution": [
            9904,
            7753,
            7709,
            5810,
            3141,
            4870,
            5217
        ],
        "test distribution": [
            2475,
            1938,
            1927,
            1453,
            785,
            1217,
            1304
        ],
        "train distribution pct": [
            34.224894602253094,
            26.79176169742207,
            26.639712488769092,
            20.0774068698597,
            10.85424009952312,
            16.829082866818716,
            18.02819821687746
        ],
        "test distribution pct": [
            34.039334341906205,
            26.653830284692614,
            26.50254435428414,
            19.983496080319078,
            10.796314124604594,
            16.737725209737313,
            17.934259386604317
        ]
    },
    "metrics": {
        "macro_accuracy": 0.7393534828822376,
        "micro_accuracy": 0.7393534828822376,
        "accuracy_per_class": {
            "Romance": 0.6175838382824096,
            "Thriller": 0.6774057907800639,
            "Action": 0.6974761437057352,
            "Crime": 0.7507146689929365,
            "Family": 0.8580734846036293,
            "Horror": 0.7877676282403296,
            "Adventure": 0.7864528255705585
        },
        "macro_precision": 0.29940083718243155,
        "micro_precision": 0.3327519240451701,
        "precision_per_class": {
            "Romance": 0.4140013033128084,
            "Thriller": 0.3249275651913278,
            "Action": 0.37994002688450007,
            "Crime": 0.24163865686046124,
            "Family": 0.1565032805866461,
            "Horror": 0.2571300324563221,
            "Adventure": 0.3216649949849549
        },
        "macro_recall": 0.16911548775139099,
        "micro_recall": 0.18943426666775862,
        "recall_per_class": {
            "Romance": 0.2857667416349199,
            "Thriller": 0.19067553147828942,
            "Action": 0.21665860820547897,
            "Crime": 0.11360400531956505,
            "Family": 0.07042171987611798,
            "Horror": 0.13902475450845686,
            "Adventure": 0.1676570532369086
        },
        "macro_f1": 0.21528486841214733,
        "micro_f1": 0.2414258279320746,
        "f1_per_class": {
            "Romance": 0.338134341327772,
            "Thriller": 0.2403233672760593,
            "Action": 0.2759552992069214,
            "Crime": 0.15454855050870547,
            "Family": 0.097135442658948,
            "Horror": 0.18047208220240404,
            "Adventure": 0.2204249957042213
        },
        "MSE": 0.22747230529785156,
        "LogLoss": 13.803953170776367,
        "AUNU": 0.5568587183952332,
        "micro_ROC-AUC": 0.5838063359260559,
        "AUNP": 0.5572593808174133,
        "ROC-AUC_per_class_vs_rest": {
            "Romance": 0.5590229676170457,
            "Thriller": 0.5550108782605148,
            "Action": 0.5630213361941092,
            "Crime": 0.5321979201234032,
            "Family": 0.5490200778515572,
            "Horror": 0.5702687194138688,
            "Adventure": 0.5694690979926629
        }
    }
}