{
    "classification type": "multiclass",
    "class balance": "imbalanced",
    "dataset name": "gas-drift_imbalanced",
    "class names": [
        3,
        2,
        0,
        4,
        1
    ],
    "model name": "knn",
    "index": 2,
    "cv fold": 1,
    "fold info": {
        "train distribution": 3146,
        "test distribution": 787,
        "train distribution pct": 242.7469135802469,
        "test distribution pct": 242.9012345679012
    },
    "metrics": {
        "macro_accuracy": 0.9948062896728516,
        "micro_accuracy": 0.9948062896728516,
        "accuracy_per_class": {
            "3": 0.9990776181221008,
            "2": 0.9958493113517761,
            "0": 0.9910954833030701,
            "4": 0.9909536242485046,
            "1": 0.9970554709434509
        },
        "macro_precision": 0.988303005695343,
        "micro_precision": 0.9870157241821289,
        "precision_per_class": {
            "3": 0.9953632354736328,
            "2": 0.986328125,
            "0": 0.9837369918823242,
            "4": 0.9856225252151489,
            "1": 0.9904643893241882
        },
        "macro_recall": 0.9874956011772156,
        "micro_recall": 0.9870157241821289,
        "recall_per_class": {
            "3": 0.9912775754928589,
            "2": 0.9907788634300232,
            "0": 0.9722222089767456,
            "4": 0.9883435368537903,
            "1": 0.9948563575744629
        },
        "macro_f1": 0.9878894090652466,
        "micro_f1": 0.9870157241821289,
        "f1_per_class": {
            "3": 0.9933161735534668,
            "2": 0.9885485172271729,
            "0": 0.9779456853866577,
            "4": 0.9869811534881592,
            "1": 0.9926555156707764
        },
        "Kappa": 0.9829322099685669,
        "MSE": 0.005171545781195164,
        "LogLoss": 0.19716495275497437,
        "AUNU": 0.9929367303848267,
        "micro_ROC-AUC": 0.993005633354187,
        "AUNP": 0.9925187230110168,
        "AU1U": 0.9930450454166495,
        "AU1P": 0.9928545314447762,
        "ROC-AUC_per_class_vs_rest": {
            "3": 0.9957450566252581,
            "2": 0.9922081069884237,
            "0": 0.9878930755393892,
            "4": 0.992602876050157,
            "1": 0.9962345943624549
        }
    }
}