{
    "classification type": "multilabel",
    "class balance": "imbalanced",
    "dataset name": "yelp_imbalanced",
    "class names": [
        "IsFoodGood",
        "IsAmbianceGood",
        "IsServiceGood",
        "IsPriceGood"
    ],
    "model name": "logistic_regression",
    "index": 1,
    "cv fold": 4,
    "fold info": {
        "train distribution": [
            3768,
            1420,
            2114,
            1032
        ],
        "test distribution": [
            943,
            355,
            528,
            258
        ],
        "train distribution pct": [
            99.81456953642383,
            37.615894039735096,
            56.00000000000001,
            27.33774834437086
        ],
        "test distribution pct": [
            100.0,
            37.6458112407211,
            55.991516436903495,
            27.359490986214208
        ]
    },
    "metrics": {
        "macro_accuracy": 0.7939275116574819,
        "micro_accuracy": 0.793927511657482,
        "accuracy_per_class": {
            "IsFoodGood": 0.9985163204747775,
            "IsAmbianceGood": 0.6974353539635438,
            "IsServiceGood": 0.7115303094531581,
            "IsPriceGood": 0.7682280627384485
        },
        "macro_precision": 0.7415243396892087,
        "micro_precision": 0.8350610694857846,
        "precision_per_class": {
            "IsFoodGood": 0.9985163204747775,
            "IsAmbianceGood": 0.6175972927241963,
            "IsServiceGood": 0.7467257318952234,
            "IsPriceGood": 0.603258013662638
        },
        "macro_recall": 0.6731925496314211,
        "micro_recall": 0.7809560376271837,
        "recall_per_class": {
            "IsFoodGood": 1.0,
            "IsAmbianceGood": 0.5140845070422535,
            "IsServiceGood": 0.7337244511733535,
            "IsPriceGood": 0.4449612403100775
        },
        "macro_f1": 0.7031723727866979,
        "micro_f1": 0.8071028222806408,
        "f1_per_class": {
            "IsFoodGood": 0.9992576095025983,
            "IsAmbianceGood": 0.5611068408916219,
            "IsServiceGood": 0.740168003054601,
            "IsPriceGood": 0.5121570376979702
        },
        "MSE": 0.14820894598960876,
        "LogLoss": 0.46731677651405334,
        "AUNU": 0.6759301424026489,
        "micro_ROC-AUC": 0.871579647064209,
        "AUNP": 0.6239004135131836,
        "ROC-AUC_per_class_vs_rest": {
            "IsFoodGood": 0.4765670012432908,
            "IsAmbianceGood": 0.7190970457471297,
            "IsServiceGood": 0.7639773987782946,
            "IsPriceGood": 0.7440791690410934
        }
    }
}