{
    "classification type": "multiclass",
    "class balance": "balanced",
    "dataset name": "gtsrb-huelist_balanced",
    "class names": [
        0,
        1,
        2,
        3,
        4,
        5,
        6,
        7,
        8,
        9,
        10,
        11,
        12,
        13,
        14,
        15
    ],
    "model name": "random_forest",
    "index": 0,
    "cv fold": 0,
    "fold info": {
        "train distribution": 178912,
        "test distribution": 44728,
        "train distribution pct": 738.8173108688471,
        "test distribution pct": 738.8173108688471
    },
    "metrics": {
        "macro_accuracy": 0.9224929809570312,
        "micro_accuracy": 0.9224929213523865,
        "accuracy_per_class": {
            "0": 0.9138310551643372,
            "1": 0.9026506543159485,
            "2": 0.9107444882392883,
            "3": 0.9085679650306702,
            "4": 0.907589852809906,
            "5": 0.9094489216804504,
            "6": 0.9145954251289368,
            "7": 0.9123055934906006,
            "8": 0.9138084053993225,
            "9": 0.925746738910675,
            "10": 0.9646903276443481,
            "11": 0.9157096147537231,
            "12": 0.9307960271835327,
            "13": 0.9105566143989563,
            "14": 0.961027204990387,
            "15": 0.957817554473877
        },
        "macro_precision": 0.37687674164772034,
        "micro_precision": 0.37994325160980225,
        "precision_per_class": {
            "0": 0.34948450326919556,
            "1": 0.23744268715381622,
            "2": 0.26155298948287964,
            "3": 0.2996256649494171,
            "4": 0.29065796732902527,
            "5": 0.2666415870189667,
            "6": 0.30479758977890015,
            "7": 0.32659265398979187,
            "8": 0.3627534806728363,
            "9": 0.3459112048149109,
            "10": 0.7155380249023438,
            "11": 0.3542531430721283,
            "12": 0.3283323347568512,
            "13": 0.28824201226234436,
            "14": 0.6271958947181702,
            "15": 0.6710062026977539
        },
        "macro_recall": 0.3805147111415863,
        "micro_recall": 0.37994325160980225,
        "recall_per_class": {
            "0": 0.3761819303035736,
            "1": 0.22419627010822296,
            "2": 0.24820788204669952,
            "3": 0.30272719264030457,
            "4": 0.2865418791770935,
            "5": 0.2572362422943115,
            "6": 0.3043959438800812,
            "7": 0.34022122621536255,
            "8": 0.4198355972766876,
            "9": 0.327473521232605,
            "10": 0.7638641595840454,
            "11": 0.3507625162601471,
            "12": 0.3036132752895355,
            "13": 0.25004950165748596,
            "14": 0.6362066864967346,
            "15": 0.696722149848938
        },
        "macro_f1": 0.3782990574836731,
        "micro_f1": 0.37994325160980225,
        "f1_per_class": {
            "0": 0.36234211921691895,
            "1": 0.23062942922115326,
            "2": 0.2547057569026947,
            "3": 0.30116844177246094,
            "4": 0.28858524560928345,
            "5": 0.26185446977615356,
            "6": 0.3045966327190399,
            "7": 0.3332676589488983,
            "8": 0.3892127573490143,
            "9": 0.33643993735313416,
            "10": 0.7389117479324341,
            "11": 0.35249918699264526,
            "12": 0.31548935174942017,
            "13": 0.26779085397720337,
            "14": 0.6316691637039185,
            "15": 0.683622419834137
        },
        "Kappa": 0.338336318731308,
        "MSE": 0.061132606118917465,
        "LogLoss": 7.097224712371826,
        "AUNU": 0.721022367477417,
        "micro_ROC-AUC": 0.7250500321388245,
        "AUNP": 0.720360517501831,
        "AU1U": 0.7212534350664161,
        "AU1P": 0.7208259510950374,
        "ROC-AUC_per_class_vs_rest": {
            "0": 0.7122451096799245,
            "1": 0.6507758029053099,
            "2": 0.6567316847055636,
            "3": 0.6758607060327168,
            "4": 0.6728626632670289,
            "5": 0.6564389841029119,
            "6": 0.6854222922558928,
            "7": 0.7023799136185934,
            "8": 0.7317996878018811,
            "9": 0.7012733844266155,
            "10": 0.8902695022563423,
            "11": 0.7058004483171431,
            "12": 0.7028905659847888,
            "13": 0.6706457746150601,
            "14": 0.852934839879211,
            "15": 0.8680268824937978
        }
    }
}