{
    "classification type": "multilabel",
    "class balance": "imbalanced",
    "dataset name": "emotions_imbalanced",
    "class names": [
        "angry-aggresive",
        "amazed-suprised",
        "sad-lonely",
        "happy-pleased"
    ],
    "model name": "knn",
    "index": 4,
    "cv fold": 2,
    "fold info": {
        "train distribution": [
            151,
            118,
            133,
            69
        ],
        "test distribution": [
            38,
            29,
            34,
            17
        ],
        "train distribution pct": [
            43.142857142857146,
            33.714285714285715,
            38.0,
            19.714285714285715
        ],
        "test distribution pct": [
            44.18604651162791,
            33.72093023255814,
            39.53488372093023,
            19.767441860465116
        ]
    },
    "metrics": {
        "macro_accuracy": 0.7760910260910261,
        "micro_accuracy": 0.7760910260910261,
        "accuracy_per_class": {
            "angry-aggresive": 0.7957177957177958,
            "amazed-suprised": 0.7367497367497368,
            "sad-lonely": 0.7922077922077922,
            "happy-pleased": 0.7796887796887797
        },
        "macro_precision": 0.632742071224319,
        "micro_precision": 0.683214016578749,
        "precision_per_class": {
            "angry-aggresive": 0.7562123986398117,
            "amazed-suprised": 0.6177678238148563,
            "sad-lonely": 0.7474380165289256,
            "happy-pleased": 0.40955004591368227
        },
        "macro_recall": 0.577521297601663,
        "micro_recall": 0.6282373321784323,
        "recall_per_class": {
            "angry-aggresive": 0.7802968960863698,
            "amazed-suprised": 0.5744533148212426,
            "sad-lonely": 0.6908035441490987,
            "happy-pleased": 0.26453143534994067
        },
        "macro_f1": 0.600709196475716,
        "micro_f1": 0.6545733495780877,
        "f1_per_class": {
            "angry-aggresive": 0.7680658873538788,
            "amazed-suprised": 0.5953237410071942,
            "sad-lonely": 0.7180057161003494,
            "happy-pleased": 0.32144144144144143
        },
        "MSE": 0.1831236630678177,
        "LogLoss": 8.358535766601562,
        "AUNU": 0.7535600662231445,
        "micro_ROC-AUC": 0.7773730754852295,
        "AUNP": 0.7712112069129944,
        "ROC-AUC_per_class_vs_rest": {
            "angry-aggresive": 0.8195570862465795,
            "amazed-suprised": 0.7435529197771149,
            "sad-lonely": 0.8055407540881306,
            "happy-pleased": 0.6455893878495245
        }
    }
}