{
    "classification type": "binary",
    "class balance": "balanced",
    "dataset name": "spambase_balanced",
    "class names": [
        1,
        0
    ],
    "model name": "logistic_regression",
    "index": 4,
    "cv fold": 2,
    "fold info": {
        "train distribution": 187,
        "test distribution": 47,
        "train distribution pct": 50.0,
        "test distribution pct": 50.0
    },
    "metrics": {
        "macro_accuracy": 0.9071494936943054,
        "micro_accuracy": 0.9071494936943054,
        "accuracy_per_class": {
            "1": 0.9071494936943054,
            "0": 0.9071494936943054
        },
        "macro_precision": 0.9072632789611816,
        "micro_precision": 0.9071494936943054,
        "precision_per_class": {
            "1": 0.9004566073417664,
            "0": 0.9140698909759521
        },
        "macro_recall": 0.9071494936943054,
        "micro_recall": 0.9071494936943054,
        "recall_per_class": {
            "1": 0.9155060648918152,
            "0": 0.8987929224967957
        },
        "macro_f1": 0.9071429967880249,
        "micro_f1": 0.9071494936943054,
        "f1_per_class": {
            "1": 0.9079189896583557,
            "0": 0.9063670635223389
        },
        "MSE": 0.07883341610431671,
        "LogLoss": 0.46649354696273804,
        "AUNU": 0.9490960240364075,
        "micro_ROC-AUC": 0.9490960240364075
    }
}