{
    "classification type": "multiclass",
    "class balance": "imbalanced",
    "dataset name": "usps_imbalanced",
    "class names": [
        4,
        3,
        0,
        2,
        1,
        5
    ],
    "model name": "logistic_regression",
    "index": 1,
    "cv fold": 1,
    "fold info": {
        "train distribution": 3191,
        "test distribution": 798,
        "train distribution pct": 187.5955320399765,
        "test distribution pct": 187.32394366197184
    },
    "metrics": {
        "macro_accuracy": 0.9864608645439148,
        "micro_accuracy": 0.98646080493927,
        "accuracy_per_class": {
            "4": 0.9842228889465332,
            "3": 0.9939576983451843,
            "0": 0.9865726828575134,
            "2": 0.9801946878433228,
            "1": 0.9872440695762634,
            "5": 0.9865726828575134
        },
        "macro_precision": 0.9428043365478516,
        "micro_precision": 0.9593823552131653,
        "precision_per_class": {
            "4": 0.9697986841201782,
            "3": 0.9881188273429871,
            "0": 0.9623529314994812,
            "2": 0.939453125,
            "1": 0.9611650705337524,
            "5": 0.8359375
        },
        "macro_recall": 0.9429417252540588,
        "micro_recall": 0.9593823552131653,
        "recall_per_class": {
            "4": 0.9774520993232727,
            "3": 0.976516604423523,
            "0": 0.9445727467536926,
            "2": 0.9449901580810547,
            "1": 0.9649122953414917,
            "5": 0.8492063283920288
        },
        "macro_f1": 0.9428403377532959,
        "micro_f1": 0.9593823552131653,
        "f1_per_class": {
            "4": 0.9736103415489197,
            "3": 0.9822834730148315,
            "0": 0.9533799290657043,
            "2": 0.9422135353088379,
            "1": 0.9630350470542908,
            "5": 0.8425197005271912
        },
        "Kappa": 0.9492200613021851,
        "MSE": 0.011340271681547165,
        "LogLoss": 0.17997132241725922,
        "AUNU": 0.9946023225784302,
        "micro_ROC-AUC": 0.9966965317726135,
        "AUNP": 0.9963186383247375,
        "AU1U": 0.9934766280114554,
        "AU1P": 0.9947513936384087,
        "ROC-AUC_per_class_vs_rest": {
            "4": 0.9976797312357594,
            "3": 0.9993910310288721,
            "0": 0.9945655822020322,
            "2": 0.9938786061420742,
            "1": 0.9977439769559973,
            "5": 0.9843550926621378
        }
    }
}