{
    "classification type": "multilabel",
    "class balance": "balanced",
    "dataset name": "yelp_balanced",
    "class names": [
        "IsFoodGood",
        "IsAmbianceGood",
        "IsServiceGood",
        "IsPriceGood"
    ],
    "model name": "decision_tree",
    "index": 4,
    "cv fold": 3,
    "fold info": {
        "train distribution": [
            2075,
            2021,
            2007,
            1881
        ],
        "test distribution": [
            519,
            506,
            502,
            471
        ],
        "train distribution pct": [
            54.83615221987315,
            53.40909090909091,
            53.03911205073996,
            49.7093023255814
        ],
        "test distribution pct": [
            55.567451820128476,
            54.17558886509636,
            53.747323340471084,
            50.428265524625274
        ]
    },
    "metrics": {
        "macro_accuracy": 0.7881952101618664,
        "micro_accuracy": 0.7881952101618666,
        "accuracy_per_class": {
            "IsFoodGood": 0.8388391478851497,
            "IsAmbianceGood": 0.7468795483614872,
            "IsServiceGood": 0.7856922330525294,
            "IsPriceGood": 0.7813699113482997
        },
        "macro_precision": 0.809989087178159,
        "micro_precision": 0.8086186134526062,
        "precision_per_class": {
            "IsFoodGood": 0.893460953573665,
            "IsAmbianceGood": 0.75979834119369,
            "IsServiceGood": 0.8089095287237702,
            "IsPriceGood": 0.7777875252215106
        },
        "macro_recall": 0.7847252349489778,
        "micro_recall": 0.7848391876943627,
        "recall_per_class": {
            "IsFoodGood": 0.8021845634888763,
            "IsAmbianceGood": 0.7703850276197544,
            "IsServiceGood": 0.7810346259237732,
            "IsPriceGood": 0.7852967227635075
        },
        "macro_f1": 0.7966682336464365,
        "micro_f1": 0.7965514684855481,
        "f1_per_class": {
            "IsFoodGood": 0.845366060093102,
            "IsAmbianceGood": 0.7650550620215335,
            "IsServiceGood": 0.7947277259093406,
            "IsPriceGood": 0.78152408656177
        },
        "MSE": 0.21180479228496552,
        "LogLoss": 21.180479049682617,
        "AUNU": 0.7888340353965759,
        "micro_ROC-AUC": 0.7883965969085693,
        "AUNP": 0.7893324494361877,
        "ROC-AUC_per_class_vs_rest": {
            "IsFoodGood": 0.8428355805118027,
            "IsAmbianceGood": 0.7451128476490274,
            "IsServiceGood": 0.786001790854643,
            "IsPriceGood": 0.7813859525264432
        }
    }
}