{
    "classification type": "multilabel",
    "class balance": "balanced",
    "dataset name": "tmc2007500_balanced",
    "class names": [
        "class13",
        "class07",
        "class01",
        "class14",
        "class18",
        "class10"
    ],
    "model name": "decision_tree",
    "index": 2,
    "cv fold": 1,
    "fold info": {
        "train distribution": [
            1252,
            1253,
            1253,
            1253,
            1189,
            1184
        ],
        "test distribution": [
            313,
            313,
            313,
            313,
            298,
            295
        ],
        "train distribution pct": [
            19.74763406940063,
            19.763406940063092,
            19.763406940063092,
            19.763406940063092,
            18.753943217665615,
            18.67507886435331
        ],
        "test distribution pct": [
            19.936305732484076,
            19.936305732484076,
            19.936305732484076,
            19.936305732484076,
            18.980891719745223,
            18.789808917197455
        ]
    },
    "metrics": {
        "macro_accuracy": 0.9029887482419129,
        "micro_accuracy": 0.9029887482419128,
        "accuracy_per_class": {
            "class13": 0.8661392405063291,
            "class07": 0.8988396624472574,
            "class01": 0.9503691983122363,
            "class14": 0.922837552742616,
            "class18": 0.8985232067510549,
            "class10": 0.8812236286919831
        },
        "macro_precision": 0.7413011104391357,
        "micro_precision": 0.7430470526499913,
        "precision_per_class": {
            "class13": 0.6637977407208177,
            "class07": 0.7370589750193149,
            "class01": 0.8577958354494667,
            "class14": 0.7884422110552763,
            "class18": 0.725109409190372,
            "class10": 0.6756024911995667
        },
        "macro_recall": 0.7662477361410213,
        "micro_recall": 0.7670639219934995,
        "recall_per_class": {
            "class13": 0.6570820021299254,
            "class07": 0.7613727055067837,
            "class01": 0.8986432561851556,
            "class14": 0.8347964884277733,
            "class18": 0.742577030812325,
            "class10": 0.7030149337841646
        },
        "macro_f1": 0.7534864828514007,
        "micro_f1": 0.7548645046645935,
        "f1_per_class": {
            "class13": 0.6604227990366605,
            "class07": 0.7490185815231615,
            "class01": 0.8777445758087566,
            "class14": 0.8109574880475514,
            "class18": 0.7337392748408524,
            "class10": 0.6890361778514222
        },
        "MSE": 0.09672117233276367,
        "LogLoss": 9.628538131713867,
        "AUNU": 0.8522059321403503,
        "micro_ROC-AUC": 0.852634072303772,
        "AUNP": 0.8526767492294312,
        "ROC-AUC_per_class_vs_rest": {
            "class13": 0.7885691584160773,
            "class07": 0.8483603564326349,
            "class01": 0.9309017872926305,
            "class14": 0.8909411176744,
            "class18": 0.8402874652135058,
            "class10": 0.8141755844770177
        }
    }
}