{
    "classification type": "multilabel",
    "class balance": "balanced",
    "dataset name": "imdb_balanced",
    "class names": [
        "Romance",
        "Thriller",
        "Action",
        "Crime",
        "Family",
        "Horror",
        "Adventure"
    ],
    "model name": "decision_tree",
    "index": 3,
    "cv fold": 0,
    "fold info": {
        "train distribution": [
            6378,
            6376,
            6377,
            6378,
            6379,
            6377,
            6377
        ],
        "test distribution": [
            1595,
            1595,
            1594,
            1594,
            1594,
            1595,
            1594
        ],
        "train distribution pct": [
            21.983248888429323,
            21.976355426877607,
            21.979802157653467,
            21.983248888429323,
            21.986695619205186,
            21.979802157653467,
            21.979802157653467
        ],
        "test distribution pct": [
            21.897309170785284,
            21.897309170785284,
            21.88358045030203,
            21.88358045030203,
            21.88358045030203,
            21.897309170785284,
            21.88358045030203
        ]
    },
    "metrics": {
        "macro_accuracy": 0.6756469611731071,
        "micro_accuracy": 0.6756469611731071,
        "accuracy_per_class": {
            "Romance": 0.6743705616526792,
            "Thriller": 0.662130406714009,
            "Action": 0.6819625564880568,
            "Crime": 0.6687669464170433,
            "Family": 0.6749128469980633,
            "Horror": 0.6792339143533462,
            "Adventure": 0.6881514955885517
        },
        "macro_precision": 0.26518135065108267,
        "micro_precision": 0.26520871683513186,
        "precision_per_class": {
            "Romance": 0.2526311561018719,
            "Thriller": 0.2512668307514116,
            "Action": 0.2719917095141297,
            "Crime": 0.24716385326108145,
            "Family": 0.2627400867410161,
            "Horror": 0.2873272056162698,
            "Adventure": 0.2831486125717984
        },
        "macro_recall": 0.26947457675480835,
        "micro_recall": 0.26947415579324635,
        "recall_per_class": {
            "Romance": 0.24649212197225054,
            "Thriller": 0.2721499137525482,
            "Action": 0.2675344023209315,
            "Crime": 0.2485299882399059,
            "Family": 0.2659428526633481,
            "Horror": 0.3112382893653718,
            "Adventure": 0.27443446896930257
        },
        "macro_f1": 0.2671808167958235,
        "micro_f1": 0.26732442251924937,
        "f1_per_class": {
            "Romance": 0.24952388509760356,
            "Thriller": 0.26129177958446254,
            "Action": 0.2697446438453633,
            "Crime": 0.24784503821270107,
            "Family": 0.2643317685100415,
            "Horror": 0.2988051557060871,
            "Adventure": 0.27872344661450554
        },
        "MSE": 0.32428160309791565,
        "LogLoss": 32.36978530883789,
        "AUNU": 0.5294403433799744,
        "micro_ROC-AUC": 0.5294331908226013,
        "AUNP": 0.5294401049613953,
        "ROC-AUC_per_class_vs_rest": {
            "Romance": 0.5205708455273398,
            "Thriller": 0.5210643097972126,
            "Action": 0.53274358851566,
            "Crime": 0.517742076420701,
            "Family": 0.5280149747684453,
            "Horror": 0.5465312823499944,
            "Adventure": 0.5394153334396612
        }
    }
}