{
  "dataset_name": "ag-news_imbalanced",
  "classification_type": "multiclass",
  "class_balance": "imbalanced",
  "correlation_type": "spearman",
  "correlation_matrix": {
    "macro_accuracy": {
      "macro_accuracy": 1.0,
      "micro_accuracy": 1.0,
      "macro_precision": 0.987002700270027,
      "micro_precision": 1.0,
      "macro_recall": 0.9771257125712571,
      "micro_recall": 1.0,
      "macro_f1": 0.9974917491749175,
      "micro_f1": 1.0,
      "MSE": -0.9685448544854486,
      "LogLoss": -0.7453825382538254,
      "AUNU": 0.8015361536153616,
      "micro_ROC-AUC": 0.7748934893489349
    },
    "micro_accuracy": {
      "macro_accuracy": 1.0,
      "micro_accuracy": 1.0,
      "macro_precision": 0.987002700270027,
      "micro_precision": 1.0,
      "macro_recall": 0.9771257125712571,
      "micro_recall": 1.0,
      "macro_f1": 0.9974917491749175,
      "micro_f1": 1.0,
      "MSE": -0.9685448544854486,
      "LogLoss": -0.7453825382538254,
      "AUNU": 0.8015361536153616,
      "micro_ROC-AUC": 0.7748934893489349
    },
    "macro_precision": {
      "macro_accuracy": 0.987002700270027,
      "micro_accuracy": 0.987002700270027,
      "macro_precision": 1.0,
      "micro_precision": 0.987002700270027,
      "macro_recall": 0.9524152415241525,
      "micro_recall": 0.987002700270027,
      "macro_f1": 0.9825742574257426,
      "micro_f1": 0.987002700270027,
      "MSE": -0.9931353135313531,
      "LogLoss": -0.804008400840084,
      "AUNU": 0.8593099309930993,
      "micro_ROC-AUC": 0.8328712871287128
    },
    "micro_precision": {
      "macro_accuracy": 1.0,
      "micro_accuracy": 1.0,
      "macro_precision": 0.987002700270027,
      "micro_precision": 1.0,
      "macro_recall": 0.9771257125712571,
      "micro_recall": 1.0,
      "macro_f1": 0.9974917491749175,
      "micro_f1": 1.0,
      "MSE": -0.9685448544854486,
      "LogLoss": -0.7453825382538254,
      "AUNU": 0.8015361536153616,
      "micro_ROC-AUC": 0.7748934893489349
    },
    "macro_recall": {
      "macro_accuracy": 0.9771257125712571,
      "micro_accuracy": 0.9771257125712571,
      "macro_precision": 0.9524152415241525,
      "micro_precision": 0.9771257125712571,
      "macro_recall": 1.0,
      "micro_recall": 0.9771257125712571,
      "macro_f1": 0.9845424542454245,
      "micro_f1": 0.9771257125712571,
      "MSE": -0.9253045304530453,
      "LogLoss": -0.6933333333333334,
      "AUNU": 0.7410741074107411,
      "micro_ROC-AUC": 0.718991899189919
    },
    "micro_recall": {
      "macro_accuracy": 1.0,
      "micro_accuracy": 1.0,
      "macro_precision": 0.987002700270027,
      "micro_precision": 1.0,
      "macro_recall": 0.9771257125712571,
      "micro_recall": 1.0,
      "macro_f1": 0.9974917491749175,
      "micro_f1": 1.0,
      "MSE": -0.9685448544854486,
      "LogLoss": -0.7453825382538254,
      "AUNU": 0.8015361536153616,
      "micro_ROC-AUC": 0.7748934893489349
    },
    "macro_f1": {
      "macro_accuracy": 0.9974917491749175,
      "micro_accuracy": 0.9974917491749175,
      "macro_precision": 0.9825742574257426,
      "micro_precision": 0.9974917491749175,
      "macro_recall": 0.9845424542454245,
      "micro_recall": 0.9974917491749175,
      "macro_f1": 1.0,
      "micro_f1": 0.9974917491749175,
      "MSE": -0.9623402340234023,
      "LogLoss": -0.7354815481548155,
      "AUNU": 0.7908430843084309,
      "micro_ROC-AUC": 0.7646204620462046
    },
    "micro_f1": {
      "macro_accuracy": 1.0,
      "micro_accuracy": 1.0,
      "macro_precision": 0.987002700270027,
      "micro_precision": 1.0,
      "macro_recall": 0.9771257125712571,
      "micro_recall": 1.0,
      "macro_f1": 0.9974917491749175,
      "micro_f1": 1.0,
      "MSE": -0.9685448544854486,
      "LogLoss": -0.7453825382538254,
      "AUNU": 0.8015361536153616,
      "micro_ROC-AUC": 0.7748934893489349
    },
    "MSE": {
      "macro_accuracy": -0.9685448544854486,
      "micro_accuracy": -0.9685448544854486,
      "macro_precision": -0.9931353135313531,
      "micro_precision": -0.9685448544854486,
      "macro_recall": -0.9253045304530453,
      "micro_recall": -0.9685448544854486,
      "macro_f1": -0.9623402340234023,
      "micro_f1": -0.9685448544854486,
      "MSE": 1.0,
      "LogLoss": 0.8488688868886889,
      "AUNU": -0.9014341434143415,
      "micro_ROC-AUC": -0.8767356735673567
    },
    "LogLoss": {
      "macro_accuracy": -0.7453825382538254,
      "micro_accuracy": -0.7453825382538254,
      "macro_precision": -0.804008400840084,
      "micro_precision": -0.7453825382538254,
      "macro_recall": -0.6933333333333334,
      "micro_recall": -0.7453825382538254,
      "macro_f1": -0.7354815481548155,
      "micro_f1": -0.7453825382538254,
      "MSE": 0.8488688868886889,
      "LogLoss": 1.0,
      "AUNU": -0.9882028202820282,
      "micro_ROC-AUC": -0.9967116711671167
    },
    "AUNU": {
      "macro_accuracy": 0.8015361536153616,
      "micro_accuracy": 0.8015361536153616,
      "macro_precision": 0.8593099309930993,
      "micro_precision": 0.8015361536153616,
      "macro_recall": 0.7410741074107411,
      "micro_recall": 0.8015361536153616,
      "macro_f1": 0.7908430843084309,
      "micro_f1": 0.8015361536153616,
      "MSE": -0.9014341434143415,
      "LogLoss": -0.9882028202820282,
      "AUNU": 1.0,
      "micro_ROC-AUC": 0.9964116411641164
    },
    "micro_ROC-AUC": {
      "macro_accuracy": 0.7748934893489349,
      "micro_accuracy": 0.7748934893489349,
      "macro_precision": 0.8328712871287128,
      "micro_precision": 0.7748934893489349,
      "macro_recall": 0.718991899189919,
      "micro_recall": 0.7748934893489349,
      "macro_f1": 0.7646204620462046,
      "micro_f1": 0.7748934893489349,
      "MSE": -0.8767356735673567,
      "LogLoss": -0.9967116711671167,
      "AUNU": 0.9964116411641164,
      "micro_ROC-AUC": 1.0
    }
  }
}