{
    "classification type": "multiclass",
    "class balance": "balanced",
    "dataset name": "usps_balanced",
    "class names": [
        5,
        4,
        3,
        2,
        1,
        0
    ],
    "model name": "knn",
    "index": 4,
    "cv fold": 3,
    "fold info": {
        "train distribution": 4439,
        "test distribution": 1108,
        "train distribution pct": 251.64399092970518,
        "test distribution pct": 251.2471655328798
    },
    "metrics": {
        "macro_accuracy": 0.977408230304718,
        "micro_accuracy": 0.977408230304718,
        "accuracy_per_class": {
            "5": 0.9777365326881409,
            "4": 0.9916168451309204,
            "3": 0.973980188369751,
            "2": 0.969147264957428,
            "1": 0.9810119271278381,
            "0": 0.9709567427635193
        },
        "macro_precision": 0.9324501156806946,
        "micro_precision": 0.9322247505187988,
        "precision_per_class": {
            "5": 0.9221572875976562,
            "4": 0.9741209745407104,
            "3": 0.9299008250236511,
            "2": 0.9125874042510986,
            "1": 0.9424250721931458,
            "0": 0.91350919008255
        },
        "macro_recall": 0.9325342774391174,
        "micro_recall": 0.9322247505187988,
        "recall_per_class": {
            "5": 0.9444831013679504,
            "4": 0.9743950366973877,
            "3": 0.91694575548172,
            "2": 0.9003725647926331,
            "1": 0.942555844783783,
            "0": 0.916454017162323
        },
        "macro_f1": 0.9324552416801453,
        "micro_f1": 0.9322247505187988,
        "f1_per_class": {
            "5": 0.9331867098808289,
            "4": 0.9742580056190491,
            "3": 0.9233778715133667,
            "2": 0.9064388275146484,
            "1": 0.9424904584884644,
            "0": 0.9149792194366455
        },
        "Kappa": 0.9186657667160034,
        "MSE": 0.021460004150867462,
        "LogLoss": 0.8699814081192017,
        "AUNU": 0.968044638633728,
        "micro_ROC-AUC": 0.9683435559272766,
        "AUNP": 0.9678981900215149,
        "AU1U": 0.9680969370301524,
        "AU1P": 0.9680123375547522,
        "ROC-AUC_per_class_vs_rest": {
            "5": 0.9714549775521735,
            "4": 0.9898019571700427,
            "3": 0.9607135281735646,
            "2": 0.9519720729481398,
            "1": 0.9731672901714381,
            "0": 0.9611581783282669
        }
    }
}