{
    "classification type": "binary",
    "class balance": "imbalanced",
    "dataset name": "spambase_imbalanced",
    "class names": [
        1,
        0
    ],
    "model name": "random_forest",
    "index": 1,
    "cv fold": 4,
    "fold info": {
        "train distribution": 115,
        "test distribution": 28,
        "train distribution pct": 37.82894736842105,
        "test distribution pct": 36.84210526315789
    },
    "metrics": {
        "macro_accuracy": 0.9048245549201965,
        "micro_accuracy": 0.9048245549201965,
        "accuracy_per_class": {
            "1": 0.9048245549201965,
            "0": 0.9048245549201965
        },
        "macro_precision": 0.9004796147346497,
        "micro_precision": 0.9048245549201965,
        "precision_per_class": {
            "1": 0.9166666865348816,
            "0": 0.8842925429344177
        },
        "macro_recall": 0.8958474397659302,
        "micro_recall": 0.9048245549201965,
        "recall_per_class": {
            "1": 0.9321378469467163,
            "0": 0.8595570921897888
        },
        "macro_f1": 0.8980434536933899,
        "micro_f1": 0.9048245549201965,
        "f1_per_class": {
            "1": 0.9243375062942505,
            "0": 0.8717494010925293
        },
        "MSE": 0.08580103516578674,
        "LogLoss": 4.492900848388672,
        "AUNU": 0.9105116128921509,
        "micro_ROC-AUC": 0.9105116128921509
    }
}