{
    "classification type": "multiclass",
    "class balance": "balanced",
    "dataset name": "gas-drift_balanced",
    "class names": [
        2,
        0,
        4,
        3,
        1
    ],
    "model name": "random_forest",
    "index": 0,
    "cv fold": 2,
    "fold info": {
        "train distribution": 2600,
        "test distribution": 650,
        "train distribution pct": 200.0,
        "test distribution pct": 200.0
    },
    "metrics": {
        "macro_accuracy": 0.9930334091186523,
        "micro_accuracy": 0.9930334091186523,
        "accuracy_per_class": {
            "2": 0.9967489242553711,
            "0": 0.99622642993927,
            "4": 0.9900144934654236,
            "3": 0.9880406260490417,
            "1": 0.9941364526748657
        },
        "macro_precision": 0.9826170802116394,
        "micro_precision": 0.9825834631919861,
        "precision_per_class": {
            "2": 0.9933041930198669,
            "0": 0.9904236793518066,
            "4": 0.9811819791793823,
            "3": 0.9657750725746155,
            "1": 0.9824004769325256
        },
        "macro_recall": 0.9825834035873413,
        "micro_recall": 0.9825834631919861,
        "recall_per_class": {
            "2": 0.9904208779335022,
            "0": 0.9907111525535583,
            "4": 0.968650221824646,
            "3": 0.9747459888458252,
            "1": 0.9883889555931091
        },
        "macro_f1": 0.9825857877731323,
        "micro_f1": 0.9825834631919861,
        "f1_per_class": {
            "2": 0.9918604493141174,
            "0": 0.9905673861503601,
            "4": 0.9748758673667908,
            "3": 0.9702398180961609,
            "1": 0.9853855967521667
        },
        "Kappa": 0.9782293438911438,
        "MSE": 0.006585004739463329,
        "LogLoss": 0.2682091295719147,
        "AUNU": 0.9889368414878845,
        "micro_ROC-AUC": 0.9890159368515015,
        "AUNP": 0.9889368414878845,
        "AU1U": 0.9889368323710137,
        "AU1P": 0.9889368323710139,
        "ROC-AUC_per_class_vs_rest": {
            "2": 0.9928610489108339,
            "0": 0.9916109672839415,
            "4": 0.98548060861011,
            "3": 0.9851091167232964,
            "1": 0.9896224203268867
        }
    }
}