{
    "classification type": "multilabel",
    "class balance": "imbalanced",
    "dataset name": "yelp_imbalanced",
    "class names": [
        "IsFoodGood",
        "IsAmbianceGood",
        "IsServiceGood",
        "IsPriceGood"
    ],
    "model name": "random_forest",
    "index": 2,
    "cv fold": 4,
    "fold info": {
        "train distribution": [
            3769,
            1420,
            2114,
            1032
        ],
        "test distribution": [
            942,
            355,
            528,
            258
        ],
        "train distribution pct": [
            99.86751457339693,
            37.62586115527292,
            56.01483836777954,
            27.344992050874406
        ],
        "test distribution pct": [
            99.78813559322035,
            37.60593220338983,
            55.932203389830505,
            27.33050847457627
        ]
    },
    "metrics": {
        "macro_accuracy": 0.7848542407147748,
        "micro_accuracy": 0.7848542407147748,
        "accuracy_per_class": {
            "IsFoodGood": 0.9979130661623243,
            "IsAmbianceGood": 0.6804056477646983,
            "IsServiceGood": 0.7024977989369681,
            "IsPriceGood": 0.7586004499951088
        },
        "macro_precision": 0.7219876136301228,
        "micro_precision": 0.8184886902238835,
        "precision_per_class": {
            "IsFoodGood": 0.9985154248984452,
            "IsAmbianceGood": 0.5878928987194412,
            "IsServiceGood": 0.7293893021002537,
            "IsPriceGood": 0.5721528288023512
        },
        "macro_recall": 0.6780765131682311,
        "micro_recall": 0.7841679341967305,
        "recall_per_class": {
            "IsFoodGood": 0.9993958493215551,
            "IsAmbianceGood": 0.5033586132177682,
            "IsServiceGood": 0.7452105048622838,
            "IsPriceGood": 0.46434108527131784
        },
        "macro_f1": 0.697790470031719,
        "micro_f1": 0.8009608241669149,
        "f1_per_class": {
            "IsFoodGood": 0.9989554431206137,
            "IsAmbianceGood": 0.5423515128875607,
            "IsServiceGood": 0.7372150294511571,
            "IsPriceGood": 0.5126398946675444
        },
        "MSE": 0.18056511878967285,
        "LogLoss": 9.632613182067871,
        "AUNU": 0.6398670077323914,
        "micro_ROC-AUC": 0.8052352666854858,
        "AUNP": 0.6037129163742065,
        "ROC-AUC_per_class_vs_rest": {
            "IsFoodGood": 0.5024459399979868,
            "IsAmbianceGood": 0.6548718588707854,
            "IsServiceGood": 0.7036145819527002,
            "IsPriceGood": 0.6985356363653685
        }
    }
}