{
    "classification type": "multilabel",
    "class balance": "balanced",
    "dataset name": "stackexcs_trimmed",
    "class names": [
        "tag_algorithms",
        "tag_complexity-theory",
        "tag_formal-languages",
        "tag_graph-theory",
        "tag_terminology",
        "tag_graphs",
        "tag_computability",
        "tag_turing-machines",
        "tag_context-free",
        "tag_regular-languages",
        "tag_automata",
        "tag_formal-grammars",
        "tag_finite-automata"
    ],
    "model name": "linear_svm",
    "index": 1,
    "cv fold": 1,
    "fold info": {
        "train distribution": [
            93,
            90,
            93,
            90,
            85,
            86,
            88,
            93,
            84,
            85,
            93,
            87,
            89
        ],
        "test distribution": [
            23,
            23,
            23,
            22,
            22,
            22,
            22,
            24,
            21,
            22,
            24,
            21,
            22
        ],
        "train distribution pct": [
            14.553990610328638,
            14.084507042253522,
            14.553990610328638,
            14.084507042253522,
            13.302034428794993,
            13.458528951486699,
            13.77151799687011,
            14.553990610328638,
            13.145539906103288,
            13.302034428794993,
            14.553990610328638,
            13.615023474178404,
            13.928012519561817
        ],
        "test distribution pct": [
            14.374999999999998,
            14.374999999999998,
            14.374999999999998,
            13.750000000000002,
            13.750000000000002,
            13.750000000000002,
            13.750000000000002,
            15.0,
            13.125,
            13.750000000000002,
            15.0,
            13.125,
            13.750000000000002
        ]
    },
    "metrics": {
        "macro_accuracy": 0.8635153506287527,
        "micro_accuracy": 0.8635153506287527,
        "accuracy_per_class": {
            "tag_algorithms": 0.8402061855670103,
            "tag_complexity-theory": 0.8545655375552282,
            "tag_formal-languages": 0.8217967599410898,
            "tag_graph-theory": 0.8600883652430045,
            "tag_terminology": 0.8372606774668631,
            "tag_graphs": 0.8538291605301914,
            "tag_computability": 0.8726067746686303,
            "tag_turing-machines": 0.8825478645066274,
            "tag_context-free": 0.904639175257732,
            "tag_regular-languages": 0.8545655375552282,
            "tag_automata": 0.8560382916053019,
            "tag_formal-grammars": 0.908321060382916,
            "tag_finite-automata": 0.8792341678939617
        },
        "macro_precision": 0.5066599296677604,
        "micro_precision": 0.5155318481330404,
        "precision_per_class": {
            "tag_algorithms": 0.4090909090909091,
            "tag_complexity-theory": 0.47639484978540775,
            "tag_formal-languages": 0.32,
            "tag_graph-theory": 0.5,
            "tag_terminology": 0.29473684210526313,
            "tag_graphs": 0.43243243243243246,
            "tag_computability": 0.559322033898305,
            "tag_turing-machines": 0.627831715210356,
            "tag_context-free": 0.6991869918699187,
            "tag_regular-languages": 0.43824701195219123,
            "tag_automata": 0.5131086142322098,
            "tag_formal-grammars": 0.7201492537313433,
            "tag_finite-automata": 0.596078431372549
        },
        "macro_recall": 0.334569935376025,
        "micro_recall": 0.3340788938592924,
        "recall_per_class": {
            "tag_algorithms": 0.22842639593908629,
            "tag_complexity-theory": 0.2890625,
            "tag_formal-languages": 0.20304568527918782,
            "tag_graph-theory": 0.3157894736842105,
            "tag_terminology": 0.15384615384615385,
            "tag_graphs": 0.2615803814713896,
            "tag_computability": 0.35294117647058826,
            "tag_turing-machines": 0.48743718592964824,
            "tag_context-free": 0.48179271708683474,
            "tag_regular-languages": 0.3021978021978022,
            "tag_automata": 0.3442211055276382,
            "tag_formal-grammars": 0.5258855585831063,
            "tag_finite-automata": 0.40318302387267907
        },
        "macro_f1": 0.4021044055347381,
        "micro_f1": 0.4054287476866132,
        "f1_per_class": {
            "tag_algorithms": 0.2931596091205212,
            "tag_complexity-theory": 0.35980551053484605,
            "tag_formal-languages": 0.2484472049689441,
            "tag_graph-theory": 0.3870967741935484,
            "tag_terminology": 0.20216606498194944,
            "tag_graphs": 0.32597623089983024,
            "tag_computability": 0.43278688524590164,
            "tag_turing-machines": 0.5487977369165488,
            "tag_context-free": 0.5704809286898839,
            "tag_regular-languages": 0.35772357723577236,
            "tag_automata": 0.4120300751879699,
            "tag_formal-grammars": 0.6078740157480315,
            "tag_finite-automata": 0.4810126582278481
        },
        "MSE": 0.1106477603316307,
        "LogLoss": 0.663856565952301,
        "AUNU": 0.7762463092803955,
        "micro_ROC-AUC": 0.7793796062469482,
        "AUNP": 0.7757998704910278,
        "ROC-AUC_per_class_vs_rest": {
            "tag_algorithms": 0.7047300812794851,
            "tag_complexity-theory": 0.7317496158519153,
            "tag_formal-languages": 0.6900459957064844,
            "tag_graph-theory": 0.7962092195385724,
            "tag_terminology": 0.6640408910817074,
            "tag_graphs": 0.7248936587312358,
            "tag_computability": 0.8250541152723802,
            "tag_turing-machines": 0.8339540671433092,
            "tag_context-free": 0.8727330694889233,
            "tag_regular-languages": 0.7516574624355237,
            "tag_automata": 0.7886672360941898,
            "tag_formal-grammars": 0.8713679541297067,
            "tag_finite-automata": 0.836098879228127
        }
    }
}