{
    "classification type": "multilabel",
    "class balance": "imbalanced",
    "dataset name": "mediamill_imbalanced",
    "class names": [
        "Class3",
        "Class12",
        "Class17",
        "Class44",
        "Class55",
        "Class57",
        "Class58",
        "Class76",
        "Class79",
        "Class94",
        "Class96",
        "Class97"
    ],
    "model name": "logistic_regression",
    "index": 3,
    "cv fold": 0,
    "fold info": {
        "train distribution": [
            80,
            2651,
            1108,
            2133,
            145,
            64,
            882,
            2234,
            3847,
            3829,
            1762,
            2136
        ],
        "test distribution": [
            20,
            663,
            278,
            533,
            36,
            16,
            221,
            559,
            961,
            958,
            440,
            534
        ],
        "train distribution pct": [
            0.7990411506192568,
            26.478226128645627,
            11.066719936076709,
            21.304434678385935,
            1.448262085497403,
            0.6392329204954055,
            8.809428685577307,
            22.313224131042748,
            38.423891330403514,
            38.244107071514186,
            17.598881342389134,
            21.33439872153416
        ],
        "test distribution pct": [
            0.7977662544874352,
            26.445951336258478,
            11.088950937375348,
            21.260470682090148,
            1.4359792580773834,
            0.6382130035899481,
            8.81531711208616,
            22.297566812923815,
            38.33266852812126,
            38.213003589948144,
            17.550857598723574,
            21.30035899481452
        ]
    },
    "metrics": {
        "macro_accuracy": 0.8506618576943556,
        "micro_accuracy": 0.8506618576943556,
        "accuracy_per_class": {
            "Class3": 0.9942342252396166,
            "Class12": 0.7501996805111821,
            "Class17": 0.8940694888178914,
            "Class44": 0.8295227635782748,
            "Class55": 0.9855481230031949,
            "Class57": 0.9936102236421726,
            "Class58": 0.913213857827476,
            "Class76": 0.7768570287539937,
            "Class79": 0.7714157348242812,
            "Class94": 0.6612669728434505,
            "Class96": 0.8304962060702875,
            "Class97": 0.8075079872204473
        },
        "macro_precision": 0.6402262891812267,
        "micro_precision": 0.6486548339520928,
        "precision_per_class": {
            "Class3": 0.908256880733945,
            "Class12": 0.5845369583687341,
            "Class17": 0.6445783132530121,
            "Class44": 0.6616612811252613,
            "Class55": NaN,
            "Class57": NaN,
            "Class58": 0.5548654244306418,
            "Class76": 0.49950544015825915,
            "Class79": 0.7431472081218274,
            "Class94": 0.5890746025275173,
            "Class96": 0.5741710296684118,
            "Class97": 0.6424657534246575
        },
        "macro_recall": 0.2127440528668316,
        "micro_recall": 0.3055372564050354,
        "recall_per_class": {
            "Class3": 0.309375,
            "Class12": 0.1946251768033946,
            "Class17": 0.09648331830477908,
            "Class44": 0.4080412612823819,
            "Class55": 0.0,
            "Class57": 0.0,
            "Class58": 0.07592067988668555,
            "Class76": 0.11300067129111659,
            "Class79": 0.6185245368865778,
            "Class94": 0.37730922383967624,
            "Class96": 0.1400794777178541,
            "Class97": 0.21956928838951312
        },
        "macro_f1": 0.2859734874656587,
        "micro_f1": 0.4154052843708016,
        "f1_per_class": {
            "Class3": 0.46153846153846156,
            "Class12": 0.2920203735144312,
            "Class17": 0.16784313725490196,
            "Class44": 0.5047853828306265,
            "Class55": 0.0,
            "Class57": 0.0,
            "Class58": 0.1335659107899327,
            "Class76": 0.1843065693430657,
            "Class79": 0.6751330258957077,
            "Class94": 0.4599896542119295,
            "Class96": 0.22521391899600685,
            "Class97": 0.3272854152128402
        },
        "MSE": 0.1058199405670166,
        "LogLoss": 0.33395320177078247,
        "AUNU": 0.77841717004776,
        "micro_ROC-AUC": 0.8489730954170227,
        "AUNP": 0.7577295303344727,
        "ROC-AUC_per_class_vs_rest": {
            "Class3": 0.9502687512580515,
            "Class12": 0.7108112444022161,
            "Class17": 0.7572948565646233,
            "Class44": 0.8449940431702292,
            "Class55": 0.7979963533079065,
            "Class57": 0.743769703953979,
            "Class58": 0.8060717006828673,
            "Class76": 0.7112046889818926,
            "Class79": 0.8254629152322976,
            "Class94": 0.6903068878116552,
            "Class96": 0.745981434412116,
            "Class97": 0.7568434326668522
        }
    }
}