{
    "classification type": "binary",
    "class balance": "balanced",
    "dataset name": "news-sarcasm_balanced",
    "class names": [
        1,
        0
    ],
    "model name": "logistic_regression",
    "index": 0,
    "cv fold": 0,
    "fold info": {
        "train distribution": 1899,
        "test distribution": 475,
        "train distribution pct": 50.0,
        "test distribution pct": 50.0
    },
    "metrics": {
        "macro_accuracy": 0.7894737124443054,
        "micro_accuracy": 0.7894737124443054,
        "accuracy_per_class": {
            "1": 0.7894737124443054,
            "0": 0.7894737124443054
        },
        "macro_precision": 0.7896020412445068,
        "micro_precision": 0.7894737124443054,
        "precision_per_class": {
            "1": 0.7956989407539368,
            "0": 0.7835051417350769
        },
        "macro_recall": 0.7894736528396606,
        "micro_recall": 0.7894737124443054,
        "recall_per_class": {
            "1": 0.7789473533630371,
            "0": 0.800000011920929
        },
        "macro_f1": 0.7894504070281982,
        "micro_f1": 0.7894737124443054,
        "f1_per_class": {
            "1": 0.7872340679168701,
            "0": 0.7916666865348816
        },
        "MSE": 0.1420886218547821,
        "LogLoss": 0.4382469654083252,
        "AUNU": 0.8772764801979065,
        "micro_ROC-AUC": 0.8772764801979065
    }
}