{
    "classification type": "binary",
    "class balance": "balanced",
    "dataset name": "news-sarcasm_balanced",
    "class names": [
        1,
        0
    ],
    "model name": "decision_tree",
    "index": 0,
    "cv fold": 3,
    "fold info": {
        "train distribution": 1899,
        "test distribution": 475,
        "train distribution pct": 49.98683864174783,
        "test distribution pct": 50.05268703898841
    },
    "metrics": {
        "macro_accuracy": 0.7890264987945557,
        "micro_accuracy": 0.7890264987945557,
        "accuracy_per_class": {
            "1": 0.7890264987945557,
            "0": 0.7890264987945557
        },
        "macro_precision": 0.7902778387069702,
        "micro_precision": 0.7890264987945557,
        "precision_per_class": {
            "1": 0.8093276619911194,
            "0": 0.771228015422821
        },
        "macro_recall": 0.7890253067016602,
        "micro_recall": 0.7890264987945557,
        "recall_per_class": {
            "1": 0.7561914324760437,
            "0": 0.8218591213226318
        },
        "macro_f1": 0.7887983918190002,
        "micro_f1": 0.7890264987945557,
        "f1_per_class": {
            "1": 0.7818577885627747,
            "0": 0.7957389950752258
        },
        "MSE": 0.15531142055988312,
        "LogLoss": 3.098073959350586,
        "AUNU": 0.8495637774467468,
        "micro_ROC-AUC": 0.8495637774467468
    }
}