{
    "classification type": "binary",
    "class balance": "balanced",
    "dataset name": "ceas_balanced",
    "class names": [
        1,
        0
    ],
    "model name": "knn",
    "index": 1,
    "cv fold": 1,
    "fold info": {
        "train distribution": 3194,
        "test distribution": 799,
        "train distribution pct": 49.99217404914697,
        "test distribution pct": 50.03130870381967
    },
    "metrics": {
        "macro_accuracy": 0.9635339379310608,
        "micro_accuracy": 0.9635339379310608,
        "accuracy_per_class": {
            "1": 0.9635339379310608,
            "0": 0.9635339379310608
        },
        "macro_precision": 0.9642225503921509,
        "micro_precision": 0.9635339379310608,
        "precision_per_class": {
            "1": 0.9821006059646606,
            "0": 0.9463445544242859
        },
        "macro_recall": 0.9635337591171265,
        "micro_recall": 0.9635339379310608,
        "recall_per_class": {
            "1": 0.944277286529541,
            "0": 0.9827902317047119
        },
        "macro_f1": 0.963520348072052,
        "micro_f1": 0.9635339379310608,
        "f1_per_class": {
            "1": 0.9628176093101501,
            "0": 0.9642230868339539
        },
        "MSE": 0.03173741325736046,
        "LogLoss": 1.775543451309204,
        "AUNU": 0.9735149145126343,
        "micro_ROC-AUC": 0.9735149145126343
    }
}