{
    "classification type": "multiclass",
    "class balance": "balanced",
    "dataset name": "dbpedia-ontology_balanced",
    "class names": [
        0,
        1,
        2,
        3,
        4,
        5,
        6
    ],
    "model name": "knn",
    "index": 4,
    "cv fold": 0,
    "fold info": {
        "train distribution": 87360,
        "test distribution": 21840,
        "train distribution pct": 300.0,
        "test distribution pct": 300.0
    },
    "metrics": {
        "macro_accuracy": 0.9770187735557556,
        "micro_accuracy": 0.9770187139511108,
        "accuracy_per_class": {
            "0": 0.9668798446655273,
            "1": 0.9851633906364441,
            "2": 0.968928873538971,
            "3": 0.9874528050422668,
            "4": 0.9766254425048828,
            "5": 0.9805502891540527,
            "6": 0.9735305309295654
        },
        "macro_precision": 0.9198212623596191,
        "micro_precision": 0.9195656180381775,
        "precision_per_class": {
            "0": 0.8851403594017029,
            "1": 0.9454706311225891,
            "2": 0.880433201789856,
            "3": 0.9626039862632751,
            "4": 0.9179379343986511,
            "5": 0.9392871260643005,
            "6": 0.9078755974769592
        },
        "macro_recall": 0.9195656180381775,
        "micro_recall": 0.9195656180381775,
        "recall_per_class": {
            "0": 0.8827023506164551,
            "1": 0.9509915709495544,
            "2": 0.905468761920929,
            "3": 0.9490384459495544,
            "4": 0.9184895753860474,
            "5": 0.9235476851463318,
            "6": 0.906720757484436
        },
        "macro_f1": 0.9196504950523376,
        "micro_f1": 0.9195656180381775,
        "f1_per_class": {
            "0": 0.8839196562767029,
            "1": 0.9482231140136719,
            "2": 0.8927754759788513,
            "3": 0.955773115158081,
            "4": 0.9182136654853821,
            "5": 0.9313508868217468,
            "6": 0.9072977900505066
        },
        "Kappa": 0.9061598777770996,
        "MSE": 0.020913543179631233,
        "LogLoss": 0.9091795682907104,
        "AUNU": 0.9681884050369263,
        "micro_ROC-AUC": 0.9684628844261169,
        "AUNP": 0.9681884050369263,
        "AU1U": 0.9681884068933085,
        "AU1P": 0.9681884068933084,
        "ROC-AUC_per_class_vs_rest": {
            "0": 0.9520549044085521,
            "1": 0.9828755889063261,
            "2": 0.9562015208407971,
            "3": 0.9807932456971886,
            "4": 0.9688520715175533,
            "5": 0.9702338534406786,
            "6": 0.9663076634420629
        }
    }
}