{
    "classification type": "binary",
    "class balance": "balanced",
    "dataset name": "all-in-one_sentiment_balanced",
    "class names": [
        0,
        1
    ],
    "model name": "random_forest",
    "index": 1,
    "cv fold": 2,
    "fold info": {
        "train distribution": 5836,
        "test distribution": 1459,
        "train distribution pct": 50.0,
        "test distribution pct": 50.0
    },
    "metrics": {
        "macro_accuracy": 0.735919713973999,
        "micro_accuracy": 0.735919713973999,
        "accuracy_per_class": {
            "0": 0.735919713973999,
            "1": 0.735919713973999
        },
        "macro_precision": 0.736113429069519,
        "micro_precision": 0.735919713973999,
        "precision_per_class": {
            "0": 0.7293499708175659,
            "1": 0.7428769469261169
        },
        "macro_recall": 0.735919713973999,
        "micro_recall": 0.735919713973999,
        "recall_per_class": {
            "0": 0.7502422332763672,
            "1": 0.7215971946716309
        },
        "macro_f1": 0.735865592956543,
        "micro_f1": 0.735919713973999,
        "f1_per_class": {
            "0": 0.7396486401557922,
            "1": 0.7320824861526489
        },
        "MSE": 0.22162526845932007,
        "LogLoss": 12.950420379638672,
        "AUNU": 0.7431178092956543,
        "micro_ROC-AUC": 0.7431178092956543
    }
}