{
    "classification type": "multilabel",
    "class balance": "balanced",
    "dataset name": "slashdot_trimmed",
    "class names": [
        "YourRightsOnline",
        "Technology",
        "Science",
        "Idle",
        "Games",
        "AskSlashdot",
        "IT",
        "Politics"
    ],
    "model name": "linear_svm",
    "index": 1,
    "cv fold": 0,
    "fold info": {
        "train distribution": [
            188,
            187,
            184,
            184,
            184,
            169,
            156,
            153
        ],
        "test distribution": [
            47,
            47,
            47,
            46,
            46,
            43,
            39,
            38
        ],
        "train distribution pct": [
            14.84992101105845,
            14.770932069510268,
            14.533965244865717,
            14.533965244865717,
            14.533965244865717,
            13.349131121642971,
            12.322274881516588,
            12.085308056872037
        ],
        "test distribution pct": [
            15.210355987055015,
            15.210355987055015,
            15.210355987055015,
            14.886731391585762,
            14.886731391585762,
            13.915857605177994,
            12.62135922330097,
            12.297734627831716
        ]
    },
    "metrics": {
        "macro_accuracy": 0.9000297973778307,
        "micro_accuracy": 0.9000297973778307,
        "accuracy_per_class": {
            "YourRightsOnline": 0.8812077870480731,
            "Technology": 0.8537941994437823,
            "Science": 0.88875645609853,
            "Idle": 0.9457687723480334,
            "Games": 0.9423917361938816,
            "AskSlashdot": 0.8951132300357568,
            "IT": 0.878228049264998,
            "Politics": 0.9149781485895908
        },
        "macro_precision": 0.7287577723804831,
        "micro_precision": 0.7749914118859499,
        "precision_per_class": {
            "YourRightsOnline": 0.7436708860759493,
            "Technology": 0.5384615384615384,
            "Science": 0.7472527472527473,
            "Idle": 0.8302425106990015,
            "Games": 0.912962962962963,
            "AskSlashdot": 0.7057220708446866,
            "IT": 0.5329341317365269,
            "Politics": 0.818815331010453
        },
        "macro_recall": 0.3963559511837487,
        "micro_recall": 0.40092411586991294,
        "recall_per_class": {
            "YourRightsOnline": 0.3125,
            "Technology": 0.12149532710280374,
            "Science": 0.3675675675675676,
            "Idle": 0.7907608695652174,
            "Games": 0.6698369565217391,
            "AskSlashdot": 0.38144329896907214,
            "IT": 0.14262820512820512,
            "Politics": 0.38461538461538464
        },
        "macro_f1": 0.4946838189034301,
        "micro_f1": 0.5284609978917779,
        "f1_per_class": {
            "YourRightsOnline": 0.4400749063670412,
            "Technology": 0.19825708061002179,
            "Science": 0.4927536231884058,
            "Idle": 0.8100208768267223,
            "Games": 0.7727272727272727,
            "AskSlashdot": 0.49521988527724664,
            "IT": 0.225031605562579,
            "Politics": 0.5233853006681515
        },
        "MSE": 0.07750706374645233,
        "LogLoss": 0.2673352360725403,
        "AUNU": 0.8570708632469177,
        "micro_ROC-AUC": 0.8706484436988831,
        "AUNP": 0.857847273349762,
        "ROC-AUC_per_class_vs_rest": {
            "YourRightsOnline": 0.8312148454192214,
            "Technology": 0.726923957731273,
            "Science": 0.8756741021412656,
            "Idle": 0.9396414156230399,
            "Games": 0.9499122443199061,
            "AskSlashdot": 0.8948744439127575,
            "IT": 0.7861529013314729,
            "Politics": 0.8521728222470473
        }
    }
}