{
    "classification type": "multiclass",
    "class balance": "imbalanced",
    "dataset name": "nyt-comments-april17_imbalanced",
    "class names": [
        3,
        4,
        5,
        0,
        1,
        2
    ],
    "model name": "logistic_regression",
    "index": 0,
    "cv fold": 3,
    "fold info": {
        "train distribution": 13836,
        "test distribution": 3458,
        "train distribution pct": 219.86334021929127,
        "test distribution pct": 219.83471074380162
    },
    "metrics": {
        "macro_accuracy": 0.8791249394416809,
        "micro_accuracy": 0.8791249394416809,
        "accuracy_per_class": {
            "3": 0.8978229761123657,
            "4": 0.9054505228996277,
            "5": 0.7193707227706909,
            "0": 0.8801843523979187,
            "1": 0.9299221634864807,
            "2": 0.9419990181922913
        },
        "macro_precision": 0.6288672089576721,
        "micro_precision": 0.6373748779296875,
        "precision_per_class": {
            "3": 0.6164596080780029,
            "4": 0.7448512315750122,
            "5": 0.579904317855835,
            "0": 0.6094946265220642,
            "1": 0.819809079170227,
            "2": 0.4026845693588257
        },
        "macro_recall": 0.5440634489059448,
        "micro_recall": 0.6373748779296875,
        "recall_per_class": {
            "3": 0.5006304979324341,
            "4": 0.6363636255264282,
            "5": 0.80194091796875,
            "0": 0.44370123744010925,
            "1": 0.7031729817390442,
            "2": 0.1785714328289032
        },
        "macro_f1": 0.571661114692688,
        "micro_f1": 0.6373748779296875,
        "f1_per_class": {
            "3": 0.5525400042533875,
            "4": 0.6863468885421753,
            "5": 0.673084020614624,
            "0": 0.5135483741760254,
            "1": 0.7570247650146484,
            "2": 0.24742268025875092
        },
        "Kappa": 0.5154246091842651,
        "MSE": 0.08144370466470718,
        "LogLoss": 0.997299075126648,
        "AUNU": 0.8726952075958252,
        "micro_ROC-AUC": 0.9009169340133667,
        "AUNP": 0.8678072094917297,
        "AU1U": 0.8731034755057867,
        "AU1P": 0.8669483324009812,
        "ROC-AUC_per_class_vs_rest": {
            "3": 0.8883834689900263,
            "4": 0.9119355395171028,
            "5": 0.8259972507768758,
            "0": 0.8276569290766602,
            "1": 0.9515602653352155,
            "2": 0.8306376751640727
        }
    }
}