{
    "classification type": "multiclass",
    "class balance": "balanced",
    "dataset name": "volkert_balanced",
    "class names": [
        8,
        6,
        1,
        3,
        4,
        9,
        0,
        5,
        2,
        7
    ],
    "model name": "knn",
    "index": 1,
    "cv fold": 4,
    "fold info": {
        "train distribution": 35578,
        "test distribution": 8893,
        "train distribution pct": 450.1265182186235,
        "test distribution pct": 450.05060728744934
    },
    "metrics": {
        "macro_accuracy": 0.90252685546875,
        "micro_accuracy": 0.9025267958641052,
        "accuracy_per_class": {
            "8": 0.8673315048217773,
            "6": 0.9142295718193054,
            "1": 0.8781197667121887,
            "3": 0.8902000188827515,
            "4": 0.8952012658119202,
            "9": 0.8685877323150635,
            "0": 0.9237616062164307,
            "5": 0.9508930444717407,
            "2": 0.9271135926246643,
            "7": 0.9098297357559204
        },
        "macro_precision": 0.5054805278778076,
        "micro_precision": 0.5126339793205261,
        "precision_per_class": {
            "8": 0.32043981552124023,
            "6": 0.5733711123466492,
            "1": 0.3938232958316803,
            "3": 0.42071333527565,
            "4": 0.47634467482566833,
            "9": 0.329187273979187,
            "0": 0.6226460933685303,
            "5": 0.7371851801872253,
            "2": 0.6320013999938965,
            "7": 0.5490930676460266
        },
        "macro_recall": 0.5125021934509277,
        "micro_recall": 0.5126339793205261,
        "recall_per_class": {
            "8": 0.29149797558784485,
            "6": 0.6451463103294373,
            "1": 0.4034973084926605,
            "3": 0.44168248772621155,
            "4": 0.4724915325641632,
            "9": 0.2702169716358185,
            "0": 0.6070706844329834,
            "5": 0.7893449664115906,
            "2": 0.6543598175048828,
            "7": 0.549714207649231
        },
        "macro_f1": 0.5082708597183228,
        "micro_f1": 0.5126339793205261,
        "f1_per_class": {
            "8": 0.3052845001220703,
            "6": 0.607144832611084,
            "1": 0.39860159158706665,
            "3": 0.43094298243522644,
            "4": 0.4744102656841278,
            "9": 0.2968013286590576,
            "0": 0.6147597432136536,
            "5": 0.7623739838600159,
            "2": 0.6429862976074219,
            "7": 0.5494034886360168
        },
        "Kappa": 0.4584776759147644,
        "MSE": 0.07619211077690125,
        "LogLoss": 4.747298240661621,
        "AUNU": 0.7895520329475403,
        "micro_ROC-AUC": 0.7952396273612976,
        "AUNP": 0.7896159887313843,
        "AU1U": 0.7895222162945591,
        "AU1P": 0.789565450787456,
        "ROC-AUC_per_class_vs_rest": {
            "8": 0.6770888590415962,
            "6": 0.84457756782281,
            "1": 0.7473175983088166,
            "3": 0.7548773294355853,
            "4": 0.7754679361427892,
            "9": 0.6794495012711826,
            "0": 0.8401896963257068,
            "5": 0.9115079674393819,
            "2": 0.8549834305942261,
            "7": 0.8100607110525898
        }
    }
}