{
    "classification type": "multilabel",
    "class balance": "balanced",
    "dataset name": "stackexcs_trimmed",
    "class names": [
        "tag_algorithms",
        "tag_complexity-theory",
        "tag_formal-languages",
        "tag_graph-theory",
        "tag_terminology",
        "tag_graphs",
        "tag_computability",
        "tag_turing-machines",
        "tag_context-free",
        "tag_regular-languages",
        "tag_automata",
        "tag_formal-grammars",
        "tag_finite-automata"
    ],
    "model name": "linear_svm",
    "index": 0,
    "cv fold": 3,
    "fold info": {
        "train distribution": [
            93,
            91,
            93,
            90,
            85,
            87,
            88,
            93,
            84,
            85,
            93,
            86,
            89
        ],
        "test distribution": [
            23,
            22,
            23,
            22,
            22,
            21,
            22,
            24,
            21,
            22,
            24,
            22,
            22
        ],
        "train distribution pct": [
            14.553990610328638,
            14.241001564945227,
            14.553990610328638,
            14.084507042253522,
            13.302034428794993,
            13.615023474178404,
            13.77151799687011,
            14.553990610328638,
            13.145539906103288,
            13.302034428794993,
            14.553990610328638,
            13.458528951486699,
            13.928012519561817
        ],
        "test distribution pct": [
            14.374999999999998,
            13.750000000000002,
            14.374999999999998,
            13.750000000000002,
            13.750000000000002,
            13.125,
            13.750000000000002,
            15.0,
            13.125,
            13.750000000000002,
            15.0,
            13.750000000000002,
            13.750000000000002
        ]
    },
    "metrics": {
        "macro_accuracy": 0.8620405075478836,
        "micro_accuracy": 0.8620405075478835,
        "accuracy_per_class": {
            "tag_algorithms": 0.8363880196691998,
            "tag_complexity-theory": 0.853822083147072,
            "tag_formal-languages": 0.8162717925793473,
            "tag_graph-theory": 0.8591864103710326,
            "tag_terminology": 0.8314707197139025,
            "tag_graphs": 0.8520339740724184,
            "tag_computability": 0.8703620920876174,
            "tag_turing-machines": 0.8801966919982119,
            "tag_context-free": 0.9056772463120251,
            "tag_regular-languages": 0.853822083147072,
            "tag_automata": 0.8551631649530621,
            "tag_formal-grammars": 0.9101475189986589,
            "tag_finite-automata": 0.8819848010728655
        },
        "macro_precision": 0.5019375479752366,
        "micro_precision": 0.5073303784520968,
        "precision_per_class": {
            "tag_algorithms": 0.4,
            "tag_complexity-theory": 0.4766355140186916,
            "tag_formal-languages": 0.3252032520325203,
            "tag_graph-theory": 0.4977973568281938,
            "tag_terminology": 0.29411764705882354,
            "tag_graphs": 0.4306930693069307,
            "tag_computability": 0.5432692307692307,
            "tag_turing-machines": 0.6086956521739131,
            "tag_context-free": 0.6844444444444444,
            "tag_regular-languages": 0.44206008583690987,
            "tag_automata": 0.5083333333333333,
            "tag_formal-grammars": 0.7130801687763713,
            "tag_finite-automata": 0.6008583690987125
        },
        "macro_recall": 0.3675768072188857,
        "micro_recall": 0.36695437731196057,
        "recall_per_class": {
            "tag_algorithms": 0.2523076923076923,
            "tag_complexity-theory": 0.3217665615141956,
            "tag_formal-languages": 0.24615384615384617,
            "tag_graph-theory": 0.35987261146496813,
            "tag_terminology": 0.18333333333333332,
            "tag_graphs": 0.2871287128712871,
            "tag_computability": 0.36688311688311687,
            "tag_turing-machines": 0.5121951219512195,
            "tag_context-free": 0.5238095238095238,
            "tag_regular-languages": 0.3433333333333333,
            "tag_automata": 0.3719512195121951,
            "tag_formal-grammars": 0.5596026490066225,
            "tag_finite-automata": 0.45016077170418006
        },
        "macro_f1": 0.42366030023464823,
        "micro_f1": 0.42587292501431023,
        "f1_per_class": {
            "tag_algorithms": 0.30943396226415093,
            "tag_complexity-theory": 0.384180790960452,
            "tag_formal-languages": 0.28021015761821366,
            "tag_graph-theory": 0.4177449168207024,
            "tag_terminology": 0.22587268993839835,
            "tag_graphs": 0.3445544554455445,
            "tag_computability": 0.437984496124031,
            "tag_turing-machines": 0.5562913907284768,
            "tag_context-free": 0.5934489402697495,
            "tag_regular-languages": 0.38649155722326456,
            "tag_automata": 0.4295774647887324,
            "tag_formal-grammars": 0.62708719851577,
            "tag_finite-automata": 0.5147058823529411
        },
        "MSE": 0.11309245973825455,
        "LogLoss": 0.7323728203773499,
        "AUNU": 0.7819643020629883,
        "micro_ROC-AUC": 0.7839036583900452,
        "AUNP": 0.7814590930938721,
        "ROC-AUC_per_class_vs_rest": {
            "tag_algorithms": 0.7089990344383649,
            "tag_complexity-theory": 0.7348514721345952,
            "tag_formal-languages": 0.7020582555519794,
            "tag_graph-theory": 0.8051495308219971,
            "tag_terminology": 0.6724298743761832,
            "tag_graphs": 0.7333823092753949,
            "tag_computability": 0.8256549049706126,
            "tag_turing-machines": 0.837694361752418,
            "tag_context-free": 0.8778617468603499,
            "tag_regular-languages": 0.7588470142832557,
            "tag_automata": 0.7902282512872273,
            "tag_formal-grammars": 0.8785897633348734,
            "tag_finite-automata": 0.8397892438220592
        }
    }
}