{
    "classification type": "multilabel",
    "class balance": "balanced",
    "dataset name": "yeast_balanced",
    "class names": [
        "Class1",
        "Class2",
        "Class3",
        "Class4",
        "Class5"
    ],
    "model name": "random_forest",
    "index": 1,
    "cv fold": 3,
    "fold info": {
        "train distribution": [
            520,
            556,
            520,
            556,
            522
        ],
        "test distribution": [
            130,
            139,
            130,
            139,
            131
        ],
        "train distribution pct": [
            39.87730061349693,
            42.63803680981595,
            39.87730061349693,
            42.63803680981595,
            40.03067484662577
        ],
        "test distribution pct": [
            40.49844236760124,
            43.30218068535825,
            40.49844236760124,
            43.30218068535825,
            40.809968847352025
        ]
    },
    "metrics": {
        "macro_accuracy": 0.7399387129724209,
        "micro_accuracy": 0.7399387129724209,
        "accuracy_per_class": {
            "Class1": 0.7565543071161048,
            "Class2": 0.6758597208035411,
            "Class3": 0.7551923731699013,
            "Class4": 0.7664283282260811,
            "Class5": 0.745658835546476
        },
        "macro_precision": 0.7473797151501685,
        "micro_precision": 0.7445482866043613,
        "precision_per_class": {
            "Class1": 0.7711561382598331,
            "Class2": 0.6536485097636177,
            "Class3": 0.7366211962224554,
            "Class4": 0.7839195979899497,
            "Class5": 0.7915531335149864
        },
        "macro_recall": 0.5558708045020613,
        "micro_recall": 0.5560910752866877,
        "recall_per_class": {
            "Class1": 0.552991452991453,
            "Class2": 0.5083932853717026,
            "Class3": 0.6,
            "Class4": 0.6235011990407674,
            "Class5": 0.49446808510638296
        },
        "macro_f1": 0.6361272142748426,
        "micro_f1": 0.6366663495385786,
        "f1_per_class": {
            "Class1": 0.6441015430562469,
            "Class2": 0.5719424460431655,
            "Class3": 0.6613283089967028,
            "Class4": 0.6945681211041852,
            "Class5": 0.6086956521739131
        },
        "MSE": 0.1789192259311676,
        "LogLoss": 0.5352218151092529,
        "AUNU": 0.803883969783783,
        "micro_ROC-AUC": 0.8077666759490967,
        "AUNP": 0.8035855293273926,
        "ROC-AUC_per_class_vs_rest": {
            "Class1": 0.8247722974378323,
            "Class2": 0.738381536763472,
            "Class3": 0.8179020407373547,
            "Class4": 0.8480560747131833,
            "Class5": 0.790307918950902
        }
    }
}