{
    "classification type": "multiclass",
    "class balance": "balanced",
    "dataset name": "gtsrb-huelist_balanced",
    "class names": [
        0,
        1,
        2,
        3,
        4,
        5,
        6,
        7,
        8,
        9,
        10,
        11,
        12,
        13,
        14,
        15
    ],
    "model name": "random_forest",
    "index": 2,
    "cv fold": 1,
    "fold info": {
        "train distribution": 178912,
        "test distribution": 44728,
        "train distribution pct": 738.8173108688471,
        "test distribution pct": 738.8173108688471
    },
    "metrics": {
        "macro_accuracy": 0.9279994964599609,
        "micro_accuracy": 0.9279994964599609,
        "accuracy_per_class": {
            "0": 0.9172101616859436,
            "1": 0.9052265882492065,
            "2": 0.9158220887184143,
            "3": 0.914348840713501,
            "4": 0.9131792187690735,
            "5": 0.9131659269332886,
            "6": 0.9207055568695068,
            "7": 0.9191230535507202,
            "8": 0.921968400478363,
            "9": 0.9322602152824402,
            "10": 0.9680909514427185,
            "11": 0.9241930246353149,
            "12": 0.9377644062042236,
            "13": 0.918536901473999,
            "14": 0.9648113250732422,
            "15": 0.9615849852561951
        },
        "macro_precision": 0.42191392183303833,
        "micro_precision": 0.42399585247039795,
        "precision_per_class": {
            "0": 0.3802558183670044,
            "1": 0.2759258449077606,
            "2": 0.3009704351425171,
            "3": 0.34181520342826843,
            "4": 0.33228984475135803,
            "5": 0.301736444234848,
            "6": 0.3523213267326355,
            "7": 0.37704527378082275,
            "8": 0.41571474075317383,
            "9": 0.4040378928184509,
            "10": 0.7369154691696167,
            "11": 0.41795626282691956,
            "12": 0.3958381116390228,
            "13": 0.3548402786254883,
            "14": 0.6643434166908264,
            "15": 0.6986161470413208
        },
        "macro_recall": 0.4244275689125061,
        "micro_recall": 0.42399585247039795,
        "recall_per_class": {
            "0": 0.43204519152641296,
            "1": 0.28090715408325195,
            "2": 0.2796999514102936,
            "3": 0.3414933681488037,
            "4": 0.32425057888031006,
            "5": 0.2973203659057617,
            "6": 0.3464706838130951,
            "7": 0.3916873335838318,
            "8": 0.47580644488334656,
            "9": 0.3756488561630249,
            "10": 0.7965542674064636,
            "11": 0.4048142731189728,
            "12": 0.3511868417263031,
            "13": 0.29993483424186707,
            "14": 0.6671738624572754,
            "15": 0.7258471846580505
        },
        "macro_f1": 0.42254579067230225,
        "micro_f1": 0.42399585247039795,
        "f1_per_class": {
            "0": 0.4044995605945587,
            "1": 0.2783942222595215,
            "2": 0.2899456024169922,
            "3": 0.3416542112827301,
            "4": 0.32822099328041077,
            "5": 0.29951211810112,
            "6": 0.3493715226650238,
            "7": 0.38422685861587524,
            "8": 0.44373539090156555,
            "9": 0.3893265426158905,
            "10": 0.7655751705169678,
            "11": 0.4112803041934967,
            "12": 0.37217801809310913,
            "13": 0.32508552074432373,
            "14": 0.6657556295394897,
            "15": 0.7119714021682739
        },
        "Kappa": 0.38531723618507385,
        "MSE": 0.05709350109100342,
        "LogLoss": 6.0977959632873535,
        "AUNU": 0.7501623630523682,
        "micro_ROC-AUC": 0.7553797960281372,
        "AUNP": 0.7495124340057373,
        "AU1U": 0.7504656680823858,
        "AU1P": 0.7500073269210841,
        "ROC-AUC_per_class_vs_rest": {
            "0": 0.7427101691162042,
            "1": 0.6848592054297621,
            "2": 0.6894469189289434,
            "3": 0.707447830562518,
            "4": 0.7042316553438541,
            "5": 0.6900569681804306,
            "6": 0.7165640332172479,
            "7": 0.7330635368847985,
            "8": 0.7621269936007865,
            "9": 0.7309553130594836,
            "10": 0.9069911417256352,
            "11": 0.7334874002943009,
            "12": 0.7321391270294492,
            "13": 0.701475977574324,
            "14": 0.8776157181002949,
            "15": 0.8894259157442689
        }
    }
}