{
    "classification type": "binary",
    "class balance": "balanced",
    "dataset name": "santander-customer-satisfaction_balanced",
    "class names": [
        1,
        0
    ],
    "model name": "random_forest",
    "index": 4,
    "cv fold": 0,
    "fold info": {
        "train distribution": 16070,
        "test distribution": 4018,
        "train distribution pct": 50.0,
        "test distribution pct": 50.0
    },
    "metrics": {
        "macro_accuracy": 0.6997616291046143,
        "micro_accuracy": 0.6997616291046143,
        "accuracy_per_class": {
            "1": 0.6997616291046143,
            "0": 0.6997616291046143
        },
        "macro_precision": 0.6998329162597656,
        "micro_precision": 0.6997616291046143,
        "precision_per_class": {
            "1": 0.7036074995994568,
            "0": 0.6960583329200745
        },
        "macro_recall": 0.6997616291046143,
        "micro_recall": 0.6997616291046143,
        "recall_per_class": {
            "1": 0.6903172731399536,
            "0": 0.7092059850692749
        },
        "macro_f1": 0.6997348070144653,
        "micro_f1": 0.6997616291046143,
        "f1_per_class": {
            "1": 0.6968989968299866,
            "0": 0.7025706171989441
        },
        "MSE": 0.25833454728126526,
        "LogLoss": 14.885396957397461,
        "AUNU": 0.6888813376426697,
        "micro_ROC-AUC": 0.6888813376426697
    }
}