{
    "classification type": "multilabel",
    "class balance": "imbalanced",
    "dataset name": "yelp_imbalanced",
    "class names": [
        "IsFoodGood",
        "IsAmbianceGood",
        "IsServiceGood",
        "IsPriceGood"
    ],
    "model name": "logistic_regression",
    "index": 3,
    "cv fold": 1,
    "fold info": {
        "train distribution": [
            3769,
            1420,
            2114,
            1032
        ],
        "test distribution": [
            942,
            355,
            528,
            258
        ],
        "train distribution pct": [
            99.84105960264901,
            37.615894039735096,
            56.00000000000001,
            27.33774834437086
        ],
        "test distribution pct": [
            99.89395546129374,
            37.6458112407211,
            55.991516436903495,
            27.359490986214208
        ]
    },
    "metrics": {
        "macro_accuracy": 0.7942670989463183,
        "micro_accuracy": 0.7942670989463183,
        "accuracy_per_class": {
            "IsFoodGood": 0.9986283434129309,
            "IsAmbianceGood": 0.6982355508448158,
            "IsServiceGood": 0.7128249890890953,
            "IsPriceGood": 0.7673795124384313
        },
        "macro_precision": 0.7411456114192027,
        "micro_precision": 0.8346435348332881,
        "precision_per_class": {
            "IsFoodGood": 0.9986283434129309,
            "IsAmbianceGood": 0.6181063451274955,
            "IsServiceGood": 0.7478477571363842,
            "IsPriceGood": 0.6
        },
        "macro_recall": 0.6752965454274615,
        "micro_recall": 0.7823546019198193,
        "recall_per_class": {
            "IsFoodGood": 1.0,
            "IsAmbianceGood": 0.5181441590720796,
            "IsServiceGood": 0.7350256067690938,
            "IsPriceGood": 0.448016415868673
        },
        "macro_f1": 0.7043527373610543,
        "micro_f1": 0.8076536337272846,
        "f1_per_class": {
            "IsFoodGood": 0.9993137010232094,
            "IsAmbianceGood": 0.56372814133766,
            "IsServiceGood": 0.7413812464907356,
            "IsPriceGood": 0.5129878605926119
        },
        "MSE": 0.147933691740036,
        "LogLoss": 0.46649861335754395,
        "AUNU": 0.6822707056999207,
        "micro_ROC-AUC": 0.871862530708313,
        "AUNP": 0.6347779035568237,
        "ROC-AUC_per_class_vs_rest": {
            "IsFoodGood": 0.4999020926629093,
            "IsAmbianceGood": 0.7200353744169276,
            "IsServiceGood": 0.764224771555928,
            "IsPriceGood": 0.744920696431219
        }
    }
}