{
    "classification type": "multiclass",
    "class balance": "balanced",
    "dataset name": "stocks_balanced",
    "class names": [
        0,
        1,
        2,
        3,
        4,
        5,
        6,
        7,
        8,
        9,
        10,
        11,
        12,
        13,
        14,
        15,
        16,
        17,
        18,
        19
    ],
    "model name": "decision_tree",
    "index": 4,
    "cv fold": 0,
    "fold info": {
        "train distribution": 111720,
        "test distribution": 27930,
        "train distribution pct": 950.0,
        "test distribution pct": 950.0
    },
    "metrics": {
        "macro_accuracy": 0.9136630892753601,
        "micro_accuracy": 0.9136630892753601,
        "accuracy_per_class": {
            "0": 0.9503771066665649,
            "1": 0.9508799314498901,
            "2": 0.9501996636390686,
            "3": 0.4572833478450775,
            "4": 0.9583925008773804,
            "5": 0.9510056376457214,
            "6": 0.9604702591896057,
            "7": 0.9498003721237183,
            "8": 0.9501330852508545,
            "9": 0.9507098197937012,
            "10": 0.9499630331993103,
            "11": 0.9563516974449158,
            "12": 0.9682342410087585,
            "13": 0.9503918886184692,
            "14": 0.9532164931297302,
            "15": 0.9505323767662048,
            "16": 0.955375611782074,
            "17": 0.949785590171814,
            "18": 0.9778837561607361,
            "19": 0.6322759389877319
        },
        "macro_precision": 0.6806877851486206,
        "micro_precision": 0.13663117587566376,
        "precision_per_class": {
            "0": 0.6834532618522644,
            "1": 0.8051282167434692,
            "2": 0.800000011920929,
            "3": 0.054941825568675995,
            "4": 0.9821580052375793,
            "5": 0.9415584206581116,
            "6": 0.9964936971664429,
            "7": 0.0,
            "8": 1.0,
            "9": 0.800000011920929,
            "10": 0.0,
            "11": 0.9265143871307373,
            "12": 0.9877373576164246,
            "13": 0.8441558480262756,
            "14": 0.9759299755096436,
            "15": 0.7857142686843872,
            "16": 0.9789196252822876,
            "17": 0.0,
            "18": 0.9963148236274719,
            "19": 0.054734617471694946
        },
        "macro_recall": 0.13663117587566376,
        "micro_recall": 0.13663117587566376,
        "recall_per_class": {
            "0": 0.014049097895622253,
            "1": 0.023217983543872833,
            "2": 0.005323868710547686,
            "3": 0.6082519888877869,
            "4": 0.1709553450345993,
            "5": 0.021443359553813934,
            "6": 0.21014492213726044,
            "7": 0.0,
            "8": 0.002661934355273843,
            "9": 0.018929310142993927,
            "10": 0.0,
            "11": 0.13797692954540253,
            "12": 0.369269460439682,
            "13": 0.00961254071444273,
            "14": 0.06595681607723236,
            "15": 0.01464063860476017,
            "16": 0.10987873375415802,
            "17": 0.0,
            "18": 0.5597456097602844,
            "19": 0.3905649185180664
        },
        "macro_f1": 0.14330075681209564,
        "micro_f1": 0.13663117587566376,
        "f1_per_class": {
            "0": 0.027532242238521576,
            "1": 0.045134395360946655,
            "2": 0.010577347129583359,
            "3": 0.1007804200053215,
            "4": 0.2912205457687378,
            "5": 0.04193175211548805,
            "6": 0.3470933139324188,
            "7": 0.0,
            "8": 0.005309734493494034,
            "9": 0.03698353096842766,
            "10": 0.0,
            "11": 0.24018535017967224,
            "12": 0.5375672578811646,
            "13": 0.01900862716138363,
            "14": 0.12356282025575638,
            "15": 0.02874564379453659,
            "16": 0.19758011400699615,
            "17": 0.0,
            "18": 0.7167881727218628,
            "19": 0.09601367264986038
        },
        "Kappa": 0.09119071811437607,
        "MSE": 0.04351149499416351,
        "LogLoss": 2.7505404949188232,
        "AUNU": 0.5802804231643677,
        "micro_ROC-AUC": 0.6123883128166199,
        "AUNP": 0.5802804231643677,
        "AU1U": 0.5802804378197823,
        "AU1P": 0.5802804378197826,
        "ROC-AUC_per_class_vs_rest": {
            "0": 0.5474767449946225,
            "1": 0.5538723425426895,
            "2": 0.5484636624076573,
            "3": 0.5465296575368808,
            "4": 0.611170530295493,
            "5": 0.5530736795952562,
            "6": 0.6306618587054328,
            "7": 0.5402764339786476,
            "8": 0.544737283074424,
            "9": 0.5506946308290213,
            "10": 0.5461625216463369,
            "11": 0.5990096039837257,
            "12": 0.7031510634097355,
            "13": 0.548696717659461,
            "14": 0.5702318207223221,
            "15": 0.5493619929032488,
            "16": 0.5864415121180834,
            "17": 0.5429910354135001,
            "18": 0.7867886562556138,
            "19": 0.5458170083234949
        }
    }
}