{
    "classification type": "multiclass",
    "class balance": "balanced",
    "dataset name": "irish-times_balanced",
    "class names": [
        0,
        1,
        8,
        5,
        4,
        12,
        7,
        14,
        15,
        9,
        16,
        13,
        18,
        2,
        6,
        11,
        17,
        3,
        10,
        19
    ],
    "model name": "logistic_regression",
    "index": 3,
    "cv fold": 0,
    "fold info": {
        "train distribution": 120840,
        "test distribution": 30210,
        "train distribution pct": 950.0,
        "test distribution pct": 950.0
    },
    "metrics": {
        "macro_accuracy": 0.9545931816101074,
        "micro_accuracy": 0.9545931816101074,
        "accuracy_per_class": {
            "0": 0.922189474105835,
            "1": 0.9330188632011414,
            "8": 0.9619693160057068,
            "5": 0.9357311129570007,
            "4": 0.9457743763923645,
            "12": 0.95689857006073,
            "7": 0.9495872855186462,
            "14": 0.9771029949188232,
            "15": 0.9681210517883301,
            "9": 0.9636006355285645,
            "16": 0.9661556482315063,
            "13": 0.9763168096542358,
            "18": 0.9615762829780579,
            "2": 0.9643278121948242,
            "6": 0.9552869200706482,
            "11": 0.9666863083839417,
            "17": 0.9503341317176819,
            "3": 0.9449292421340942,
            "10": 0.9654874205589294,
            "19": 0.9267688393592834
        },
        "macro_precision": 0.5496683716773987,
        "micro_precision": 0.5459315776824951,
        "precision_per_class": {
            "0": 0.21414141356945038,
            "1": 0.3375939726829529,
            "8": 0.6378451585769653,
            "5": 0.4223695397377014,
            "4": 0.4531181752681732,
            "12": 0.5944055914878845,
            "7": 0.49643221497535706,
            "14": 0.7905604839324951,
            "15": 0.6675145626068115,
            "9": 0.6415712237358093,
            "16": 0.652222216129303,
            "13": 0.7564151883125305,
            "18": 0.6408417224884033,
            "2": 0.6574513912200928,
            "6": 0.5493940711021423,
            "11": 0.6685192584991455,
            "17": 0.5035789608955383,
            "3": 0.44751831889152527,
            "10": 0.661873459815979,
            "19": 0.20000000298023224
        },
        "macro_recall": 0.5459316372871399,
        "micro_recall": 0.5459315776824951,
        "recall_per_class": {
            "0": 0.2083333283662796,
            "1": 0.3529874086380005,
            "8": 0.5538522005081177,
            "5": 0.7763364911079407,
            "4": 0.4084119498729706,
            "12": 0.43435534834861755,
            "7": 0.5742924809455872,
            "14": 0.7374213933944702,
            "15": 0.7220911979675293,
            "9": 0.6163522005081177,
            "16": 0.6922169923782349,
            "13": 0.7763364911079407,
            "18": 0.5267295837402344,
            "2": 0.5982704162597656,
            "6": 0.5880503058433533,
            "11": 0.6619496941566467,
            "17": 0.47012579441070557,
            "3": 0.4323899447917938,
            "10": 0.6332547068595886,
            "19": 0.15487422049045563
        },
        "macro_f1": 0.5434809923171997,
        "micro_f1": 0.5459315776824951,
        "f1_per_class": {
            "0": 0.21119745075702667,
            "1": 0.3451191484928131,
            "8": 0.5928887128829956,
            "5": 0.5470914244651794,
            "4": 0.4296051263809204,
            "12": 0.5019304752349854,
            "7": 0.5325314402580261,
            "14": 0.7630668878555298,
            "15": 0.6937311291694641,
            "9": 0.6287088990211487,
            "16": 0.6716247200965881,
            "13": 0.7662463784217834,
            "18": 0.5782092809677124,
            "2": 0.6264663338661194,
            "6": 0.5680652856826782,
            "11": 0.6652182340621948,
            "17": 0.48627769947052,
            "3": 0.43982407450675964,
            "10": 0.6472479104995728,
            "19": 0.17456801235675812
        },
        "Kappa": 0.5220332145690918,
        "MSE": 0.029820943251252174,
        "LogLoss": 1.5761322975158691,
        "AUNU": 0.91107577085495,
        "micro_ROC-AUC": 0.9190644025802612,
        "AUNP": 0.91107577085495,
        "AU1U": 0.9110757491226249,
        "AU1P": 0.9110757491226251,
        "ROC-AUC_per_class_vs_rest": {
            "0": 0.782999940048851,
            "1": 0.8656027671667822,
            "8": 0.8997212287832136,
            "5": 0.952907156618815,
            "4": 0.8675684443369682,
            "12": 0.9106054566735681,
            "7": 0.9181612857338776,
            "14": 0.9597081192267336,
            "15": 0.9615417810715453,
            "9": 0.931028520677584,
            "16": 0.9653838226752355,
            "13": 0.9765616420447331,
            "18": 0.919926941408828,
            "2": 0.9354146563676902,
            "6": 0.9281958492140446,
            "11": 0.9388430903421854,
            "17": 0.8926043068671293,
            "3": 0.8855446809115541,
            "10": 0.9431520669842028,
            "19": 0.7860432252989555
        }
    }
}