{
    "classification type": "multilabel",
    "class balance": "balanced",
    "dataset name": "stackexcs_trimmed",
    "class names": [
        "tag_algorithms",
        "tag_complexity-theory",
        "tag_formal-languages",
        "tag_graph-theory",
        "tag_terminology",
        "tag_graphs",
        "tag_computability",
        "tag_turing-machines",
        "tag_context-free",
        "tag_regular-languages",
        "tag_automata",
        "tag_formal-grammars",
        "tag_finite-automata"
    ],
    "model name": "knn",
    "index": 0,
    "cv fold": 2,
    "fold info": {
        "train distribution": [
            93,
            91,
            93,
            90,
            86,
            87,
            88,
            94,
            84,
            86,
            94,
            87,
            89
        ],
        "test distribution": [
            23,
            22,
            23,
            22,
            21,
            21,
            22,
            23,
            21,
            21,
            23,
            21,
            22
        ],
        "train distribution pct": [
            14.553990610328638,
            14.241001564945227,
            14.553990610328638,
            14.084507042253522,
            13.458528951486699,
            13.615023474178404,
            13.77151799687011,
            14.710485133020345,
            13.145539906103288,
            13.458528951486699,
            14.710485133020345,
            13.615023474178404,
            13.928012519561817
        ],
        "test distribution pct": [
            14.374999999999998,
            13.750000000000002,
            14.374999999999998,
            13.750000000000002,
            13.125,
            13.125,
            13.750000000000002,
            14.374999999999998,
            13.125,
            13.125,
            14.374999999999998,
            13.125,
            13.750000000000002
        ]
    },
    "metrics": {
        "macro_accuracy": 0.8779674870583961,
        "micro_accuracy": 0.8779674870583961,
        "accuracy_per_class": {
            "tag_algorithms": 0.8451003541912633,
            "tag_complexity-theory": 0.8694214876033057,
            "tag_formal-languages": 0.8355371900826446,
            "tag_graph-theory": 0.876741440377804,
            "tag_terminology": 0.8412042502951594,
            "tag_graphs": 0.8753246753246753,
            "tag_computability": 0.8759149940968123,
            "tag_turing-machines": 0.9009445100354191,
            "tag_context-free": 0.907556080283353,
            "tag_regular-languages": 0.8938606847697756,
            "tag_automata": 0.8707201889020071,
            "tag_formal-grammars": 0.9212514757969303,
            "tag_finite-automata": 0.9
        },
        "macro_precision": 0.5719709358143091,
        "micro_precision": 0.5910396323951752,
        "precision_per_class": {
            "tag_algorithms": 0.43613707165109034,
            "tag_complexity-theory": 0.5682492581602374,
            "tag_formal-languages": 0.3900804289544236,
            "tag_graph-theory": 0.5756302521008403,
            "tag_terminology": 0.2803347280334728,
            "tag_graphs": 0.5529131985731273,
            "tag_computability": 0.583941605839416,
            "tag_turing-machines": 0.7002997002997003,
            "tag_context-free": 0.6829268292682927,
            "tag_regular-languages": 0.6364692218350755,
            "tag_automata": 0.5846867749419954,
            "tag_formal-grammars": 0.749738219895288,
            "tag_finite-automata": 0.6942148760330579
        },
        "macro_recall": 0.4035886583709653,
        "micro_recall": 0.40250342264815175,
        "recall_per_class": {
            "tag_algorithms": 0.22764227642276422,
            "tag_complexity-theory": 0.31969949916527546,
            "tag_formal-languages": 0.2367778681855167,
            "tag_graph-theory": 0.4612794612794613,
            "tag_terminology": 0.11806167400881057,
            "tag_graphs": 0.40611353711790393,
            "tag_computability": 0.34305317324185247,
            "tag_turing-machines": 0.5653225806451613,
            "tag_context-free": 0.5534591194968553,
            "tag_regular-languages": 0.48324514991181655,
            "tag_automata": 0.40612409347300565,
            "tag_formal-grammars": 0.6258741258741258,
            "tag_finite-automata": 0.5
        },
        "macro_f1": 0.4700811050303348,
        "micro_f1": 0.4788830715532286,
        "f1_per_class": {
            "tag_algorithms": 0.29914529914529914,
            "tag_complexity-theory": 0.4091880341880342,
            "tag_formal-languages": 0.29468354430379745,
            "tag_graph-theory": 0.5121495327102804,
            "tag_terminology": 0.1661500309981401,
            "tag_graphs": 0.46827794561933533,
            "tag_computability": 0.4321988114532685,
            "tag_turing-machines": 0.6256135653726015,
            "tag_context-free": 0.6114143920595534,
            "tag_regular-languages": 0.5493734335839598,
            "tag_automata": 0.4793152639087018,
            "tag_formal-grammars": 0.6822296331586469,
            "tag_finite-automata": 0.5813148788927336
        },
        "MSE": 0.10183927416801453,
        "LogLoss": 3.0576372146606445,
        "AUNU": 0.781163215637207,
        "micro_ROC-AUC": 0.7841953039169312,
        "AUNP": 0.780676543712616,
        "ROC-AUC_per_class_vs_rest": {
            "tag_algorithms": 0.693406212100795,
            "tag_complexity-theory": 0.7342286764152207,
            "tag_formal-languages": 0.7151416831353958,
            "tag_graph-theory": 0.8263780231131235,
            "tag_terminology": 0.6361678513193337,
            "tag_graphs": 0.7874974439989865,
            "tag_computability": 0.7883444936771882,
            "tag_turing-machines": 0.833256926783563,
            "tag_context-free": 0.8450842484454422,
            "tag_regular-languages": 0.8194561044661008,
            "tag_automata": 0.787524541061391,
            "tag_formal-grammars": 0.8601059140831868,
            "tag_finite-automata": 0.8285297392880925
        }
    }
}