{
    "classification type": "binary",
    "class balance": "imbalanced",
    "dataset name": "amazon-reviews-0.25_imbalanced",
    "class names": [
        1,
        0
    ],
    "model name": "decision_tree",
    "index": 1,
    "cv fold": 3,
    "fold info": {
        "train distribution": 21841,
        "test distribution": 5460,
        "train distribution pct": 76.46605748695865,
        "test distribution pct": 76.45987956868787
    },
    "metrics": {
        "macro_accuracy": 0.873305082321167,
        "micro_accuracy": 0.873305082321167,
        "accuracy_per_class": {
            "1": 0.873305082321167,
            "0": 0.873305082321167
        },
        "macro_precision": 0.830362856388092,
        "micro_precision": 0.873305082321167,
        "precision_per_class": {
            "1": 0.7556843757629395,
            "0": 0.9050413370132446
        },
        "macro_recall": 0.8071836829185486,
        "micro_recall": 0.873305082321167,
        "recall_per_class": {
            "1": 0.6822596788406372,
            "0": 0.93210768699646
        },
        "macro_f1": 0.8177362680435181,
        "micro_f1": 0.873305082321167,
        "f1_per_class": {
            "1": 0.7170974016189575,
            "0": 0.9183751344680786
        },
        "MSE": 0.10620681196451187,
        "LogLoss": 5.4288859367370605,
        "AUNU": 0.8416138291358948,
        "micro_ROC-AUC": 0.8416138291358948
    }
}