{
    "classification type": "binary",
    "class balance": "balanced",
    "dataset name": "fake-news_balanced",
    "class names": [
        0,
        1
    ],
    "model name": "logistic_regression",
    "index": 2,
    "cv fold": 3,
    "fold info": {
        "train distribution": 10057,
        "test distribution": 2515,
        "train distribution pct": 49.997514292816305,
        "test distribution pct": 50.009942334460135
    },
    "metrics": {
        "macro_accuracy": 0.9982103109359741,
        "micro_accuracy": 0.9982103109359741,
        "accuracy_per_class": {
            "0": 0.9982103109359741,
            "1": 0.9982103109359741
        },
        "macro_precision": 0.9982104301452637,
        "micro_precision": 0.9982103109359741,
        "precision_per_class": {
            "0": 0.9984085559844971,
            "1": 0.9980122447013855
        },
        "macro_recall": 0.9982103109359741,
        "micro_recall": 0.9982103109359741,
        "recall_per_class": {
            "0": 0.9980114698410034,
            "1": 0.9984091520309448
        },
        "macro_f1": 0.9982103109359741,
        "micro_f1": 0.9982103109359741,
        "f1_per_class": {
            "0": 0.9982099533081055,
            "1": 0.9982106685638428
        },
        "MSE": 0.0015464596217498183,
        "LogLoss": 0.0073908246122300625,
        "AUNU": 0.9998789429664612,
        "micro_ROC-AUC": 0.9998789429664612
    }
}