{
    "classification type": "multiclass",
    "class balance": "balanced",
    "dataset name": "stocks_balanced",
    "class names": [
        0,
        1,
        2,
        3,
        4,
        5,
        6,
        7,
        8,
        9,
        10,
        11,
        12,
        13,
        14,
        15,
        16,
        17,
        18,
        19
    ],
    "model name": "knn",
    "index": 4,
    "cv fold": 3,
    "fold info": {
        "train distribution": 111720,
        "test distribution": 27930,
        "train distribution pct": 950.0,
        "test distribution pct": 950.0
    },
    "metrics": {
        "macro_accuracy": 0.9135810732841492,
        "micro_accuracy": 0.9135810732841492,
        "accuracy_per_class": {
            "0": 0.7529856562614441,
            "1": 0.9508829712867737,
            "2": 0.9501649141311646,
            "3": 0.5494399666786194,
            "4": 0.9582869410514832,
            "5": 0.9510307312011719,
            "6": 0.9604583382606506,
            "7": 0.9498488306999207,
            "8": 0.9501030445098877,
            "9": 0.9507215023040771,
            "10": 0.9499690532684326,
            "11": 0.9563080072402954,
            "12": 0.9682642817497253,
            "13": 0.9503401517868042,
            "14": 0.9532158374786377,
            "15": 0.95045006275177,
            "16": 0.9553906321525574,
            "17": 0.9498453736305237,
            "18": 0.9778808355331421,
            "19": 0.7360337972640991
        },
        "macro_precision": 0.652542233467102,
        "micro_precision": 0.1358104795217514,
        "precision_per_class": {
            "0": 0.056148119270801544,
            "1": 0.8096385598182678,
            "2": 0.7790697813034058,
            "3": 0.0549468994140625,
            "4": 0.9835605621337891,
            "5": 0.9437869787216187,
            "6": 0.9970607161521912,
            "7": 0.0,
            "8": 1.0,
            "9": 0.8220859169960022,
            "10": 0.0,
            "11": 0.9234317541122437,
            "12": 0.9898636341094971,
            "13": 0.8897637724876404,
            "14": 0.9785276055335999,
            "15": 0.7885462641716003,
            "16": 0.9833641648292542,
            "17": 0.0,
            "18": 0.996451735496521,
            "19": 0.05459798872470856
        },
        "macro_recall": 0.1358104795217514,
        "micro_recall": 0.1358104795217514,
        "recall_per_class": {
            "0": 0.24922695755958557,
            "1": 0.02308802306652069,
            "2": 0.004603861831128597,
            "3": 0.49453720450401306,
            "4": 0.1685563176870346,
            "5": 0.02191987819969654,
            "6": 0.20978492498397827,
            "7": 0.0,
            "8": 0.002061430597677827,
            "9": 0.01841544732451439,
            "10": 0.0,
            "11": 0.13756613433361053,
            "12": 0.3690648078918457,
            "13": 0.007764722220599651,
            "14": 0.06575963646173477,
            "15": 0.01229986920952797,
            "16": 0.10966811329126358,
            "17": 0.0,
            "18": 0.5596097111701965,
            "19": 0.26228269934654236
        },
        "macro_f1": 0.1453208029270172,
        "micro_f1": 0.1358104795217514,
        "f1_per_class": {
            "0": 0.09164876490831375,
            "1": 0.044895779341459274,
            "2": 0.009153630584478378,
            "3": 0.09890472143888474,
            "4": 0.2877925634384155,
            "5": 0.04284467175602913,
            "6": 0.3466363847255707,
            "7": 0.0,
            "8": 0.004114379640668631,
            "9": 0.03602392598986626,
            "10": 0.0,
            "11": 0.23945936560630798,
            "12": 0.537664532661438,
            "13": 0.015395095571875572,
            "14": 0.12323739379644394,
            "15": 0.02422192133963108,
            "16": 0.19732937216758728,
            "17": 0.0,
            "18": 0.7167121171951294,
            "19": 0.09038170427083969
        },
        "Kappa": 0.09032681584358215,
        "MSE": 0.05378168076276779,
        "LogLoss": 6.415513038635254,
        "AUNU": 0.569640576839447,
        "micro_ROC-AUC": 0.5881961584091187,
        "AUNP": 0.569640576839447,
        "AU1U": 0.5696405651205169,
        "AU1P": 0.569640565120517,
        "ROC-AUC_per_class_vs_rest": {
            "0": 0.5450401242667416,
            "1": 0.5410395799047805,
            "2": 0.5346797554809339,
            "3": 0.5323193157538866,
            "4": 0.6039642848269238,
            "5": 0.5405403033592762,
            "6": 0.6232188977317104,
            "7": 0.526155643231212,
            "8": 0.5314450543398507,
            "9": 0.5386252770671869,
            "10": 0.5320245848586903,
            "11": 0.5905187979137023,
            "12": 0.6984826855036805,
            "13": 0.5353684364233826,
            "14": 0.5593789497258228,
            "15": 0.5360645008034457,
            "16": 0.5774410284848925,
            "17": 0.5297208624871733,
            "18": 0.7852109091504219,
            "19": 0.5315723110966217
        }
    }
}