{
    "classification type": "multilabel",
    "class balance": "balanced",
    "dataset name": "imdb_balanced",
    "class names": [
        "Romance",
        "Thriller",
        "Action",
        "Crime",
        "Family",
        "Horror",
        "Adventure"
    ],
    "model name": "knn",
    "index": 3,
    "cv fold": 2,
    "fold info": {
        "train distribution": [
            6379,
            6377,
            6377,
            6378,
            6378,
            6378,
            6377
        ],
        "test distribution": [
            1594,
            1594,
            1594,
            1594,
            1595,
            1594,
            1594
        ],
        "train distribution pct": [
            21.928497765555175,
            21.921622550704708,
            21.921622550704708,
            21.92506015812994,
            21.92506015812994,
            21.92506015812994,
            21.921622550704708
        ],
        "test distribution pct": [
            22.1173858748439,
            22.1173858748439,
            22.1173858748439,
            22.1173858748439,
            22.13126127376162,
            22.1173858748439,
            22.1173858748439
        ]
    },
    "metrics": {
        "macro_accuracy": 0.7480685231580466,
        "micro_accuracy": 0.7480685231580466,
        "accuracy_per_class": {
            "Romance": 0.6314541058366235,
            "Thriller": 0.7724344259786368,
            "Action": 0.7745309582835981,
            "Crime": 0.7743473204174701,
            "Family": 0.7623572980748631,
            "Horror": 0.7526780522143666,
            "Adventure": 0.7686775013007682
        },
        "macro_precision": 0.256521303958097,
        "micro_precision": 0.23856307317159367,
        "precision_per_class": {
            "Romance": 0.22678270634475015,
            "Thriller": 0.26108824874256975,
            "Action": 0.2617283950617284,
            "Crime": 0.2750992626205332,
            "Family": 0.2457919723780751,
            "Horror": 0.25684380032206117,
            "Adventure": 0.2683147422369611
        },
        "macro_recall": 0.06720142752768866,
        "micro_recall": 0.06720693723337,
        "recall_per_class": {
            "Romance": 0.28144380182565676,
            "Thriller": 0.019898243657652633,
            "Action": 0.014776093396062031,
            "Crime": 0.0169001324134086,
            "Family": 0.03968364573897289,
            "Horror": 0.06669221924108854,
            "Adventure": 0.031015856420979263
        },
        "macro_f1": 0.08254241019651287,
        "micro_f1": 0.1048702811868883,
        "f1_per_class": {
            "Romance": 0.25117378190976647,
            "Thriller": 0.036978272836188195,
            "Action": 0.02797295068447963,
            "Crime": 0.031843997242375494,
            "Family": 0.06833453323734101,
            "Horror": 0.10588918702110592,
            "Adventure": 0.055604148444333375
        },
        "MSE": 0.20503439009189606,
        "LogLoss": 9.103729248046875,
        "AUNU": 0.5087745785713196,
        "micro_ROC-AUC": 0.5082395672798157,
        "AUNP": 0.5087746381759644,
        "ROC-AUC_per_class_vs_rest": {
            "Romance": 0.5087841986965143,
            "Thriller": 0.5110108802391251,
            "Action": 0.5038614113989935,
            "Crime": 0.5109647973714537,
            "Family": 0.5056190295114539,
            "Horror": 0.5150228705753697,
            "Adventure": 0.5061587217741577
        }
    }
}