{
    "classification type": "multiclass",
    "class balance": "imbalanced",
    "dataset name": "nyt-comments-april17_imbalanced",
    "class names": [
        3,
        4,
        5,
        0,
        1,
        2
    ],
    "model name": "knn",
    "index": 0,
    "cv fold": 3,
    "fold info": {
        "train distribution": 13836,
        "test distribution": 3458,
        "train distribution pct": 219.86334021929127,
        "test distribution pct": 219.83471074380162
    },
    "metrics": {
        "macro_accuracy": 0.8540830612182617,
        "micro_accuracy": 0.8540830016136169,
        "accuracy_per_class": {
            "3": 0.8714224696159363,
            "4": 0.88438481092453,
            "5": 0.6758527159690857,
            "0": 0.8595705032348633,
            "1": 0.9000346064567566,
            "2": 0.9332330226898193
        },
        "macro_precision": 0.5246034264564514,
        "micro_precision": 0.5622490644454956,
        "precision_per_class": {
            "3": 0.48807936906814575,
            "4": 0.6664766073226929,
            "5": 0.5366211533546448,
            "0": 0.5108069777488708,
            "1": 0.7051619291305542,
            "2": 0.24047470092773438
        },
        "macro_recall": 0.4679419994354248,
        "micro_recall": 0.5622490644454956,
        "recall_per_class": {
            "3": 0.42099884152412415,
            "4": 0.5783848166465759,
            "5": 0.734841525554657,
            "0": 0.3455849289894104,
            "1": 0.6118080019950867,
            "2": 0.11603375524282455
        },
        "macro_f1": 0.48593804240226746,
        "micro_f1": 0.5622490644454956,
        "f1_per_class": {
            "3": 0.45206418633461,
            "4": 0.6193138360977173,
            "5": 0.6202801465988159,
            "0": 0.41225796937942505,
            "1": 0.6551762223243713,
            "2": 0.15653587877750397
        },
        "Kappa": 0.41601496934890747,
        "MSE": 0.11659998446702957,
        "LogLoss": 4.372314929962158,
        "AUNU": 0.7403490543365479,
        "micro_ROC-AUC": 0.77370285987854,
        "AUNP": 0.7419044971466064,
        "AU1U": 0.739131193054315,
        "AU1P": 0.7380629602101505,
        "ROC-AUC_per_class_vs_rest": {
            "3": 0.7300929238185431,
            "4": 0.7977822690618577,
            "5": 0.7111910625406028,
            "0": 0.6966176919010449,
            "1": 0.8274890219799514,
            "2": 0.6789212262900286
        }
    }
}