{
    "classification type": "multilabel",
    "class balance": "balanced",
    "dataset name": "mediamill_trimmed",
    "class names": [
        "Class68",
        "Class32",
        "Class34",
        "Class67"
    ],
    "model name": "decision_tree",
    "index": 1,
    "cv fold": 0,
    "fold info": {
        "train distribution": [
            3557,
            3125,
            3123,
            3104
        ],
        "test distribution": [
            889,
            782,
            780,
            776
        ],
        "train distribution pct": [
            54.23082787010215,
            47.644457996645826,
            47.613965543527975,
            47.32428723890837
        ],
        "test distribution pct": [
            54.207317073170735,
            47.68292682926829,
            47.5609756097561,
            47.3170731707317
        ]
    },
    "metrics": {
        "macro_accuracy": 0.7617567726046676,
        "micro_accuracy": 0.7617567726046676,
        "accuracy_per_class": {
            "Class68": 0.7835111997185411,
            "Class32": 0.7653336460654392,
            "Class34": 0.7757241702826316,
            "Class67": 0.7224580743520582
        },
        "macro_precision": 0.7494874832314246,
        "micro_precision": 0.7514788773316288,
        "precision_per_class": {
            "Class68": 0.783252437084472,
            "Class32": 0.7475276044167066,
            "Class34": 0.7541317421982289,
            "Class67": 0.7130381492262908
        },
        "macro_recall": 0.7684260922413573,
        "micro_recall": 0.7706270037064845,
        "recall_per_class": {
            "Class68": 0.8306155110515161,
            "Class32": 0.7664025200570951,
            "Class34": 0.7846760285784676,
            "Class67": 0.6920103092783505
        },
        "macro_f1": 0.7586385005601196,
        "micro_f1": 0.7609324985878365,
        "f1_per_class": {
            "Class68": 0.8062389789235033,
            "Class32": 0.7568474007825601,
            "Class34": 0.7691007437457742,
            "Class67": 0.702366878788641
        },
        "MSE": 0.1861676275730133,
        "LogLoss": 7.025321006774902,
        "AUNU": 0.7941605448722839,
        "micro_ROC-AUC": 0.7957385182380676,
        "AUNP": 0.7948528528213501,
        "ROC-AUC_per_class_vs_rest": {
            "Class68": 0.8130617268181084,
            "Class32": 0.7989164091651139,
            "Class34": 0.8092252778676562,
            "Class67": 0.755438883671679
        }
    }
}