{
    "classification type": "multilabel",
    "class balance": "balanced",
    "dataset name": "yelp_balanced",
    "class names": [
        "IsFoodGood",
        "IsAmbianceGood",
        "IsServiceGood",
        "IsPriceGood"
    ],
    "model name": "logistic_regression",
    "index": 1,
    "cv fold": 1,
    "fold info": {
        "train distribution": [
            2075,
            2022,
            2007,
            1882
        ],
        "test distribution": [
            519,
            505,
            502,
            470
        ],
        "train distribution pct": [
            55.054391085168476,
            53.64818254178827,
            53.25019899177501,
            49.93366940833112
        ],
        "test distribution pct": [
            54.689146469968385,
            53.213909378292946,
            52.89778714436248,
            49.52581664910432
        ]
    },
    "metrics": {
        "macro_accuracy": 0.7732118554362619,
        "micro_accuracy": 0.7732118554362619,
        "accuracy_per_class": {
            "IsFoodGood": 0.8062906396491759,
            "IsAmbianceGood": 0.7488280659307425,
            "IsServiceGood": 0.7631937093603508,
            "IsPriceGood": 0.7745350068047785
        },
        "macro_precision": 0.7943391741195689,
        "micro_precision": 0.7943890734588409,
        "precision_per_class": {
            "IsFoodGood": 0.8422125181950509,
            "IsAmbianceGood": 0.7655719139297849,
            "IsServiceGood": 0.7915543575920935,
            "IsPriceGood": 0.7780179067613461
        },
        "macro_recall": 0.7697152599359871,
        "micro_recall": 0.7700014312294261,
        "recall_per_class": {
            "IsFoodGood": 0.7965308370044053,
            "IsAmbianceGood": 0.7644896805202148,
            "IsServiceGood": 0.7523484201537147,
            "IsPriceGood": 0.7654921020656136
        },
        "macro_f1": 0.78173078751864,
        "micro_f1": 0.7820051600712236,
        "f1_per_class": {
            "IsFoodGood": 0.818734965331824,
            "IsAmbianceGood": 0.765030414485783,
            "IsServiceGood": 0.7714535901926445,
            "IsPriceGood": 0.7717041800643086
        },
        "MSE": 0.16683129966259003,
        "LogLoss": 0.549848198890686,
        "AUNU": 0.8329808712005615,
        "micro_ROC-AUC": 0.8344160318374634,
        "AUNP": 0.8332369923591614,
        "ROC-AUC_per_class_vs_rest": {
            "IsFoodGood": 0.8717583794280073,
            "IsAmbianceGood": 0.8041943187988909,
            "IsServiceGood": 0.8214291617310818,
            "IsPriceGood": 0.8345417229654949
        }
    }
}