{
    "classification type": "binary",
    "class balance": "imbalanced",
    "dataset name": "colon-0.5_imbalanced",
    "class names": [
        0,
        1
    ],
    "model name": "logistic_regression",
    "index": 3,
    "cv fold": 4,
    "fold info": {
        "train distribution": 229,
        "test distribution": 58,
        "train distribution pct": 16.739766081871345,
        "test distribution pct": 16.95906432748538
    },
    "metrics": {
        "macro_accuracy": 0.96915203332901,
        "micro_accuracy": 0.96915203332901,
        "accuracy_per_class": {
            "0": 0.96915203332901,
            "1": 0.96915203332901
        },
        "macro_precision": 0.9589004516601562,
        "micro_precision": 0.96915203332901,
        "precision_per_class": {
            "0": 0.9737251400947571,
            "1": 0.9440758228302002
        },
        "macro_recall": 0.9286152124404907,
        "micro_recall": 0.96915203332901,
        "recall_per_class": {
            "0": 0.9896345734596252,
            "1": 0.8675957918167114
        },
        "macro_f1": 0.9429184794425964,
        "micro_f1": 0.96915203332901,
        "f1_per_class": {
            "0": 0.981615424156189,
            "1": 0.9042215347290039
        },
        "MSE": 0.023163266479969025,
        "LogLoss": 0.07780791819095612,
        "AUNU": 0.9922753572463989,
        "micro_ROC-AUC": 0.9922753572463989
    }
}