{
    "classification type": "multilabel",
    "class balance": "imbalanced",
    "dataset name": "mediamill_imbalanced",
    "class names": [
        "Class3",
        "Class12",
        "Class17",
        "Class44",
        "Class55",
        "Class57",
        "Class58",
        "Class76",
        "Class79",
        "Class94",
        "Class96",
        "Class97"
    ],
    "model name": "random_forest",
    "index": 1,
    "cv fold": 2,
    "fold info": {
        "train distribution": [
            80,
            2652,
            1109,
            2132,
            145,
            64,
            883,
            2235,
            3846,
            3830,
            1762,
            2136
        ],
        "test distribution": [
            20,
            662,
            277,
            534,
            36,
            16,
            220,
            558,
            962,
            957,
            440,
            534
        ],
        "train distribution pct": [
            0.7969715082685794,
            26.419605499103405,
            11.048017533373182,
            21.239290695357642,
            1.4445108587368,
            0.6375772066148635,
            8.796573022514446,
            22.265391512253437,
            38.31440526001195,
            38.15501095835824,
            17.553297469615462,
            21.27913927077107
        ],
        "test distribution pct": [
            0.8061265618702136,
            26.68278919790407,
            11.164852881902458,
            21.5235792019347,
            1.4510278113663846,
            0.6449012494961709,
            8.86739218057235,
            22.49093107617896,
            38.77468762595728,
            38.57315598548972,
            17.7347843611447,
            21.5235792019347
        ]
    },
    "metrics": {
        "macro_accuracy": 0.8311823513882671,
        "micro_accuracy": 0.8311823513882671,
        "accuracy_per_class": {
            "Class3": 0.9910678006955683,
            "Class12": 0.7195826589993457,
            "Class17": 0.8721531627698771,
            "Class44": 0.8015288729726938,
            "Class55": 0.9785544574911332,
            "Class57": 0.9897524189938363,
            "Class58": 0.8908784132777797,
            "Class76": 0.7532040907682243,
            "Class79": 0.7381150786818635,
            "Class94": 0.6497434661340863,
            "Class96": 0.8061912468578906,
            "Class97": 0.7834165490169072
        },
        "macro_precision": 0.38922552789417053,
        "micro_precision": 0.519599874383463,
        "precision_per_class": {
            "Class3": 0.4138364779874214,
            "Class12": 0.45402020202020205,
            "Class17": 0.36071268489466607,
            "Class44": 0.544188582693679,
            "Class55": 0.06666666666666667,
            "Class57": 0.017241379310344827,
            "Class58": 0.27454169130691897,
            "Class76": 0.40909812218989683,
            "Class79": 0.6747272655665393,
            "Class94": 0.5523706993226574,
            "Class96": 0.41515349444807315,
            "Class97": 0.4881490683229814
        },
        "macro_recall": 0.27094196164566947,
        "micro_recall": 0.37175445900491005,
        "recall_per_class": {
            "Class3": 0.2836206896551724,
            "Class12": 0.29231049373081525,
            "Class17": 0.20021146908819504,
            "Class44": 0.41951755804177715,
            "Class55": 0.037142857142857144,
            "Class57": 0.010775862068965518,
            "Class58": 0.1451348182883939,
            "Class76": 0.238711071329362,
            "Class79": 0.6143474441037778,
            "Class94": 0.44351600064830987,
            "Class96": 0.248825555903539,
            "Class97": 0.31718971974686816
        },
        "macro_f1": 0.3172215296745801,
        "micro_f1": 0.43341589974921896,
        "f1_per_class": {
            "Class3": 0.33657289002557544,
            "Class12": 0.35564628433978984,
            "Class17": 0.25749940004799615,
            "Class44": 0.47378896050541386,
            "Class55": 0.047706422018348627,
            "Class57": 0.013262599469496022,
            "Class58": 0.18988700853826881,
            "Class76": 0.301496959301419,
            "Class79": 0.6431232696729389,
            "Class94": 0.4919942066623383,
            "Class96": 0.3111568022715034,
            "Class97": 0.3845235532418733
        },
        "MSE": 0.14485716819763184,
        "LogLoss": 8.763360023498535,
        "AUNU": 0.6614401340484619,
        "micro_ROC-AUC": 0.7273292541503906,
        "AUNP": 0.6680439114570618,
        "ROC-AUC_per_class_vs_rest": {
            "Class3": 0.7552846871368025,
            "Class12": 0.6306827189119129,
            "Class17": 0.6643742661500489,
            "Class44": 0.7148632097346223,
            "Class55": 0.6196340066651026,
            "Class57": 0.5649240405429403,
            "Class58": 0.656973818605921,
            "Class76": 0.637672647901335,
            "Class79": 0.7244273008097704,
            "Class94": 0.6347165918412172,
            "Class96": 0.6591738338565086,
            "Class97": 0.6745543546092754
        }
    }
}