{
    "classification type": "binary",
    "class balance": "balanced",
    "dataset name": "ceas_balanced",
    "class names": [
        1,
        0
    ],
    "model name": "logistic_regression",
    "index": 0,
    "cv fold": 1,
    "fold info": {
        "train distribution": 3194,
        "test distribution": 799,
        "train distribution pct": 49.99217404914697,
        "test distribution pct": 50.03130870381967
    },
    "metrics": {
        "macro_accuracy": 0.9815336465835571,
        "micro_accuracy": 0.9815336465835571,
        "accuracy_per_class": {
            "1": 0.9815336465835571,
            "0": 0.9815336465835571
        },
        "macro_precision": 0.9816538691520691,
        "micro_precision": 0.9815336465835571,
        "precision_per_class": {
            "1": 0.9891857504844666,
            "0": 0.9741219878196716
        },
        "macro_recall": 0.9815312027931213,
        "micro_recall": 0.9815336465835571,
        "recall_per_class": {
            "1": 0.9737007021903992,
            "0": 0.9893617033958435
        },
        "macro_f1": 0.9815324544906616,
        "micro_f1": 0.9815336465835571,
        "f1_per_class": {
            "1": 0.9813821315765381,
            "0": 0.9816827178001404
        },
        "MSE": 0.013410472311079502,
        "LogLoss": 0.05264076218008995,
        "AUNU": 0.9981454014778137,
        "micro_ROC-AUC": 0.9981454014778137
    }
}