{
    "classification type": "multilabel",
    "class balance": "imbalanced",
    "dataset name": "tmc2007500_imbalanced",
    "class names": [
        "class13",
        "class07",
        "class01",
        "class14",
        "class18",
        "class10"
    ],
    "model name": "random_forest",
    "index": 0,
    "cv fold": 2,
    "fold info": {
        "train distribution": [
            2208,
            1786,
            1468,
            895,
            557,
            327
        ],
        "test distribution": [
            552,
            447,
            367,
            223,
            140,
            82
        ],
        "train distribution pct": [
            34.85398579321231,
            28.19258089976322,
            23.172849250197316,
            14.127861089187055,
            8.792423046566693,
            5.161799526440411
        ],
        "test distribution pct": [
            35.04761904761905,
            28.38095238095238,
            23.3015873015873,
            14.15873015873016,
            8.88888888888889,
            5.2063492063492065
        ]
    },
    "metrics": {
        "macro_accuracy": 0.9299813580408851,
        "micro_accuracy": 0.9299813580408851,
        "accuracy_per_class": {
            "class13": 0.8751028487616412,
            "class07": 0.8994288167324501,
            "class01": 0.9651685527241507,
            "class14": 0.9403775294833117,
            "class18": 0.9474487544865909,
            "class10": 0.952361646057166
        },
        "macro_precision": 0.7770455335825496,
        "micro_precision": 0.8283866222472202,
        "precision_per_class": {
            "class13": 0.8369573017581629,
            "class07": 0.8197808656227699,
            "class01": 0.9214686384497706,
            "class14": 0.812118451025057,
            "class18": 0.723404255319149,
            "class10": 0.5485436893203883
        },
        "macro_recall": 0.7333304045963002,
        "micro_recall": 0.798178236808371,
        "recall_per_class": {
            "class13": 0.7973065354115395,
            "class07": 0.8250454180573746,
            "class01": 0.9290010796360084,
            "class14": 0.7520884313560037,
            "class18": 0.6534037082149141,
            "class10": 0.44313725490196076
        },
        "macro_f1": 0.7536816318335613,
        "micro_f1": 0.8130019161053699,
        "f1_per_class": {
            "class13": 0.8166509120190456,
            "class07": 0.8224047167824805,
            "class01": 0.9252195284298917,
            "class14": 0.7809515464820819,
            "class18": 0.6866244755742018,
            "class10": 0.49023861171366595
        },
        "MSE": 0.062305837869644165,
        "LogLoss": 3.7402608394622803,
        "AUNU": 0.8806909918785095,
        "micro_ROC-AUC": 0.9046770334243774,
        "AUNP": 0.8954260945320129,
        "ROC-AUC_per_class_vs_rest": {
            "class13": 0.8778091508090633,
            "class07": 0.8993564166427962,
            "class01": 0.9547452201975434,
            "class14": 0.8916387592592283,
            "class18": 0.8555124357773705,
            "class10": 0.8050839343061504
        }
    }
}