{
    "classification type": "multilabel",
    "class balance": "balanced",
    "dataset name": "mediamill_balanced",
    "class names": [
        "Class3",
        "Class12",
        "Class17",
        "Class44",
        "Class55",
        "Class57",
        "Class58",
        "Class76",
        "Class79",
        "Class94",
        "Class96",
        "Class97"
    ],
    "model name": "knn",
    "index": 0,
    "cv fold": 3,
    "fold info": {
        "train distribution": [
            1753,
            1807,
            1696,
            1806,
            1661,
            1625,
            1706,
            1800,
            1779,
            1802,
            1794,
            1795
        ],
        "test distribution": [
            438,
            452,
            425,
            452,
            416,
            407,
            427,
            450,
            445,
            450,
            454,
            449
        ],
        "train distribution pct": [
            17.460159362549803,
            17.998007968127492,
            16.89243027888446,
            17.98804780876494,
            16.54382470119522,
            16.185258964143426,
            16.992031872509962,
            17.928286852589643,
            17.719123505976096,
            17.948207171314742,
            17.86852589641434,
            17.878486055776893
        ],
        "test distribution pct": [
            17.668414683340057,
            18.233158531665993,
            17.144009681323112,
            18.233158531665993,
            16.780960064542157,
            16.417910447761194,
            17.224687373941105,
            18.152480839048003,
            17.950786607503026,
            18.152480839048003,
            18.313836224283985,
            18.11214199273901
        ]
    },
    "metrics": {
        "macro_accuracy": 0.8467502831634354,
        "micro_accuracy": 0.8467502831634353,
        "accuracy_per_class": {
            "Class3": 0.9413351988806716,
            "Class12": 0.8200079952028783,
            "Class17": 0.8466919848091146,
            "Class44": 0.8278033180091945,
            "Class55": 0.8731760943433939,
            "Class57": 0.8583849690185889,
            "Class58": 0.8405956426144313,
            "Class76": 0.8234059564261443,
            "Class79": 0.8381970817509494,
            "Class94": 0.8182090745552668,
            "Class96": 0.8367979212472516,
            "Class97": 0.836398161103338
        },
        "macro_precision": 0.5792366713590352,
        "micro_precision": 0.5969632195769146,
        "precision_per_class": {
            "Class3": 0.7915,
            "Class12": 0.5036945812807881,
            "Class17": 0.6022584692597239,
            "Class44": 0.5354131534569984,
            "Class55": 0.6398576512455516,
            "Class57": 0.5868661679135495,
            "Class58": 0.5494211932324132,
            "Class76": 0.5174603174603175,
            "Class79": 0.5739371534195934,
            "Class94": 0.490280777537797,
            "Class96": 0.5951834862385321,
            "Class97": 0.5649671052631579
        },
        "macro_recall": 0.3870372538685032,
        "micro_recall": 0.3850798782807151,
        "recall_per_class": {
            "Class3": 0.9030233884768968,
            "Class12": 0.2263420033204206,
            "Class17": 0.2828520919269299,
            "Class44": 0.3514111787493083,
            "Class55": 0.5409145607701564,
            "Class57": 0.43419434194341944,
            "Class58": 0.3616647127784291,
            "Class76": 0.27166666666666667,
            "Class79": 0.3490725126475548,
            "Class94": 0.252082176568573,
            "Class96": 0.2884936075597554,
            "Class97": 0.38272980501392756
        },
        "macro_f1": 0.4545862888727629,
        "micro_f1": 0.46816381976357696,
        "f1_per_class": {
            "Class3": 0.843591793232081,
            "Class12": 0.3123329515082092,
            "Class17": 0.38492381716118684,
            "Class44": 0.42432342131640494,
            "Class55": 0.586240626018911,
            "Class57": 0.4991162955107812,
            "Class58": 0.43619653587840224,
            "Class76": 0.35628415300546445,
            "Class79": 0.4341139461726669,
            "Class94": 0.332966629996333,
            "Class96": 0.3886184949457132,
            "Class97": 0.456326801727001
        },
        "MSE": 0.11410153657197952,
        "LogLoss": 3.489845037460327,
        "AUNU": 0.7976160645484924,
        "micro_ROC-AUC": 0.8007988929748535,
        "AUNP": 0.7967592477798462,
        "ROC-AUC_per_class_vs_rest": {
            "Class3": 0.9738843777460238,
            "Class12": 0.7339927939435162,
            "Class17": 0.7735408488839267,
            "Class44": 0.7693199657954968,
            "Class55": 0.8497604654489908,
            "Class57": 0.8205017584185389,
            "Class58": 0.801246874955861,
            "Class76": 0.752829230644244,
            "Class79": 0.7973520536890522,
            "Class94": 0.7270853656019525,
            "Class96": 0.7716257620614678,
            "Class97": 0.8002531762371898
        }
    }
}