{
    "classification type": "multiclass",
    "class balance": "balanced",
    "dataset name": "ag-news_balanced",
    "class names": [
        1,
        3,
        0,
        2
    ],
    "model name": "random_forest",
    "index": 0,
    "cv fold": 3,
    "fold info": {
        "train distribution": 5760,
        "test distribution": 1440,
        "train distribution pct": 150.0,
        "test distribution pct": 150.0
    },
    "metrics": {
        "macro_accuracy": 0.8789641857147217,
        "micro_accuracy": 0.8789641261100769,
        "accuracy_per_class": {
            "1": 0.8880401253700256,
            "3": 0.9173032641410828,
            "0": 0.8506366014480591,
            "2": 0.8598765134811401
        },
        "macro_precision": 0.7571585178375244,
        "micro_precision": 0.7579282522201538,
        "precision_per_class": {
            "1": 0.7757823467254639,
            "3": 0.8249531388282776,
            "0": 0.7019744515419006,
            "2": 0.7259241342544556
        },
        "macro_recall": 0.7579282522201538,
        "micro_recall": 0.7579282522201538,
        "recall_per_class": {
            "1": 0.7766203880310059,
            "3": 0.8494598865509033,
            "0": 0.6995370388031006,
            "2": 0.7060956954956055
        },
        "macro_f1": 0.7574636936187744,
        "micro_f1": 0.7579282522201538,
        "f1_per_class": {
            "1": 0.7762011289596558,
            "3": 0.8370271921157837,
            "0": 0.7007536292076111,
            "2": 0.7158726453781128
        },
        "Kappa": 0.6772376894950867,
        "MSE": 0.10947136580944061,
        "LogLoss": 3.381399393081665,
        "AUNU": 0.8335633277893066,
        "micro_ROC-AUC": 0.8342700004577637,
        "AUNP": 0.8335633277893066,
        "AU1U": 0.8335633062854843,
        "AU1P": 0.8335633062854843,
        "ROC-AUC_per_class_vs_rest": {
            "1": 0.8461906540939516,
            "3": 0.8848766483926485,
            "0": 0.7984134310064523,
            "2": 0.8047724916488849
        }
    }
}