{
    "classification type": "binary",
    "class balance": "balanced",
    "dataset name": "spambase_balanced",
    "class names": [
        1,
        0
    ],
    "model name": "knn",
    "index": 4,
    "cv fold": 1,
    "fold info": {
        "train distribution": 187,
        "test distribution": 47,
        "train distribution pct": 50.0,
        "test distribution pct": 50.0
    },
    "metrics": {
        "macro_accuracy": 0.8888766765594482,
        "micro_accuracy": 0.8888766765594482,
        "accuracy_per_class": {
            "1": 0.8888766765594482,
            "0": 0.8888766765594482
        },
        "macro_precision": 0.8894686698913574,
        "micro_precision": 0.8888766765594482,
        "precision_per_class": {
            "1": 0.8742845058441162,
            "0": 0.9046527743339539
        },
        "macro_recall": 0.8888766765594482,
        "micro_recall": 0.8888766765594482,
        "recall_per_class": {
            "1": 0.9083700180053711,
            "0": 0.8693832755088806
        },
        "macro_f1": 0.8888344168663025,
        "micro_f1": 0.8888766765594482,
        "f1_per_class": {
            "1": 0.8910014033317566,
            "0": 0.8866674304008484
        },
        "MSE": 0.09678463637828827,
        "LogLoss": 4.287045001983643,
        "AUNU": 0.9141923189163208,
        "micro_ROC-AUC": 0.9141923189163208
    }
}