{
    "classification type": "multiclass",
    "class balance": "balanced",
    "dataset name": "gas-drift_balanced",
    "class names": [
        2,
        0,
        4,
        3,
        1
    ],
    "model name": "random_forest",
    "index": 0,
    "cv fold": 4,
    "fold info": {
        "train distribution": 2600,
        "test distribution": 650,
        "train distribution pct": 200.0,
        "test distribution pct": 200.0
    },
    "metrics": {
        "macro_accuracy": 0.9931748509407043,
        "micro_accuracy": 0.9931748509407043,
        "accuracy_per_class": {
            "2": 0.9968112111091614,
            "0": 0.9963076710700989,
            "4": 0.990321695804596,
            "3": 0.9882517457008362,
            "1": 0.9941818118095398
        },
        "macro_precision": 0.9829665422439575,
        "micro_precision": 0.9829370379447937,
        "precision_per_class": {
            "2": 0.9932697415351868,
            "0": 0.9904948472976685,
            "4": 0.9818696975708008,
            "3": 0.9667128920555115,
            "1": 0.9824854135513306
        },
        "macro_recall": 0.9829370379447937,
        "micro_recall": 0.9829370379447937,
        "recall_per_class": {
            "2": 0.9907692074775696,
            "0": 0.9910489320755005,
            "4": 0.9695104956626892,
            "3": 0.9748252034187317,
            "1": 0.9885314702987671
        },
        "macro_f1": 0.9829384088516235,
        "micro_f1": 0.9829370379447937,
        "f1_per_class": {
            "2": 0.992017924785614,
            "0": 0.9907718300819397,
            "4": 0.97565096616745,
            "3": 0.9707520604133606,
            "1": 0.9854991436004639
        },
        "Kappa": 0.9786713719367981,
        "MSE": 0.00643602479249239,
        "LogLoss": 0.25967705249786377,
        "AUNU": 0.9893941879272461,
        "micro_ROC-AUC": 0.9894763231277466,
        "AUNP": 0.9893941879272461,
        "AU1U": 0.9893941728201868,
        "AU1P": 0.9893941728201869,
        "ROC-AUC_per_class_vs_rest": {
            "2": 0.9931815736710842,
            "0": 0.9919658858623894,
            "4": 0.9860799354491663,
            "3": 0.9856878086948018,
            "1": 0.9900556604234925
        }
    }
}