{
    "classification type": "binary",
    "class balance": "balanced",
    "dataset name": "ceas_balanced",
    "class names": [
        1,
        0
    ],
    "model name": "knn",
    "index": 4,
    "cv fold": 1,
    "fold info": {
        "train distribution": 3194,
        "test distribution": 799,
        "train distribution pct": 49.99217404914697,
        "test distribution pct": 50.03130870381967
    },
    "metrics": {
        "macro_accuracy": 0.9461365938186646,
        "micro_accuracy": 0.9461365938186646,
        "accuracy_per_class": {
            "1": 0.9461365938186646,
            "0": 0.9461365938186646
        },
        "macro_precision": 0.9488976001739502,
        "micro_precision": 0.9461365938186646,
        "precision_per_class": {
            "1": 0.9841011762619019,
            "0": 0.9136940240859985
        },
        "macro_recall": 0.9461363554000854,
        "micro_recall": 0.9461365938186646,
        "recall_per_class": {
            "1": 0.9069244861602783,
            "0": 0.9853482246398926
        },
        "macro_f1": 0.9460536241531372,
        "micro_f1": 0.9461365938186646,
        "f1_per_class": {
            "1": 0.9439379572868347,
            "0": 0.9481692910194397
        },
        "MSE": 0.043735653162002563,
        "LogLoss": 2.301705837249756,
        "AUNU": 0.9673811197280884,
        "micro_ROC-AUC": 0.9673811197280884
    }
}