{
    "classification type": "binary",
    "class balance": "imbalanced",
    "dataset name": "fake-news_imbalanced",
    "class names": [
        0,
        1
    ],
    "model name": "decision_tree",
    "index": 2,
    "cv fold": 1,
    "fold info": {
        "train distribution": 287,
        "test distribution": 72,
        "train distribution pct": 1.5048238255033557,
        "test distribution pct": 1.5100671140939599
    },
    "metrics": {
        "macro_accuracy": 0.9987529516220093,
        "micro_accuracy": 0.9987529516220093,
        "accuracy_per_class": {
            "0": 0.9987529516220093,
            "1": 0.9987529516220093
        },
        "macro_precision": 0.986888587474823,
        "micro_precision": 0.9987529516220093,
        "precision_per_class": {
            "0": 0.9991084337234497,
            "1": 0.9746687412261963
        },
        "macro_recall": 0.9706337451934814,
        "micro_recall": 0.9987529516220093,
        "recall_per_class": {
            "0": 0.9996259212493896,
            "1": 0.9416415691375732
        },
        "macro_f1": 0.978618860244751,
        "micro_f1": 0.9987529516220093,
        "f1_per_class": {
            "0": 0.9993671178817749,
            "1": 0.9578705430030823
        },
        "MSE": 0.0011231319513171911,
        "LogLoss": 0.06216684728860855,
        "AUNU": 0.9820728302001953,
        "micro_ROC-AUC": 0.9820728302001953
    }
}