{
    "classification type": "multilabel",
    "class balance": "balanced",
    "dataset name": "emotions_trimmed",
    "class names": [
        "angry-aggresive",
        "relaxing-calm",
        "amazed-suprised",
        "happy-pleased",
        "quiet-still",
        "sad-lonely"
    ],
    "model name": "decision_tree",
    "index": 1,
    "cv fold": 1,
    "fold info": {
        "train distribution": [
            143,
            141,
            132,
            118,
            118,
            117
        ],
        "test distribution": [
            36,
            36,
            34,
            30,
            30,
            29
        ],
        "train distribution pct": [
            35.57213930348259,
            35.07462686567165,
            32.83582089552239,
            29.35323383084577,
            29.35323383084577,
            29.1044776119403
        ],
        "test distribution pct": [
            36.734693877551024,
            36.734693877551024,
            34.69387755102041,
            30.612244897959183,
            30.612244897959183,
            29.591836734693878
        ]
    },
    "metrics": {
        "macro_accuracy": 0.7659745396119145,
        "micro_accuracy": 0.7659745396119144,
        "accuracy_per_class": {
            "angry-aggresive": 0.7708565072302559,
            "relaxing-calm": 0.7293288839451242,
            "amazed-suprised": 0.7152391546162402,
            "happy-pleased": 0.6959584723767148,
            "quiet-still": 0.8895068594734891,
            "sad-lonely": 0.7949573600296626
        },
        "macro_precision": 0.6500198085027189,
        "micro_precision": 0.662023292989267,
        "precision_per_class": {
            "angry-aggresive": 0.6945373467112598,
            "relaxing-calm": 0.6354916067146283,
            "amazed-suprised": 0.5904628330995793,
            "happy-pleased": 0.4788732394366197,
            "quiet-still": 0.8240620957309185,
            "sad-lonely": 0.6766917293233082
        },
        "macro_recall": 0.5556968409424079,
        "micro_recall": 0.5568574721475221,
        "recall_per_class": {
            "angry-aggresive": 0.6442605997931747,
            "relaxing-calm": 0.5543933054393305,
            "amazed-suprised": 0.4693422519509476,
            "happy-pleased": 0.2978723404255319,
            "quiet-still": 0.7972465581977471,
            "sad-lonely": 0.5710659898477157
        },
        "macro_f1": 0.5967899524587006,
        "micro_f1": 0.6049034950443402,
        "f1_per_class": {
            "angry-aggresive": 0.6684549356223176,
            "relaxing-calm": 0.5921787709497207,
            "amazed-suprised": 0.5229813664596273,
            "happy-pleased": 0.36728395061728397,
            "quiet-still": 0.8104325699745547,
            "sad-lonely": 0.6194081211286993
        },
        "MSE": 0.18218474090099335,
        "LogLoss": 7.170464515686035,
        "AUNU": 0.7617123126983643,
        "micro_ROC-AUC": 0.7706977725028992,
        "AUNP": 0.7611977458000183,
        "ROC-AUC_per_class_vs_rest": {
            "angry-aggresive": 0.7804968587670584,
            "relaxing-calm": 0.7542144417554477,
            "amazed-suprised": 0.7155998389694042,
            "happy-pleased": 0.6536631669460377,
            "quiet-still": 0.8920219030373847,
            "sad-lonely": 0.7742775338830494
        }
    }
}