{
    "epochs": 3,
    "metrics": {
        "macro_accuracy": 0.9220000505447388,
        "micro_accuracy": 0.921999990940094,
        "accuracy_per_class": {
            "Blues": 0.9200000166893005,
            "Classical": 0.9700000286102295,
            "Country": 0.8600000143051147,
            "Disco": 0.9200000166893005,
            "Hip-Hop": 0.9399999976158142,
            "Jazz": 0.9200000166893005,
            "Metal": 0.9700000286102295,
            "Pop": 0.9300000071525574,
            "Reggae": 0.9100000262260437,
            "Rock": 0.8799999952316284
        },
        "macro_f1": 0.609578549861908,
        "micro_f1": 0.6100000143051147,
        "f1_per_class": {
            "Blues": 0.6363636255264282,
            "Classical": 0.8235293626785278,
            "Country": 0.30000001192092896,
            "Disco": 0.5,
            "Hip-Hop": 0.7272727489471436,
            "Jazz": 0.6000000238418579,
            "Metal": 0.8571428060531616,
            "Pop": 0.5882353186607361,
            "Reggae": 0.6086956858634949,
            "Rock": 0.4545454680919647
        },
        "macro_precision": 0.630426287651062,
        "micro_precision": 0.6100000143051147,
        "precision_per_class": {
            "Blues": 0.5833333134651184,
            "Classical": 1.0,
            "Country": 0.30000001192092896,
            "Disco": 0.6666666865348816,
            "Hip-Hop": 0.6666666865348816,
            "Jazz": 0.6000000238418579,
            "Metal": 0.8181818127632141,
            "Pop": 0.7142857313156128,
            "Reggae": 0.5384615659713745,
            "Rock": 0.4166666567325592
        },
        "macro_recall": 0.6100000739097595,
        "micro_recall": 0.6100000143051147,
        "recall_per_class": {
            "Blues": 0.699999988079071,
            "Classical": 0.699999988079071,
            "Country": 0.30000001192092896,
            "Disco": 0.4000000059604645,
            "Hip-Hop": 0.800000011920929,
            "Jazz": 0.6000000238418579,
            "Metal": 0.8999999761581421,
            "Pop": 0.5,
            "Reggae": 0.699999988079071,
            "Rock": 0.5
        },
        "Cohen's Kappa": 0.5666666626930237,
        "MCC": 0.5684378996830387,
        "MSE": 0.05392124876379967,
        "LogLoss": 1.1564494371414185,
        "AUNu": 0.9315555555555555,
        "AUNp": 0.9315555555555557,
        "AU1u": 0.9315555555555556,
        "AU1p": 0.9315555555555561,
        "ROC-AUC_per_class_vs_rest": {
            "Blues": 0.95,
            "Classical": 0.9988888888888889,
            "Country": 0.8911111111111112,
            "Disco": 0.8477777777777777,
            "Hip-Hop": 0.9622222222222223,
            "Jazz": 0.9344444444444444,
            "Metal": 0.9933333333333334,
            "Pop": 0.9511111111111111,
            "Reggae": 0.9222222222222223,
            "Rock": 0.8644444444444445
        }
    }
}