{
    "classification type": "multilabel",
    "class balance": "balanced",
    "dataset name": "tmc2007500_balanced",
    "class names": [
        "class13",
        "class07",
        "class01",
        "class14",
        "class18",
        "class10"
    ],
    "model name": "logistic_regression",
    "index": 4,
    "cv fold": 3,
    "fold info": {
        "train distribution": [
            1252,
            1253,
            1253,
            1253,
            1190,
            1183
        ],
        "test distribution": [
            313,
            313,
            313,
            313,
            297,
            296
        ],
        "train distribution pct": [
            19.83209250752416,
            19.84793283700301,
            19.84793283700301,
            19.84793283700301,
            18.84999207983526,
            18.73910977348329
        ],
        "test distribution pct": [
            19.599248591108328,
            19.599248591108328,
            19.599248591108328,
            19.599248591108328,
            18.597370068879147,
            18.534752661239825
        ]
    },
    "metrics": {
        "macro_accuracy": 0.9177446976682914,
        "micro_accuracy": 0.9177446976682914,
        "accuracy_per_class": {
            "class13": 0.8882624160189698,
            "class07": 0.9143722829666711,
            "class01": 0.9739428270320116,
            "class14": 0.9409037017520748,
            "class18": 0.9079436174417073,
            "class10": 0.8810433407983138
        },
        "macro_precision": 0.8248140180909441,
        "micro_precision": 0.8305965710739314,
        "precision_per_class": {
            "class13": 0.7879908434583554,
            "class07": 0.7982664616244932,
            "class01": 0.9463894967177243,
            "class14": 0.8920606601248885,
            "class18": 0.7893900889453621,
            "class10": 0.734786557674841
        },
        "macro_recall": 0.7233479390367178,
        "micro_recall": 0.7250400668156475,
        "recall_per_class": {
            "class13": 0.5957135250266241,
            "class07": 0.7596115471597712,
            "class01": 0.9205800186244513,
            "class14": 0.7981907675934549,
            "class18": 0.6962734659568507,
            "class10": 0.569718309859155
        },
        "macro_f1": 0.7690833836989416,
        "micro_f1": 0.7742370920310466,
        "f1_per_class": {
            "class13": 0.6784929118338261,
            "class07": 0.7784594410361282,
            "class01": 0.9333063591611033,
            "class14": 0.8425191322052938,
            "class18": 0.739913651927944,
            "class10": 0.6418088060293534
        },
        "MSE": 0.06156493350863457,
        "LogLoss": 0.21232177317142487,
        "AUNU": 0.9454456567764282,
        "micro_ROC-AUC": 0.9522550106048584,
        "AUNP": 0.9457658529281616,
        "ROC-AUC_per_class_vs_rest": {
            "class13": 0.9022951139644448,
            "class07": 0.9525848425588948,
            "class01": 0.9909947553620122,
            "class14": 0.9695995404699475,
            "class18": 0.9433582892959352,
            "class10": 0.9138413752650403
        }
    }
}