{
    "classification type": "binary",
    "class balance": "balanced",
    "dataset name": "amazon-reviews-0.25_balanced",
    "class names": [
        0,
        1
    ],
    "model name": "random_forest",
    "index": 2,
    "cv fold": 2,
    "fold info": {
        "train distribution": 14461,
        "test distribution": 3616,
        "train distribution pct": 49.998271271998064,
        "test distribution pct": 50.00691467293596
    },
    "metrics": {
        "macro_accuracy": 0.8156543374061584,
        "micro_accuracy": 0.8156543374061584,
        "accuracy_per_class": {
            "0": 0.8156543374061584,
            "1": 0.8156543374061584
        },
        "macro_precision": 0.8156962394714355,
        "micro_precision": 0.8156543374061584,
        "precision_per_class": {
            "0": 0.8193321824073792,
            "1": 0.8120602369308472
        },
        "macro_recall": 0.8156543970108032,
        "micro_recall": 0.8156543374061584,
        "recall_per_class": {
            "0": 0.8098967671394348,
            "1": 0.8214119672775269
        },
        "macro_f1": 0.8156482577323914,
        "micro_f1": 0.8156543374061584,
        "f1_per_class": {
            "0": 0.8145871758460999,
            "1": 0.8167093396186829
        },
        "MSE": 0.1647046059370041,
        "LogLoss": 10.457175254821777,
        "AUNU": 0.8114221096038818,
        "micro_ROC-AUC": 0.8114221096038818
    }
}