{
    "classification type": "multilabel",
    "class balance": "balanced",
    "dataset name": "cal500_balanced",
    "class names": [
        "Instrument_-_Male_Lead_Vocals",
        "Song-Texture_Electric",
        "NOT-Emotion-Angry-Agressive",
        "NOT-Emotion-Bizarre-Weird",
        "Song-Quality",
        "Song-Texture_Acoustic",
        "Instrument_-_Drum_Set"
    ],
    "model name": "logistic_regression",
    "index": 0,
    "cv fold": 4,
    "fold info": {
        "train distribution": [
            240,
            241,
            240,
            219,
            216,
            217,
            215
        ],
        "test distribution": [
            60,
            57,
            60,
            54,
            55,
            54,
            56
        ],
        "train distribution pct": [
            64.6900269541779,
            64.95956873315365,
            64.6900269541779,
            59.02964959568733,
            58.22102425876011,
            58.490566037735846,
            57.95148247978437
        ],
        "test distribution pct": [
            65.93406593406593,
            62.637362637362635,
            65.93406593406593,
            59.34065934065934,
            60.43956043956044,
            59.34065934065934,
            61.53846153846154
        ]
    },
    "metrics": {
        "macro_accuracy": 0.5865800865800866,
        "micro_accuracy": 0.5865800865800865,
        "accuracy_per_class": {
            "Instrument_-_Male_Lead_Vocals": 0.6731601731601732,
            "Song-Texture_Electric": 0.5800865800865801,
            "NOT-Emotion-Angry-Agressive": 0.5974025974025974,
            "NOT-Emotion-Bizarre-Weird": 0.5670995670995671,
            "Song-Quality": 0.5541125541125541,
            "Song-Texture_Acoustic": 0.5411255411255411,
            "Instrument_-_Drum_Set": 0.5930735930735931
        },
        "macro_precision": 0.6436605905580646,
        "micro_precision": 0.6457863902658856,
        "precision_per_class": {
            "Instrument_-_Male_Lead_Vocals": 0.718475073313783,
            "Song-Texture_Electric": 0.6494252873563219,
            "NOT-Emotion-Angry-Agressive": 0.6696428571428571,
            "NOT-Emotion-Bizarre-Weird": 0.6158730158730159,
            "Song-Quality": 0.6124567474048442,
            "Song-Texture_Acoustic": 0.6027874564459931,
            "Instrument_-_Drum_Set": 0.636963696369637
        },
        "macro_recall": 0.7199098108478161,
        "micro_recall": 0.7222782258064516,
        "recall_per_class": {
            "Instrument_-_Male_Lead_Vocals": 0.8166666666666667,
            "Song-Texture_Electric": 0.7583892617449665,
            "NOT-Emotion-Angry-Agressive": 0.75,
            "NOT-Emotion-Bizarre-Weird": 0.7106227106227107,
            "Song-Quality": 0.6531365313653137,
            "Song-Texture_Acoustic": 0.6383763837638377,
            "Instrument_-_Drum_Set": 0.7121771217712177
        },
        "macro_f1": 0.6794600720594158,
        "micro_f1": 0.6818938853200095,
        "f1_per_class": {
            "Instrument_-_Male_Lead_Vocals": 0.7644305772230889,
            "Song-Texture_Electric": 0.6996904024767802,
            "NOT-Emotion-Angry-Agressive": 0.7075471698113207,
            "NOT-Emotion-Bizarre-Weird": 0.6598639455782312,
            "Song-Quality": 0.6321428571428571,
            "Song-Texture_Acoustic": 0.6200716845878136,
            "Instrument_-_Drum_Set": 0.6724738675958188
        },
        "MSE": 0.2604333460330963,
        "LogLoss": 0.7573878765106201,
        "AUNU": 0.5760854482650757,
        "micro_ROC-AUC": 0.5825661420822144,
        "AUNP": 0.576454222202301,
        "ROC-AUC_per_class_vs_rest": {
            "Instrument_-_Male_Lead_Vocals": 0.6532510288065845,
            "Song-Texture_Electric": 0.49482321165493526,
            "NOT-Emotion-Angry-Agressive": 0.6015637860082305,
            "NOT-Emotion-Bizarre-Weird": 0.5506134077562649,
            "Song-Quality": 0.5793744324877803,
            "Song-Texture_Acoustic": 0.5502984872780665,
            "Instrument_-_Drum_Set": 0.6026738277853982
        }
    }
}