{
    "classification type": "binary",
    "class balance": "balanced",
    "dataset name": "fake-news_balanced",
    "class names": [
        0,
        1
    ],
    "model name": "decision_tree",
    "index": 2,
    "cv fold": 1,
    "fold info": {
        "train distribution": 10058,
        "test distribution": 2514,
        "train distribution pct": 50.002485707183695,
        "test distribution pct": 49.990057665539865
    },
    "metrics": {
        "macro_accuracy": 0.9973772764205933,
        "micro_accuracy": 0.9973772764205933,
        "accuracy_per_class": {
            "0": 0.9973772764205933,
            "1": 0.9973772764205933
        },
        "macro_precision": 0.9973772764205933,
        "micro_precision": 0.9973772764205933,
        "precision_per_class": {
            "0": 0.9972169399261475,
            "1": 0.9975376725196838
        },
        "macro_recall": 0.9973772764205933,
        "micro_recall": 0.9973772764205933,
        "recall_per_class": {
            "0": 0.9975385069847107,
            "1": 0.997215986251831
        },
        "macro_f1": 0.9973772764205933,
        "micro_f1": 0.9973772764205933,
        "f1_per_class": {
            "0": 0.9973777532577515,
            "1": 0.9973767995834351
        },
        "MSE": 0.002450959524139762,
        "LogLoss": 0.1452634334564209,
        "AUNU": 0.9975969791412354,
        "micro_ROC-AUC": 0.9975969791412354
    }
}