{
    "classification type": "multiclass",
    "class balance": "imbalanced",
    "dataset name": "irish-times_imbalanced",
    "class names": [
        0,
        10,
        1,
        8,
        5,
        9,
        2,
        13,
        6,
        7,
        4,
        14,
        3,
        16,
        15,
        18,
        11,
        12,
        19,
        17
    ],
    "model name": "knn",
    "index": 1,
    "cv fold": 2,
    "fold info": {
        "train distribution": 120138,
        "test distribution": 30029,
        "train distribution pct": 944.4811320754717,
        "test distribution pct": 944.3081761006289
    },
    "metrics": {
        "macro_accuracy": 0.9553087949752808,
        "micro_accuracy": 0.9553087949752808,
        "accuracy_per_class": {
            "0": 0.9492990970611572,
            "10": 0.9624876976013184,
            "1": 0.9384557008743286,
            "8": 0.9060279130935669,
            "5": 0.9816208481788635,
            "9": 0.9781086444854736,
            "2": 0.9386981725692749,
            "13": 0.9797681570053101,
            "6": 0.9838599562644958,
            "7": 0.9381299018859863,
            "4": 0.8425930142402649,
            "14": 0.9848980903625488,
            "3": 0.9894900321960449,
            "16": 0.9466015100479126,
            "15": 0.9724861979484558,
            "18": 0.9780896902084351,
            "11": 0.9742441177368164,
            "12": 0.9841099977493286,
            "19": 0.9746760725975037,
            "17": 0.90253084897995
        },
        "macro_precision": 0.4485695958137512,
        "micro_precision": 0.5530878305435181,
        "precision_per_class": {
            "0": 0.09412802755832672,
            "10": 0.17442280054092407,
            "1": 0.5255611538887024,
            "8": 0.36763179302215576,
            "5": 0.17060637474060059,
            "9": 0.5500863790512085,
            "2": 0.4813954830169678,
            "13": 0.6363316178321838,
            "6": 0.6142958402633667,
            "7": 0.5202557444572449,
            "4": 0.748148500919342,
            "14": 0.7609254717826843,
            "3": 0.3288537561893463,
            "16": 0.5774179697036743,
            "15": 0.4402150511741638,
            "18": 0.5647273659706116,
            "11": 0.42897292971611023,
            "12": 0.17076411843299866,
            "19": 0.5805269479751587,
            "17": 0.23612530529499054
        },
        "macro_recall": 0.36349302530288696,
        "micro_recall": 0.5530878305435181,
        "recall_per_class": {
            "0": 0.10763689130544662,
            "10": 0.15371164679527283,
            "1": 0.4756340980529785,
            "8": 0.7816635370254517,
            "5": 0.09302325546741486,
            "9": 0.21198002994060516,
            "2": 0.5060047507286072,
            "13": 0.5247495770454407,
            "6": 0.49799197912216187,
            "7": 0.45659106969833374,
            "4": 0.8316842317581177,
            "14": 0.4221033751964569,
            "3": 0.17770183086395264,
            "16": 0.5015352368354797,
            "15": 0.30524903535842896,
            "18": 0.2986468970775604,
            "11": 0.26898428797721863,
            "12": 0.08023727685213089,
            "19": 0.3430350720882416,
            "17": 0.23169508576393127
        },
        "macro_f1": 0.38745349645614624,
        "micro_f1": 0.5530878305435181,
        "f1_per_class": {
            "0": 0.10043022036552429,
            "10": 0.16341359913349152,
            "1": 0.4993527829647064,
            "8": 0.5000705718994141,
            "5": 0.12039890885353088,
            "9": 0.3060293197631836,
            "2": 0.4933934509754181,
            "13": 0.5751789808273315,
            "6": 0.5500633716583252,
            "7": 0.4863487780094147,
            "4": 0.7877078652381897,
            "14": 0.5429947376251221,
            "3": 0.23072656989097595,
            "16": 0.53680819272995,
            "15": 0.36051425337791443,
            "18": 0.39068591594696045,
            "11": 0.3306419849395752,
            "12": 0.10917586833238602,
            "19": 0.43124574422836304,
            "17": 0.23388922214508057
        },
        "Kappa": 0.46315404772758484,
        "MSE": 0.03333961218595505,
        "LogLoss": 4.776581287384033,
        "AUNU": 0.7525118589401245,
        "micro_ROC-AUC": 0.8310628533363342,
        "AUNP": 0.8072243332862854,
        "AU1U": 0.7402244641558345,
        "AU1P": 0.7725228646939426,
        "ROC-AUC_per_class_vs_rest": {
            "0": 0.6301343931867368,
            "10": 0.694803455531466,
            "1": 0.7904253687008149,
            "8": 0.9036323212935432,
            "5": 0.6537107348209306,
            "9": 0.6956558364679036,
            "2": 0.7943982521677285,
            "13": 0.8218201960798778,
            "6": 0.8166828265963866,
            "7": 0.78466717731197,
            "4": 0.8831250204342704,
            "14": 0.7903077393511994,
            "3": 0.679387473671168,
            "16": 0.8056030134165546,
            "15": 0.7569811105992097,
            "18": 0.7333442845399146,
            "11": 0.7185070556386417,
            "12": 0.6580434956239961,
            "19": 0.7518521477268776,
            "17": 0.6871557540986585
        }
    }
}