{
    "classification type": "multiclass",
    "class balance": "imbalanced",
    "dataset name": "news-category_imbalanced",
    "class names": [
        0,
        3,
        36,
        31,
        18,
        35,
        21,
        9,
        30,
        37,
        8,
        26,
        34,
        6,
        32,
        33,
        29,
        11,
        25,
        40,
        38,
        39,
        12,
        1,
        19,
        7,
        15,
        22,
        27,
        17,
        16,
        13,
        2,
        23,
        5,
        41,
        28,
        10,
        4,
        20,
        14,
        24
    ],
    "model name": "logistic_regression",
    "index": 0,
    "cv fold": 3,
    "fold info": {
        "train distribution": 369761,
        "test distribution": 92460,
        "train distribution pct": 1713.1254633061526,
        "test distribution pct": 1713.4914751667902
    },
    "metrics": {
        "macro_accuracy": 0.9802320599555969,
        "micro_accuracy": 0.980232298374176,
        "accuracy_per_class": {
            "0": 0.9945793151855469,
            "3": 0.9664566516876221,
            "36": 0.9495922923088074,
            "31": 0.9823943376541138,
            "18": 0.9978224635124207,
            "35": 0.9936063885688782,
            "21": 0.9776686429977417,
            "9": 0.9576075077056885,
            "30": 0.9425500631332397,
            "37": 0.9911045432090759,
            "8": 0.994023323059082,
            "26": 0.9973591566085815,
            "34": 0.9830430150032043,
            "6": 0.9936063885688782,
            "32": 0.9429669976234436,
            "33": 0.9533913731575012,
            "29": 0.9497312903404236,
            "11": 0.9708580374717712,
            "25": 0.9820237159729004,
            "40": 0.9755837917327881,
            "38": 0.988510012626648,
            "39": 0.9735451936721802,
            "12": 0.9804947972297668,
            "1": 0.9665029644966125,
            "19": 0.9920311570167542,
            "7": 0.9935137033462524,
            "15": 0.9978224635124207,
            "22": 0.9768810272216797,
            "27": 0.9892049431800842,
            "17": 0.9968031644821167,
            "16": 0.971506655216217,
            "13": 0.9973591566085815,
            "2": 0.9932820796966553,
            "23": 0.9902705550193787,
            "5": 0.9924017786979675,
            "41": 0.9263343214988708,
            "28": 0.9845719337463379,
            "10": 0.9921237826347351,
            "4": 0.9920774698257446,
            "20": 0.994255006313324,
            "14": 0.9927724003791809,
            "24": 0.9915214776992798
        },
        "macro_precision": 0.47134122252464294,
        "micro_precision": 0.5848776698112488,
        "precision_per_class": {
            "0": 0.17241379618644714,
            "3": 0.629896879196167,
            "36": 0.512924075126648,
            "31": 0.5158501267433167,
            "18": 0.5,
            "35": 0.5113636255264282,
            "21": 0.6936274766921997,
            "9": 0.5816164612770081,
            "30": 0.4389593005180359,
            "37": 0.3741007149219513,
            "8": 0.47826087474823,
            "26": 0.5454545617103577,
            "34": 0.5754475593566895,
            "6": 0.5157894492149353,
            "32": 0.42560553550720215,
            "33": 0.5504065155982971,
            "29": 0.8139534592628479,
            "11": 0.6930193305015564,
            "25": 0.4986807405948639,
            "40": 0.7760467529296875,
            "38": 0.6677419543266296,
            "39": 0.30026111006736755,
            "12": 0.469255656003952,
            "1": 0.6540084481239319,
            "19": 0.32608696818351746,
            "7": 0.3684210479259491,
            "15": 0.6000000238418579,
            "22": 0.36070382595062256,
            "27": 0.75,
            "17": 0.5714285969734192,
            "16": 0.24012157320976257,
            "13": 0.1428571492433548,
            "2": 0.4482758641242981,
            "23": 0.3333333432674408,
            "5": 0.19607843458652496,
            "41": 0.35335463285446167,
            "28": 0.6102564334869385,
            "10": 0.1090909093618393,
            "4": 0.25,
            "20": 0.1034482792019844,
            "14": 0.3125,
            "24": 0.8256880640983582
        },
        "macro_recall": 0.37847617268562317,
        "micro_recall": 0.5848776698112488,
        "recall_per_class": {
            "0": 0.051020409911870956,
            "3": 0.626024603843689,
            "36": 0.5669642686843872,
            "31": 0.4578005075454712,
            "18": 0.1489361673593521,
            "35": 0.3214285671710968,
            "21": 0.7092731595039368,
            "9": 0.6547725200653076,
            "30": 0.6225165724754333,
            "37": 0.331210196018219,
            "8": 0.17322835326194763,
            "26": 0.20338982343673706,
            "34": 0.529411792755127,
            "6": 0.347517728805542,
            "32": 0.4645892381668091,
            "33": 0.5991150736808777,
            "29": 0.869960606098175,
            "11": 0.7573529481887817,
            "25": 0.4883720874786377,
            "40": 0.7285192012786865,
            "38": 0.5880681872367859,
            "39": 0.2751196026802063,
            "12": 0.3606965243816376,
            "1": 0.7123161554336548,
            "19": 0.2142857164144516,
            "7": 0.1679999977350235,
            "15": 0.0625,
            "22": 0.3044554591178894,
            "27": 0.6814988255500793,
            "17": 0.1666666716337204,
            "16": 0.1779279261827469,
            "13": 0.01923076994717121,
            "2": 0.18705035746097565,
            "23": 0.18644067645072937,
            "5": 0.07518796622753143,
            "41": 0.4889478385448456,
            "28": 0.5680190920829773,
            "10": 0.04724409431219101,
            "4": 0.0979020968079567,
            "20": 0.029702970758080482,
            "14": 0.1515151560306549,
            "24": 0.6818181872367859
        },
        "macro_f1": 0.40102627873420715,
        "micro_f1": 0.5848776698112488,
        "f1_per_class": {
            "0": 0.07874015718698502,
            "3": 0.6279547810554504,
            "36": 0.5385920405387878,
            "31": 0.4850948452949524,
            "18": 0.2295081913471222,
            "35": 0.3947368562221527,
            "21": 0.7013630867004395,
            "9": 0.616030216217041,
            "30": 0.5148670077323914,
            "37": 0.3513513505458832,
            "8": 0.2543352544307709,
            "26": 0.29629629850387573,
            "34": 0.5514705777168274,
            "6": 0.41525423526763916,
            "32": 0.44424378871917725,
            "33": 0.5737287998199463,
            "29": 0.8410256505012512,
            "11": 0.7237593531608582,
            "25": 0.4934725761413574,
            "40": 0.7515323162078857,
            "38": 0.6253776550292969,
            "39": 0.2871410846710205,
            "12": 0.40787622332572937,
            "1": 0.6819181442260742,
            "19": 0.2586206793785095,
            "7": 0.23076923191547394,
            "15": 0.11320754885673523,
            "22": 0.33020132780075073,
            "27": 0.7141104340553284,
            "17": 0.25806450843811035,
            "16": 0.20439845323562622,
            "13": 0.033898305147886276,
            "2": 0.2639593780040741,
            "23": 0.239130437374115,
            "5": 0.10869564861059189,
            "41": 0.4102374017238617,
            "28": 0.5883806943893433,
            "10": 0.06593406945466995,
            "4": 0.14070351421833038,
            "20": 0.04615384712815285,
            "14": 0.20408163964748383,
            "24": 0.7468879818916321
        },
        "Kappa": 0.5589065551757812,
        "MSE": 0.013223176822066307,
        "LogLoss": 1.589359998703003,
        "AUNU": 0.9164782762527466,
        "micro_ROC-AUC": 0.9527039527893066,
        "AUNP": 0.9390626549720764,