{
    "classification type": "binary",
    "class balance": "balanced",
    "dataset name": "ceas_balanced",
    "class names": [
        1,
        0
    ],
    "model name": "knn",
    "index": 0,
    "cv fold": 0,
    "fold info": {
        "train distribution": 3194,
        "test distribution": 799,
        "train distribution pct": 50.0,
        "test distribution pct": 50.0
    },
    "metrics": {
        "macro_accuracy": 0.972427248954773,
        "micro_accuracy": 0.972427248954773,
        "accuracy_per_class": {
            "1": 0.972427248954773,
            "0": 0.972427248954773
        },
        "macro_precision": 0.9725828170776367,
        "micro_precision": 0.972427248954773,
        "precision_per_class": {
            "1": 0.981155514717102,
            "0": 0.9640100598335266
        },
        "macro_recall": 0.972427248954773,
        "micro_recall": 0.972427248954773,
        "recall_per_class": {
            "1": 0.963357150554657,
            "0": 0.9814973473548889
        },
        "macro_f1": 0.9724249839782715,
        "micro_f1": 0.972427248954773,
        "f1_per_class": {
            "1": 0.972174882888794,
            "0": 0.972675085067749
        },
        "MSE": 0.025591004639863968,
        "LogLoss": 1.517113208770752,
        "AUNU": 0.9768203496932983,
        "micro_ROC-AUC": 0.9768203496932983
    }
}