{
    "classification type": "multiclass",
    "class balance": "balanced",
    "dataset name": "nyt-comments-april17_balanced",
    "class names": [
        0,
        1,
        2,
        3,
        4,
        5
    ],
    "model name": "decision_tree",
    "index": 0,
    "cv fold": 2,
    "fold info": {
        "train distribution": 15704,
        "test distribution": 3928,
        "train distribution pct": 250.62240663900414,
        "test distribution pct": 250.67007019783026
    },
    "metrics": {
        "macro_accuracy": 0.8570418953895569,
        "micro_accuracy": 0.8570418953895569,
        "accuracy_per_class": {
            "0": 0.8501573204994202,
            "1": 0.8981899619102478,
            "2": 0.8364793062210083,
            "3": 0.8466010093688965,
            "4": 0.8975972533226013,
            "5": 0.8132266402244568
        },
        "macro_precision": 0.5643985867500305,
        "micro_precision": 0.5711256861686707,
        "precision_per_class": {
            "0": 0.5586874485015869,
            "1": 0.6665911674499512,
            "2": 0.47063887119293213,
            "3": 0.5434754490852356,
            "4": 0.7019150853157043,
            "5": 0.44508346915245056
        },
        "macro_recall": 0.5689314007759094,
        "micro_recall": 0.5711256861686707,
        "recall_per_class": {
            "0": 0.5376518368721008,
            "1": 0.7945464253425598,
            "2": 0.4000292718410492,
            "3": 0.569827139377594,
            "4": 0.6833288073539734,
            "5": 0.42820513248443604
        },
        "macro_f1": 0.5651204586029053,
        "micro_f1": 0.5711256861686707,
        "f1_per_class": {
            "0": 0.547967791557312,
            "1": 0.7249661087989807,
            "2": 0.4324709177017212,
            "3": 0.55633944272995,
            "4": 0.6924972534179688,
            "5": 0.43648117780685425
        },
        "Kappa": 0.4850732684135437,
        "MSE": 0.09691262990236282,
        "LogLoss": 2.1829605102539062,
        "AUNU": 0.8325303792953491,
        "micro_ROC-AUC": 0.8392665386199951,
        "AUNP": 0.833175003528595,
        "AU1U": 0.8320932104060659,
        "AU1P": 0.8325665797330408,
        "ROC-AUC_per_class_vs_rest": {
            "0": 0.8092569450182233,
            "1": 0.9195076664150482,
            "2": 0.7826403373683198,
            "3": 0.8297575318083871,
            "4": 0.8828551286466106,
            "5": 0.7711645739659323
        }
    }
}