{
    "classification type": "binary",
    "class balance": "imbalanced",
    "dataset name": "fake-news_imbalanced",
    "class names": [
        0,
        1
    ],
    "model name": "decision_tree",
    "index": 0,
    "cv fold": 2,
    "fold info": {
        "train distribution": 287,
        "test distribution": 72,
        "train distribution pct": 1.5048238255033557,
        "test distribution pct": 1.5100671140939599
    },
    "metrics": {
        "macro_accuracy": 0.9989513158798218,
        "micro_accuracy": 0.9989513158798218,
        "accuracy_per_class": {
            "0": 0.9989513158798218,
            "1": 0.9989513158798218
        },
        "macro_precision": 0.9920574426651001,
        "micro_precision": 0.9989513158798218,
        "precision_per_class": {
            "0": 0.9991563558578491,
            "1": 0.9849585294723511
        },
        "macro_recall": 0.9722777605056763,
        "micro_recall": 0.9989513158798218,
        "recall_per_class": {
            "0": 0.999779462814331,
            "1": 0.9447761178016663
        },
        "macro_f1": 0.9819583892822266,
        "micro_f1": 0.9989513158798218,
        "f1_per_class": {
            "0": 0.9994678497314453,
            "1": 0.9644489884376526
        },
        "MSE": 0.0008849056321196258,
        "LogLoss": 0.022225748747587204,
        "AUNU": 0.9942125678062439,
        "micro_ROC-AUC": 0.9942125678062439
    }
}