{
    "classification type": "binary",
    "class balance": "imbalanced",
    "dataset name": "colon-0.5_imbalanced",
    "class names": [
        0,
        1
    ],
    "model name": "knn",
    "index": 2,
    "cv fold": 0,
    "fold info": {
        "train distribution": 230,
        "test distribution": 57,
        "train distribution pct": 16.812865497076025,
        "test distribution pct": 16.666666666666664
    },
    "metrics": {
        "macro_accuracy": 0.9481844305992126,
        "micro_accuracy": 0.9481844305992126,
        "accuracy_per_class": {
            "0": 0.9481844305992126,
            "1": 0.9481844305992126
        },
        "macro_precision": 0.9185224771499634,
        "micro_precision": 0.9481844305992126,
        "precision_per_class": {
            "0": 0.9614394903182983,
            "1": 0.8756054639816284
        },
        "macro_recall": 0.8913146257400513,
        "micro_recall": 0.9481844305992126,
        "recall_per_class": {
            "0": 0.9769161343574524,
            "1": 0.8057131171226501
        },
        "macro_f1": 0.9041613340377808,
        "micro_f1": 0.9481844305992126,
        "f1_per_class": {
            "0": 0.9691160321235657,
            "1": 0.8392065763473511
        },
        "MSE": 0.04476326331496239,
        "LogLoss": 2.4658026695251465,
        "AUNU": 0.9314697980880737,
        "micro_ROC-AUC": 0.9314697980880737
    }
}