{
    "classification type": "multilabel",
    "class balance": "balanced",
    "dataset name": "tmc2007500_balanced",
    "class names": [
        "class13",
        "class07",
        "class01",
        "class14",
        "class18",
        "class10"
    ],
    "model name": "decision_tree",
    "index": 0,
    "cv fold": 0,
    "fold info": {
        "train distribution": [
            1252,
            1253,
            1253,
            1253,
            1190,
            1183
        ],
        "test distribution": [
            313,
            313,
            313,
            313,
            297,
            296
        ],
        "train distribution pct": [
            19.781956075209354,
            19.797756359614475,
            19.797756359614475,
            19.797756359614475,
            18.802338442091955,
            18.691736451256123
        ],
        "test distribution pct": [
            19.797596457938013,
            19.797596457938013,
            19.797596457938013,
            19.797596457938013,
            18.785578747628083,
            18.722327640733713
        ]
    },
    "metrics": {
        "macro_accuracy": 0.9031203879401222,
        "micro_accuracy": 0.9031203879401223,
        "accuracy_per_class": {
            "class13": 0.8722327640733712,
            "class07": 0.9000632511068943,
            "class01": 0.9557242251739405,
            "class14": 0.9209361163820367,
            "class18": 0.8981657179000633,
            "class10": 0.8716002530044276
        },
        "macro_precision": 0.7440932016993975,
        "micro_precision": 0.7460148777895855,
        "precision_per_class": {
            "class13": 0.6784565916398714,
            "class07": 0.739938080495356,
            "class01": 0.8832807570977917,
            "class14": 0.7797619047619048,
            "class18": 0.7222222222222222,
            "class10": 0.6608996539792388
        },
        "macro_recall": 0.7597845146434071,
        "micro_recall": 0.7609756097560976,
        "recall_per_class": {
            "class13": 0.6741214057507987,
            "class07": 0.7635782747603834,
            "class01": 0.8945686900958466,
            "class14": 0.8370607028753994,
            "class18": 0.7441077441077442,
            "class10": 0.6452702702702703
        },
        "macro_f1": 0.7516887287363138,
        "micro_f1": 0.7534209820230748,
        "f1_per_class": {
            "class13": 0.6762820512820513,
            "class07": 0.7515723270440252,
            "class01": 0.8888888888888888,
            "class14": 0.8073959938366718,
            "class18": 0.7330016583747927,
            "class10": 0.652991452991453
        },
        "MSE": 0.09565264731645584,
        "LogLoss": 9.448759078979492,
        "AUNU": 0.8515165448188782,
        "micro_ROC-AUC": 0.8521040678024292,
        "AUNP": 0.8521522879600525,
        "ROC-AUC_per_class_vs_rest": {
            "class13": 0.7978275768234546,
            "class07": 0.8515561221918747,
            "class01": 0.9326944396851473,
            "class14": 0.8936414670281493,
            "class18": 0.8403269454671324,
            "class10": 0.7930526343464086
        }
    }
}