{
    "classification type": "binary",
    "class balance": "balanced",
    "dataset name": "amazon-reviews-0.25_balanced",
    "class names": [
        0,
        1
    ],
    "model name": "logistic_regression",
    "index": 4,
    "cv fold": 2,
    "fold info": {
        "train distribution": 14461,
        "test distribution": 3616,
        "train distribution pct": 49.998271271998064,
        "test distribution pct": 50.00691467293596
    },
    "metrics": {
        "macro_accuracy": 0.877631425857544,
        "micro_accuracy": 0.877631425857544,
        "accuracy_per_class": {
            "0": 0.877631425857544,
            "1": 0.877631425857544
        },
        "macro_precision": 0.8776603937149048,
        "micro_precision": 0.877631425857544,
        "precision_per_class": {
            "0": 0.8809720277786255,
            "1": 0.8743488192558289
        },
        "macro_recall": 0.877631425857544,
        "micro_recall": 0.877631425857544,
        "recall_per_class": {
            "0": 0.8732487559318542,
            "1": 0.8820140957832336
        },
        "macro_f1": 0.8776290416717529,
        "micro_f1": 0.877631425857544,
        "f1_per_class": {
            "0": 0.8770933747291565,
            "1": 0.8781647086143494
        },
        "MSE": 0.0905289500951767,
        "LogLoss": 0.2997628450393677,
        "AUNU": 0.945784866809845,
        "micro_ROC-AUC": 0.945784866809845
    }
}