{
    "classification type": "multilabel",
    "class balance": "balanced",
    "dataset name": "yeast_balanced",
    "class names": [
        "Class1",
        "Class2",
        "Class3",
        "Class4",
        "Class5"
    ],
    "model name": "random_forest",
    "index": 4,
    "cv fold": 3,
    "fold info": {
        "train distribution": [
            520,
            556,
            520,
            556,
            522
        ],
        "test distribution": [
            130,
            139,
            130,
            139,
            131
        ],
        "train distribution pct": [
            40.06163328197226,
            42.83513097072419,
            40.06163328197226,
            42.83513097072419,
            40.21571648690293
        ],
        "test distribution pct": [
            39.75535168195719,
            42.50764525993883,
            39.75535168195719,
            42.50764525993883,
            40.0611620795107
        ]
    },
    "metrics": {
        "macro_accuracy": 0.7369350915375752,
        "micro_accuracy": 0.7369350915375752,
        "accuracy_per_class": {
            "Class1": 0.75764946869799,
            "Class2": 0.6796824990398156,
            "Class3": 0.7462552810139547,
            "Class4": 0.75764946869799,
            "Class5": 0.7434387402381257
        },
        "macro_precision": 0.7479635490691923,
        "micro_precision": 0.7448667911080944,
        "precision_per_class": {
            "Class1": 0.7820689655172414,
            "Class2": 0.662004662004662,
            "Class3": 0.7301779935275081,
            "Class4": 0.7761194029850746,
            "Class5": 0.7894467213114754
        },
        "macro_recall": 0.546825375495588,
        "micro_recall": 0.5471145456811667,
        "recall_per_class": {
            "Class1": 0.5451923076923076,
            "Class2": 0.5107913669064749,
            "Class3": 0.5785256410256411,
            "Class4": 0.6079136690647482,
            "Class5": 0.49170389278876836
        },
        "macro_f1": 0.6304960418059972,
        "micro_f1": 0.6308565679793045,
        "f1_per_class": {
            "Class1": 0.6424929178470254,
            "Class2": 0.5766497461928934,
            "Class3": 0.6455650929899857,
            "Class4": 0.6817952597075139,
            "Class5": 0.6059771922925679
        },
        "MSE": 0.1795574128627777,
        "LogLoss": 0.5364664196968079,
        "AUNU": 0.8027718663215637,
        "micro_ROC-AUC": 0.8064672946929932,
        "AUNP": 0.80244380235672,
        "ROC-AUC_per_class_vs_rest": {
            "Class1": 0.8227434968215186,
            "Class2": 0.7384701512532991,
            "Class3": 0.8159544463211059,
            "Class4": 0.8433079458221132,
            "Class5": 0.7933834243502298
        }
    }
}