{
    "classification type": "multiclass",
    "class balance": "imbalanced",
    "dataset name": "gtsrb-huelist_imbalanced",
    "class names": [
        0,
        1,
        2,
        3,
        4,
        5,
        6,
        7,
        8,
        9,
        10,
        11,
        12,
        13,
        14,
        15
    ],
    "model name": "random_forest",
    "index": 3,
    "cv fold": 0,
    "fold info": {
        "train distribution": 143856,
        "test distribution": 35964,
        "train distribution pct": 632.0562390158173,
        "test distribution pct": 632.0562390158173
    },
    "metrics": {
        "macro_accuracy": 0.9350891709327698,
        "micro_accuracy": 0.935089111328125,
        "accuracy_per_class": {
            "0": 0.8778212666511536,
            "1": 0.8544575572013855,
            "2": 0.9733876585960388,
            "3": 0.8993822336196899,
            "4": 0.8957580924034119,
            "5": 0.9407466650009155,
            "6": 0.9756696820259094,
            "7": 0.9193987250328064,
            "8": 0.8967806100845337,
            "9": 0.9613676071166992,
            "10": 0.8953000903129578,
            "11": 0.9204558730125427,
            "12": 0.9727246165275574,
            "13": 0.9878787994384766,
            "14": 0.9912952184677124,
            "15": 0.9990014433860779
        },
        "macro_precision": 0.37823158502578735,
        "micro_precision": 0.4807130992412567,
        "precision_per_class": {
            "0": 0.42340919375419617,
            "1": 0.331588476896286,
            "2": 0.18268337845802307,
            "3": 0.37941402196884155,
            "4": 0.3559191823005676,
            "5": 0.30781620740890503,
            "6": 0.285683810710907,
            "7": 0.3966217637062073,
            "8": 0.46065255999565125,
            "9": 0.7844761610031128,
            "10": 0.4830528199672699,
            "11": 0.39931005239486694,
            "12": 0.8451825380325317,
            "13": 0.14512471854686737,
            "14": 0.13832040131092072,
            "15": 0.13245032727718353
        },
        "macro_recall": 0.36053338646888733,
        "micro_recall": 0.4807130992412567,
        "recall_per_class": {
            "0": 0.5039167404174805,
            "1": 0.3743181824684143,
            "2": 0.10840220749378204,
            "3": 0.3513338565826416,
            "4": 0.33025771379470825,
            "5": 0.2621689438819885,
            "6": 0.1878507286310196,
            "7": 0.33752912282943726,
            "8": 0.5844683051109314,
            "9": 0.8356413841247559,
            "10": 0.48847854137420654,
            "11": 0.2834404706954956,
            "12": 0.8800504803657532,
            "13": 0.07757575809955597,
            "14": 0.08734402805566788,
            "15": 0.07575757801532745
        },
        "macro_f1": 0.3649037480354309,
        "micro_f1": 0.4807130992412567,
        "f1_per_class": {
            "0": 0.4601682424545288,
            "1": 0.3516600728034973,
            "2": 0.13606500625610352,
            "3": 0.36483442783355713,
            "4": 0.34260860085487366,
            "5": 0.28316473960876465,
            "6": 0.22666102647781372,
            "7": 0.36469724774360657,
            "8": 0.5152261853218079,
            "9": 0.8092508316040039,
            "10": 0.4857505261898041,
            "11": 0.3315431475639343,
            "12": 0.8622641563415527,
            "13": 0.10110584646463394,
            "14": 0.1070745661854744,
            "15": 0.09638553857803345
        },
        "Kappa": 0.4299558699131012,
        "MSE": 0.05183618888258934,
        "LogLoss": 5.4068779945373535,
        "AUNU": 0.7462757229804993,
        "micro_ROC-AUC": 0.7894196510314941,
        "AUNP": 0.7681613564491272,
        "AU1U": 0.7424443925780845,
        "AU1P": 0.754179183344165,
        "ROC-AUC_per_class_vs_rest": {
            "0": 0.7481293542573624,
            "1": 0.6990664522750276,
            "2": 0.6949792631055961,
            "3": 0.7154064174118099,
            "4": 0.7074151009254389,
            "5": 0.7108912516360341,
            "6": 0.7330693658363721,
            "7": 0.7287696775779966,
            "8": 0.7857161702877367,
            "9": 0.9219108407835755,
            "10": 0.7507392139803117,
            "11": 0.7038104499313443,
            "12": 0.9407372750718206,
            "13": 0.6886239881080306,
            "14": 0.6905316462700509,
            "15": 0.7206152382957254
        }
    }
}