{
    "classification type": "multiclass",
    "class balance": "imbalanced",
    "dataset name": "volkert_imbalanced",
    "class names": [
        3,
        6,
        4,
        5,
        1,
        2,
        7,
        9,
        8,
        0
    ],
    "model name": "decision_tree",
    "index": 0,
    "cv fold": 4,
    "fold info": {
        "train distribution": 35786,
        "test distribution": 8945,
        "train distribution pct": 448.2214428857715,
        "test distribution pct": 448.14629258517033
    },
    "metrics": {
        "macro_accuracy": 0.9105277061462402,
        "micro_accuracy": 0.9105277061462402,
        "accuracy_per_class": {
            "3": 0.9901970624923706,
            "6": 0.9627087712287903,
            "4": 0.855110228061676,
            "5": 0.8208249807357788,
            "1": 0.8610888719558716,
            "2": 0.7892117500305176,
            "7": 0.9378256797790527,
            "9": 0.9577822089195251,
            "8": 0.9956579804420471,
            "0": 0.9348697662353516
        },
        "macro_precision": 0.4364960193634033,
        "micro_precision": 0.552638590335846,
        "precision_per_class": {
            "3": 0.024000000208616257,
            "6": 0.3941120505332947,
            "4": 0.4936755895614624,
            "5": 0.5310425162315369,
            "1": 0.518711507320404,
            "2": 0.4836616516113281,
            "7": 0.5092143416404724,
            "9": 0.8323869705200195,
            "8": 0.08888889104127884,
            "0": 0.4892665445804596
        },
        "macro_recall": 0.4093143939971924,
        "micro_recall": 0.552638590335846,
        "recall_per_class": {
            "3": 0.006410256493836641,
            "6": 0.2064676582813263,
            "4": 0.4643107056617737,
            "5": 0.6285837888717651,
            "1": 0.5072967410087585,
            "2": 0.506964921951294,
            "7": 0.4166666567325592,
            "9": 0.8847492933273315,
            "8": 0.04301075264811516,
            "0": 0.42868340015411377
        },
        "macro_f1": 0.41743597388267517,
        "micro_f1": 0.552638590335846,
        "f1_per_class": {
            "3": 0.01011804398149252,
            "6": 0.27097615599632263,
            "4": 0.47854310274124146,
            "5": 0.5757108330726624,
            "1": 0.5129406452178955,
            "2": 0.4950391948223114,
            "7": 0.4583151340484619,
            "9": 0.857769787311554,
            "8": 0.05797101557254791,
            "0": 0.4569757580757141
        },
        "Kappa": 0.46939709782600403,
        "MSE": 0.06489159911870956,
        "LogLoss": 2.7955374717712402,
        "AUNU": 0.796491265296936,
        "micro_ROC-AUC": 0.8560240268707275,
        "AUNP": 0.8183575868606567,
        "AU1U": 0.7901209315031571,
        "AU1P": 0.7993752512922184,
        "ROC-AUC_per_class_vs_rest": {
            "3": 0.6539422163412267,
            "6": 0.7999679329290991,
            "4": 0.7968856114173686,
            "5": 0.8131923963998756,
            "1": 0.8071545707334133,
            "2": 0.7559924714014506,
            "7": 0.826755220269926,
            "9": 0.9540682665702225,
            "8": 0.7305069024065745,
            "0": 0.8264472412764055
        }
    }
}