{
    "classification type": "multiclass",
    "class balance": "imbalanced",
    "dataset name": "news-category_imbalanced",
    "class names": [
        0,
        3,
        36,
        31,
        18,
        35,
        21,
        9,
        30,
        37,
        8,
        26,
        34,
        6,
        32,
        33,
        29,
        11,
        25,
        40,
        38,
        39,
        12,
        1,
        19,
        7,
        15,
        22,
        27,
        17,
        16,
        13,
        2,
        23,
        5,
        41,
        28,
        10,
        4,
        20,
        14,
        24
    ],
    "model name": "logistic_regression",
    "index": 3,
    "cv fold": 3,
    "fold info": {
        "train distribution": 369761,
        "test distribution": 92460,
        "train distribution pct": 1713.1254633061526,
        "test distribution pct": 1713.4914751667902
    },
    "metrics": {
        "macro_accuracy": 0.9802165031433105,
        "micro_accuracy": 0.9802165031433105,
        "accuracy_per_class": {
            "0": 0.9948792457580566,
            "3": 0.9652861952781677,
            "36": 0.949094831943512,
            "31": 0.9817018508911133,
            "18": 0.9977956414222717,
            "35": 0.9937478303909302,
            "21": 0.9767858982086182,
            "9": 0.9577854871749878,
            "30": 0.9426183104515076,
            "37": 0.9905778169631958,
            "8": 0.9937770962715149,
            "26": 0.9972299337387085,
            "34": 0.9835940599441528,
            "6": 0.9934649467468262,
            "32": 0.9439643621444702,
            "33": 0.9530158638954163,
            "29": 0.9487631916999817,
            "11": 0.971157968044281,
            "25": 0.981965184211731,
            "40": 0.9750497341156006,
            "38": 0.9885295033454895,
            "39": 0.9740938544273376,
            "12": 0.9810288548469543,
            "1": 0.9657835960388184,
            "19": 0.9925188422203064,
            "7": 0.9940891861915588,
            "15": 0.9978638887405396,
            "22": 0.9772736430168152,
            "27": 0.9887538552284241,
            "17": 0.9964984059333801,
            "16": 0.9724064469337463,
            "13": 0.9973469376564026,
            "2": 0.9928309321403503,
            "23": 0.9904510378837585,
            "5": 0.9923920035362244,
            "41": 0.9278998374938965,
            "28": 0.9838671684265137,
            "10": 0.9924895763397217,
            "4": 0.9923139810562134,
            "20": 0.9942744970321655,
            "14": 0.9926456212997437,
            "24": 0.9914849400520325
        },
        "macro_precision": 0.46961525082588196,
        "micro_precision": 0.5845460295677185,
        "precision_per_class": {
            "0": 0.2896551787853241,
            "3": 0.6167353391647339,
            "36": 0.5087424516677856,
            "31": 0.494437575340271,
            "18": 0.4848484992980957,
            "35": 0.5269922614097595,
            "21": 0.6755544543266296,
            "9": 0.5826029181480408,
            "30": 0.43979278206825256,
            "37": 0.33923304080963135,
            "8": 0.43884891271591187,
            "26": 0.4876033067703247,
            "34": 0.5897300243377686,
            "6": 0.4988066852092743,
            "32": 0.4337705671787262,
            "33": 0.5459567904472351,
            "29": 0.8111708760261536,
            "11": 0.6961845755577087,
            "25": 0.49707943201065063,
            "40": 0.7688073515892029,
            "38": 0.6719833612442017,
            "39": 0.31312569975852966,
            "12": 0.4878917336463928,
            "1": 0.6481613516807556,
            "19": 0.36512261629104614,
            "7": 0.47999998927116394,
            "15": 0.7142857313156128,
            "22": 0.36798468232154846,
            "27": 0.7399669885635376,
            "17": 0.420634925365448,
            "16": 0.2510373592376709,
            "13": 0.0625,
            "2": 0.379084974527359,
            "23": 0.34112149477005005,
            "5": 0.16591928899288177,
            "41": 0.3671535849571228,
            "28": 0.5902517437934875,
            "10": 0.11415524780750275,
            "4": 0.2906976640224457,
            "20": 0.13013698160648346,
            "14": 0.2743055522441864,
            "24": 0.8217695951461792
        },
        "macro_recall": 0.37637293338775635,
        "micro_recall": 0.5845460295677185,
        "recall_per_class": {
            "0": 0.09051723778247833,
            "3": 0.613675594329834,
            "36": 0.5684764385223389,
            "31": 0.430570513010025,
            "18": 0.1428571492433548,
            "35": 0.3096676766872406,
            "21": 0.7154921889305115,
            "9": 0.6613478660583496,
            "30": 0.6253235340118408,
            "37": 0.3074866235256195,
            "8": 0.20198675990104675,
            "26": 0.20996440947055817,
            "34": 0.5512122511863708,
            "6": 0.3124065697193146,
            "32": 0.46698489785194397,
            "33": 0.6077152490615845,
            "29": 0.8665050268173218,
            "11": 0.7590944170951843,
            "25": 0.46275150775909424,
            "40": 0.7258902788162231,
            "38": 0.5795454382896423,
            "39": 0.2837701737880707,
            "12": 0.35845106840133667,
            "1": 0.7025928497314453,
            "19": 0.200598806142807,
            "7": 0.20134228467941284,
            "15": 0.06578947603702545,
            "22": 0.3011482357978821,
            "27": 0.6643632650375366,
            "17": 0.15634217858314514,
            "16": 0.17211948335170746,
            "13": 0.008196720853447914,
            "2": 0.17549167573451996,
            "23": 0.17319098114967346,
            "5": 0.05863708257675171,
            "41": 0.519262969493866,
            "28": 0.5534906983375549,
            "10": 0.041597336530685425,
            "4": 0.11029411852359772,
            "20": 0.03966597095131874,
            "14": 0.12660256028175354,
            "24": 0.6852441430091858
        },
        "macro_f1": 0.3991127908229828,
        "micro_f1": 0.5845460295677185,
        "f1_per_class": {
            "0": 0.13793103396892548,
            "3": 0.6152016520500183,
            "36": 0.5369532704353333,
            "31": 0.46029919385910034,
            "18": 0.22068965435028076,
            "35": 0.39010465145111084,
            "21": 0.6949499845504761,
            "9": 0.6194830536842346,
            "30": 0.5163995027542114,
            "37": 0.32258063554763794,
            "8": 0.2766439914703369,
            "26": 0.2935323417186737,
            "34": 0.5698210000991821,
            "6": 0.3841911852359772,
            "32": 0.4497653543949127,
            "33": 0.5751829743385315,
            "29": 0.837925374507904,
            "11": 0.7262797355651855,
            "25": 0.4793016016483307,
            "40": 0.7467326521873474,
            "38": 0.6223506927490234,
            "39": 0.2977260649204254,
            "12": 0.41327300667762756,
            "1": 0.6742804050445557,
            "19": 0.25893720984458923,
            "7": 0.283687949180603,
            "15": 0.1204819306731224,
            "22": 0.33122846484184265,
            "27": 0.700130045413971,
            "17": 0.22795699536800385,
            "16": 0.20421941578388214,
            "13": 0.014492753893136978,
            "2": 0.23991726338863373,
            "23": 0.22974036633968353,
            "5": 0.08665105700492859,
            "41": 0.43015727400779724,
            "28": 0.5712804794311523,
            "10": 0.060975611209869385,
            "4": 0.15991471707820892,
            "20": 0.06080000102519989,
            "14": 0.1732456088066101,
            "24": 0.7473227381706238
        },
        "Kappa": 0.5584861040115356,
        "MSE": 0.013250183314085007,
        "LogLoss": 1.596908450126648,
        "AUNU": 0.9154371023178101,