{
    "classification type": "binary",
    "class balance": "imbalanced",
    "dataset name": "fake-news_imbalanced",
    "class names": [
        0,
        1
    ],
    "model name": "random_forest",
    "index": 0,
    "cv fold": 2,
    "fold info": {
        "train distribution": 287,
        "test distribution": 72,
        "train distribution pct": 1.5048238255033557,
        "test distribution pct": 1.5100671140939599
    },
    "metrics": {
        "macro_accuracy": 0.9982825517654419,
        "micro_accuracy": 0.9982825517654419,
        "accuracy_per_class": {
            "0": 0.9982825517654419,
            "1": 0.9982825517654419
        },
        "macro_precision": 0.9837765097618103,
        "micro_precision": 0.9982825517654419,
        "precision_per_class": {
            "0": 0.9987074136734009,
            "1": 0.9688456058502197
        },
        "macro_recall": 0.9574623107910156,
        "micro_recall": 0.9982825517654419,
        "recall_per_class": {
            "0": 0.9995500445365906,
            "1": 0.9153745174407959
        },
        "macro_f1": 0.9702399373054504,
        "micro_f1": 0.9982825517654419,
        "f1_per_class": {
            "0": 0.999128520488739,
            "1": 0.9413513541221619
        },
        "MSE": 0.0014774635201320052,
        "LogLoss": 0.08793121576309204,
        "AUNU": 0.9760755300521851,
        "micro_ROC-AUC": 0.9760755300521851
    }
}