{
    "classification type": "multiclass",
    "class balance": "imbalanced",
    "dataset name": "irish-times_imbalanced",
    "class names": [
        0,
        10,
        1,
        8,
        5,
        9,
        2,
        13,
        6,
        7,
        4,
        14,
        3,
        16,
        15,
        18,
        11,
        12,
        19,
        17
    ],
    "model name": "knn",
    "index": 3,
    "cv fold": 2,
    "fold info": {
        "train distribution": 120138,
        "test distribution": 30029,
        "train distribution pct": 944.4811320754717,
        "test distribution pct": 944.3081761006289
    },
    "metrics": {
        "macro_accuracy": 0.953387439250946,
        "micro_accuracy": 0.953387439250946,
        "accuracy_per_class": {
            "0": 0.9402481913566589,
            "10": 0.9603570699691772,
            "1": 0.9364813566207886,
            "8": 0.8919557929039001,
            "5": 0.9816460609436035,
            "9": 0.9781733751296997,
            "2": 0.938598096370697,
            "13": 0.9794380068778992,
            "6": 0.9841076731681824,
            "7": 0.9361432194709778,
            "4": 0.8346858620643616,
            "14": 0.9842801094055176,
            "3": 0.98965984582901,
            "16": 0.9456313252449036,
            "15": 0.9722763299942017,
            "18": 0.9780313968658447,
            "11": 0.9745350480079651,
            "12": 0.9844086170196533,
            "19": 0.9746060967445374,
            "17": 0.9024853110313416
        },
        "macro_precision": 0.443537175655365,
        "micro_precision": 0.5338743329048157,
        "precision_per_class": {
            "0": 0.07803837954998016,
            "10": 0.1577097624540329,
            "1": 0.5085875391960144,
            "8": 0.3298105001449585,
            "5": 0.16533957421779633,
            "9": 0.5571486949920654,
            "2": 0.4801361560821533,
            "13": 0.6362729072570801,
            "6": 0.628978431224823,
            "7": 0.5026963353157043,
            "4": 0.7435925006866455,
            "14": 0.7615851759910583,
            "3": 0.33409610390663147,
            "16": 0.5716174244880676,
            "15": 0.43059778213500977,
            "18": 0.5679194927215576,
            "11": 0.4328582286834717,
            "12": 0.16946959495544434,
            "19": 0.5843042135238647,
            "17": 0.22998464107513428
        },
        "macro_recall": 0.34720757603645325,
        "micro_recall": 0.5338743329048157,
        "recall_per_class": {
            "0": 0.11766975373029709,
            "10": 0.15278762578964233,
            "1": 0.4639488458633423,
            "8": 0.7721853852272034,
            "5": 0.08827206492424011,
            "9": 0.20196020603179932,
            "2": 0.49320799112319946,
            "13": 0.49540096521377563,
            "6": 0.4823348820209503,
            "7": 0.4274720549583435,
            "4": 0.8077096939086914,
            "14": 0.3790964186191559,
            "3": 0.16698436439037323,
            "16": 0.47396689653396606,
            "15": 0.2828054428100586,
            "18": 0.2758769392967224,
            "11": 0.24749785661697388,
            "12": 0.07300083339214325,
            "19": 0.3211308419704437,
            "17": 0.2208414524793625
        },
        "macro_f1": 0.37253469228744507,
        "micro_f1": 0.5338743329048157,
        "f1_per_class": {
            "0": 0.09384134411811829,
            "10": 0.15520969033241272,
            "1": 0.4852437376976013,
            "8": 0.46220651268959045,
            "5": 0.11509618163108826,
            "9": 0.29645776748657227,
            "2": 0.48658430576324463,
            "13": 0.5570690035820007,
            "6": 0.5459814667701721,
            "7": 0.4620424509048462,
            "4": 0.7743260860443115,
            "14": 0.5062134861946106,
            "3": 0.22267411649227142,
            "16": 0.5182322263717651,
            "15": 0.3413928747177124,
            "18": 0.3713594675064087,
            "11": 0.3149276673793793,
            "12": 0.10204479098320007,
            "19": 0.4144706130027771,
            "17": 0.22532033920288086
        },
        "Kappa": 0.44186148047447205,
        "MSE": 0.03412875160574913,
        "LogLoss": 5.14817476272583,
        "AUNU": 0.7390761971473694,
        "micro_ROC-AUC": 0.8219752311706543,
        "AUNP": 0.7972103953361511,
        "AU1U": 0.7278003358025348,
        "AU1P": 0.7610298042402401,
        "ROC-AUC_per_class_vs_rest": {
            "0": 0.6194966614768318,
            "10": 0.6781546482795214,
            "1": 0.7806340110066916,
            "8": 0.8986987137470211,
            "5": 0.6388497692906916,
            "9": 0.6784472649852608,
            "2": 0.7894190637460468,
            "13": 0.8072077782124735,
            "6": 0.8056533576046533,
            "7": 0.7719630758469431,
            "4": 0.8765749735338945,
            "14": 0.7623753937496079,
            "3": 0.6614869728165067,
            "16": 0.7943523990000982,
            "15": 0.7395099563289824,
            "18": 0.7160555991957204,
            "11": 0.703971838726904,
            "12": 0.6421502443145785,
            "19": 0.7388800450803645,
            "17": 0.6776423866079033
        }
    }
}