{
    "classification type": "multiclass",
    "class balance": "balanced",
    "dataset name": "dbpedia-ontology_balanced",
    "class names": [
        0,
        1,
        2,
        3,
        4,
        5,
        6
    ],
    "model name": "decision_tree",
    "index": 4,
    "cv fold": 2,
    "fold info": {
        "train distribution": 87360,
        "test distribution": 21840,
        "train distribution pct": 300.0,
        "test distribution pct": 300.0
    },
    "metrics": {
        "macro_accuracy": 0.9789401888847351,
        "micro_accuracy": 0.9789401888847351,
        "accuracy_per_class": {
            "0": 0.9693652987480164,
            "1": 0.9871708750724792,
            "2": 0.970801830291748,
            "3": 0.9879350066184998,
            "4": 0.978431224822998,
            "5": 0.9817565083503723,
            "6": 0.9771205186843872
        },
        "macro_precision": 0.9262984991073608,
        "micro_precision": 0.9262906312942505,
        "precision_per_class": {
            "0": 0.892959475517273,
            "1": 0.9556183815002441,
            "2": 0.8986769914627075,
            "3": 0.9592812657356262,
            "4": 0.922166645526886,
            "5": 0.9348499178886414,
            "6": 0.9205368161201477
        },
        "macro_recall": 0.9262906312942505,
        "micro_recall": 0.9262906312942505,
        "recall_per_class": {
            "0": 0.8925480842590332,
            "1": 0.9545272588729858,
            "2": 0.8967147469520569,
            "3": 0.956129789352417,
            "4": 0.9272836446762085,
            "5": 0.9376402497291565,
            "6": 0.9191907048225403
        },
        "macro_f1": 0.9262925982475281,
        "micro_f1": 0.9262906312942505,
        "f1_per_class": {
            "0": 0.8927537202835083,
            "1": 0.9550725221633911,
            "2": 0.8976948261260986,
            "3": 0.9577029347419739,
            "4": 0.9247180819511414,
            "5": 0.9362429976463318,
            "6": 0.9198632836341858
        },
        "Kappa": 0.9140057563781738,
        "MSE": 0.019783373922109604,
        "LogLoss": 1.172792673110962,
        "AUNU": 0.9522349238395691,
        "micro_ROC-AUC": 0.952278733253479,
        "AUNP": 0.9522349238395691,
        "AU1U": 0.952234927040354,
        "AU1P": 0.9522349270403542,
        "ROC-AUC_per_class_vs_rest": {
            "0": 0.9329857435023707,
            "1": 0.9741869462761679,
            "2": 0.9287040374040237,
            "3": 0.970638325674712,
            "4": 0.9517311883040642,
            "5": 0.9569372570632242,
            "6": 0.9504609910579148
        }
    }
}