{
    "classification type": "binary",
    "class balance": "balanced",
    "dataset name": "santander-customer-satisfaction_balanced",
    "class names": [
        1,
        0
    ],
    "model name": "random_forest",
    "index": 1,
    "cv fold": 3,
    "fold info": {
        "train distribution": 16071,
        "test distribution": 4017,
        "train distribution pct": 50.00155564543729,
        "test distribution pct": 49.99377722464219
    },
    "metrics": {
        "macro_accuracy": 0.6914066672325134,
        "micro_accuracy": 0.6914066672325134,
        "accuracy_per_class": {
            "1": 0.6914066672325134,
            "0": 0.6914066672325134
        },
        "macro_precision": 0.6914165616035461,
        "micro_precision": 0.6914066672325134,
        "precision_per_class": {
            "1": 0.6927927732467651,
            "0": 0.6900403499603271
        },
        "macro_recall": 0.6914066076278687,
        "micro_recall": 0.6914066672325134,
        "recall_per_class": {
            "1": 0.6878095269203186,
            "0": 0.6950037479400635
        },
        "macro_f1": 0.6914026737213135,
        "micro_f1": 0.6914066672325134,
        "f1_per_class": {
            "1": 0.6902921795845032,
            "0": 0.6925131678581238
        },
        "MSE": 0.27037951350212097,
        "LogLoss": 17.793502807617188,
        "AUNU": 0.6707851886749268,
        "micro_ROC-AUC": 0.6707851886749268
    }
}