{
    "classification type": "multiclass",
    "class balance": "balanced",
    "dataset name": "irish-times_balanced",
    "class names": [
        0,
        1,
        8,
        5,
        4,
        12,
        7,
        14,
        15,
        9,
        16,
        13,
        18,
        2,
        6,
        11,
        17,
        3,
        10,
        19
    ],
    "model name": "decision_tree",
    "index": 2,
    "cv fold": 2,
    "fold info": {
        "train distribution": 120840,
        "test distribution": 30210,
        "train distribution pct": 950.0,
        "test distribution pct": 950.0
    },
    "metrics": {
        "macro_accuracy": 0.947917103767395,
        "micro_accuracy": 0.947917103767395,
        "accuracy_per_class": {
            "0": 0.9081512689590454,
            "1": 0.9260841012001038,
            "8": 0.9536163806915283,
            "5": 0.9257944226264954,
            "4": 0.9396971464157104,
            "12": 0.9518536925315857,
            "7": 0.9442071914672852,
            "14": 0.9715822339057922,
            "15": 0.9630172252655029,
            "9": 0.9560824036598206,
            "16": 0.9580933451652527,
            "13": 0.9705892205238342,
            "18": 0.954841136932373,
            "2": 0.9585733413696289,
            "6": 0.9488745331764221,
            "11": 0.9603359699249268,
            "17": 0.9455395340919495,
            "3": 0.9396805763244629,
            "10": 0.9583250284194946,
            "19": 0.9234028458595276
        },
        "macro_precision": 0.49034056067466736,
        "micro_precision": 0.4791707992553711,
        "precision_per_class": {
            "0": 0.16101354360580444,
            "1": 0.2801946997642517,
            "8": 0.5417542457580566,
            "5": 0.3804072141647339,
            "4": 0.3862598240375519,
            "12": 0.5256175398826599,
            "7": 0.44768309593200684,
            "14": 0.7344480156898499,
            "15": 0.62403404712677,
            "9": 0.5670498013496399,
            "16": 0.5833049416542053,
            "13": 0.7128679156303406,
            "18": 0.5551158785820007,
            "2": 0.5945945978164673,
            "6": 0.4889574646949768,
            "11": 0.6128682494163513,
            "17": 0.4490258991718292,
            "3": 0.3871084451675415,
            "10": 0.5933555960655212,
            "19": 0.18115079402923584
        },
        "macro_recall": 0.4791707396507263,
        "micro_recall": 0.4791707992553711,
        "recall_per_class": {
            "0": 0.1987752467393875,
            "1": 0.30486592650413513,
            "8": 0.4692154824733734,
            "5": 0.7699437141418457,
            "4": 0.34988415241241455,
            "12": 0.3803376257419586,
            "7": 0.4956967830657959,
            "14": 0.6761006116867065,
            "15": 0.6549155712127686,
            "9": 0.5143992304801941,
            "16": 0.566699743270874,
            "13": 0.6895067691802979,
            "18": 0.4875868856906891,
            "2": 0.5388944149017334,
            "6": 0.49834492802619934,
            "11": 0.5612379908561707,
            "17": 0.3929162621498108,
            "3": 0.35385632514953613,
            "10": 0.5291294455528259,
            "19": 0.15110890567302704
        },
        "macro_f1": 0.4798282980918884,
        "micro_f1": 0.4791707992553711,
        "f1_per_class": {
            "0": 0.17791274189949036,
            "1": 0.2920101583003998,
            "8": 0.5028824806213379,
            "5": 0.5092222690582275,
            "4": 0.3671732544898987,
            "12": 0.4413289725780487,
            "7": 0.47046810388565063,
            "14": 0.704067587852478,
            "15": 0.6391019821166992,
            "9": 0.5394428372383118,
            "16": 0.574882447719574,
            "13": 0.70099276304245,
            "18": 0.5191646814346313,
            "2": 0.5653759241104126,
            "6": 0.4936065673828125,
            "11": 0.5859179496765137,
            "17": 0.41910141706466675,
            "3": 0.36973628401756287,
            "10": 0.5594050884246826,
            "19": 0.16477170586585999
        },
        "Kappa": 0.4517587423324585,
        "MSE": 0.03951180726289749,
        "LogLoss": 5.189327239990234,
        "AUNU": 0.7803292274475098,
        "micro_ROC-AUC": 0.7847610116004944,
        "AUNP": 0.7803292274475098,
        "AU1U": 0.7803291996645559,
        "AU1P": 0.7803291996645562,
        "ROC-AUC_per_class_vs_rest": {
            "0": 0.6666368804547947,
            "1": 0.730229899267991,
            "8": 0.768654460761464,
            "5": 0.9014743318486997,
            "4": 0.7351456579497102,
            "12": 0.7500661640288107,
            "7": 0.7746801465451636,
            "14": 0.8560712948753719,
            "15": 0.8471613428671587,
            "9": 0.7811639524853347,
            "16": 0.7997098961370075,
            "13": 0.8507194226556719,
            "18": 0.8099754127364077,
            "2": 0.8148218074620533,
            "6": 0.8047107250183689,
            "11": 0.7998563394853999,
            "17": 0.734819138496364,
            "3": 0.7231952949445981,
            "10": 0.7916846054343925,
            "19": 0.6658072198363553
        }
    }
}