{
    "classification type": "multiclass",
    "class balance": "imbalanced",
    "dataset name": "usps_imbalanced",
    "class names": [
        4,
        3,
        0,
        2,
        1,
        5
    ],
    "model name": "knn",
    "index": 1,
    "cv fold": 1,
    "fold info": {
        "train distribution": 3191,
        "test distribution": 798,
        "train distribution pct": 187.5955320399765,
        "test distribution pct": 187.32394366197184
    },
    "metrics": {
        "macro_accuracy": 0.9777739644050598,
        "micro_accuracy": 0.9777739644050598,
        "accuracy_per_class": {
            "4": 0.9738562107086182,
            "3": 0.9913427233695984,
            "0": 0.9732255339622498,
            "2": 0.9687535762786865,
            "1": 0.9779841899871826,
            "5": 0.9814814925193787
        },
        "macro_precision": 0.9143610000610352,
        "micro_precision": 0.9333218932151794,
        "precision_per_class": {
            "4": 0.9483901262283325,
            "3": 0.9730359315872192,
            "0": 0.9097937941551208,
            "2": 0.91270512342453,
            "1": 0.935741662979126,
            "5": 0.8064992427825928
        },
        "macro_recall": 0.9044645428657532,
        "micro_recall": 0.9333218932151794,
        "recall_per_class": {
            "4": 0.9646503329277039,
            "3": 0.9766120910644531,
            "0": 0.9054853916168213,
            "2": 0.9038364887237549,
            "1": 0.9363651275634766,
            "5": 0.7398374080657959
        },
        "macro_f1": 0.9091566205024719,
        "micro_f1": 0.9333218932151794,
        "f1_per_class": {
            "4": 0.9564511775970459,
            "3": 0.9748207330703735,
            "0": 0.9076344966888428,
            "2": 0.9082491397857666,
            "1": 0.9360532760620117,
            "5": 0.771731436252594
        },
        "Kappa": 0.9165560603141785,
        "MSE": 0.021452203392982483,
        "LogLoss": 0.9003577828407288,
        "AUNU": 0.9545130729675293,
        "micro_ROC-AUC": 0.9657386541366577,
        "AUNP": 0.9646499752998352,
        "AU1U": 0.9514067255828164,
        "AU1P": 0.957006735635835,
        "ROC-AUC_per_class_vs_rest": {
            "4": 0.9741343890860753,
            "3": 0.9902617694684601,
            "0": 0.9490788967387243,
            "2": 0.9502589826096426,
            "1": 0.9669441187442704,
            "5": 0.8964001733677538
        }
    }
}