{
    "classification type": "multiclass",
    "class balance": "imbalanced",
    "dataset name": "gtsrb-huelist_imbalanced",
    "class names": [
        0,
        1,
        2,
        3,
        4,
        5,
        6,
        7,
        8,
        9,
        10,
        11,
        12,
        13,
        14,
        15
    ],
    "model name": "random_forest",
    "index": 0,
    "cv fold": 2,
    "fold info": {
        "train distribution": 143856,
        "test distribution": 35964,
        "train distribution pct": 632.0562390158173,
        "test distribution pct": 632.0562390158173
    },
    "metrics": {
        "macro_accuracy": 0.9300432801246643,
        "micro_accuracy": 0.9300431609153748,
        "accuracy_per_class": {
            "0": 0.8725436925888062,
            "1": 0.8500314950942993,
            "2": 0.9713267087936401,
            "3": 0.8926551342010498,
            "4": 0.8884570598602295,
            "5": 0.9370030164718628,
            "6": 0.973495364189148,
            "7": 0.9117252826690674,
            "8": 0.8870311975479126,
            "9": 0.9559372663497925,
            "10": 0.8829392790794373,
            "11": 0.9121033549308777,
            "12": 0.968952476978302,
            "13": 0.9869648814201355,
            "14": 0.9905958771705627,
            "15": 0.998928964138031
        },
        "macro_precision": 0.34388822317123413,
        "micro_precision": 0.44034552574157715,
        "precision_per_class": {
            "0": 0.3967578113079071,
            "1": 0.30031532049179077,
            "2": 0.16408298909664154,
            "3": 0.3354496359825134,
            "4": 0.3110293447971344,
            "5": 0.26790207624435425,
            "6": 0.23997250199317932,
            "7": 0.3362320363521576,
            "8": 0.41928890347480774,
            "9": 0.7597282528877258,
            "10": 0.42348378896713257,
            "11": 0.3247157335281372,
            "12": 0.8271552324295044,
            "13": 0.13083574175834656,
            "14": 0.1328125,
            "15": 0.13245032727718353
        },
        "macro_recall": 0.3348804712295532,
        "micro_recall": 0.44034552574157715,
        "recall_per_class": {
            "0": 0.44843408465385437,
            "1": 0.3174842894077301,
            "2": 0.11801028996706009,
            "3": 0.31099823117256165,
            "4": 0.2930978834629059,
            "5": 0.2373347133398056,
            "6": 0.18291404843330383,
            "7": 0.29554909467697144,
            "8": 0.5291852355003357,
            "9": 0.8054034113883972,
            "10": 0.43275025486946106,
            "11": 0.24356774985790253,
            "12": 0.8595843315124512,
            "13": 0.08566037565469742,
            "14": 0.1037735864520073,
            "15": 0.09433962404727936
        },
        "macro_f1": 0.33717939257621765,
        "micro_f1": 0.44034552574157715,
        "f1_per_class": {
            "0": 0.4210161566734314,
            "1": 0.30866122245788574,
            "2": 0.13728424906730652,
            "3": 0.32276150584220886,
            "4": 0.3017975091934204,
            "5": 0.2516937255859375,
            "6": 0.20759393274784088,
            "7": 0.3145807087421417,
            "8": 0.46787041425704956,
            "9": 0.7818993330001831,
            "10": 0.4280668795108795,
            "11": 0.27834799885749817,
            "12": 0.8430580496788025,
            "13": 0.10353478044271469,
            "14": 0.11651090532541275,
            "15": 0.11019283533096313
        },
        "Kappa": 0.38621899485588074,
        "MSE": 0.05596014857292175,
        "LogLoss": 6.407895565032959,
        "AUNU": 0.7086859345436096,
        "micro_ROC-AUC": 0.7560141086578369,
        "AUNP": 0.7379482388496399,
        "AU1U": 0.7053501734005272,
        "AU1P": 0.7203067887577064,
        "ROC-AUC_per_class_vs_rest": {
            "0": 0.7163174387986774,
            "1": 0.6660755075427636,
            "2": 0.6484059522869109,
            "3": 0.6812997310897229,
            "4": 0.6728449511467185,
            "5": 0.6694292104753212,
            "6": 0.6868536852159369,
            "7": 0.6942482008465772,
            "8": 0.7549204818050136,
            "9": 0.9074740422516028,
            "10": 0.7209830052447487,
            "11": 0.6686668710303326,
            "12": 0.9284646486802604,
            "13": 0.6358606656920891,
            "14": 0.633955747457649,
            "15": 0.653174476116728
        }
    }
}