{
  "dataset_name": "colon-0.5_balanced",
  "classification_type": "binary",
  "class_balance": "balanced",
  "correlation_type": "spearman",
  "correlation_matrix": {
    "macro_accuracy": {
      "macro_accuracy": 1.0,
      "micro_accuracy": 1.0,
      "macro_precision": 0.9998439825980479,
      "micro_precision": 1.0,
      "macro_recall": 1.0,
      "micro_recall": 1.0,
      "macro_f1": 1.0,
      "micro_f1": 1.0,
      "MSE": -0.7999735971004798,
      "LogLoss": -0.6969900629372379,
      "AUNU": 0.6717272334985216,
      "micro_ROC-AUC": 0.6717272334985216
    },
    "micro_accuracy": {
      "macro_accuracy": 1.0,
      "micro_accuracy": 1.0,
      "macro_precision": 0.9998439825980479,
      "micro_precision": 1.0,
      "macro_recall": 1.0,
      "micro_recall": 1.0,
      "macro_f1": 1.0,
      "micro_f1": 1.0,
      "MSE": -0.7999735971004798,
      "LogLoss": -0.6969900629372379,
      "AUNU": 0.6717272334985216,
      "micro_ROC-AUC": 0.6717272334985216
    },
    "macro_precision": {
      "macro_accuracy": 0.9998439825980479,
      "micro_accuracy": 0.9998439825980479,
      "macro_precision": 1.0,
      "micro_precision": 0.9998439825980479,
      "macro_recall": 0.9998439825980479,
      "micro_recall": 0.9998439825980479,
      "macro_f1": 0.9998439825980479,
      "micro_f1": 0.9998439825980479,
      "MSE": -0.8031083108310831,
      "LogLoss": -0.7005460546054606,
      "AUNU": 0.6753555355535553,
      "micro_ROC-AUC": 0.6753555355535553
    },
    "micro_precision": {
      "macro_accuracy": 1.0,
      "micro_accuracy": 1.0,
      "macro_precision": 0.9998439825980479,
      "micro_precision": 1.0,
      "macro_recall": 1.0,
      "micro_recall": 1.0,
      "macro_f1": 1.0,
      "micro_f1": 1.0,
      "MSE": -0.7999735971004798,
      "LogLoss": -0.6969900629372379,
      "AUNU": 0.6717272334985216,
      "micro_ROC-AUC": 0.6717272334985216
    },
    "macro_recall": {
      "macro_accuracy": 1.0,
      "micro_accuracy": 1.0,
      "macro_precision": 0.9998439825980479,
      "micro_precision": 1.0,
      "macro_recall": 1.0,
      "micro_recall": 1.0,
      "macro_f1": 1.0,
      "micro_f1": 1.0,
      "MSE": -0.7999735971004798,
      "LogLoss": -0.6969900629372379,
      "AUNU": 0.6717272334985216,
      "micro_ROC-AUC": 0.6717272334985216
    },
    "micro_recall": {
      "macro_accuracy": 1.0,
      "micro_accuracy": 1.0,
      "macro_precision": 0.9998439825980479,
      "micro_precision": 1.0,
      "macro_recall": 1.0,
      "micro_recall": 1.0,
      "macro_f1": 1.0,
      "micro_f1": 1.0,
      "MSE": -0.7999735971004798,
      "LogLoss": -0.6969900629372379,
      "AUNU": 0.6717272334985216,
      "micro_ROC-AUC": 0.6717272334985216
    },
    "macro_f1": {
      "macro_accuracy": 1.0,
      "micro_accuracy": 1.0,
      "macro_precision": 0.9998439825980479,
      "micro_precision": 1.0,
      "macro_recall": 1.0,
      "micro_recall": 1.0,
      "macro_f1": 1.0,
      "micro_f1": 1.0,
      "MSE": -0.7999735971004798,
      "LogLoss": -0.6969900629372379,
      "AUNU": 0.6717272334985216,
      "micro_ROC-AUC": 0.6717272334985216
    },
    "micro_f1": {
      "macro_accuracy": 1.0,
      "micro_accuracy": 1.0,
      "macro_precision": 0.9998439825980479,
      "micro_precision": 1.0,
      "macro_recall": 1.0,
      "micro_recall": 1.0,
      "macro_f1": 1.0,
      "micro_f1": 1.0,
      "MSE": -0.7999735971004798,
      "LogLoss": -0.6969900629372379,
      "AUNU": 0.6717272334985216,
      "micro_ROC-AUC": 0.6717272334985216
    },
    "MSE": {
      "macro_accuracy": -0.7999735971004798,
      "micro_accuracy": -0.7999735971004798,
      "macro_precision": -0.8031083108310831,
      "micro_precision": -0.7999735971004798,
      "macro_recall": -0.7999735971004798,
      "micro_recall": -0.7999735971004798,
      "macro_f1": -0.7999735971004798,
      "micro_f1": -0.7999735971004798,
      "MSE": 1.0,
      "LogLoss": 0.9511071107110711,
      "AUNU": -0.9352775277527753,
      "micro_ROC-AUC": -0.9352775277527753
    },
    "LogLoss": {
      "macro_accuracy": -0.6969900629372379,
      "micro_accuracy": -0.6969900629372379,
      "macro_precision": -0.7005460546054606,
      "micro_precision": -0.6969900629372379,
      "macro_recall": -0.6969900629372379,
      "micro_recall": -0.6969900629372379,
      "macro_f1": -0.6969900629372379,
      "micro_f1": -0.6969900629372379,
      "MSE": 0.9511071107110711,
      "LogLoss": 1.0,
      "AUNU": -0.9968556855685569,
      "micro_ROC-AUC": -0.9968556855685569
    },
    "AUNU": {
      "macro_accuracy": 0.6717272334985216,
      "micro_accuracy": 0.6717272334985216,
      "macro_precision": 0.6753555355535553,
      "micro_precision": 0.6717272334985216,
      "macro_recall": 0.6717272334985216,
      "micro_recall": 0.6717272334985216,
      "macro_f1": 0.6717272334985216,
      "micro_f1": 0.6717272334985216,
      "MSE": -0.9352775277527753,
      "LogLoss": -0.9968556855685569,
      "AUNU": 1.0,
      "micro_ROC-AUC": 1.0
    },
    "micro_ROC-AUC": {
      "macro_accuracy": 0.6717272334985216,
      "micro_accuracy": 0.6717272334985216,
      "macro_precision": 0.6753555355535553,
      "micro_precision": 0.6717272334985216,
      "macro_recall": 0.6717272334985216,
      "micro_recall": 0.6717272334985216,
      "macro_f1": 0.6717272334985216,
      "micro_f1": 0.6717272334985216,
      "MSE": -0.9352775277527753,
      "LogLoss": -0.9968556855685569,
      "AUNU": 1.0,
      "micro_ROC-AUC": 1.0
    }
  }
}