{
    "classification type": "multiclass",
    "class balance": "balanced",
    "dataset name": "volkert_balanced",
    "class names": [
        8,
        6,
        1,
        3,
        4,
        9,
        0,
        5,
        2,
        7
    ],
    "model name": "decision_tree",
    "index": 2,
    "cv fold": 0,
    "fold info": {
        "train distribution": 35575,
        "test distribution": 8896,
        "train distribution pct": 450.08856275303646,
        "test distribution pct": 450.2024291497976
    },
    "metrics": {
        "macro_accuracy": 0.8956561088562012,
        "micro_accuracy": 0.8956562280654907,
        "accuracy_per_class": {
            "8": 0.8683929443359375,
            "6": 0.897253155708313,
            "1": 0.8740159869194031,
            "3": 0.8843061327934265,
            "4": 0.8836032152175903,
            "9": 0.859606921672821,
            "0": 0.9111420512199402,
            "5": 0.9510093331336975,
            "2": 0.9214884042739868,
            "7": 0.9057439565658569
        },
        "macro_precision": 0.4714314341545105,
        "micro_precision": 0.47828105092048645,
        "precision_per_class": {
            "8": 0.3159790337085724,
            "6": 0.49993693828582764,
            "1": 0.3684059977531433,
            "3": 0.39615488052368164,
            "4": 0.41671451926231384,
            "9": 0.2864409387111664,
            "0": 0.5563626289367676,
            "5": 0.7424852252006531,
            "2": 0.6042478680610657,
            "7": 0.5275866985321045
        },
        "macro_recall": 0.47848671674728394,
        "micro_recall": 0.47828105092048645,
        "recall_per_class": {
            "8": 0.27129602432250977,
            "6": 0.5424192547798157,
            "1": 0.3618873655796051,
            "3": 0.4369772970676422,
            "4": 0.4075842797756195,
            "9": 0.24684931337833405,
            "0": 0.5587822794914246,
            "5": 0.7794055342674255,
            "2": 0.6299046874046326,
            "7": 0.5497610569000244
        },
        "macro_f1": 0.47435301542282104,
        "micro_f1": 0.47828105092048645,
        "f1_per_class": {
            "8": 0.2919376790523529,
            "6": 0.5203123688697815,
            "1": 0.365117609500885,
            "3": 0.41556596755981445,
            "4": 0.41209882497787476,
            "9": 0.2651754915714264,
            "0": 0.5575698018074036,
            "5": 0.7604975700378418,
            "2": 0.616809606552124,
            "7": 0.5384456515312195
        },
        "Kappa": 0.42032599449157715,
        "MSE": 0.07933603227138519,
        "LogLoss": 4.634552478790283,
        "AUNU": 0.7729456424713135,
        "micro_ROC-AUC": 0.7786998748779297,
        "AUNP": 0.7729384899139404,
        "AU1U": 0.7729536337129504,
        "AU1P": 0.7729465329693471,
        "ROC-AUC_per_class_vs_rest": {
            "8": 0.6725503792812577,
            "6": 0.8095865915681509,
            "1": 0.7290777279843187,
            "3": 0.742291407332875,
            "4": 0.7556645983781443,
            "9": 0.6645488696634442,
            "0": 0.817175603426606,
            "5": 0.9004386689100314,
            "2": 0.8381975798328895,
            "7": 0.7999249649537554
        }
    }
}