{
    "classification type": "multilabel",
    "class balance": "balanced",
    "dataset name": "cal500_balanced",
    "class names": [
        "Instrument_-_Male_Lead_Vocals",
        "Song-Texture_Electric",
        "NOT-Emotion-Angry-Agressive",
        "NOT-Emotion-Bizarre-Weird",
        "Song-Quality",
        "Song-Texture_Acoustic",
        "Instrument_-_Drum_Set"
    ],
    "model name": "knn",
    "index": 3,
    "cv fold": 1,
    "fold info": {
        "train distribution": [
            240,
            239,
            240,
            219,
            217,
            217,
            217
        ],
        "test distribution": [
            60,
            59,
            60,
            54,
            54,
            54,
            54
        ],
        "train distribution pct": [
            64.86486486486487,
            64.5945945945946,
            64.86486486486487,
            59.189189189189186,
            58.648648648648646,
            58.648648648648646,
            58.648648648648646
        ],
        "test distribution pct": [
            65.21739130434783,
            64.13043478260869,
            65.21739130434783,
            58.69565217391305,
            58.69565217391305,
            58.69565217391305,
            58.69565217391305
        ]
    },
    "metrics": {
        "macro_accuracy": 0.566489848179989,
        "micro_accuracy": 0.566489848179989,
        "accuracy_per_class": {
            "Instrument_-_Male_Lead_Vocals": 0.6370038412291933,
            "Song-Texture_Electric": 0.6286811779769527,
            "NOT-Emotion-Angry-Agressive": 0.5928297055057619,
            "NOT-Emotion-Bizarre-Weird": 0.5275288092189501,
            "Song-Quality": 0.49551856594110116,
            "Song-Texture_Acoustic": 0.5153649167733675,
            "Instrument_-_Drum_Set": 0.5685019206145967
        },
        "macro_precision": 0.6303809997916646,
        "micro_precision": 0.6353353083759763,
        "precision_per_class": {
            "Instrument_-_Male_Lead_Vocals": 0.6664217487141807,
            "Song-Texture_Electric": 0.6684656900539707,
            "NOT-Emotion-Angry-Agressive": 0.686046511627907,
            "NOT-Emotion-Bizarre-Weird": 0.5953815261044176,
            "Song-Quality": 0.592032967032967,
            "Song-Texture_Acoustic": 0.6009852216748769,
            "Instrument_-_Drum_Set": 0.6033333333333334
        },
        "macro_recall": 0.693917096353936,
        "micro_recall": 0.698962962962963,
        "recall_per_class": {
            "Instrument_-_Male_Lead_Vocals": 0.8892156862745098,
            "Song-Texture_Electric": 0.8525073746312685,
            "NOT-Emotion-Angry-Agressive": 0.6941176470588235,
            "NOT-Emotion-Bizarre-Weird": 0.6390086206896551,
            "Song-Quality": 0.46746203904555317,
            "Song-Texture_Acoustic": 0.5298588490770901,
            "Instrument_-_Drum_Set": 0.7852494577006508
        },
        "macro_f1": 0.6550976740929688,
        "micro_f1": 0.6656320541760722,
        "f1_per_class": {
            "Instrument_-_Male_Lead_Vocals": 0.7618647627047459,
            "Song-Texture_Electric": 0.749351771823682,
            "NOT-Emotion-Angry-Agressive": 0.6900584795321637,
            "NOT-Emotion-Bizarre-Weird": 0.6164241164241164,
            "Song-Quality": 0.5224242424242425,
            "Song-Texture_Acoustic": 0.5631852279284478,
            "Instrument_-_Drum_Set": 0.6823751178133836
        },
        "MSE": 0.25406163930892944,
        "LogLoss": 1.3354682922363281,
        "AUNU": 0.5371025800704956,
        "micro_ROC-AUC": 0.5434306859970093,
        "AUNP": 0.537783145904541,
        "ROC-AUC_per_class_vs_rest": {
            "Instrument_-_Male_Lead_Vocals": 0.5676343969322046,
            "Song-Texture_Electric": 0.5179805688614652,
            "NOT-Emotion-Angry-Agressive": 0.5728257723753709,
            "NOT-Emotion-Bizarre-Weird": 0.5196090095725008,
            "Song-Quality": 0.5078387676247289,
            "Song-Texture_Acoustic": 0.5146605212742712,
            "Instrument_-_Drum_Set": 0.5591690957158351
        }
    }
}