{
    "classification type": "multilabel",
    "class balance": "balanced",
    "dataset name": "tmc2007500_balanced",
    "class names": [
        "class13",
        "class07",
        "class01",
        "class14",
        "class18",
        "class10"
    ],
    "model name": "decision_tree",
    "index": 3,
    "cv fold": 4,
    "fold info": {
        "train distribution": [
            1252,
            1253,
            1253,
            1253,
            1189,
            1183
        ],
        "test distribution": [
            313,
            313,
            313,
            313,
            298,
            296
        ],
        "train distribution pct": [
            19.785082174462705,
            19.800884955752213,
            19.800884955752213,
            19.800884955752213,
            18.789506953223768,
            18.694690265486727
        ],
        "test distribution pct": [
            19.785082174462705,
            19.785082174462705,
            19.785082174462705,
            19.785082174462705,
            18.83691529709229,
            18.710493046776232
        ]
    },
    "metrics": {
        "macro_accuracy": 0.9029077117572691,
        "micro_accuracy": 0.9029077117572692,
        "accuracy_per_class": {
            "class13": 0.8668773704171934,
            "class07": 0.8991782553729456,
            "class01": 0.95,
            "class14": 0.9219342604298356,
            "class18": 0.8992730720606826,
            "class10": 0.8801833122629583
        },
        "macro_precision": 0.7412747559326794,
        "micro_precision": 0.7430698016937562,
        "precision_per_class": {
            "class13": 0.6655886157826649,
            "class07": 0.7371913580246914,
            "class01": 0.8583894672382119,
            "class14": 0.7850916741809438,
            "class18": 0.7267203153227131,
            "class10": 0.6746671050468519
        },
        "macro_recall": 0.7644776825510612,
        "micro_recall": 0.7653321053201864,
        "recall_per_class": {
            "class13": 0.6575079872204472,
            "class07": 0.7626117496807152,
            "class01": 0.8951149425287356,
            "class14": 0.8339719029374202,
            "class18": 0.7439475453934096,
            "class10": 0.6937119675456389
        },
        "macro_f1": 0.7526102224523185,
        "micro_f1": 0.7540366703141264,
        "f1_per_class": {
            "class13": 0.6615236258437801,
            "class07": 0.7496861268047709,
            "class01": 0.8763676148796499,
            "class14": 0.8087939309490634,
            "class18": 0.7352330314862507,
            "class10": 0.6840570047503959
        },
        "MSE": 0.09683535248041153,
        "LogLoss": 9.643993377685547,
        "AUNU": 0.8513165712356567,
        "micro_ROC-AUC": 0.8517582416534424,
        "AUNP": 0.8518006801605225,
        "ROC-AUC_per_class_vs_rest": {
            "class13": 0.7888282797956682,
            "class07": 0.8487031420362398,
            "class01": 0.9293315885405342,
            "class14": 0.8899974838203534,
            "class18": 0.8408908297936519,
            "class10": 0.8101481205702726
        }
    }
}