{
    "classification type": "multiclass",
    "class balance": "imbalanced",
    "dataset name": "gtsrb-huelist_imbalanced",
    "class names": [
        0,
        1,
        2,
        3,
        4,
        5,
        6,
        7,
        8,
        9,
        10,
        11,
        12,
        13,
        14,
        15
    ],
    "model name": "decision_tree",
    "index": 1,
    "cv fold": 0,
    "fold info": {
        "train distribution": 143856,
        "test distribution": 35964,
        "train distribution pct": 632.0562390158173,
        "test distribution pct": 632.0562390158173
    },
    "metrics": {
        "macro_accuracy": 0.9276986122131348,
        "micro_accuracy": 0.92769855260849,
        "accuracy_per_class": {
            "0": 0.8676171898841858,
            "1": 0.8441521525382996,
            "2": 0.9735302329063416,
            "3": 0.8919099569320679,
            "4": 0.8860536217689514,
            "5": 0.9388684034347534,
            "6": 0.9748852252960205,
            "7": 0.9093032479286194,
            "8": 0.8754067420959473,
            "9": 0.9502579569816589,
            "10": 0.8741595149040222,
            "11": 0.9119224548339844,
            "12": 0.9669935703277588,
            "13": 0.9878337979316711,
            "14": 0.9913657307624817,
            "15": 0.9989171624183655
        },
        "macro_precision": 0.3282904326915741,
        "micro_precision": 0.4215885400772095,
        "precision_per_class": {
            "0": 0.3807661831378937,
            "1": 0.2743425667285919,
            "2": 0.18158826231956482,
            "3": 0.32236945629119873,
            "4": 0.2892574369907379,
            "5": 0.2810477316379547,
            "6": 0.23864734172821045,
            "7": 0.3019862174987793,
            "8": 0.3842080533504486,
            "9": 0.7238210439682007,
            "10": 0.38358810544013977,
            "11": 0.2816184461116791,
            "12": 0.807194173336029,
            "13": 0.1274999976158142,
            "14": 0.17832647264003754,
            "15": 0.09638553857803345
        },
        "macro_recall": 0.3161136507987976,
        "micro_recall": 0.4215885400772095,
        "recall_per_class": {
            "0": 0.44876015186309814,
            "1": 0.29053762555122375,
            "2": 0.10527858883142471,
            "3": 0.2850840985774994,
            "4": 0.2644747793674469,
            "5": 0.2371094673871994,
            "6": 0.1475507766008377,
            "7": 0.2464846968650818,
            "8": 0.5434940457344055,
            "9": 0.7967973351478577,
            "10": 0.4005376398563385,
            "11": 0.17122840881347656,
            "12": 0.8668186068534851,
            "13": 0.06580644845962524,
            "14": 0.12333966046571732,
            "15": 0.06451612710952759
        },
        "macro_f1": 0.31730079650878906,
        "micro_f1": 0.4215885400772095,
        "f1_per_class": {
            "0": 0.41197651624679565,
            "1": 0.2822079360485077,
            "2": 0.1332838386297226,
            "3": 0.3025824725627899,
            "4": 0.2763115167617798,
            "5": 0.257215678691864,
            "6": 0.1823551058769226,
            "7": 0.2714272737503052,
            "8": 0.4501763880252838,
            "9": 0.7585580348968506,
            "10": 0.391879677772522,
            "11": 0.2129685878753662,
            "12": 0.8359445333480835,
            "13": 0.08680851012468338,
            "14": 0.14582164585590363,
            "15": 0.07729468494653702
        },
        "Kappa": 0.3648386299610138,
        "MSE": 0.04928354546427727,
        "LogLoss": 3.7006289958953857,
        "AUNU": 0.770662248134613,
        "micro_ROC-AUC": 0.8198751211166382,
        "AUNP": 0.786750316619873,
        "AU1U": 0.7668754492130638,
        "AU1P": 0.7761931006096998,
        "ROC-AUC_per_class_vs_rest": {
            "0": 0.7739097157314199,
            "1": 0.7209984769466973,
            "2": 0.7492949823161967,
            "3": 0.7358458106214786,
            "4": 0.7283193203709631,
            "5": 0.764514811068123,
            "6": 0.7768205590780877,
            "7": 0.7447085331307545,
            "8": 0.8152396625397502,
            "9": 0.9304739539315374,
            "10": 0.7521164102935101,
            "11": 0.6944718748321929,
            "12": 0.9529131832863305,
            "13": 0.7186618696540984,
            "14": 0.7392399517837652,
            "15": 0.7330666024187051
        }
    }
}