{
    "classification type": "binary",
    "class balance": "imbalanced",
    "dataset name": "all-in-one_sentiment_imbalanced",
    "class names": [
        0,
        1
    ],
    "model name": "knn",
    "index": 4,
    "cv fold": 2,
    "fold info": {
        "train distribution": 284,
        "test distribution": 71,
        "train distribution pct": 2.433173406442769,
        "test distribution pct": 2.433173406442769
    },
    "metrics": {
        "macro_accuracy": 0.9683771133422852,
        "micro_accuracy": 0.9683771133422852,
        "accuracy_per_class": {
            "0": 0.9683771133422852,
            "1": 0.9683771133422852
        },
        "macro_precision": 0.5391664505004883,
        "micro_precision": 0.9683771133422852,
        "precision_per_class": {
            "0": 0.9763856530189514,
            "1": 0.10194730758666992
        },
        "macro_recall": 0.5149715542793274,
        "micro_recall": 0.9683771133422852,
        "recall_per_class": {
            "0": 0.9915700554847717,
            "1": 0.03837309405207634
        },
        "macro_f1": 0.5198389291763306,
        "micro_f1": 0.9683771133422852,
        "f1_per_class": {
            "0": 0.9839193224906921,
            "1": 0.05575858801603317
        },
        "MSE": 0.030948692932724953,
        "LogLoss": 1.8090308904647827,
        "AUNU": 0.5988687872886658,
        "micro_ROC-AUC": 0.5988687872886658
    }
}