{
    "classification type": "multilabel",
    "class balance": "imbalanced",
    "dataset name": "cal500_imbalanced",
    "class names": [
        "Instrument_-_Male_Lead_Vocals",
        "Song-Texture_Electric",
        "NOT-Emotion-Angry-Agressive",
        "NOT-Emotion-Bizarre-Weird",
        "Song-Quality",
        "Song-Texture_Acoustic",
        "Instrument_-_Drum_Set"
    ],
    "model name": "logistic_regression",
    "index": 4,
    "cv fold": 1,
    "fold info": {
        "train distribution": [
            271,
            233,
            228,
            208,
            209,
            195,
            176
        ],
        "test distribution": [
            68,
            58,
            57,
            52,
            51,
            48,
            44
        ],
        "train distribution pct": [
            75.4874651810585,
            64.9025069637883,
            63.50974930362116,
            57.938718662952645,
            58.21727019498607,
            54.317548746518106,
            49.02506963788301
        ],
        "test distribution pct": [
            78.16091954022988,
            66.66666666666666,
            65.51724137931035,
            59.77011494252874,
            58.620689655172406,
            55.172413793103445,
            50.57471264367817
        ]
    },
    "metrics": {
        "macro_accuracy": 0.5942652852765212,
        "micro_accuracy": 0.5942652852765212,
        "accuracy_per_class": {
            "Instrument_-_Male_Lead_Vocals": 0.7441266598569969,
            "Song-Texture_Electric": 0.609805924412666,
            "NOT-Emotion-Angry-Agressive": 0.6001021450459653,
            "NOT-Emotion-Bizarre-Weird": 0.5464759959141982,
            "Song-Quality": 0.557711950970378,
            "Song-Texture_Acoustic": 0.5301327885597549,
            "Instrument_-_Drum_Set": 0.5715015321756894
        },
        "macro_precision": 0.6409774028744953,
        "micro_precision": 0.6521311475409836,
        "precision_per_class": {
            "Instrument_-_Male_Lead_Vocals": 0.7997580157289776,
            "Song-Texture_Electric": 0.6760082023239918,
            "NOT-Emotion-Angry-Agressive": 0.6717724288840262,
            "NOT-Emotion-Bizarre-Weird": 0.5966767371601208,
            "Song-Quality": 0.6115635179153095,
            "Song-Texture_Acoustic": 0.5677655677655677,
            "Instrument_-_Drum_Set": 0.563297350343474
        },
        "macro_recall": 0.7023714318885196,
        "micro_recall": 0.7150389454763332,
        "recall_per_class": {
            "Instrument_-_Male_Lead_Vocals": 0.886058981233244,
            "Song-Texture_Electric": 0.7732603596559813,
            "NOT-Emotion-Angry-Agressive": 0.7344497607655502,
            "NOT-Emotion-Bizarre-Weird": 0.6905594405594405,
            "Song-Quality": 0.6587719298245615,
            "Song-Texture_Acoustic": 0.5805243445692884,
            "Instrument_-_Drum_Set": 0.5929752066115702
        },
        "macro_f1": 0.6700142264093228,
        "micro_f1": 0.6821377536438983,
        "f1_per_class": {
            "Instrument_-_Male_Lead_Vocals": 0.8406995230524642,
            "Song-Texture_Electric": 0.7213712618526623,
            "NOT-Emotion-Angry-Agressive": 0.7017142857142857,
            "NOT-Emotion-Bizarre-Weird": 0.640194489465154,
            "Song-Quality": 0.6342905405405406,
            "Song-Texture_Acoustic": 0.5740740740740741,
            "Instrument_-_Drum_Set": 0.5777554101660796
        },
        "MSE": 0.2605116665363312,
        "LogLoss": 0.7644128799438477,
        "AUNU": 0.5691021084785461,
        "micro_ROC-AUC": 0.5949328541755676,
        "AUNP": 0.5725699067115784,
        "ROC-AUC_per_class_vs_rest": {
            "Instrument_-_Male_Lead_Vocals": 0.6748567467120783,
            "Song-Texture_Electric": 0.5272574648133841,
            "NOT-Emotion-Angry-Agressive": 0.5783147337610556,
            "NOT-Emotion-Bizarre-Weird": 0.49365775502139136,
            "Song-Quality": 0.555193990477416,
            "Song-Texture_Acoustic": 0.5648287253292934,
            "Instrument_-_Drum_Set": 0.589605246681693
        }
    }
}