{
    "classification type": "multilabel",
    "class balance": "balanced",
    "dataset name": "yeast_balanced",
    "class names": [
        "Class1",
        "Class2",
        "Class3",
        "Class4",
        "Class5"
    ],
    "model name": "random_forest",
    "index": 1,
    "cv fold": 1,
    "fold info": {
        "train distribution": [
            520,
            556,
            520,
            556,
            523
        ],
        "test distribution": [
            130,
            139,
            130,
            139,
            130
        ],
        "train distribution pct": [
            40.49844236760124,
            43.30218068535825,
            40.49844236760124,
            43.30218068535825,
            40.73208722741433
        ],
        "test distribution pct": [
            38.12316715542522,
            40.76246334310851,
            38.12316715542522,
            40.76246334310851,
            38.12316715542522
        ]
    },
    "metrics": {
        "macro_accuracy": 0.7413973799126637,
        "micro_accuracy": 0.7413973799126637,
        "accuracy_per_class": {
            "Class1": 0.7624454148471616,
            "Class2": 0.6716157205240174,
            "Class3": 0.756768558951965,
            "Class4": 0.7672489082969433,
            "Class5": 0.7489082969432315
        },
        "macro_precision": 0.7482286084159885,
        "micro_precision": 0.7448020506978069,
        "precision_per_class": {
            "Class1": 0.7789634146341463,
            "Class2": 0.6444444444444445,
            "Class3": 0.7388362652232747,
            "Class4": 0.782051282051282,
            "Class5": 0.7968476357267951
        },
        "macro_recall": 0.5585915355050944,
        "micro_recall": 0.5587606837606838,
        "recall_per_class": {
            "Class1": 0.5615384615384615,
            "Class2": 0.5066803699897225,
            "Class3": 0.6,
            "Class4": 0.6269270298047277,
            "Class5": 0.49781181619256015
        },
        "macro_f1": 0.6381801665383733,
        "micro_f1": 0.6385056769625198,
        "f1_per_class": {
            "Class1": 0.6526181353767561,
            "Class2": 0.567318757192175,
            "Class3": 0.6622195269860521,
            "Class4": 0.6959498003422704,
            "Class5": 0.6127946127946128
        },
        "MSE": 0.1786622554063797,
        "LogLoss": 0.5346108078956604,
        "AUNU": 0.8044451475143433,
        "micro_ROC-AUC": 0.8087230324745178,
        "AUNP": 0.8040857911109924,
        "ROC-AUC_per_class_vs_rest": {
            "Class1": 0.8278842172320433,
            "Class2": 0.7351797702742459,
            "Class3": 0.8224004618569837,
            "Class4": 0.8480129011011821,
            "Class5": 0.7887484256526385
        }
    }
}