{
    "classification type": "multiclass",
    "class balance": "balanced",
    "dataset name": "gtsrb-huelist_balanced",
    "class names": [
        0,
        1,
        2,
        3,
        4,
        5,
        6,
        7,
        8,
        9,
        10,
        11,
        12,
        13,
        14,
        15
    ],
    "model name": "knn",
    "index": 2,
    "cv fold": 3,
    "fold info": {
        "train distribution": 178912,
        "test distribution": 44728,
        "train distribution pct": 738.8173108688471,
        "test distribution pct": 738.8173108688471
    },
    "metrics": {
        "macro_accuracy": 0.9346020221710205,
        "micro_accuracy": 0.934601902961731,
        "accuracy_per_class": {
            "0": 0.9223523736000061,
            "1": 0.9097782969474792,
            "2": 0.9227941036224365,
            "3": 0.9226920008659363,
            "4": 0.9206319451332092,
            "5": 0.9203070998191833,
            "6": 0.9290338158607483,
            "7": 0.9281819462776184,
            "8": 0.9324951767921448,
            "9": 0.933762788772583,
            "10": 0.9731888771057129,
            "11": 0.9354591369628906,
            "12": 0.9415838122367859,
            "13": 0.9245164394378662,
            "14": 0.9699780344963074,
            "15": 0.966874897480011
        },
        "macro_precision": 0.476178377866745,
        "micro_precision": 0.476815402507782,
        "precision_per_class": {
            "0": 0.41637229919433594,
            "1": 0.3172324597835541,
            "2": 0.3597687780857086,
            "3": 0.4035205841064453,
            "4": 0.38762030005455017,
            "5": 0.35307690501213074,
            "6": 0.42032498121261597,
            "7": 0.4441642761230469,
            "8": 0.485639363527298,
            "9": 0.4267887771129608,
            "10": 0.7788683176040649,
            "11": 0.5072441101074219,
            "12": 0.442495197057724,
            "13": 0.4140835404396057,
            "14": 0.7198013067245483,
            "15": 0.7418529391288757
        },
        "macro_recall": 0.4774544835090637,
        "micro_recall": 0.476815402507782,
        "recall_per_class": {
            "0": 0.4806935489177704,
            "1": 0.3352535367012024,
            "2": 0.32898393273353577,
            "3": 0.3928877115249634,
            "4": 0.3679775297641754,
            "5": 0.3320551812648773,
            "6": 0.40863236784935,
            "7": 0.45675596594810486,
            "8": 0.5411701202392578,
            "9": 0.44391709566116333,
            "10": 0.8240835070610046,
            "11": 0.4658949077129364,
            "12": 0.4313476085662842,
            "13": 0.3710702657699585,
            "14": 0.7015405297279358,
            "15": 0.7570083141326904
        },
        "macro_f1": 0.4762732684612274,
        "micro_f1": 0.476815402507782,
        "f1_per_class": {
            "0": 0.44622695446014404,
            "1": 0.3259941339492798,
            "2": 0.34368836879730225,
            "3": 0.39813315868377686,
            "4": 0.3775435984134674,
            "5": 0.3422435224056244,
            "6": 0.414396196603775,
            "7": 0.4503721296787262,
            "8": 0.5119031667709351,
            "9": 0.43518444895744324,
            "10": 0.8008382320404053,
            "11": 0.48569104075431824,
            "12": 0.43685030937194824,
            "13": 0.39139869809150696,
            "14": 0.7105536460876465,
            "15": 0.7493540048599243
        },
        "Kappa": 0.44172823429107666,
        "MSE": 0.05115713179111481,
        "LogLoss": 5.21417236328125,
        "AUNU": 0.7930024862289429,
        "micro_ROC-AUC": 0.7980223894119263,
        "AUNP": 0.7923306822776794,
        "AU1U": 0.7933226736755754,
        "AU1P": 0.7928458251912914,
        "ROC-AUC_per_class_vs_rest": {
            "0": 0.7762214792027851,
            "1": 0.7260169115815616,
            "2": 0.7365778803971877,
            "3": 0.7546160508480012,
            "4": 0.7475098381989043,
            "5": 0.7315967048073293,
            "6": 0.7677885250816168,
            "7": 0.7829719570525161,
            "8": 0.8149711487989232,
            "9": 0.776738058001333,
            "10": 0.930952497883683,
            "11": 0.7840977997363736,
            "12": 0.7819106111052768,
            "13": 0.7504547380874494,
            "14": 0.9094355478018985,
            "15": 0.916179714084809
        }
    }
}