{
    "classification type": "multiclass",
    "class balance": "imbalanced",
    "dataset name": "nyt-comments-april17_imbalanced",
    "class names": [
        3,
        4,
        5,
        0,
        1,
        2
    ],
    "model name": "decision_tree",
    "index": 4,
    "cv fold": 1,
    "fold info": {
        "train distribution": 13834,
        "test distribution": 3460,
        "train distribution pct": 219.83155887494038,
        "test distribution pct": 219.96185632549268
    },
    "metrics": {
        "macro_accuracy": 0.8536626696586609,
        "micro_accuracy": 0.8536626100540161,
        "accuracy_per_class": {
            "3": 0.8690577745437622,
            "4": 0.8814595341682434,
            "5": 0.6907804608345032,
            "0": 0.8517331480979919,
            "1": 0.9006234407424927,
            "2": 0.9283212423324585
        },
        "macro_precision": 0.5179440379142761,
        "micro_precision": 0.5609878301620483,
        "precision_per_class": {
            "3": 0.47832250595092773,
            "4": 0.6469951272010803,
            "5": 0.5577977299690247,
            "0": 0.4755494296550751,
            "1": 0.6995554566383362,
            "2": 0.24944403767585754
        },
        "macro_recall": 0.48469868302345276,
        "micro_recall": 0.5609878301620483,
        "recall_per_class": {
            "3": 0.4346752464771271,
            "4": 0.596356987953186,
            "5": 0.6838094592094421,
            "0": 0.39219966530799866,
            "1": 0.6306847929954529,
            "2": 0.17046606540679932
        },
        "macro_f1": 0.49770769476890564,
        "micro_f1": 0.5609878301620483,
        "f1_per_class": {
            "3": 0.45545557141304016,
            "4": 0.6206448674201965,
            "5": 0.6144090890884399,
            "0": 0.4298715591430664,
            "1": 0.6633372902870178,
            "2": 0.20252783596515656
        },
        "Kappa": 0.4236137866973877,
        "MSE": 0.12411718815565109,
        "LogLoss": 5.509144306182861,
        "AUNU": 0.7186926603317261,
        "micro_ROC-AUC": 0.7489643692970276,
        "AUNP": 0.7224712371826172,
        "AU1U": 0.7176551643523774,
        "AU1P": 0.717700372637154,
        "ROC-AUC_per_class_vs_rest": {
            "3": 0.7048917651103832,
            "4": 0.7815537086976481,
            "5": 0.6944083467666157,
            "0": 0.6799472326502718,
            "1": 0.8053098558235654,
            "2": 0.6460451534370402
        }
    }
}