{
    "classification type": "multilabel",
    "class balance": "balanced",
    "dataset name": "imdb_balanced",
    "class names": [
        "Romance",
        "Thriller",
        "Action",
        "Crime",
        "Family",
        "Horror",
        "Adventure"
    ],
    "model name": "logistic_regression",
    "index": 0,
    "cv fold": 4,
    "fold info": {
        "train distribution": [
            6379,
            6377,
            6377,
            6378,
            6379,
            6378,
            6377
        ],
        "test distribution": [
            1594,
            1594,
            1594,
            1594,
            1594,
            1594,
            1594
        ],
        "train distribution pct": [
            21.985937823119873,
            21.979044599159025,
            21.979044599159025,
            21.98249121113945,
            21.985937823119873,
            21.98249121113945,
            21.979044599159025
        ],
        "test distribution pct": [
            21.88658519840725,
            21.88658519840725,
            21.88658519840725,
            21.88658519840725,
            21.88658519840725,
            21.88658519840725,
            21.88658519840725
        ]
    },
    "metrics": {
        "macro_accuracy": 0.7795567520338162,
        "micro_accuracy": 0.7795567520338162,
        "accuracy_per_class": {
            "Romance": 0.7726533873322864,
            "Thriller": 0.7713034135052483,
            "Action": 0.7846929498305645,
            "Crime": 0.7772267680524562,
            "Family": 0.7787420447970906,
            "Horror": 0.7825715623880761,
            "Adventure": 0.7897071383309915
        },
        "macro_precision": 0.46275735466833,
        "micro_precision": 0.4894827761406361,
        "precision_per_class": {
            "Romance": 0.3412969283276451,
            "Thriller": 0.32371794871794873,
            "Action": 0.5471014492753623,
            "Crime": 0.4318181818181818,
            "Family": 0.4813863928112965,
            "Horror": 0.51806684733514,
            "Adventure": 0.5959137343927355
        },
        "macro_recall": 0.08632269564663153,
        "micro_recall": 0.08632152393240507,
        "recall_per_class": {
            "Romance": 0.03762699109494544,
            "Thriller": 0.03801279638690252,
            "Action": 0.11366202484004516,
            "Crime": 0.04528349222277973,
            "Family": 0.0940674777373636,
            "Horror": 0.1438785750125439,
            "Adventure": 0.13172751223184043
        },
        "macro_f1": 0.14348032831443921,
        "micro_f1": 0.1467613186277497,
        "f1_per_class": {
            "Romance": 0.06778129236330772,
            "Thriller": 0.06803637588413607,
            "Action": 0.18822062947958865,
            "Crime": 0.08197093551316985,
            "Family": 0.15738117721120554,
            "Horror": 0.22521107402316906,
            "Adventure": 0.21576081372649747
        },
        "MSE": 0.16671781241893768,
        "LogLoss": 0.5153933763504028,
        "AUNU": 0.6221717596054077,
        "micro_ROC-AUC": 0.6244969964027405,
        "AUNP": 0.6221722364425659,
        "ROC-AUC_per_class_vs_rest": {
            "Romance": 0.6085461775888766,
            "Thriller": 0.6020568935936511,
            "Action": 0.6175915215957997,
            "Crime": 0.5733896838404849,
            "Family": 0.6451338676343632,
            "Horror": 0.677605039969992,
            "Adventure": 0.6308791645185094
        }
    }
}