{
    "classification type": "multilabel",
    "class balance": "balanced",
    "dataset name": "mediamill_balanced",
    "class names": [
        "Class3",
        "Class12",
        "Class17",
        "Class44",
        "Class55",
        "Class57",
        "Class58",
        "Class76",
        "Class79",
        "Class94",
        "Class96",
        "Class97"
    ],
    "model name": "knn",
    "index": 1,
    "cv fold": 3,
    "fold info": {
        "train distribution": [
            1753,
            1807,
            1697,
            1806,
            1662,
            1626,
            1706,
            1800,
            1779,
            1801,
            1803,
            1795
        ],
        "test distribution": [
            438,
            452,
            424,
            452,
            415,
            406,
            427,
            450,
            445,
            451,
            445,
            449
        ],
        "train distribution pct": [
            17.517737583691417,
            18.057359848106323,
            16.95812930948336,
            18.04736684320975,
            16.608374138103326,
            16.248625961826722,
            17.048066353552514,
            17.98740881383032,
            17.7775557110023,
            17.997401818726892,
            18.017387828520036,
            17.93744378934746
        ],
        "test distribution pct": [
            17.436305732484076,
            17.993630573248407,
            16.878980891719745,
            17.993630573248407,
            16.520700636942674,
            16.162420382165603,
            16.998407643312103,
            17.9140127388535,
            17.71496815286624,
            17.953821656050955,
            17.71496815286624,
            17.87420382165605
        ]
    },
    "metrics": {
        "macro_accuracy": 0.8499489206715821,
        "micro_accuracy": 0.8499489206715821,
        "accuracy_per_class": {
            "Class3": 0.9404814781913476,
            "Class12": 0.8236208581327175,
            "Class17": 0.8456960113707027,
            "Class44": 0.8350359776139291,
            "Class55": 0.873012347872435,
            "Class57": 0.8609753930887448,
            "Class58": 0.8459180954073021,
            "Class76": 0.8292173758550235,
            "Class79": 0.8436084214266678,
            "Class94": 0.8244647774717954,
            "Class96": 0.8363240650262059,
            "Class97": 0.8410322466021143
        },
        "macro_precision": 0.6550317422487474,
        "micro_precision": 0.6845056620209059,
        "precision_per_class": {
            "Class3": 0.8147521160822249,
            "Class12": 0.5610687022900763,
            "Class17": 0.7092457420924574,
            "Class44": 0.6307922272047832,
            "Class55": 0.6859678782755706,
            "Class57": 0.662962962962963,
            "Class58": 0.6228419654714475,
            "Class76": 0.6122672508214677,
            "Class79": 0.665751544269046,
            "Class94": 0.5597633136094674,
            "Class96": 0.6975717439293598,
            "Class97": 0.6373954599761051
        },
        "macro_recall": 0.2677270827299254,
        "micro_recall": 0.2657184521419363,
        "recall_per_class": {
            "Class3": 0.8544255642911489,
            "Class12": 0.10843373493975904,
            "Class17": 0.15269774751178627,
            "Class44": 0.2076771653543307,
            "Class55": 0.43407328162610326,
            "Class57": 0.29360306178239476,
            "Class58": 0.24433446209950507,
            "Class76": 0.1380246913580247,
            "Class79": 0.24225774225774227,
            "Class94": 0.11670367628916851,
            "Class96": 0.1563195646796933,
            "Class97": 0.2641743005694479
        },
        "macro_f1": 0.3559894141261843,
        "micro_f1": 0.3828271294816168,
        "f1_per_class": {
            "Class3": 0.834117355781134,
            "Class12": 0.18174325159695034,
            "Class17": 0.2512931034482759,
            "Class44": 0.3124768604220659,
            "Class55": 0.5316953316953317,
            "Class57": 0.40697233800682076,
            "Class58": 0.3509822263797942,
            "Class76": 0.22526697561958492,
            "Class79": 0.3552462918879326,
            "Class94": 0.1931400571661903,
            "Class96": 0.2554051323499697,
            "Class97": 0.37353404516016103
        },
        "MSE": 0.1106911227107048,
        "LogLoss": 1.7605618238449097,
        "AUNU": 0.8120620250701904,
        "micro_ROC-AUC": 0.8156998753547668,
        "AUNP": 0.8113066554069519,
        "ROC-AUC_per_class_vs_rest": {
            "Class3": 0.97612478409659,
            "Class12": 0.7512933103534714,
            "Class17": 0.7873636716313264,
            "Class44": 0.772494018468728,
            "Class55": 0.8509410257661265,
            "Class57": 0.8309774399071388,
            "Class58": 0.8238751097120967,
            "Class76": 0.7728964738857864,
            "Class79": 0.8172790742482801,
            "Class94": 0.7544813131110024,
            "Class96": 0.7854765630363635,
            "Class97": 0.8215414525695176
        }
    }
}