{
    "classification type": "multiclass",
    "class balance": "imbalanced",
    "dataset name": "dbpedia-ontology_imbalanced",
    "class names": [
        0,
        1,
        2,
        3,
        4,
        5,
        6
    ],
    "model name": "random_forest",
    "index": 4,
    "cv fold": 2,
    "fold info": {
        "train distribution": 66096,
        "test distribution": 16524,
        "train distribution pct": 246.039309112567,
        "test distribution pct": 246.039309112567
    },
    "metrics": {
        "macro_accuracy": 0.981670081615448,
        "micro_accuracy": 0.981670081615448,
        "accuracy_per_class": {
            "0": 0.9690108299255371,
            "1": 0.9868683815002441,
            "2": 0.9745078086853027,
            "3": 0.9878005385398865,
            "4": 0.9875476360321045,
            "5": 0.9836905598640442,
            "6": 0.9822648167610168
        },
        "macro_precision": 0.9298597574234009,
        "micro_precision": 0.9358453154563904,
        "precision_per_class": {
            "0": 0.9115853309631348,
            "1": 0.9609841704368591,
            "2": 0.9217548370361328,
            "3": 0.9686052799224854,
            "4": 0.8978021740913391,
            "5": 0.9388988018035889,
            "6": 0.9093878865242004
        },
        "macro_recall": 0.9223499298095703,
        "micro_recall": 0.9358453154563904,
        "recall_per_class": {
            "0": 0.9212384223937988,
            "1": 0.9680660367012024,
            "2": 0.9394116401672363,
            "3": 0.9651005864143372,
            "4": 0.8508864045143127,
            "5": 0.9364725947380066,
            "6": 0.8752742409706116
        },
        "macro_f1": 0.9259502291679382,
        "micro_f1": 0.9358453154563904,
        "f1_per_class": {
            "0": 0.9163864254951477,
            "1": 0.9645121097564697,
            "2": 0.9304994940757751,
            "3": 0.9668497443199158,
            "4": 0.8737149238586426,
            "5": 0.9376841187477112,
            "6": 0.8920050263404846
        },
        "Kappa": 0.9234110116958618,
        "MSE": 0.01773807220160961,
        "LogLoss": 0.8527587056159973,
        "AUNU": 0.9632264375686646,
        "micro_ROC-AUC": 0.9676824808120728,
        "AUNP": 0.9669931530952454,
        "AU1U": 0.9623436388325258,
        "AU1P": 0.9642055337260181,
        "ROC-AUC_per_class_vs_rest": {
            "0": 0.955638903445337,
            "1": 0.9835383300247305,
            "2": 0.9607353279201685,
            "3": 0.981824905920648,
            "4": 0.943162372829582,
            "5": 0.9673386506009737,
            "6": 0.9503467156416681
        }
    }
}