{
    "classification type": "multiclass",
    "class balance": "imbalanced",
    "dataset name": "nyt-comments-april17_imbalanced",
    "class names": [
        3,
        4,
        5,
        0,
        1,
        2
    ],
    "model name": "decision_tree",
    "index": 3,
    "cv fold": 4,
    "fold info": {
        "train distribution": 13836,
        "test distribution": 3458,
        "train distribution pct": 219.86334021929127,
        "test distribution pct": 219.83471074380162
    },
    "metrics": {
        "macro_accuracy": 0.8550770878791809,
        "micro_accuracy": 0.8550771474838257,
        "accuracy_per_class": {
            "3": 0.8707234859466553,
            "4": 0.8828149437904358,
            "5": 0.692629337310791,
            "0": 0.8529677391052246,
            "1": 0.9022516012191772,
            "2": 0.9290758967399597
        },
        "macro_precision": 0.5231802463531494,
        "micro_precision": 0.5652315020561218,
        "precision_per_class": {
            "3": 0.4854973256587982,
            "4": 0.6520382165908813,
            "5": 0.5595094561576843,
            "0": 0.4806903302669525,
            "1": 0.7057336568832397,
            "2": 0.25561243295669556
        },
        "macro_recall": 0.4880281686782837,
        "micro_recall": 0.5652315020561218,
        "recall_per_class": {
            "3": 0.43726876378059387,
            "4": 0.5989053845405579,
            "5": 0.6904257535934448,
            "0": 0.39478638768196106,
            "1": 0.635089635848999,
            "2": 0.1716931164264679
        },
        "macro_f1": 0.501677393913269,
        "micro_f1": 0.5652315020561218,
        "f1_per_class": {
            "3": 0.4601227045059204,
            "4": 0.6243433952331543,
            "5": 0.6181116104125977,
            "0": 0.4335238039493561,
            "1": 0.6685506105422974,
            "2": 0.20541225373744965
        },
        "Kappa": 0.42866167426109314,
        "MSE": 0.12186228483915329,
        "LogLoss": 5.27565336227417,
        "AUNU": 0.724560558795929,
        "micro_ROC-AUC": 0.7547101378440857,
        "AUNP": 0.7280232906341553,
        "AU1U": 0.7235660874355504,
        "AU1P": 0.7233819215565321,
        "ROC-AUC_per_class_vs_rest": {
            "3": 0.7109787938811821,
            "4": 0.7865133364409529,
            "5": 0.6998052713727745,
            "0": 0.6847262387565918,
            "1": 0.8112754506868711,
            "2": 0.6540641965676287
        }
    }
}