{
    "classification type": "binary",
    "class balance": "balanced",
    "dataset name": "news-sarcasm_balanced",
    "class names": [
        1,
        0
    ],
    "model name": "random_forest",
    "index": 0,
    "cv fold": 4,
    "fold info": {
        "train distribution": 1900,
        "test distribution": 474,
        "train distribution pct": 50.01316135825217,
        "test distribution pct": 49.94731296101159
    },
    "metrics": {
        "macro_accuracy": 0.760109543800354,
        "micro_accuracy": 0.760109543800354,
        "accuracy_per_class": {
            "1": 0.760109543800354,
            "0": 0.760109543800354
        },
        "macro_precision": 0.7607768177986145,
        "micro_precision": 0.760109543800354,
        "precision_per_class": {
            "1": 0.7739684581756592,
            "0": 0.7475851774215698
        },
        "macro_recall": 0.760109543800354,
        "micro_recall": 0.760109543800354,
        "recall_per_class": {
            "1": 0.7348165512084961,
            "0": 0.7854024767875671
        },
        "macro_f1": 0.7599560022354126,
        "micro_f1": 0.760109543800354,
        "f1_per_class": {
            "1": 0.7538845539093018,
            "0": 0.7660273909568787
        },
        "MSE": 0.19267411530017853,
        "LogLoss": 9.298224449157715,
        "AUNU": 0.7878746390342712,
        "micro_ROC-AUC": 0.7878746390342712
    }
}