{
    "classification type": "multiclass",
    "class balance": "balanced",
    "dataset name": "nyt-comments-april17_balanced",
    "class names": [
        0,
        1,
        2,
        3,
        4,
        5
    ],
    "model name": "knn",
    "index": 1,
    "cv fold": 2,
    "fold info": {
        "train distribution": 15704,
        "test distribution": 3928,
        "train distribution pct": 250.62240663900414,
        "test distribution pct": 250.67007019783026
    },
    "metrics": {
        "macro_accuracy": 0.8360186219215393,
        "micro_accuracy": 0.8360186219215393,
        "accuracy_per_class": {
            "0": 0.825423538684845,
            "1": 0.8732975125312805,
            "2": 0.8162025213241577,
            "3": 0.8224165439605713,
            "4": 0.877850353717804,
            "5": 0.8009213209152222
        },
        "macro_precision": 0.5032596588134766,
        "micro_precision": 0.5080558657646179,
        "precision_per_class": {
            "0": 0.4826236665248871,
            "1": 0.6089616417884827,
            "2": 0.40074029564857483,
            "3": 0.47549542784690857,
            "4": 0.6450485587120056,
            "5": 0.40668854117393494
        },
        "macro_recall": 0.5061972141265869,
        "micro_recall": 0.5080558657646179,
        "recall_per_class": {
            "0": 0.46601101756095886,
            "1": 0.698055624961853,
            "2": 0.3635196387767792,
            "3": 0.5061970353126526,
            "4": 0.6141542196273804,
            "5": 0.38924553990364075
        },
        "macro_f1": 0.5038719773292542,
        "micro_f1": 0.5080558657646179,
        "f1_per_class": {
            "0": 0.47417187690734863,
            "1": 0.6504720449447632,
            "2": 0.3812236189842224,
            "3": 0.4903661608695984,
            "4": 0.6292223930358887,
            "5": 0.39777591824531555
        },
        "Kappa": 0.40943121910095215,
        "MSE": 0.1250363141298294,
        "LogLoss": 4.794092178344727,
        "AUNU": 0.7417009472846985,
        "micro_ROC-AUC": 0.7454740405082703,
        "AUNP": 0.7423502802848816,
        "AU1U": 0.7414269706517534,
        "AU1P": 0.7418218108609136,
        "ROC-AUC_per_class_vs_rest": {
            "0": 0.7112061968983343,
            "1": 0.8342097858176064,
            "2": 0.6917314938617296,
            "3": 0.7257412488278964,
            "4": 0.8023821325288958,
            "5": 0.6849348206205769
        }
    }
}