{
    "classification type": "binary",
    "class balance": "balanced",
    "dataset name": "vehicle-sensit_balanced",
    "class names": [
        0,
        1
    ],
    "model name": "logistic_regression",
    "index": 1,
    "cv fold": 2,
    "fold info": {
        "train distribution": 5011,
        "test distribution": 1253,
        "train distribution pct": 50.0,
        "test distribution pct": 50.0
    },
    "metrics": {
        "macro_accuracy": 0.8573281168937683,
        "micro_accuracy": 0.8573281168937683,
        "accuracy_per_class": {
            "0": 0.8573281168937683,
            "1": 0.8573281168937683
        },
        "macro_precision": 0.8618299961090088,
        "micro_precision": 0.8573281168937683,
        "precision_per_class": {
            "0": 0.9021897912025452,
            "1": 0.8214702606201172
        },
        "macro_recall": 0.8573281764984131,
        "micro_recall": 0.8573281168937683,
        "recall_per_class": {
            "0": 0.801556408405304,
            "1": 0.9130998849868774
        },
        "macro_f1": 0.8568829894065857,
        "micro_f1": 0.8573281168937683,
        "f1_per_class": {
            "0": 0.848901093006134,
            "1": 0.8648648858070374
        },
        "MSE": 0.10793443769216537,
        "LogLoss": 0.35604560375213623,
        "AUNU": 0.9138748049736023,
        "micro_ROC-AUC": 0.9138748049736023
    }
}