{
    "classification type": "multiclass",
    "class balance": "imbalanced",
    "dataset name": "usps_imbalanced",
    "class names": [
        4,
        3,
        0,
        2,
        1,
        5
    ],
    "model name": "random_forest",
    "index": 4,
    "cv fold": 0,
    "fold info": {
        "train distribution": 3190,
        "test distribution": 799,
        "train distribution pct": 187.53674309229865,
        "test distribution pct": 187.5586854460094
    },
    "metrics": {
        "macro_accuracy": 0.9765483736991882,
        "micro_accuracy": 0.9765483736991882,
        "accuracy_per_class": {
            "4": 0.9728843569755554,
            "3": 0.9909614324569702,
            "0": 0.9712289571762085,
            "2": 0.9670242071151733,
            "1": 0.9766256213188171,
            "5": 0.9805654883384705
        },
        "macro_precision": 0.9087085723876953,
        "micro_precision": 0.9296450614929199,
        "precision_per_class": {
            "4": 0.9488024711608887,
            "3": 0.9712092280387878,
            "0": 0.9030928015708923,
            "2": 0.9059945344924927,
            "1": 0.9315910935401917,
            "5": 0.7915611863136292
        },
        "macro_recall": 0.9004530906677246,
        "micro_recall": 0.9296450614929199,
        "recall_per_class": {
            "4": 0.9607297778129578,
            "3": 0.9762685894966125,
            "0": 0.8983591794967651,
            "2": 0.9007353186607361,
            "1": 0.9326664209365845,
            "5": 0.7339593172073364
        },
        "macro_f1": 0.9043898582458496,
        "micro_f1": 0.9296450614929199,
        "f1_per_class": {
            "4": 0.9547288417816162,
            "3": 0.9737322926521301,
            "0": 0.9007197618484497,
            "2": 0.9033572673797607,
            "1": 0.9321284294128418,
            "5": 0.7616727352142334
        },
        "Kappa": 0.9119795560836792,
        "MSE": 0.02288590930402279,
        "LogLoss": 0.9987887144088745,
        "AUNU": 0.9479843974113464,
        "micro_ROC-AUC": 0.9604803919792175,
        "AUNP": 0.95926833152771,
        "AU1U": 0.9445914315843866,
        "AU1P": 0.9507864197614481,
        "ROC-AUC_per_class_vs_rest": {
            "4": 0.9698946655596321,
            "3": 0.9888275712187216,
            "0": 0.9404993306533099,
            "2": 0.9430447284393446,
            "1": 0.9619820485099737,
            "5": 0.8836579596503169
        }
    }
}