{
    "classification type": "binary",
    "class balance": "balanced",
    "dataset name": "santander-customer-satisfaction_balanced",
    "class names": [
        1,
        0
    ],
    "model name": "logistic_regression",
    "index": 0,
    "cv fold": 0,
    "fold info": {
        "train distribution": 16070,
        "test distribution": 4018,
        "train distribution pct": 50.0,
        "test distribution pct": 50.0
    },
    "metrics": {
        "macro_accuracy": 0.7839721441268921,
        "micro_accuracy": 0.7839721441268921,
        "accuracy_per_class": {
            "1": 0.7839721441268921,
            "0": 0.7839721441268921
        },
        "macro_precision": 0.7840442061424255,
        "micro_precision": 0.7839721441268921,
        "precision_per_class": {
            "1": 0.7795198559761047,
            "0": 0.7885685563087463
        },
        "macro_recall": 0.7839721441268921,
        "micro_recall": 0.7839721441268921,
        "recall_per_class": {
            "1": 0.7919362783432007,
            "0": 0.7760079503059387
        },
        "macro_f1": 0.7839584350585938,
        "micro_f1": 0.7839721441268921,
        "f1_per_class": {
            "1": 0.7856789827346802,
            "0": 0.7822378277778625
        },
        "MSE": 0.15066775679588318,
        "LogLoss": 0.46252742409706116,
        "AUNU": 0.862614631652832,
        "micro_ROC-AUC": 0.862614631652832
    }
}