{
    "classification type": "multiclass",
    "class balance": "imbalanced",
    "dataset name": "gas-drift_imbalanced",
    "class names": [
        3,
        2,
        0,
        4,
        1
    ],
    "model name": "logistic_regression",
    "index": 3,
    "cv fold": 0,
    "fold info": {
        "train distribution": 3144,
        "test distribution": 789,
        "train distribution pct": 242.5925925925926,
        "test distribution pct": 243.5185185185185
    },
    "metrics": {
        "macro_accuracy": 0.9956790208816528,
        "micro_accuracy": 0.9956790208816528,
        "accuracy_per_class": {
            "3": 0.9992284178733826,
            "2": 0.9994212985038757,
            "0": 0.9913194179534912,
            "4": 0.9895833134651184,
            "1": 0.9988425970077515
        },
        "macro_precision": 0.9910179376602173,
        "micro_precision": 0.9891975522041321,
        "precision_per_class": {
            "3": 0.9916666746139526,
            "2": 0.9968085289001465,
            "0": 0.9893203973770142,
            "4": 0.9801871180534363,
            "1": 0.9971070289611816
        },
        "macro_recall": 0.990403950214386,
        "micro_recall": 0.9891975522041321,
        "recall_per_class": {
            "3": 0.9972066879272461,
            "2": 1.0,
            "0": 0.967711329460144,
            "4": 0.989994466304779,
            "1": 0.9971070289611816
        },
        "macro_f1": 0.9906800985336304,
        "micro_f1": 0.9891975522041321,
        "f1_per_class": {
            "3": 0.9944289922714233,
            "2": 0.9984017014503479,
            "0": 0.9783965349197388,
            "4": 0.9850663542747498,
            "1": 0.9971070289611816
        },
        "Kappa": 0.9857941269874573,
        "MSE": 0.0038945325650274754,
        "LogLoss": 0.07280280441045761,
        "AUNU": 0.9976345300674438,
        "micro_ROC-AUC": 0.9976553916931152,
        "AUNP": 0.9970806837081909,
        "AU1U": 0.99786168631373,
        "AU1P": 0.9975637241653286,
        "ROC-AUC_per_class_vs_rest": {
            "3": 0.9993783671777869,
            "2": 0.9998107773482644,
            "0": 0.9950746481045843,
            "4": 0.9957599946794666,
            "1": 0.9981487936464162
        }
    }
}