{
    "classification type": "multiclass",
    "class balance": "imbalanced",
    "dataset name": "dbpedia-ontology_imbalanced",
    "class names": [
        0,
        1,
        2,
        3,
        4,
        5,
        6
    ],
    "model name": "random_forest",
    "index": 1,
    "cv fold": 2,
    "fold info": {
        "train distribution": 66096,
        "test distribution": 16524,
        "train distribution pct": 246.039309112567,
        "test distribution pct": 246.039309112567
    },
    "metrics": {
        "macro_accuracy": 0.9806996583938599,
        "micro_accuracy": 0.9806997179985046,
        "accuracy_per_class": {
            "0": 0.9675633311271667,
            "1": 0.9863938093185425,
            "2": 0.9730135202407837,
            "3": 0.9868918061256409,
            "4": 0.9868866801261902,
            "5": 0.9826456904411316,
            "6": 0.9815032482147217
        },
        "macro_precision": 0.924748420715332,
        "micro_precision": 0.9324490427970886,
        "precision_per_class": {
            "0": 0.9085184931755066,
            "1": 0.9611160159111023,
            "2": 0.9210202693939209,
            "3": 0.9652483463287354,
            "4": 0.8828337788581848,
            "5": 0.9347826242446899,
            "6": 0.899719774723053
        },
        "macro_recall": 0.920011043548584,
        "micro_recall": 0.9324490427970886,
        "recall_per_class": {
            "0": 0.9162999391555786,
            "1": 0.9652386903762817,
            "2": 0.9313030242919922,
            "3": 0.9635814428329468,
            "4": 0.8543610572814941,
            "5": 0.9326214790344238,
            "6": 0.8766719698905945
        },
        "macro_f1": 0.922317624092102,
        "micro_f1": 0.9324490427970886,
        "f1_per_class": {
            "0": 0.9123926162719727,
            "1": 0.963172972202301,
            "2": 0.9261330962181091,
            "3": 0.9644141793251038,
            "4": 0.8683640956878662,
            "5": 0.9337007999420166,
            "6": 0.888046383857727
        },
        "Kappa": 0.919378936290741,
        "MSE": 0.01836208626627922,
        "LogLoss": 1.007596731185913,
        "AUNU": 0.9548639059066772,
        "micro_ROC-AUC": 0.9603222608566284,
        "AUNP": 0.9596498012542725,
        "AU1U": 0.9539224101323938,
        "AU1P": 0.9562330833255214,
        "ROC-AUC_per_class_vs_rest": {
            "0": 0.9467190892260016,
            "1": 0.9798507807551642,
            "2": 0.952273709020153,
            "3": 0.9774814800542592,
            "4": 0.9290805294890593,
            "5": 0.9594165971125493,
            "6": 0.9392252932910337
        }
    }
}