{
    "classification type": "multiclass",
    "class balance": "balanced",
    "dataset name": "news-category_balanced",
    "class names": [
        0,
        3,
        31,
        26,
        36,
        37,
        11,
        9,
        29,
        18,
        34,
        32,
        39,
        25,
        40,
        33,
        21,
        30,
        38,
        35,
        12,
        8,
        6,
        22,
        27,
        13,
        5,
        4,
        10,
        19,
        7,
        1,
        15,
        17,
        41,
        24,
        28,
        20,
        2,
        23,
        14,
        16
    ],
    "model name": "knn",
    "index": 2,
    "cv fold": 3,
    "fold info": {
        "train distribution": 430157,
        "test distribution": 107515,
        "train distribution pct": 2050.9058834747784,
        "test distribution pct": 2050.638947167652
    },
    "metrics": {
        "macro_accuracy": 0.9684256315231323,
        "micro_accuracy": 0.9684257507324219,
        "accuracy_per_class": {
            "0": 0.9658618569374084,
            "3": 0.9730319380760193,
            "31": 0.9653904438018799,
            "26": 0.9630911350250244,
            "36": 0.9734862446784973,
            "37": 0.9756484031677246,
            "11": 0.9773562550544739,
            "9": 0.9689475893974304,
            "29": 0.9500153064727783,
            "18": 0.9394788146018982,
            "34": 0.9728155136108398,
            "32": 0.9700276255607605,
            "39": 0.9688575863838196,
            "25": 0.9749197959899902,
            "40": 0.9643490314483643,
            "33": 0.9703876376152039,
            "21": 0.9812862873077393,
            "30": 0.973211944103241,
            "38": 0.9585889577865601,
            "35": 0.9822462797164917,
            "12": 0.9780676960945129,
            "8": 0.9668261408805847,
            "6": 0.9734219312667847,
            "22": 0.9716947674751282,
            "27": 0.9721555113792419,
            "13": 0.9666376113891602,
            "5": 0.9747976660728455,
            "4": 0.9677090048789978,
            "10": 0.9837055802345276,
            "19": 0.9726976156234741,
            "7": 0.9644132852554321,
            "1": 0.9666525721549988,
            "15": 0.9558010697364807,
            "17": 0.9643768668174744,
            "41": 0.9649554491043091,
            "24": 0.9538189172744751,
            "28": 0.9735612273216248,
            "20": 0.9593925476074219,
            "2": 0.9690933227539062,
            "23": 0.9667597413063049,
            "14": 0.9526553153991699,
            "16": 0.9856898784637451
        },
        "macro_precision": 0.3594640791416168,
        "micro_precision": 0.3369412124156952,
        "precision_per_class": {
            "0": 0.2748313248157501,
            "3": 0.4411669969558716,
            "31": 0.2540132999420166,
            "26": 0.2454719990491867,
            "36": 0.43805837631225586,
            "37": 0.4873558282852173,
            "11": 0.5247955918312073,
            "9": 0.34975898265838623,
            "29": 0.1438978910446167,
            "18": 0.16540266573429108,
            "34": 0.40726155042648315,
            "32": 0.3809765875339508,
            "39": 0.3291216492652893,
            "25": 0.47488540410995483,
            "40": 0.23581799864768982,
            "33": 0.35224348306655884,
            "21": 0.6276496052742004,
            "30": 0.4322858154773712,
            "38": 0.25600478053092957,
            "35": 0.6561468839645386,
            "12": 0.5416666865348816,
            "8": 0.22845137119293213,
            "6": 0.4223194718360901,
            "22": 0.4022880792617798,
            "27": 0.3969339430332184,
            "13": 0.2994222640991211,
            "5": 0.4600082337856293,
            "4": 0.2748321294784546,
            "10": 0.6870704889297485,
            "19": 0.41261085867881775,
            "7": 0.23524822294712067,
            "1": 0.25245678424835205,
            "15": 0.24253325164318085,
            "17": 0.24661321938037872,
            "41": 0.2631149888038635,
            "24": 0.14152111113071442,
            "28": 0.43291670083999634,
            "20": 0.1794346570968628,
            "2": 0.3405839204788208,
            "23": 0.2457401156425476,
            "14": 0.1396280974149704,
            "16": 0.774947464466095
        },
        "macro_recall": 0.33662575483322144,
        "micro_recall": 0.3369412124156952,
        "recall_per_class": {
            "0": 0.26364046335220337,
            "3": 0.49204495549201965,
            "31": 0.2332584261894226,
            "26": 0.26435956358909607,
            "36": 0.39667415618896484,
            "37": 0.4140224754810333,
            "11": 0.5307865142822266,
            "9": 0.35217976570129395,
            "29": 0.23779748380184174,
            "18": 0.3803146183490753,
            "34": 0.2960014343261719,
            "32": 0.40200376510620117,
            "39": 0.2889346182346344,
            "25": 0.4448917508125305,
            "40": 0.217908576130867,
            "33": 0.28162461519241333,
            "21": 0.5377527475357056,
            "30": 0.37779566645622253,
            "38": 0.382358193397522,
            "35": 0.5363595485687256,
            "12": 0.5199999809265137,
            "8": 0.21891573071479797,
            "6": 0.3122696578502655,
            "22": 0.3856179714202881,
            "27": 0.32350561022758484,
            "13": 0.29815730452537537,
            "5": 0.29996421933174133,
            "4": 0.21236246824264526,
            "10": 0.5832360982894897,
            "19": 0.34292134642601013,
            "7": 0.21578100323677063,
            "1": 0.1999284327030182,
            "15": 0.39810341596603394,
            "17": 0.2405393272638321,
            "41": 0.26103371381759644,
            "24": 0.18498876690864563,
            "28": 0.3518202304840088,
            "20": 0.19685393571853638,
            "2": 0.316674143075943,
            "23": 0.19056180119514465,
            "14": 0.1910112351179123,
            "16": 0.563325822353363
        },
        "macro_f1": 0.3434135615825653,
        "micro_f1": 0.3369412124156952,
        "f1_per_class": {
            "0": 0.26911959052085876,
            "3": 0.46521905064582825,
            "31": 0.2431938499212265,
            "26": 0.25456592440605164,
            "36": 0.4163403809070587,
            "37": 0.44770607352256775,
            "11": 0.5277740359306335,
            "9": 0.3509652018547058,
            "29": 0.17929773032665253,
            "18": 0.23054079711437225,
            "34": 0.34283050894737244,
            "32": 0.39120784401893616,
            "39": 0.3077216148376465,
            "25": 0.459399551153183,
            "40": 0.22650983929634094,
            "33": 0.31300026178359985,
            "21": 0.5792339444160461,
            "30": 0.4032081067562103,
            "38": 0.3066767156124115,
            "35": 0.5902369022369385,
            "12": 0.5306122303009033,
            "8": 0.223581925034523,
            "6": 0.3590511977672577,
            "22": 0.39377668499946594,
            "27": 0.356477826833725,
            "13": 0.298788458108902,
            "5": 0.3631342351436615,
            "4": 0.2395922690629959,
            "10": 0.6309096217155457,
            "19": 0.37455207109451294,
            "7": 0.2250944823026657,
            "1": 0.22314296662807465,
            "15": 0.30142924189567566,
            "17": 0.24353840947151184,
            "41": 0.2620702087879181,
            "24": 0.16036155819892883,
            "28": 0.38817811012268066,
            "20": 0.18774110078811646,
            "2": 0.32819414138793945,
            "23": 0.21466180682182312,
            "14": 0.161327064037323,
            "16": 0.6524047255516052
        },
        "Kappa": 0.3207748532295227,
        "MSE": 0.02350238524377346,
        "LogLoss": 8.170170783996582,
        "AUNU": 0.7172439694404602,