{
    "classification type": "multilabel",
    "class balance": "imbalanced",
    "dataset name": "tmc2007500_imbalanced",
    "class names": [
        "class13",
        "class07",
        "class01",
        "class14",
        "class18",
        "class10"
    ],
    "model name": "decision_tree",
    "index": 1,
    "cv fold": 1,
    "fold info": {
        "train distribution": [
            2208,
            1786,
            1468,
            895,
            558,
            327
        ],
        "test distribution": [
            552,
            447,
            367,
            223,
            139,
            82
        ],
        "train distribution pct": [
            34.94776828110162,
            28.268439379550493,
            23.23520101297879,
            14.16587527698639,
            8.831908831908832,
            5.1756885090218425
        ],
        "test distribution pct": [
            34.67336683417086,
            28.07788944723618,
            23.05276381909548,
            14.007537688442213,
            8.731155778894472,
            5.150753768844221
        ]
    },
    "metrics": {
        "macro_accuracy": 0.9320342643437497,
        "micro_accuracy": 0.9320342643437496,
        "accuracy_per_class": {
            "class13": 0.8766641646584759,
            "class07": 0.8978588077272548,
            "class01": 0.9707067514715759,
            "class14": 0.9428554497688935,
            "class18": 0.9517836684707462,
            "class10": 0.9523367439655513
        },
        "macro_precision": 0.7949391837035158,
        "micro_precision": 0.8444850971044219,
        "precision_per_class": {
            "class13": 0.8508232981076431,
            "class07": 0.8213077790304397,
            "class01": 0.9404240707356855,
            "class14": 0.8358820747280467,
            "class18": 0.7667107001321004,
            "class10": 0.5544871794871795
        },
        "macro_recall": 0.7201393722716851,
        "micro_recall": 0.7889003970308993,
        "recall_per_class": {
            "class13": 0.7839673913043478,
            "class07": 0.8156182212581344,
            "class01": 0.932816757493188,
            "class14": 0.7411238467989936,
            "class18": 0.6506726457399103,
            "class10": 0.39663737103553687
        },
        "macro_f1": 0.7538580033182125,
        "micro_f1": 0.8157469633278892,
        "f1_per_class": {
            "class13": 0.8160282852091927,
            "class07": 0.8184531123828248,
            "class01": 0.9366049672979097,
            "class14": 0.7856560717196414,
            "class18": 0.7039417828987266,
            "class10": 0.4624638004009802
        },
        "MSE": 0.055867064744234085,
        "LogLoss": 1.8353813886642456,
        "AUNU": 0.9129124283790588,
        "micro_ROC-AUC": 0.9323512315750122,
        "AUNP": 0.9222332239151001,
        "ROC-AUC_per_class_vs_rest": {
            "class13": 0.9044084946315541,
            "class07": 0.9234505445727614,
            "class01": 0.9713308991156364,
            "class14": 0.9208100003302907,
            "class18": 0.8998221639826176,
            "class10": 0.8576526016452796
        }
    }
}