{
    "classification type": "binary",
    "class balance": "balanced",
    "dataset name": "all-in-one_sentiment_balanced",
    "class names": [
        0,
        1
    ],
    "model name": "random_forest",
    "index": 1,
    "cv fold": 3,
    "fold info": {
        "train distribution": 5836,
        "test distribution": 1459,
        "train distribution pct": 50.0,
        "test distribution pct": 50.0
    },
    "metrics": {
        "macro_accuracy": 0.7363529801368713,
        "micro_accuracy": 0.7363529801368713,
        "accuracy_per_class": {
            "0": 0.7363529801368713,
            "1": 0.7363529801368713
        },
        "macro_precision": 0.7365424036979675,
        "micro_precision": 0.7363529801368713,
        "precision_per_class": {
            "0": 0.7298485040664673,
            "1": 0.7432363033294678
        },
        "macro_recall": 0.7363529205322266,
        "micro_recall": 0.7363529801368713,
        "recall_per_class": {
            "0": 0.7505024075508118,
            "1": 0.7222034931182861
        },
        "macro_f1": 0.7363001704216003,
        "micro_f1": 0.7363529801368713,
        "f1_per_class": {
            "0": 0.740031361579895,
            "1": 0.7325689792633057
        },
        "MSE": 0.22077688574790955,
        "LogLoss": 12.742056846618652,
        "AUNU": 0.7443281412124634,
        "micro_ROC-AUC": 0.7443281412124634
    }
}