{
    "classification type": "multilabel",
    "class balance": "imbalanced",
    "dataset name": "tmc2007500_imbalanced",
    "class names": [
        "class13",
        "class07",
        "class01",
        "class14",
        "class18",
        "class10"
    ],
    "model name": "knn",
    "index": 0,
    "cv fold": 2,
    "fold info": {
        "train distribution": [
            2208,
            1786,
            1468,
            895,
            557,
            327
        ],
        "test distribution": [
            552,
            447,
            367,
            223,
            140,
            82
        ],
        "train distribution pct": [
            34.85398579321231,
            28.19258089976322,
            23.172849250197316,
            14.127861089187055,
            8.792423046566693,
            5.161799526440411
        ],
        "test distribution pct": [
            35.04761904761905,
            28.38095238095238,
            23.3015873015873,
            14.15873015873016,
            8.88888888888889,
            5.2063492063492065
        ]
    },
    "metrics": {
        "macro_accuracy": 0.9355946120416062,
        "micro_accuracy": 0.9355946120416062,
        "accuracy_per_class": {
            "class13": 0.8834625762695384,
            "class07": 0.9093273695213555,
            "class01": 0.9691437554188849,
            "class14": 0.9451912714425781,
            "class18": 0.9501097957232337,
            "class10": 0.9563329038740469
        },
        "macro_precision": 0.8090992562300584,
        "micro_precision": 0.8529707043486794,
        "precision_per_class": {
            "class13": 0.8557215164747916,
            "class07": 0.8380611953102659,
            "class01": 0.9334264757247642,
            "class14": 0.8473550653913723,
            "class18": 0.7639619473978735,
            "class10": 0.6160693370812836
        },
        "macro_recall": 0.7270945137202215,
        "micro_recall": 0.8002138643590089,
        "recall_per_class": {
            "class13": 0.8010265700483091,
            "class07": 0.8413331802262157,
            "class01": 0.9335569063089499,
            "class14": 0.7466888366492747,
            "class18": 0.6277358837594261,
            "class10": 0.4122257053291536
        },
        "macro_f1": 0.7629375024672487,
        "micro_f1": 0.8257504896086054,
        "f1_per_class": {
            "class13": 0.8274712092130518,
            "class07": 0.8396940003438198,
            "class01": 0.9334916864608076,
            "class14": 0.7938433404449863,
            "class18": 0.6891816850926347,
            "class10": 0.4939430932481923
        },
        "MSE": 0.056556835770606995,
        "LogLoss": 2.670910596847534,
        "AUNU": 0.9026250243186951,
        "micro_ROC-AUC": 0.9232191443443298,
        "AUNP": 0.9140378832817078,
        "ROC-AUC_per_class_vs_rest": {
            "class13": 0.8958757463310627,
            "class07": 0.9183025569706871,
            "class01": 0.9659641396058707,
            "class14": 0.9100325668533993,
            "class18": 0.8852894765516793,
            "class10": 0.8402855468806606
        }
    }
}