{
    "classification type": "multiclass",
    "class balance": "balanced",
    "dataset name": "news-category_balanced",
    "class names": [
        0,
        3,
        31,
        26,
        36,
        37,
        11,
        9,
        29,
        18,
        34,
        32,
        39,
        25,
        40,
        33,
        21,
        30,
        38,
        35,
        12,
        8,
        6,
        22,
        27,
        13,
        5,
        4,
        10,
        19,
        7,
        1,
        15,
        17,
        41,
        24,
        28,
        20,
        2,
        23,
        14,
        16
    ],
    "model name": "random_forest",
    "index": 4,
    "cv fold": 0,
    "fold info": {
        "train distribution": 430111,
        "test distribution": 107561,
        "train distribution pct": 2050.7843417727554,
        "test distribution pct": 2051.125095347063
    },
    "metrics": {
        "macro_accuracy": 0.9705788493156433,
        "micro_accuracy": 0.9705789089202881,
        "accuracy_per_class": {
            "0": 0.9664850831031799,
            "3": 0.9760396480560303,
            "31": 0.9647847414016724,
            "26": 0.9678926467895508,
            "36": 0.9759698510169983,
            "37": 0.9758999943733215,
            "11": 0.9790078401565552,
            "9": 0.9702053666114807,
            "29": 0.9672264456748962,
            "18": 0.9572017788887024,
            "34": 0.9725235104560852,
            "32": 0.9724429249763489,
            "39": 0.9695580005645752,
            "25": 0.9757898449897766,
            "40": 0.9631354808807373,
            "33": 0.9696520566940308,
            "21": 0.9815167188644409,
            "30": 0.9732917547225952,
            "38": 0.9680833220481873,
            "35": 0.9834883213043213,
            "12": 0.9785592555999756,
            "8": 0.9664152264595032,
            "6": 0.9726094603538513,
            "22": 0.9720937609672546,
            "27": 0.9716156125068665,
            "13": 0.9720104932785034,
            "5": 0.9752741456031799,
            "4": 0.9662110805511475,
            "10": 0.9849710464477539,
            "19": 0.9725208282470703,
            "7": 0.9631112813949585,
            "1": 0.965867280960083,
            "15": 0.9647203087806702,
            "17": 0.9656604528427124,
            "41": 0.9651151299476624,
            "24": 0.9580022692680359,
            "28": 0.9729344844818115,
            "20": 0.9621040225028992,
            "2": 0.9704148769378662,
            "23": 0.9661224484443665,
            "14": 0.9603983163833618,
            "16": 0.9873859286308289
        },
        "macro_precision": 0.3870468735694885,
        "micro_precision": 0.3821565508842468,
        "precision_per_class": {
            "0": 0.29800358414649963,
            "3": 0.49771133065223694,
            "31": 0.26464375853538513,
            "26": 0.3170470893383026,
            "36": 0.495486319065094,
            "37": 0.4941488802433014,
            "11": 0.5548086762428284,
            "9": 0.37849390506744385,
            "29": 0.2669983506202698,
            "18": 0.24622465670108795,
            "34": 0.41163793206214905,
            "32": 0.42860183119773865,
            "39": 0.3562328815460205,
            "25": 0.4949007034301758,
            "40": 0.2416980117559433,
            "33": 0.35530155897140503,
            "21": 0.6174604892730713,
            "30": 0.44219067692756653,
            "38": 0.3545061945915222,
            "35": 0.6664226651191711,
            "12": 0.5476571917533875,
            "8": 0.23810093104839325,
            "6": 0.4123806953430176,
            "22": 0.4203828275203705,
            "27": 0.39973926544189453,
            "13": 0.39682117104530334,
            "5": 0.47840481996536255,
            "4": 0.2729753255844116,
            "10": 0.686897337436676,
            "19": 0.4194889962673187,
            "7": 0.2382039576768875,
            "1": 0.2645706534385681,
            "15": 0.3236597776412964,
            "17": 0.27588579058647156,
            "41": 0.2822956442832947,
            "24": 0.1743737906217575,
            "28": 0.42960965633392334,
            "20": 0.21525737643241882,
            "2": 0.3735666275024414,
            "23": 0.2567374110221863,
            "14": 0.19283919036388397,
            "16": 0.7736021876335144
        },
        "macro_recall": 0.3817652761936188,
        "micro_recall": 0.3821565508842468,
        "recall_per_class": {
            "0": 0.29938027262687683,
            "3": 0.5513239502906799,
            "31": 0.2682816982269287,
            "26": 0.3005070388317108,
            "36": 0.439098596572876,
            "37": 0.46152111887931824,
            "11": 0.6045070290565491,
            "9": 0.38907042145729065,
            "29": 0.24485260248184204,
            "18": 0.3858028054237366,
            "34": 0.34271615743637085,
            "32": 0.4517214298248291,
            "39": 0.33550122380256653,
            "25": 0.5169320702552795,
            "40": 0.25221487879753113,
            "33": 0.3276519477367401,
            "21": 0.6003588438034058,
            "30": 0.44005832076072693,
            "38": 0.40491142868995667,
            "35": 0.6154366135597229,
            "12": 0.5781408548355103,
            "8": 0.24510648846626282,
            "6": 0.35053521394729614,
            "22": 0.45036619901657104,
            "27": 0.38005635142326355,
            "13": 0.3347605764865875,
            "5": 0.3564700484275818,
            "4": 0.24680422246456146,
            "10": 0.6811023354530334,
            "19": 0.3977464735507965,
            "7": 0.24571044743061066,
            "1": 0.23873065412044525,
            "15": 0.43400245904922485,
            "17": 0.2710985839366913,
            "41": 0.30039435625076294,
            "24": 0.2039436548948288,
            "28": 0.4129577577114105,
            "20": 0.2228732407093048,
            "2": 0.3560563325881958,
            "23": 0.22219718992710114,
            "14": 0.2075492888689041,
            "16": 0.6656901240348816
        },
        "macro_f1": 0.3829578757286072,
        "micro_f1": 0.3821565508842468,
        "f1_per_class": {
            "0": 0.2986903488636017,
            "3": 0.5231476426124573,
            "31": 0.26645031571388245,
            "26": 0.30855557322502136,
            "36": 0.4655914008617401,
            "37": 0.4772780239582062,
            "11": 0.5785925984382629,
            "9": 0.3837093114852905,
            "29": 0.2554464042186737,
            "18": 0.30060139298439026,
            "34": 0.3740285038948059,
            "32": 0.4398580491542816,
            "39": 0.345556378364563,
            "25": 0.5056765079498291,
            "40": 0.24684447050094604,
            "33": 0.34091705083847046,
            "21": 0.6087895631790161,
            "30": 0.441121906042099,
            "38": 0.3780360221862793,
            "35": 0.6399156451225281,
            "12": 0.5624862909317017,
            "8": 0.24155293405056,
            "6": 0.37895122170448303,
            "22": 0.4348582923412323,
            "27": 0.3896493911743164,
            "13": 0.36315852403640747,
            "5": 0.4085330665111542,
            "4": 0.25923091173171997,
            "10": 0.683987557888031,
            "19": 0.40832850337028503,
            "7": 0.24189898371696472,
            "1": 0.25098732113838196,
            "15": 0.37079620361328125,
            "17": 0.27347123622894287,
            "41": 0.29106393456459045,
            "24": 0.18800312280654907,
            "28": 0.42111915349960327,
            "20": 0.21899911761283875,
            "2": 0.36460137367248535,
            "23": 0.23822179436683655,
            "14": 0.1999240219593048,
            "16": 0.7156007885932922
        },
        "Kappa": 0.36708396673202515,
        "MSE": 0.023144016042351723,
        "LogLoss": 6.838234901428223,
        "AUNU": 0.7567707300186157,