{
    "classification type": "multilabel",
    "class balance": "balanced",
    "dataset name": "scene_balanced",
    "class names": [
        "Mountain",
        "Field",
        "Urban",
        "Beach",
        "FallFoliage",
        "Sunset"
    ],
    "model name": "knn",
    "index": 1,
    "cv fold": 0,
    "fold info": {
        "train distribution": [
            324,
            324,
            325,
            325,
            317,
            292
        ],
        "test distribution": [
            81,
            81,
            81,
            81,
            80,
            72
        ],
        "train distribution pct": [
            18.37776517300057,
            18.37776517300057,
            18.4344866704481,
            18.4344866704481,
            17.98071469086784,
            16.56267725467952
        ],
        "test distribution pct": [
            18.32579185520362,
            18.32579185520362,
            18.32579185520362,
            18.32579185520362,
            18.099547511312217,
            16.289592760180994
        ]
    },
    "metrics": {
        "macro_accuracy": 0.904483062586576,
        "micro_accuracy": 0.904483062586576,
        "accuracy_per_class": {
            "Mountain": 0.8443520967132603,
            "Field": 0.9421987155270117,
            "Urban": 0.859463543634303,
            "Beach": 0.9081979599546657,
            "FallFoliage": 0.9331318473743861,
            "Sunset": 0.9395542123158293
        },
        "macro_precision": 0.7985407404611061,
        "micro_precision": 0.7772727272727272,
        "precision_per_class": {
            "Mountain": 0.6456692913385826,
            "Field": 0.8775510204081632,
            "Urban": 0.5908372827804107,
            "Beach": 0.8910256410256411,
            "FallFoliage": 0.8036437246963563,
            "Sunset": 0.9825174825174825
        },
        "macro_recall": 0.6582224031704492,
        "micro_recall": 0.657922350472193,
        "recall_per_class": {
            "Mountain": 0.3374485596707819,
            "Field": 0.7962962962962963,
            "Urban": 0.7679671457905544,
            "Beach": 0.5708418891170431,
            "FallFoliage": 0.8322851153039832,
            "Sunset": 0.6444954128440367
        },
        "macro_f1": 0.7063381214546004,
        "micro_f1": 0.7126349687440803,
        "f1_per_class": {
            "Mountain": 0.44324324324324327,
            "Field": 0.8349514563106796,
            "Urban": 0.6678571428571428,
            "Beach": 0.6958698372966208,
            "FallFoliage": 0.8177136972193615,
            "Sunset": 0.778393351800554
        },
        "MSE": 0.07148469984531403,
        "LogLoss": 1.985141634941101,
        "AUNU": 0.9118036031723022,
        "micro_ROC-AUC": 0.9141899347305298,
        "AUNP": 0.9109659194946289,
        "ROC-AUC_per_class_vs_rest": {
            "Mountain": 0.7892879382544661,
            "Field": 0.9532300051606957,
            "Urban": 0.8973557875123583,
            "Beach": 0.9157050916419499,
            "FallFoliage": 0.9653981779362181,
            "Sunset": 0.949844708899207
        }
    }
}