{
    "classification type": "binary",
    "class balance": "balanced",
    "dataset name": "ceas_balanced",
    "class names": [
        1,
        0
    ],
    "model name": "decision_tree",
    "index": 1,
    "cv fold": 0,
    "fold info": {
        "train distribution": 3194,
        "test distribution": 799,
        "train distribution pct": 50.0,
        "test distribution pct": 50.0
    },
    "metrics": {
        "macro_accuracy": 0.978490948677063,
        "micro_accuracy": 0.978490948677063,
        "accuracy_per_class": {
            "1": 0.978490948677063,
            "0": 0.978490948677063
        },
        "macro_precision": 0.9786293506622314,
        "micro_precision": 0.978490948677063,
        "precision_per_class": {
            "1": 0.9867685437202454,
            "0": 0.9704900979995728
        },
        "macro_recall": 0.978490948677063,
        "micro_recall": 0.978490948677063,
        "recall_per_class": {
            "1": 0.9699882864952087,
            "0": 0.9869935512542725
        },
        "macro_f1": 0.9784893989562988,
        "micro_f1": 0.978490948677063,
        "f1_per_class": {
            "1": 0.9783064723014832,
            "0": 0.9786722660064697
        },
        "MSE": 0.018672656267881393,
        "LogLoss": 0.8888286352157593,
        "AUNU": 0.9834694266319275,
        "micro_ROC-AUC": 0.9834694266319275
    }
}