{
    "classification type": "multilabel",
    "class balance": "balanced",
    "dataset name": "imdb_balanced",
    "class names": [
        "Romance",
        "Thriller",
        "Action",
        "Crime",
        "Family",
        "Horror",
        "Adventure"
    ],
    "model name": "logistic_regression",
    "index": 3,
    "cv fold": 2,
    "fold info": {
        "train distribution": [
            6379,
            6377,
            6377,
            6378,
            6378,
            6378,
            6377
        ],
        "test distribution": [
            1594,
            1594,
            1594,
            1594,
            1595,
            1594,
            1594
        ],
        "train distribution pct": [
            21.928497765555175,
            21.921622550704708,
            21.921622550704708,
            21.92506015812994,
            21.92506015812994,
            21.92506015812994,
            21.921622550704708
        ],
        "test distribution pct": [
            22.1173858748439,
            22.1173858748439,
            22.1173858748439,
            22.1173858748439,
            22.13126127376162,
            22.1173858748439,
            22.1173858748439
        ]
    },
    "metrics": {
        "macro_accuracy": 0.779562417198998,
        "micro_accuracy": 0.7795624171989979,
        "accuracy_per_class": {
            "Romance": 0.7728017017108928,
            "Thriller": 0.7716386618920822,
            "Action": 0.7846233893428824,
            "Crime": 0.777354390475316,
            "Family": 0.7782878829614667,
            "Horror": 0.7825039023046553,
            "Adventure": 0.7897269917056897
        },
        "macro_precision": 0.46390546018447115,
        "micro_precision": 0.4890746402625452,
        "precision_per_class": {
            "Romance": 0.3481458780263561,
            "Thriller": 0.3288650580875782,
            "Action": 0.5456061364015341,
            "Crime": 0.43351063829787234,
            "Family": 0.4762317834836919,
            "Horror": 0.5169806643529995,
            "Adventure": 0.5979980626412658
        },
        "macro_recall": 0.08679609363460754,
        "micro_recall": 0.08679506389164057,
        "recall_per_class": {
            "Romance": 0.03957912340603442,
            "Thriller": 0.03847226094229161,
            "Action": 0.11402683394319568,
            "Crime": 0.04543870653007178,
            "Family": 0.09563793463870114,
            "Horror": 0.1453360744276804,
            "Adventure": 0.12908172155427775
        },
        "macro_f1": 0.14419384972237828,
        "micro_f1": 0.14742662912513,
        "f1_per_class": {
            "Romance": 0.07107774127952449,
            "Thriller": 0.06888590771534646,
            "Action": 0.18863138475729274,
            "Crime": 0.08225572446855485,
            "Family": 0.15928741368304997,
            "Horror": 0.22688824217368836,
            "Adventure": 0.21233053397919116
        },
        "MSE": 0.16669800877571106,
        "LogLoss": 0.5153835415840149,
        "AUNU": 0.6222262978553772,
        "micro_ROC-AUC": 0.6245310306549072,
        "AUNP": 0.6222268342971802,
        "ROC-AUC_per_class_vs_rest": {
            "Romance": 0.6078808679270531,
            "Thriller": 0.6048752331741134,
            "Action": 0.6186247565887926,
            "Crime": 0.5733888072995288,
            "Family": 0.6438290113016732,
            "Horror": 0.6774165852776404,
            "Adventure": 0.6295686405763196
        }
    }
}