{
    "classification type": "multiclass",
    "class balance": "balanced",
    "dataset name": "gas-drift_balanced",
    "class names": [
        2,
        0,
        4,
        3,
        1
    ],
    "model name": "knn",
    "index": 4,
    "cv fold": 4,
    "fold info": {
        "train distribution": 2600,
        "test distribution": 650,
        "train distribution pct": 200.0,
        "test distribution pct": 200.0
    },
    "metrics": {
        "macro_accuracy": 0.9945353269577026,
        "micro_accuracy": 0.9945353865623474,
        "accuracy_per_class": {
            "2": 0.9977231025695801,
            "0": 0.9972922801971436,
            "4": 0.993476927280426,
            "3": 0.9899692535400391,
            "1": 0.9942153692245483
        },
        "macro_precision": 0.9863544702529907,
        "micro_precision": 0.9863384366035461,
        "precision_per_class": {
            "2": 0.9947643876075745,
            "0": 0.991416335105896,
            "4": 0.9895671010017395,
            "3": 0.9763888716697693,
            "1": 0.9796352386474609
        },
        "macro_recall": 0.9863384366035461,
        "micro_recall": 0.9863384366035461,
        "recall_per_class": {
            "2": 0.9938461780548096,
            "0": 0.9950768947601318,
            "4": 0.9776923060417175,
            "3": 0.9733846187591553,
            "1": 0.991692304611206
        },
        "macro_f1": 0.9863308072090149,
        "micro_f1": 0.9863384366035461,
        "f1_per_class": {
            "2": 0.9943050742149353,
            "0": 0.9932432174682617,
            "4": 0.9835938811302185,
            "3": 0.9748844504356384,
            "1": 0.9856269359588623
        },
        "Kappa": 0.9829230308532715,
        "MSE": 0.004965750500559807,
        "LogLoss": 0.1688481867313385,
        "AUNU": 0.994276762008667,
        "micro_ROC-AUC": 0.9943395256996155,
        "AUNP": 0.994276762008667,
        "AU1U": 0.9942767378698225,
        "AU1P": 0.9942767378698225,
        "ROC-AUC_per_class_vs_rest": {
            "2": 0.9967099822485207,
            "0": 0.9958824644970413,
            "4": 0.9929469260355028,
            "3": 0.9913056597633136,
            "1": 0.9945386568047337
        }
    }
}