{
    "classification type": "multiclass",
    "class balance": "imbalanced",
    "dataset name": "irish-times_imbalanced",
    "class names": [
        0,
        10,
        1,
        8,
        5,
        9,
        2,
        13,
        6,
        7,
        4,
        14,
        3,
        16,
        15,
        18,
        11,
        12,
        19,
        17
    ],
    "model name": "decision_tree",
    "index": 2,
    "cv fold": 4,
    "fold info": {
        "train distribution": 120125,
        "test distribution": 30042,
        "train distribution pct": 944.37893081761,
        "test distribution pct": 944.7169811320755
    },
    "metrics": {
        "macro_accuracy": 0.959536075592041,
        "micro_accuracy": 0.9595361351966858,
        "accuracy_per_class": {
            "0": 0.9608254432678223,
            "10": 0.965833306312561,
            "1": 0.9424763917922974,
            "8": 0.9279873967170715,
            "5": 0.9821462035179138,
            "9": 0.9782782793045044,
            "2": 0.9414386749267578,
            "13": 0.9816745519638062,
            "6": 0.9841980934143066,
            "7": 0.9455503225326538,
            "4": 0.8585219979286194,
            "14": 0.9864229559898376,
            "3": 0.9899842739105225,
            "16": 0.9495282769203186,
            "15": 0.9746540784835815,
            "18": 0.9795675873756409,
            "11": 0.9750550389289856,
            "12": 0.9845597743988037,
            "19": 0.9768396019935608,
            "17": 0.905180811882019
        },
        "macro_precision": 0.4850988984107971,
        "micro_precision": 0.5953616499900818,
        "precision_per_class": {
            "0": 0.1450844556093216,
            "10": 0.2302955687046051,
            "1": 0.5568312406539917,
            "8": 0.443379282951355,
            "5": 0.21391485631465912,
            "9": 0.5476019978523254,
            "2": 0.5034422278404236,
            "13": 0.6721197366714478,
            "6": 0.6117441058158875,
            "7": 0.5816137790679932,
            "4": 0.7626043558120728,
            "14": 0.7670858502388,
            "3": 0.38664597272872925,
            "16": 0.6005917191505432,
            "15": 0.501646101474762,
            "18": 0.5986941456794739,
            "11": 0.4617169499397278,
            "12": 0.23417721688747406,
            "19": 0.6251018643379211,
            "17": 0.2576870322227478
        },
        "macro_recall": 0.4122832715511322,
        "micro_recall": 0.5953616499900818,
        "recall_per_class": {
            "0": 0.10017942637205124,
            "10": 0.1850263923406601,
            "1": 0.531798243522644,
            "8": 0.7740585803985596,
            "5": 0.1197674423456192,
            "9": 0.2641574442386627,
            "2": 0.5359808206558228,
            "13": 0.5816265344619751,
            "6": 0.5539682507514954,
            "7": 0.5388480424880981,
            "4": 0.866962194442749,
            "14": 0.518860936164856,
            "3": 0.22074468433856964,
            "16": 0.5431957244873047,
            "15": 0.37716585397720337,
            "18": 0.39839571714401245,
            "11": 0.3307845890522003,
            "12": 0.11981865018606186,
            "19": 0.43089887499809265,
            "17": 0.25342801213264465
        },
        "macro_f1": 0.43628817796707153,
        "micro_f1": 0.5953616499900818,
        "f1_per_class": {
            "0": 0.11852113902568817,
            "10": 0.20519386231899261,
            "1": 0.5440269112586975,
            "8": 0.5638095140457153,
            "5": 0.15355944633483887,
            "9": 0.3563941419124603,
            "2": 0.5192022323608398,
            "13": 0.6236072778701782,
            "6": 0.5814244151115417,
            "7": 0.5594147443771362,
            "4": 0.8114417195320129,
            "14": 0.6190161108970642,
            "3": 0.281038373708725,
            "16": 0.5704536437988281,
            "15": 0.430589884519577,
            "18": 0.47842666506767273,
            "11": 0.3854348361492157,
            "12": 0.15852613747119904,
            "19": 0.510142982006073,
            "17": 0.25553977489471436
        },
        "Kappa": 0.5125302672386169,
        "MSE": 0.03158300369977951,
        "LogLoss": 4.333668231964111,
        "AUNU": 0.7604730129241943,
        "micro_ROC-AUC": 0.831378698348999,
        "AUNP": 0.8127419948577881,
        "AU1U": 0.7484485406281675,
        "AU1P": 0.7797119619088746,
        "ROC-AUC_per_class_vs_rest": {
            "0": 0.6556154654672289,
            "10": 0.7027347733639112,
            "1": 0.7951267524438881,
            "8": 0.908070854363438,
            "5": 0.6839550799349104,
            "9": 0.7056374478732944,
            "2": 0.7870079559136879,
            "13": 0.8178582849317839,
            "6": 0.8063326401301618,
            "7": 0.7927004773893764,
            "4": 0.8881773438566493,
            "14": 0.7948660701130389,
            "3": 0.7060985063021513,
            "16": 0.8118645321800244,
            "15": 0.7645016613597504,
            "18": 0.7438300435193751,
            "11": 0.7217521197981196,
            "12": 0.6780535567992028,
            "19": 0.7511233399158121,
            "17": 0.6941536508483154
        }
    }
}