{
    "classification type": "multilabel",
    "class balance": "balanced",
    "dataset name": "yelp_balanced",
    "class names": [
        "IsFoodGood",
        "IsAmbianceGood",
        "IsServiceGood",
        "IsPriceGood"
    ],
    "model name": "logistic_regression",
    "index": 1,
    "cv fold": 2,
    "fold info": {
        "train distribution": [
            2075,
            2021,
            2007,
            1881
        ],
        "test distribution": [
            519,
            506,
            502,
            471
        ],
        "train distribution pct": [
            54.89417989417989,
            53.46560846560846,
            53.095238095238095,
            49.76190476190476
        ],
        "test distribution pct": [
            55.330490405117274,
            53.94456289978679,
            53.5181236673774,
            50.2132196162047
        ]
    },
    "metrics": {
        "macro_accuracy": 0.7746656072043439,
        "micro_accuracy": 0.7746656072043437,
        "accuracy_per_class": {
            "IsFoodGood": 0.8066481260760164,
            "IsAmbianceGood": 0.7504966229638459,
            "IsServiceGood": 0.7645344987418885,
            "IsPriceGood": 0.7769831810356245
        },
        "macro_precision": 0.7957338086622063,
        "micro_precision": 0.7957919194526913,
        "precision_per_class": {
            "IsFoodGood": 0.8426279602750191,
            "IsAmbianceGood": 0.7679324894514767,
            "IsServiceGood": 0.7918079833028959,
            "IsPriceGood": 0.7805668016194331
        },
        "macro_recall": 0.7717204209264759,
        "micro_recall": 0.7719759579263712,
        "recall_per_class": {
            "IsFoodGood": 0.7971573114912069,
            "IsAmbianceGood": 0.7652733118971061,
            "IsServiceGood": 0.7559153175591532,
            "IsPriceGood": 0.7685357427584374
        },
        "macro_f1": 0.7834532012078297,
        "micro_f1": 0.7837030445560287,
        "f1_per_class": {
            "IsFoodGood": 0.8192621936122803,
            "IsAmbianceGood": 0.7666005946481665,
            "IsServiceGood": 0.7734454638124363,
            "IsPriceGood": 0.774504552758436
        },
        "MSE": 0.1666470468044281,
        "LogLoss": 0.550159752368927,
        "AUNU": 0.8333149552345276,
        "micro_ROC-AUC": 0.8346887826919556,
        "AUNP": 0.8335517048835754,
        "ROC-AUC_per_class_vs_rest": {
            "IsFoodGood": 0.871055521702779,
            "IsAmbianceGood": 0.8044172945849225,
            "IsServiceGood": 0.8223224700360074,
            "IsPriceGood": 0.8354644413270883
        }
    }
}