{
    "classification type": "multilabel",
    "class balance": "balanced",
    "dataset name": "stackexcs_trimmed",
    "class names": [
        "tag_algorithms",
        "tag_complexity-theory",
        "tag_formal-languages",
        "tag_graph-theory",
        "tag_terminology",
        "tag_graphs",
        "tag_computability",
        "tag_turing-machines",
        "tag_context-free",
        "tag_regular-languages",
        "tag_automata",
        "tag_formal-grammars",
        "tag_finite-automata"
    ],
    "model name": "knn",
    "index": 0,
    "cv fold": 1,
    "fold info": {
        "train distribution": [
            92,
            90,
            93,
            89,
            85,
            86,
            88,
            94,
            84,
            85,
            93,
            87,
            89
        ],
        "test distribution": [
            24,
            23,
            23,
            23,
            22,
            22,
            22,
            23,
            21,
            22,
            24,
            21,
            22
        ],
        "train distribution pct": [
            14.397496087636933,
            14.084507042253522,
            14.553990610328638,
            13.928012519561817,
            13.302034428794993,
            13.458528951486699,
            13.77151799687011,
            14.710485133020345,
            13.145539906103288,
            13.302034428794993,
            14.553990610328638,
            13.615023474178404,
            13.928012519561817
        ],
        "test distribution pct": [
            15.0,
            14.374999999999998,
            14.374999999999998,
            14.374999999999998,
            13.750000000000002,
            13.750000000000002,
            13.750000000000002,
            14.374999999999998,
            13.125,
            13.750000000000002,
            15.0,
            13.125,
            13.750000000000002
        ]
    },
    "metrics": {
        "macro_accuracy": 0.8782375266129778,
        "micro_accuracy": 0.8782375266129778,
        "accuracy_per_class": {
            "tag_algorithms": 0.8450060168471721,
            "tag_complexity-theory": 0.869193742478941,
            "tag_formal-languages": 0.8353790613718411,
            "tag_graph-theory": 0.8767749699157641,
            "tag_terminology": 0.8407942238267148,
            "tag_graphs": 0.8755716004813477,
            "tag_computability": 0.8762936221419976,
            "tag_turing-machines": 0.9019253910950662,
            "tag_context-free": 0.9077015643802647,
            "tag_regular-languages": 0.8942238267148015,
            "tag_automata": 0.8714801444043321,
            "tag_formal-grammars": 0.922503008423586,
            "tag_finite-automata": 0.9002406738868832
        },
        "macro_precision": 0.5725849046492786,
        "micro_precision": 0.5916104146576664,
        "precision_per_class": {
            "tag_algorithms": 0.43681747269890797,
            "tag_complexity-theory": 0.5663189269746647,
            "tag_formal-languages": 0.389945652173913,
            "tag_graph-theory": 0.5748945147679325,
            "tag_terminology": 0.2809224318658281,
            "tag_graphs": 0.5536992840095465,
            "tag_computability": 0.5852941176470589,
            "tag_turing-machines": 0.701,
            "tag_context-free": 0.6819708846584547,
            "tag_regular-languages": 0.6379716981132075,
            "tag_automata": 0.5880281690140845,
            "tag_formal-grammars": 0.7539766702014846,
            "tag_finite-automata": 0.6927639383155397
        },
        "macro_recall": 0.40859929673910317,
        "micro_recall": 0.40753288162614587,
        "recall_per_class": {
            "tag_algorithms": 0.231980115990058,
            "tag_complexity-theory": 0.3231292517006803,
            "tag_formal-languages": 0.23797678275290216,
            "tag_graph-theory": 0.467409948542024,
            "tag_terminology": 0.12028725314183124,
            "tag_graphs": 0.4128113879003559,
            "tag_computability": 0.3479020979020979,
            "tag_turing-machines": 0.5760065735414954,
            "tag_context-free": 0.5576923076923077,
            "tag_regular-languages": 0.48607367475292,
            "tag_automata": 0.41133004926108374,
            "tag_formal-grammars": 0.6331255565449688,
            "tag_finite-automata": 0.5060658578856152
        },
        "macro_f1": 0.4737305540863165,
        "micro_f1": 0.4826148521082442,
        "f1_per_class": {
            "tag_algorithms": 0.30303030303030304,
            "tag_complexity-theory": 0.41147807255008123,
            "tag_formal-languages": 0.2955715756951596,
            "tag_graph-theory": 0.5156102175969726,
            "tag_terminology": 0.1684475172847266,
            "tag_graphs": 0.47298674821610603,
            "tag_computability": 0.43640350877192985,
            "tag_turing-machines": 0.6323861073522778,
            "tag_context-free": 0.6136020151133501,
            "tag_regular-languages": 0.5517593064762876,
            "tag_automata": 0.48405797101449277,
            "tag_formal-grammars": 0.6882865440464666,
            "tag_finite-automata": 0.584877315973961
        },
        "MSE": 0.10155664384365082,
        "LogLoss": 3.053877115249634,
        "AUNU": 0.7824923992156982,
        "micro_ROC-AUC": 0.7857193350791931,
        "AUNP": 0.782010555267334,
        "ROC-AUC_per_class_vs_rest": {
            "tag_algorithms": 0.6936624092344145,
            "tag_complexity-theory": 0.734464605158015,
            "tag_formal-languages": 0.7166449915400476,
            "tag_graph-theory": 0.8308309435498896,
            "tag_terminology": 0.6369561361139192,
            "tag_graphs": 0.7906393337975284,
            "tag_computability": 0.789507964474822,
            "tag_turing-machines": 0.8372933792746006,
            "tag_context-free": 0.8456964781777749,
            "tag_regular-languages": 0.8201583568874973,
            "tag_automata": 0.7869478966100706,
            "tag_formal-grammars": 0.8607738370990166,
            "tag_finite-automata": 0.8288251523609037
        }
    }
}