{
    "classification type": "multilabel",
    "class balance": "balanced",
    "dataset name": "scene_balanced",
    "class names": [
        "Mountain",
        "Field",
        "Urban",
        "Beach",
        "FallFoliage",
        "Sunset"
    ],
    "model name": "logistic_regression",
    "index": 2,
    "cv fold": 2,
    "fold info": {
        "train distribution": [
            324,
            324,
            325,
            325,
            318,
            291
        ],
        "test distribution": [
            81,
            81,
            81,
            81,
            79,
            73
        ],
        "train distribution pct": [
            18.461538461538463,
            18.461538461538463,
            18.51851851851852,
            18.51851851851852,
            18.11965811965812,
            16.58119658119658
        ],
        "test distribution pct": [
            18.0,
            18.0,
            18.0,
            18.0,
            17.555555555555554,
            16.22222222222222
        ]
    },
    "metrics": {
        "macro_accuracy": 0.8815797126737626,
        "micro_accuracy": 0.8815797126737626,
        "accuracy_per_class": {
            "Mountain": 0.8120746815564474,
            "Field": 0.9207817134880475,
            "Urban": 0.8523817832838946,
            "Beach": 0.8689582969813296,
            "FallFoliage": 0.8886756238003839,
            "Sunset": 0.9466061769324725
        },
        "macro_precision": 0.6767084103623032,
        "micro_precision": 0.6775380498411105,
        "precision_per_class": {
            "Mountain": 0.486784140969163,
            "Field": 0.7780872794800371,
            "Urban": 0.6031434184675835,
            "Beach": 0.6458733205374281,
            "FallFoliage": 0.6898550724637681,
            "Sunset": 0.8565072302558399
        },
        "macro_recall": 0.6567590230960695,
        "micro_recall": 0.6539144471347861,
        "recall_per_class": {
            "Mountain": 0.41975308641975306,
            "Field": 0.7958214624881291,
            "Urban": 0.5814393939393939,
            "Beach": 0.637914691943128,
            "FallFoliage": 0.6925315227934045,
            "Sunset": 0.8130939809926082
        },
        "macro_f1": 0.6661722796766694,
        "micro_f1": 0.6655166748808937,
        "f1_per_class": {
            "Mountain": 0.450790413054564,
            "Field": 0.7868544600938967,
            "Urban": 0.5920925747348119,
            "Beach": 0.6418693371483071,
            "FallFoliage": 0.691190706679574,
            "Sunset": 0.8342361863488624
        },
        "MSE": 0.09166563302278519,
        "LogLoss": 0.3807438611984253,
        "AUNU": 0.8984090685844421,
        "micro_ROC-AUC": 0.9084803462028503,
        "AUNP": 0.8972040414810181,
        "ROC-AUC_per_class_vs_rest": {
            "Mountain": 0.7958735338313505,
            "Field": 0.9480371641195354,
            "Urban": 0.863903540755145,
            "Beach": 0.9002641298310623,
            "FallFoliage": 0.9186936871865777,
            "Sunset": 0.9636821788926834
        }
    }
}