{
    "classification type": "binary",
    "class balance": "balanced",
    "dataset name": "colon-0.5_balanced",
    "class names": [
        0,
        1
    ],
    "model name": "knn",
    "index": 3,
    "cv fold": 4,
    "fold info": {
        "train distribution": 709,
        "test distribution": 177,
        "train distribution pct": 50.0,
        "test distribution pct": 50.0
    },
    "metrics": {
        "macro_accuracy": 0.9337353110313416,
        "micro_accuracy": 0.9337353110313416,
        "accuracy_per_class": {
            "0": 0.9337353110313416,
            "1": 0.9337353110313416
        },
        "macro_precision": 0.9337800741195679,
        "micro_precision": 0.9337353110313416,
        "precision_per_class": {
            "0": 0.9381864070892334,
            "1": 0.9293737411499023
        },
        "macro_recall": 0.9337352514266968,
        "micro_recall": 0.9337353110313416,
        "recall_per_class": {
            "0": 0.928656280040741,
            "1": 0.9388142824172974
        },
        "macro_f1": 0.9337335824966431,
        "micro_f1": 0.9337353110313416,
        "f1_per_class": {
            "0": 0.9333969950675964,
            "1": 0.9340701699256897
        },
        "MSE": 0.055693890899419785,
        "LogLoss": 2.912984609603882,
        "AUNU": 0.9548295140266418,
        "micro_ROC-AUC": 0.9548295140266418
    }
}