{
    "classification type": "multiclass",
    "class balance": "balanced",
    "dataset name": "gas-drift_balanced",
    "class names": [
        2,
        0,
        4,
        3,
        1
    ],
    "model name": "knn",
    "index": 1,
    "cv fold": 0,
    "fold info": {
        "train distribution": 2600,
        "test distribution": 650,
        "train distribution pct": 200.0,
        "test distribution pct": 200.0
    },
    "metrics": {
        "macro_accuracy": 0.994301974773407,
        "micro_accuracy": 0.994301974773407,
        "accuracy_per_class": {
            "2": 0.9973409175872803,
            "0": 0.9971129894256592,
            "4": 0.9925925731658936,
            "3": 0.9898955225944519,
            "1": 0.9945679306983948
        },
        "macro_precision": 0.9857713580131531,
        "micro_precision": 0.9857549667358398,
        "precision_per_class": {
            "2": 0.9939152002334595,
            "0": 0.9916619062423706,
            "4": 0.987500011920929,
            "3": 0.9733005166053772,
            "1": 0.9824792742729187
        },
        "macro_recall": 0.9857549667358398,
        "micro_recall": 0.9857549667358398,
        "recall_per_class": {
            "2": 0.9927825331687927,
            "0": 0.9939221143722534,
            "4": 0.9753086566925049,
            "3": 0.9762583374977112,
            "1": 0.9905033111572266
        },
        "macro_f1": 0.9857515096664429,
        "micro_f1": 0.9857549667358398,
        "f1_per_class": {
            "2": 0.9933485388755798,
            "0": 0.9927907586097717,
            "4": 0.9813664555549622,
            "3": 0.9747771620750427,
            "1": 0.9864749908447266
        },
        "Kappa": 0.9821937084197998,
        "MSE": 0.005362920928746462,
        "LogLoss": 0.19312314689159393,
        "AUNU": 0.9929718971252441,
        "micro_ROC-AUC": 0.9930523037910461,
        "AUNP": 0.9929718971252441,
        "AU1U": 0.992971923929189,
        "AU1P": 0.992971923929189,
        "ROC-AUC_per_class_vs_rest": {
            "2": 0.9957285384588329,
            "0": 0.9948405225787309,
            "4": 0.9910831261290266,
            "3": 0.9897606666251807,
            "1": 0.9934467658541731
        }
    }
}